product_id,product_name,category,sub_category,mrp,cost_price,unit
PRD_1000,Blinkit Choice Bread Pouch,dairy,Regular,214.36,131.85,
PRD_1001,Blinkit Organic Coke Pouch,Fresh Produce,Organic,451.69,383.49,1L
PRD_1002,Blinkit Choice Bread Pouch,Instant Food,Snacks,Rs. 99.71,86.94,1L
PRD_1003,Blinkit Choice Tomato Bottle,Munchies,Essentials,338.33,214.39,500g
PRD_1004,Blinkit Choice Noodles Box,Bath & Body,Snacks,Rs. 118.16,86.5,
PRD_1005,Blinkit Organic Coke Pack,Fresh Produce,Snacks,Rs. 219.56,193.12,250g
PRD_1006,Blinkit Daily Apple Pouch,Munchies,Daily Need,279.5,179.88,1L
PRD_1007,Blinkit Fresh Apple Pack,Fresh Produce,Regular,₹297.11,204.28,1L
PRD_1008,Blinkit Organic Apple Box,Beverages,Snacks,₹309.21,213.75,1 unit
PRD_1009,Blinkit Organic Soap Pouch,Beverages,Snacks,327.26,199.31,1 unit
PRD_1010,Blinkit Fresh Tomato Pack,DAIRY,Essentials,₹150.45,91.91,1 unit
PRD_1011,Blinkit Choice Tomato Box,Dairy & Bread,Premium,212.66,188.38,1L
PRD_1012,Blinkit Fresh Tomato Pouch,Instant Food,Regular,37.91,29.24,500ml
PRD_1013,Blinkit Organic Apple Box,dairy,Regular,389.0,269.19,250g
PRD_1014,Blinkit Fresh Cleaner Pouch,dairy,Essentials,421.81,301.0,1L
PRD_1015,Blinkit Choice Cleaner Box,DAIRY,Premium,115.63,94.18,500g
PRD_1016,Blinkit Fresh Bread Bottle,Beverages,Regular,Rs. 116.69,82.84,
PRD_1017,Blinkit Fresh Noodles Bottle,DAIRY,Organic,40.18,26.85,500ml
PRD_1018,Blinkit Choice Milk Pouch,Cleaning Essentials,Essentials,485.78,306.31,500ml
PRD_1019,Blinkit Daily Bread Box,Bath & Body,Daily Need,407.45,333.57,250g
PRD_1020,Blinkit Organic Milk Pack,Beverages,Premium,193.14,126.35,500ml
PRD_1021,Blinkit Organic Apple Box,Dairy & Bread,Essentials,251.32,156.04,250g
PRD_1022,Blinkit Organic Cleaner Bottle,Cleaning Essentials,Snacks,160.14,116.6,500ml
PRD_1023,Blinkit Fresh Apple Pack,Cleaning Essentials,Regular,₹306.68,187.65,
PRD_1024,Blinkit Daily Coke Bottle,Beverages,Organic,₹364.31,324.05,250g
PRD_1025,Blinkit Daily Soap Pouch,Munchies,Organic,₹234.74,185.02,1 unit
PRD_1026,Blinkit Organic Tomato Pouch,Bath & Body,Daily Need,₹439.33,283.72,1 unit
PRD_1027,Blinkit Organic Chips Pouch,Bath & Body,Essentials,₹268.17,174.78,500ml
PRD_1028,Blinkit Organic Soap Bottle,Beverages,Organic,89.24,68.8,500ml
PRD_1029,Blinkit Organic Milk Pack,Instant Food,Essentials,Rs. 318.7,225.31,250g
PRD_1030,Blinkit Organic Apple Box,Instant Food,Regular,₹241.87,201.3,250g
PRD_1031,Blinkit Daily Apple Pouch,Dairy & Bread,Regular,469.12,358.29,
PRD_1032,Blinkit Daily Chips Bottle,Instant Food,Organic,₹208.11,151.92,1L
PRD_1033,Blinkit Fresh Milk Box,Fresh Produce,Regular,213.38,189.67,1 unit
PRD_1034,Blinkit Daily Noodles Pouch,Fresh Produce,Essentials,332.37,238.38,1L
PRD_1035,Blinkit Choice Bread Pouch,dairy,Regular,272.95,196.57,1L
PRD_1036,Blinkit Choice Chips Pack,Fresh Produce,Snacks,₹199.74,159.74,500g
PRD_1037,Blinkit Choice Noodles Pack,Munchies,Essentials,495.09,417.28,250g
PRD_1038,Blinkit Fresh Noodles Box,Munchies,Premium,165.05,130.04,500g
PRD_1039,Blinkit Choice Soap Pouch,Munchies,Regular,₹153.21,124.04,500g
PRD_1040,Blinkit Fresh Soap Pack,Fresh Produce,Regular,₹434.93,309.62,1L
PRD_1041,Blinkit Daily Bread Pack,Dairy & Bread,Essentials,Rs. 21.62,16.08,500g
PRD_1042,Blinkit Fresh Chips Box,Beverages,Daily Need,116.6,76.85,
PRD_1043,Blinkit Choice Butter Box,DAIRY,Premium,303.41,243.96,250g
PRD_1044,Blinkit Choice Coke Bottle,dairy,Premium,Rs. 97.98,65.3,1L
PRD_1045,Blinkit Fresh Milk Pack,Bath & Body,Premium,493.19,296.1,250g
PRD_1046,Blinkit Organic Cleaner Pack,Cleaning Essentials,Organic,242.81,213.7,
PRD_1047,Blinkit Daily Soap Box,Bath & Body,Snacks,Rs. 306.73,212.2,500ml
PRD_1048,Blinkit Daily Milk Pack,dairy,Snacks,96.98,63.91,500g
PRD_1049,Blinkit Fresh Apple Box,Bath & Body,Daily Need,158.9,108.12,1L
PRD_1050,Blinkit Daily Bread Box,Bath & Body,Premium,315.02,220.24,1 unit
PRD_1051,Blinkit Choice Coke Bottle,Bath & Body,Premium,283.79,210.68,250g
PRD_1052,Blinkit Fresh Tomato Pouch,Fresh Produce,Regular,Rs. 396.49,246.14,
PRD_1053,Blinkit Organic Soap Box,DAIRY,Essentials,149.23,91.9,500g
PRD_1054,Blinkit Choice Butter Bottle,Instant Food,Organic,333.7,229.54,250g
PRD_1055,Blinkit Fresh Butter Pack,DAIRY,Organic,159.67,109.97,
PRD_1056,Blinkit Choice Tomato Bottle,Bath & Body,Daily Need,301.64,191.63,250g
PRD_1057,Blinkit Organic Noodles Pack,DAIRY,Snacks,₹310.41,223.94,500ml
PRD_1058,Blinkit Daily Chips Pouch,dairy,Premium,₹78.48,53.78,
PRD_1059,Blinkit Fresh Bread Bottle,Beverages,Essentials,283.34,172.22,250g
PRD_1060,Blinkit Choice Coke Pack,Instant Food,Daily Need,₹25.73,22.27,500ml
PRD_1061,Blinkit Choice Butter Pack,Beverages,Organic,₹260.58,225.61,500ml
PRD_1062,Blinkit Organic Butter Box,Cleaning Essentials,Organic,₹354.81,235.15,500ml
PRD_1063,Blinkit Organic Butter Bottle,DAIRY,Organic,54.96,35.66,500g
PRD_1064,Blinkit Choice Soap Box,Beverages,Premium,Rs. 470.58,359.61,
PRD_1065,Blinkit Choice Soap Pouch,Dairy & Bread,Premium,Rs. 240.2,189.57,250g
PRD_1066,Blinkit Daily Coke Pouch,Dairy & Bread,Premium,₹470.44,417.4,250g
PRD_1067,Blinkit Daily Chips Bottle,Beverages,Regular,₹71.55,51.03,
PRD_1068,Blinkit Daily Bread Box,Bath & Body,Snacks,₹475.95,373.84,500ml
PRD_1069,Blinkit Daily Butter Pouch,Instant Food,Organic,72.41,62.52,250g
PRD_1070,Blinkit Fresh Soap Pouch,Munchies,Organic,241.52,177.51,250g
PRD_1071,Blinkit Daily Soap Box,dairy,Regular,470.24,299.4,500ml
PRD_1072,Blinkit Choice Tomato Box,Bath & Body,Organic,131.7,93.93,1 unit
PRD_1073,Blinkit Choice Cleaner Box,Instant Food,Organic,36.7,23.52,1 unit
PRD_1074,Blinkit Choice Apple Box,Beverages,Premium,400.69,242.41,500ml
PRD_1075,Blinkit Fresh Noodles Bottle,Bath & Body,Premium,306.02,252.61,500g
PRD_1076,Blinkit Daily Butter Pouch,Bath & Body,Snacks,₹266.68,179.08,250g
PRD_1077,Blinkit Organic Apple Pouch,Beverages,Organic,₹36.48,21.91,250g
PRD_1078,Blinkit Organic Noodles Box,Beverages,Daily Need,333.55,287.43,1 unit
PRD_1079,Blinkit Fresh Coke Box,DAIRY,Organic,Rs. 102.38,75.06,500ml
PRD_1080,Blinkit Organic Butter Pouch,DAIRY,Organic,466.97,313.64,
PRD_1081,Blinkit Organic Tomato Pack,dairy,Snacks,Rs. 349.15,237.02,
PRD_1082,Blinkit Fresh Cleaner Pouch,Dairy & Bread,Daily Need,₹359.38,241.56,500g
PRD_1083,Blinkit Choice Cleaner Pouch,Fresh Produce,Organic,131.64,86.67,500ml
PRD_1084,Blinkit Organic Apple Pack,dairy,Essentials,₹442.76,377.39,1 unit
PRD_1085,Blinkit Daily Apple Pouch,dairy,Essentials,₹278.11,181.08,1 unit
PRD_1086,Blinkit Choice Soap Box,Munchies,Daily Need,431.4,331.56,250g
PRD_1087,Blinkit Choice Coke Bottle,Fresh Produce,Essentials,150.05,93.51,1L
PRD_1088,Blinkit Choice Bread Pack,Dairy & Bread,Premium,₹382.62,338.56,500g
PRD_1089,Blinkit Organic Bread Pouch,Bath & Body,Premium,295.79,231.01,500g
PRD_1090,Blinkit Organic Soap Pouch,Fresh Produce,Daily Need,43.24,37.66,1L
PRD_1091,Blinkit Choice Milk Pouch,Munchies,Organic,₹214.56,154.35,
PRD_1092,Blinkit Choice Soap Box,Cleaning Essentials,Daily Need,108.28,91.3,
PRD_1093,Blinkit Organic Milk Box,dairy,Essentials,₹192.4,164.71,
PRD_1094,Blinkit Fresh Tomato Pouch,Beverages,Daily Need,204.01,165.43,1 unit
PRD_1095,Blinkit Daily Coke Bottle,dairy,Essentials,Rs. 247.97,155.7,500ml
PRD_1096,Blinkit Organic Bread Pouch,Munchies,Premium,308.14,186.37,500g
PRD_1097,Blinkit Organic Apple Pouch,dairy,Daily Need,294.07,191.31,1L
PRD_1098,Blinkit Daily Bread Pouch,dairy,Regular,38.72,24.6,250g
PRD_1099,Blinkit Daily Bread Box,Fresh Produce,Essentials,380.33,310.94,250g
PRD_1100,Blinkit Organic Bread Bottle,Fresh Produce,Regular,475.61,364.84,1 unit
PRD_1101,Blinkit Fresh Apple Pack,Beverages,Premium,187.37,141.99,500g
PRD_1102,Blinkit Organic Cleaner Bottle,Instant Food,Organic,106.28,71.83,500ml
PRD_1103,Blinkit Choice Noodles Pack,Beverages,Essentials,₹279.2,180.47,500g
PRD_1104,Blinkit Choice Cleaner Pouch,Cleaning Essentials,Organic,Rs. 358.36,237.22,
PRD_1105,Blinkit Daily Bread Box,Fresh Produce,Premium,345.87,249.06,250g
PRD_1106,Blinkit Choice Coke Pack,dairy,Organic,₹313.81,257.97,500g
PRD_1107,Blinkit Fresh Soap Pack,Bath & Body,Essentials,90.19,61.0,250g
PRD_1108,Blinkit Daily Noodles Bottle,dairy,Snacks,421.68,341.39,1L
PRD_1109,Blinkit Choice Soap Pack,Dairy & Bread,Essentials,₹224.3,167.65,1L
PRD_1110,Blinkit Fresh Tomato Box,Beverages,Essentials,126.3,109.33,250g
PRD_1111,Blinkit Organic Butter Pouch,Bath & Body,Regular,61.41,41.14,500ml
PRD_1112,Blinkit Daily Bread Bottle,Dairy & Bread,Snacks,220.03,161.78,500ml
PRD_1113,Blinkit Daily Coke Box,Cleaning Essentials,Snacks,316.63,199.16,500g
PRD_1114,Blinkit Daily Butter Box,dairy,Snacks,339.38,237.75,250g
PRD_1115,Blinkit Choice Cleaner Pouch,Instant Food,Essentials,482.11,362.58,1 unit
PRD_1116,Blinkit Organic Tomato Pack,Munchies,Premium,93.51,76.66,500ml
PRD_1117,Blinkit Choice Cleaner Bottle,Dairy & Bread,Snacks,Rs. 493.17,325.21,500ml
PRD_1118,Blinkit Organic Milk Bottle,dairy,Daily Need,334.24,222.41,
PRD_1119,Blinkit Organic Soap Pack,dairy,Organic,238.03,187.92,1L
PRD_1120,Blinkit Fresh Chips Pack,Instant Food,Premium,446.33,319.01,500ml
PRD_1121,Blinkit Fresh Milk Bottle,Dairy & Bread,Daily Need,₹353.35,263.11,500ml
PRD_1122,Blinkit Fresh Apple Pack,Fresh Produce,Essentials,187.38,159.43,
PRD_1123,Blinkit Fresh Cleaner Box,Munchies,Essentials,₹444.36,333.15,500ml
PRD_1124,Blinkit Choice Tomato Box,dairy,Daily Need,339.98,270.54,
PRD_1125,Blinkit Daily Soap Pouch,dairy,Regular,355.44,283.3,250g
PRD_1126,Blinkit Organic Apple Bottle,Cleaning Essentials,Regular,450.27,378.71,250g
PRD_1127,Blinkit Organic Cleaner Bottle,Cleaning Essentials,Daily Need,235.24,186.18,1L
PRD_1128,Blinkit Organic Noodles Pack,Instant Food,Regular,335.31,207.71,500g
PRD_1129,Blinkit Organic Butter Pack,Dairy & Bread,Organic,377.45,265.22,
PRD_1130,Blinkit Organic Coke Pouch,DAIRY,Organic,237.89,213.34,500ml
PRD_1131,Blinkit Daily Noodles Bottle,Bath & Body,Essentials,60.06,39.58,500g
PRD_1132,Blinkit Daily Noodles Pack,Dairy & Bread,Regular,390.29,302.87,250g
PRD_1133,Blinkit Daily Coke Pouch,dairy,Snacks,42.95,36.63,500ml
PRD_1134,Blinkit Organic Butter Pouch,Beverages,Daily Need,Rs. 364.6,282.92,500g
PRD_1135,Blinkit Daily Cleaner Box,Cleaning Essentials,Organic,457.22,325.39,
PRD_1136,Blinkit Daily Coke Bottle,Bath & Body,Regular,186.55,116.42,
PRD_1137,Blinkit Choice Bread Bottle,Fresh Produce,Regular,68.99,48.88,500g
PRD_1138,Blinkit Choice Milk Bottle,Fresh Produce,Organic,₹131.77,86.26,
PRD_1139,Blinkit Daily Apple Pouch,Cleaning Essentials,Organic,₹289.9,257.51,1 unit
PRD_1140,Blinkit Daily Tomato Pack,Dairy & Bread,Snacks,₹472.48,384.84,250g
PRD_1141,Blinkit Fresh Coke Pouch,Bath & Body,Regular,Rs. 265.9,219.32,1L
PRD_1142,Blinkit Fresh Noodles Box,dairy,Regular,74.11,54.16,1L
PRD_1143,Blinkit Choice Cleaner Bottle,Dairy & Bread,Premium,321.34,203.4,1 unit
PRD_1144,Blinkit Fresh Coke Bottle,Cleaning Essentials,Essentials,371.77,252.81,500g
PRD_1145,Blinkit Choice Apple Pouch,Instant Food,Snacks,Rs. 208.78,141.53,
PRD_1146,Blinkit Daily Cleaner Pouch,DAIRY,Organic,366.33,273.29,1 unit
PRD_1147,Blinkit Organic Apple Box,Dairy & Bread,Organic,175.91,129.87,1 unit
PRD_1148,Blinkit Daily Coke Bottle,Munchies,Daily Need,₹398.76,291.1,
PRD_1149,Blinkit Fresh Butter Box,Fresh Produce,Essentials,₹183.71,137.56,250g
PRD_1150,Blinkit Organic Milk Bottle,Munchies,Organic,Rs. 142.93,128.08,
PRD_1151,Blinkit Choice Apple Bottle,Dairy & Bread,Regular,442.01,304.77,
PRD_1152,Blinkit Fresh Noodles Pack,Dairy & Bread,Organic,283.27,222.25,500ml
PRD_1153,Blinkit Fresh Butter Bottle,Munchies,Regular,156.88,105.4,500g
PRD_1154,Blinkit Fresh Butter Pack,Instant Food,Regular,468.84,346.93,1L
PRD_1155,Blinkit Daily Bread Bottle,Munchies,Snacks,₹351.61,232.07,1L
PRD_1156,Blinkit Daily Bread Bottle,dairy,Organic,125.94,96.65,1 unit
PRD_1157,Blinkit Choice Cleaner Box,Bath & Body,Snacks,315.03,214.06,1 unit
PRD_1158,Blinkit Fresh Tomato Box,Munchies,Essentials,437.77,267.49,1 unit
PRD_1159,Blinkit Fresh Coke Box,Munchies,Regular,354.15,299.11,500g
PRD_1160,Blinkit Organic Chips Pouch,Bath & Body,Essentials,₹137.48,87.78,1 unit
PRD_1161,Blinkit Fresh Milk Pouch,DAIRY,Organic,Rs. 331.45,235.47,1 unit
PRD_1162,Blinkit Choice Soap Box,Munchies,Essentials,₹317.2,235.73,500ml
PRD_1163,Blinkit Fresh Noodles Pack,Munchies,Essentials,414.0,302.11,500g
PRD_1164,Blinkit Fresh Chips Bottle,dairy,Organic,₹105.5,86.27,250g
PRD_1165,Blinkit Organic Coke Pack,Fresh Produce,Snacks,355.82,277.2,250g
PRD_1166,Blinkit Choice Chips Box,dairy,Snacks,Rs. 33.14,22.82,
PRD_1167,Blinkit Choice Cleaner Box,Munchies,Regular,354.16,217.99,500ml
PRD_1168,Blinkit Organic Butter Pouch,dairy,Regular,481.01,399.37,1L
PRD_1169,Blinkit Choice Apple Box,Bath & Body,Organic,103.71,73.19,
PRD_1170,Blinkit Choice Apple Bottle,Instant Food,Organic,169.42,146.87,250g
PRD_1171,Blinkit Fresh Milk Bottle,Beverages,Premium,299.78,215.4,500g
PRD_1172,Blinkit Organic Chips Bottle,Bath & Body,Premium,₹371.55,302.92,1L
PRD_1173,Blinkit Daily Apple Bottle,Beverages,Daily Need,185.3,163.41,1 unit
PRD_1174,Blinkit Choice Coke Pouch,Munchies,Regular,338.84,269.49,500g
PRD_1175,Blinkit Organic Milk Box,Munchies,Essentials,Rs. 451.65,327.02,1L
PRD_1176,Blinkit Daily Cleaner Bottle,Instant Food,Daily Need,368.75,284.02,250g
PRD_1177,Blinkit Fresh Noodles Pouch,Dairy & Bread,Daily Need,Rs. 361.29,275.68,
PRD_1178,Blinkit Daily Tomato Pouch,Beverages,Snacks,Rs. 203.35,157.69,1 unit
PRD_1179,Blinkit Organic Butter Box,dairy,Essentials,457.49,294.64,1 unit
PRD_1180,Blinkit Organic Bread Bottle,Instant Food,Snacks,153.12,123.96,500g
PRD_1181,Blinkit Fresh Butter Box,Bath & Body,Premium,118.53,76.28,
PRD_1182,Blinkit Daily Cleaner Bottle,DAIRY,Daily Need,194.83,117.75,1 unit
PRD_1183,Blinkit Organic Chips Pack,dairy,Premium,332.07,261.48,1L
PRD_1184,Blinkit Choice Cleaner Pack,Munchies,Essentials,₹433.61,275.37,500ml
PRD_1185,Blinkit Daily Bread Bottle,Bath & Body,Essentials,83.4,69.32,250g
PRD_1186,Blinkit Daily Soap Pack,Instant Food,Regular,410.63,353.06,500g
PRD_1187,Blinkit Choice Soap Pack,Beverages,Organic,410.16,362.34,
PRD_1188,Blinkit Choice Soap Bottle,Beverages,Snacks,301.72,241.18,500ml
PRD_1189,Blinkit Daily Apple Box,Cleaning Essentials,Regular,385.11,286.75,500ml
PRD_1190,Blinkit Daily Soap Box,Munchies,Regular,107.3,75.72,500g
PRD_1191,Blinkit Choice Bread Pack,dairy,Snacks,101.4,75.77,1L
PRD_1192,Blinkit Organic Bread Box,Munchies,Snacks,Rs. 434.14,285.28,
PRD_1193,Blinkit Choice Cleaner Pouch,Cleaning Essentials,Essentials,259.11,182.55,250g
PRD_1194,Blinkit Organic Bread Pack,Cleaning Essentials,Essentials,Rs. 138.05,112.56,500g
PRD_1195,Blinkit Organic Apple Bottle,dairy,Daily Need,350.59,233.22,
PRD_1196,Blinkit Choice Apple Box,Cleaning Essentials,Premium,Rs. 448.1,304.36,500ml
PRD_1197,Blinkit Choice Chips Box,Instant Food,Essentials,Rs. 323.51,266.83,500ml
PRD_1198,Blinkit Choice Cleaner Box,Cleaning Essentials,Regular,Rs. 186.73,122.0,500g
PRD_1199,Blinkit Daily Cleaner Bottle,Beverages,Daily Need,Rs. 251.95,169.76,
PRD_1200,Blinkit Fresh Milk Pack,Fresh Produce,Daily Need,381.09,230.66,500ml
PRD_1201,Blinkit Organic Tomato Box,Dairy & Bread,Regular,₹52.4,42.76,500g
PRD_1202,Blinkit Choice Butter Pouch,Beverages,Essentials,124.24,97.57,500g
PRD_1203,Blinkit Organic Butter Pouch,Beverages,Regular,242.04,195.64,250g
PRD_1204,Blinkit Daily Milk Bottle,DAIRY,Organic,₹310.04,205.96,500g
PRD_1205,Blinkit Choice Bread Bottle,DAIRY,Essentials,182.8,147.38,
PRD_1206,Blinkit Choice Apple Bottle,Munchies,Premium,Rs. 163.23,127.14,
PRD_1207,Blinkit Fresh Milk Bottle,DAIRY,Regular,39.86,28.29,500ml
PRD_1208,Blinkit Organic Cleaner Pouch,Munchies,Essentials,35.65,26.07,1 unit
PRD_1209,Blinkit Organic Cleaner Pack,Beverages,Snacks,153.77,118.46,250g
PRD_1210,Blinkit Choice Chips Pouch,Dairy & Bread,Organic,274.64,205.43,
PRD_1211,Blinkit Choice Apple Pouch,dairy,Premium,287.06,227.51,500ml
PRD_1212,Blinkit Fresh Coke Box,dairy,Essentials,257.13,168.24,500ml
PRD_1213,Blinkit Fresh Bread Pouch,Fresh Produce,Snacks,216.74,165.2,250g
PRD_1214,Blinkit Daily Chips Bottle,Bath & Body,Essentials,141.1,103.72,250g
PRD_1215,Blinkit Daily Coke Bottle,dairy,Snacks,Rs. 212.33,156.76,500ml
PRD_1216,Blinkit Organic Noodles Box,Bath & Body,Premium,₹86.6,64.15,1 unit
PRD_1217,Blinkit Fresh Butter Pack,Cleaning Essentials,Organic,75.32,65.11,1L
PRD_1218,Blinkit Fresh Bread Pouch,Beverages,Snacks,163.97,138.65,500ml
PRD_1219,Blinkit Fresh Milk Pack,Dairy & Bread,Daily Need,₹497.77,392.68,250g
PRD_1220,Blinkit Fresh Cleaner Bottle,Munchies,Premium,176.72,144.02,500g
PRD_1221,Blinkit Organic Butter Pack,Bath & Body,Premium,₹469.5,287.73,500g
PRD_1222,Blinkit Daily Chips Bottle,Fresh Produce,Regular,208.29,171.46,250g
PRD_1223,Blinkit Organic Milk Bottle,dairy,Organic,₹230.72,172.08,250g
PRD_1224,Blinkit Daily Coke Pack,Instant Food,Daily Need,Rs. 402.59,279.93,1L
PRD_1225,Blinkit Fresh Apple Pouch,dairy,Daily Need,₹64.95,41.69,
PRD_1226,Blinkit Choice Bread Pouch,DAIRY,Regular,₹107.51,66.93,250g
PRD_1227,Blinkit Fresh Milk Pack,Beverages,Snacks,487.44,299.03,500g
PRD_1228,Blinkit Daily Soap Bottle,DAIRY,Snacks,262.84,170.46,1 unit
PRD_1229,Blinkit Daily Soap Box,dairy,Daily Need,41.27,25.14,250g
PRD_1230,Blinkit Fresh Bread Pouch,Instant Food,Organic,42.74,35.04,1L
PRD_1231,Blinkit Organic Noodles Pack,DAIRY,Snacks,455.48,307.26,1 unit
PRD_1232,Blinkit Choice Coke Box,Dairy & Bread,Premium,439.22,312.12,1L
PRD_1233,Blinkit Fresh Coke Box,DAIRY,Essentials,240.03,203.26,1 unit
PRD_1234,Blinkit Choice Coke Pack,Instant Food,Regular,₹98.35,62.39,250g
PRD_1235,Blinkit Organic Soap Bottle,DAIRY,Organic,418.54,356.04,500g
PRD_1236,Blinkit Fresh Coke Pack,Bath & Body,Snacks,Rs. 175.81,139.22,1 unit
PRD_1237,Blinkit Organic Tomato Pack,Cleaning Essentials,Essentials,Rs. 221.15,155.38,500ml
PRD_1238,Blinkit Organic Apple Box,Munchies,Daily Need,Rs. 347.59,220.84,
PRD_1239,Blinkit Fresh Coke Bottle,dairy,Regular,189.63,118.98,1L
PRD_1240,Blinkit Organic Soap Pack,Bath & Body,Snacks,321.76,225.44,1 unit
PRD_1241,Blinkit Daily Butter Box,Munchies,Daily Need,444.94,285.7,1L
PRD_1242,Blinkit Fresh Coke Box,Cleaning Essentials,Snacks,Rs. 402.74,273.99,500g
PRD_1243,Blinkit Daily Coke Box,Bath & Body,Regular,₹203.17,125.13,1L
PRD_1244,Blinkit Choice Cleaner Pouch,Fresh Produce,Premium,158.21,123.17,1L
PRD_1245,Blinkit Choice Soap Pouch,Bath & Body,Premium,157.05,101.07,500ml
PRD_1246,Blinkit Daily Coke Pack,Dairy & Bread,Essentials,₹187.32,154.92,1L
PRD_1247,Blinkit Daily Butter Box,Instant Food,Daily Need,256.89,170.95,1 unit
PRD_1248,Blinkit Fresh Milk Pack,dairy,Premium,₹219.97,184.64,1L
PRD_1249,Blinkit Fresh Bread Bottle,Beverages,Regular,83.84,55.08,250g
PRD_1250,Blinkit Choice Apple Bottle,Munchies,Daily Need,₹98.46,80.38,1L
PRD_1251,Blinkit Choice Cleaner Box,DAIRY,Snacks,₹184.61,129.21,250g
PRD_1252,Blinkit Choice Bread Pack,dairy,Organic,289.79,224.57,
PRD_1253,Blinkit Choice Chips Bottle,Beverages,Snacks,304.48,186.22,1L
PRD_1254,Blinkit Organic Butter Bottle,Cleaning Essentials,Regular,253.38,189.67,
PRD_1255,Blinkit Daily Cleaner Bottle,Bath & Body,Essentials,₹374.61,241.48,1L
PRD_1256,Blinkit Organic Soap Pouch,Beverages,Daily Need,₹373.88,278.88,1 unit
PRD_1257,Blinkit Organic Butter Bottle,Fresh Produce,Snacks,225.26,144.71,250g
PRD_1258,Blinkit Organic Apple Box,dairy,Daily Need,79.73,58.29,
PRD_1259,Blinkit Fresh Bread Box,dairy,Premium,274.48,173.8,
PRD_1260,Blinkit Daily Bread Pouch,dairy,Organic,203.11,135.27,250g
PRD_1261,Blinkit Choice Coke Box,Instant Food,Regular,₹86.2,67.11,500ml
PRD_1262,Blinkit Choice Cleaner Pouch,Cleaning Essentials,Snacks,₹491.27,438.7,1L
PRD_1263,Blinkit Choice Bread Pack,Instant Food,Organic,197.48,145.1,1L
PRD_1264,Blinkit Fresh Milk Pack,dairy,Regular,320.38,258.28,1 unit
PRD_1265,Blinkit Daily Noodles Pack,Fresh Produce,Regular,255.26,194.46,500ml
PRD_1266,Blinkit Fresh Cleaner Pouch,DAIRY,Essentials,88.56,66.38,500ml
PRD_1267,Blinkit Organic Apple Pouch,Fresh Produce,Premium,46.66,28.9,1 unit
PRD_1268,Blinkit Organic Noodles Bottle,Munchies,Essentials,₹320.37,206.09,
PRD_1269,Blinkit Organic Apple Pack,Cleaning Essentials,Essentials,138.57,119.85,250g
PRD_1270,Blinkit Daily Milk Bottle,Bath & Body,Daily Need,₹136.95,99.02,
PRD_1271,Blinkit Choice Noodles Pouch,dairy,Daily Need,Rs. 479.35,375.95,500g
PRD_1272,Blinkit Organic Bread Box,Beverages,Organic,241.65,183.28,1 unit
PRD_1273,Blinkit Daily Tomato Pack,DAIRY,Premium,34.12,24.35,250g
PRD_1274,Blinkit Fresh Cleaner Pouch,Bath & Body,Regular,183.12,131.18,
PRD_1275,Blinkit Daily Soap Box,Fresh Produce,Premium,300.56,230.42,
PRD_1276,Blinkit Choice Tomato Pack,DAIRY,Premium,Rs. 177.71,114.15,500ml
PRD_1277,Blinkit Organic Bread Bottle,Instant Food,Organic,32.89,23.56,1 unit
PRD_1278,Blinkit Organic Chips Pouch,Bath & Body,Daily Need,233.27,171.24,500g
PRD_1279,Blinkit Fresh Cleaner Box,Cleaning Essentials,Premium,70.84,63.44,1L
PRD_1280,Blinkit Daily Apple Pouch,Fresh Produce,Premium,317.2,223.76,1 unit
PRD_1281,Blinkit Daily Milk Pack,DAIRY,Premium,₹317.4,251.82,500g
PRD_1282,Blinkit Organic Cleaner Pack,Fresh Produce,Snacks,38.12,24.44,500g
PRD_1283,Blinkit Organic Cleaner Box,DAIRY,Premium,159.52,98.85,1 unit
PRD_1284,Blinkit Daily Bread Box,DAIRY,Premium,218.57,188.29,250g
PRD_1285,Blinkit Organic Noodles Bottle,Bath & Body,Regular,₹284.13,232.77,1 unit
PRD_1286,Blinkit Organic Coke Box,Fresh Produce,Essentials,₹162.11,112.71,
PRD_1287,Blinkit Daily Soap Pack,Bath & Body,Snacks,₹158.12,118.81,500ml
PRD_1288,Blinkit Fresh Soap Pouch,Munchies,Premium,Rs. 491.85,315.14,
PRD_1289,Blinkit Organic Chips Pouch,Cleaning Essentials,Essentials,40.09,32.56,500g
PRD_1290,Blinkit Fresh Bread Pack,Munchies,Premium,494.74,307.28,500g
PRD_1291,Blinkit Choice Tomato Bottle,Dairy & Bread,Organic,Rs. 42.92,35.5,1L
PRD_1292,Blinkit Choice Milk Box,dairy,Organic,158.4,121.03,500g
PRD_1293,Blinkit Daily Noodles Pouch,Munchies,Essentials,Rs. 256.97,175.68,1L
PRD_1294,Blinkit Fresh Butter Pouch,Instant Food,Snacks,₹88.78,76.24,500g
PRD_1295,Blinkit Organic Bread Pack,Cleaning Essentials,Regular,84.73,75.9,500g
PRD_1296,Blinkit Organic Coke Bottle,dairy,Snacks,Rs. 143.03,96.73,1 unit
PRD_1297,Blinkit Choice Soap Box,Bath & Body,Snacks,487.28,410.23,1 unit
PRD_1298,Blinkit Choice Noodles Pack,Instant Food,Organic,202.46,167.04,500ml
PRD_1299,Blinkit Choice Milk Box,dairy,Organic,291.68,240.39,
PRD_1300,Blinkit Fresh Cleaner Pouch,dairy,Regular,358.06,317.66,250g
PRD_1301,Blinkit Choice Milk Box,DAIRY,Premium,₹376.27,280.69,500ml
PRD_1302,Blinkit Choice Coke Pack,Dairy & Bread,Regular,350.26,281.0,500g
PRD_1303,Blinkit Fresh Cleaner Bottle,Bath & Body,Premium,181.73,153.95,500ml
PRD_1304,Blinkit Organic Bread Pack,Fresh Produce,Essentials,73.63,54.77,1 unit
PRD_1305,Blinkit Choice Tomato Pouch,Munchies,Essentials,155.22,115.55,
PRD_1306,Blinkit Daily Chips Box,Cleaning Essentials,Daily Need,₹120.94,84.13,500g
PRD_1307,Blinkit Organic Milk Pouch,Dairy & Bread,Organic,85.41,71.25,500g
PRD_1308,Blinkit Daily Chips Bottle,DAIRY,Daily Need,31.76,25.59,500ml
PRD_1309,Blinkit Choice Chips Pack,DAIRY,Daily Need,469.15,344.99,
PRD_1310,Blinkit Daily Noodles Bottle,dairy,Organic,462.1,335.39,1L
PRD_1311,Blinkit Choice Noodles Pack,Beverages,Daily Need,44.2,27.48,250g
PRD_1312,Blinkit Choice Bread Pouch,Munchies,Snacks,₹103.08,62.05,
PRD_1313,Blinkit Daily Coke Pouch,Dairy & Bread,Premium,86.96,65.97,500ml
PRD_1314,Blinkit Organic Apple Box,dairy,Regular,Rs. 154.99,112.41,500ml
PRD_1315,Blinkit Daily Noodles Pouch,Dairy & Bread,Organic,Rs. 117.95,98.94,250g
PRD_1316,Blinkit Daily Butter Bottle,Instant Food,Snacks,₹474.01,361.57,500g
PRD_1317,Blinkit Fresh Coke Bottle,Bath & Body,Essentials,₹60.4,53.21,500g
PRD_1318,Blinkit Daily Tomato Bottle,Cleaning Essentials,Regular,121.6,80.12,1L
PRD_1319,Blinkit Fresh Milk Bottle,Munchies,Regular,58.75,52.7,500ml
PRD_1320,Blinkit Daily Cleaner Pack,DAIRY,Regular,490.58,338.19,250g
PRD_1321,Blinkit Choice Tomato Pouch,Beverages,Daily Need,460.84,365.32,500ml
PRD_1322,Blinkit Organic Apple Box,Fresh Produce,Daily Need,363.98,273.19,1 unit
PRD_1323,Blinkit Fresh Milk Box,Bath & Body,Daily Need,224.47,158.9,500ml
PRD_1324,Blinkit Organic Apple Bottle,Munchies,Daily Need,111.29,71.43,500ml
PRD_1325,Blinkit Fresh Noodles Bottle,Instant Food,Snacks,126.32,80.9,1 unit
PRD_1326,Blinkit Choice Butter Pouch,Munchies,Daily Need,₹232.66,189.26,1 unit
PRD_1327,Blinkit Choice Cleaner Bottle,Cleaning Essentials,Organic,388.75,277.29,250g
PRD_1328,Blinkit Daily Milk Pouch,Cleaning Essentials,Regular,₹147.07,130.66,500g
PRD_1329,Blinkit Organic Butter Pack,Dairy & Bread,Snacks,169.18,118.04,1L
PRD_1330,Blinkit Fresh Coke Pouch,dairy,Essentials,₹307.97,275.65,1 unit
PRD_1331,Blinkit Fresh Soap Pouch,Cleaning Essentials,Daily Need,134.11,88.73,500g
PRD_1332,Blinkit Fresh Bread Pack,Beverages,Essentials,300.42,189.52,250g
PRD_1333,Blinkit Organic Apple Pack,Fresh Produce,Regular,205.82,142.79,
PRD_1334,Blinkit Organic Milk Pouch,Instant Food,Snacks,36.5,31.6,500ml
PRD_1335,Blinkit Organic Coke Pack,DAIRY,Regular,213.3,161.37,250g
PRD_1336,Blinkit Choice Apple Box,Cleaning Essentials,Essentials,461.37,295.6,250g
PRD_1337,Blinkit Choice Apple Pack,DAIRY,Snacks,160.69,106.18,1 unit
PRD_1338,Blinkit Choice Noodles Pack,Cleaning Essentials,Premium,174.96,121.31,1L
PRD_1339,Blinkit Daily Cleaner Pack,Beverages,Snacks,51.65,40.13,1 unit
PRD_1340,Blinkit Fresh Milk Pack,DAIRY,Daily Need,315.22,220.56,500ml
PRD_1341,Blinkit Fresh Bread Bottle,dairy,Essentials,427.64,352.43,1 unit
PRD_1342,Blinkit Organic Milk Bottle,Instant Food,Regular,₹189.4,148.66,500ml
PRD_1343,Blinkit Fresh Apple Pack,Fresh Produce,Regular,135.32,116.67,1 unit
PRD_1344,Blinkit Daily Milk Pack,Beverages,Regular,479.17,359.52,
PRD_1345,Blinkit Fresh Chips Bottle,dairy,Organic,Rs. 377.63,264.1,1L
PRD_1346,Blinkit Fresh Tomato Pack,Fresh Produce,Organic,292.24,262.69,
PRD_1347,Blinkit Organic Soap Pouch,dairy,Daily Need,166.65,117.77,500g
PRD_1348,Blinkit Organic Apple Box,dairy,Premium,125.98,91.79,1L
PRD_1349,Blinkit Organic Soap Pouch,dairy,Organic,363.56,306.39,1 unit
PRD_1350,Blinkit Daily Tomato Pouch,Dairy & Bread,Snacks,₹270.46,169.47,250g
PRD_1351,Blinkit Fresh Cleaner Box,Fresh Produce,Essentials,Rs. 269.89,193.23,500g
PRD_1352,Blinkit Choice Cleaner Pack,dairy,Daily Need,55.38,34.65,250g
PRD_1353,Blinkit Daily Cleaner Bottle,Bath & Body,Premium,265.85,170.62,
PRD_1354,Blinkit Organic Coke Box,Bath & Body,Snacks,414.92,249.53,1L
PRD_1355,Blinkit Choice Apple Pouch,Cleaning Essentials,Regular,474.46,286.03,500g
PRD_1356,Blinkit Fresh Noodles Pack,Instant Food,Organic,71.21,50.85,
PRD_1357,Blinkit Daily Cleaner Pouch,DAIRY,Snacks,322.96,272.17,1 unit
PRD_1358,Blinkit Fresh Noodles Bottle,Cleaning Essentials,Premium,292.81,227.25,250g
PRD_1359,Blinkit Fresh Cleaner Bottle,Dairy & Bread,Daily Need,447.35,353.62,1 unit
PRD_1360,Blinkit Organic Cleaner Bottle,Bath & Body,Snacks,380.6,287.65,500ml
PRD_1361,Blinkit Choice Tomato Pouch,Fresh Produce,Daily Need,₹483.33,408.87,500g
PRD_1362,Blinkit Fresh Noodles Pouch,Instant Food,Regular,₹480.82,415.48,250g
PRD_1363,Blinkit Choice Cleaner Pack,Instant Food,Premium,128.33,109.71,1L
PRD_1364,Blinkit Organic Coke Pouch,DAIRY,Premium,368.17,310.6,1L
PRD_1365,Blinkit Choice Noodles Pack,Fresh Produce,Organic,274.65,179.84,1L
PRD_1366,Blinkit Choice Noodles Bottle,DAIRY,Essentials,123.01,95.72,
PRD_1367,Blinkit Choice Soap Pack,Instant Food,Premium,113.54,87.95,1L
PRD_1368,Blinkit Choice Coke Box,Dairy & Bread,Snacks,58.92,44.68,250g
PRD_1369,Blinkit Choice Apple Pouch,Beverages,Snacks,401.86,299.08,
PRD_1370,Blinkit Daily Noodles Pouch,Beverages,Snacks,Rs. 175.76,110.16,500ml
PRD_1371,Blinkit Choice Tomato Pouch,Bath & Body,Regular,431.35,272.03,1L
PRD_1372,Blinkit Choice Coke Pouch,Instant Food,Premium,₹311.99,271.64,1L
PRD_1373,Blinkit Organic Cleaner Pack,Dairy & Bread,Premium,343.34,270.91,
PRD_1374,Blinkit Fresh Soap Box,DAIRY,Snacks,160.0,108.59,1L
PRD_1375,Blinkit Fresh Coke Bottle,Dairy & Bread,Organic,239.5,163.77,500ml
PRD_1376,Blinkit Organic Chips Pouch,Munchies,Organic,217.91,170.64,
PRD_1377,Blinkit Organic Chips Bottle,DAIRY,Premium,133.13,96.13,
PRD_1378,Blinkit Daily Soap Box,dairy,Premium,419.61,307.32,500g
PRD_1379,Blinkit Fresh Butter Pouch,DAIRY,Daily Need,Rs. 318.6,196.96,
PRD_1380,Blinkit Choice Cleaner Pouch,Bath & Body,Premium,₹37.97,24.36,1L
PRD_1381,Blinkit Daily Soap Pack,Beverages,Snacks,413.56,296.94,
PRD_1382,Blinkit Choice Chips Box,DAIRY,Essentials,70.9,57.42,1L
PRD_1383,Blinkit Daily Coke Pack,dairy,Regular,Rs. 213.77,131.34,1L
PRD_1384,Blinkit Daily Butter Pack,Munchies,Premium,₹294.2,206.05,
PRD_1385,Blinkit Choice Chips Bottle,Dairy & Bread,Premium,23.67,19.14,500g
PRD_1386,Blinkit Fresh Chips Bottle,Fresh Produce,Snacks,Rs. 333.4,279.26,1L
PRD_1387,Blinkit Fresh Tomato Pouch,Beverages,Daily Need,336.66,221.21,500g
PRD_1388,Blinkit Organic Cleaner Pack,Dairy & Bread,Essentials,Rs. 333.21,273.05,500g
PRD_1389,Blinkit Organic Butter Box,Munchies,Premium,₹98.46,87.3,
PRD_1390,Blinkit Daily Soap Pouch,Fresh Produce,Organic,Rs. 142.75,124.48,1 unit
PRD_1391,Blinkit Organic Milk Bottle,Instant Food,Organic,Rs. 138.74,116.1,1 unit
PRD_1392,Blinkit Choice Milk Pouch,Cleaning Essentials,Organic,Rs. 480.83,391.25,1L
PRD_1393,Blinkit Fresh Noodles Pack,Bath & Body,Regular,52.41,35.14,250g
PRD_1394,Blinkit Choice Butter Bottle,Dairy & Bread,Regular,₹225.81,178.43,1 unit
PRD_1395,Blinkit Fresh Tomato Box,Fresh Produce,Essentials,438.2,347.48,
PRD_1396,Blinkit Organic Apple Box,Instant Food,Premium,Rs. 389.34,281.12,
PRD_1397,Blinkit Fresh Noodles Pouch,Cleaning Essentials,Premium,Rs. 414.77,310.21,1 unit
PRD_1398,Blinkit Daily Soap Pack,Cleaning Essentials,Premium,486.7,393.36,250g
PRD_1399,Blinkit Daily Cleaner Pouch,Beverages,Regular,₹205.89,182.34,500ml
PRD_1400,Blinkit Choice Bread Pack,Beverages,Essentials,Rs. 168.63,116.12,1L
PRD_1401,Blinkit Choice Butter Box,Beverages,Premium,₹34.72,23.4,500ml
PRD_1402,Blinkit Daily Noodles Pouch,Beverages,Snacks,92.01,71.82,500ml
PRD_1403,Blinkit Organic Apple Bottle,Beverages,Daily Need,₹289.77,185.23,500g
PRD_1404,Blinkit Choice Tomato Pack,Instant Food,Organic,₹95.68,74.13,500g
PRD_1405,Blinkit Daily Bread Pouch,Bath & Body,Organic,₹373.43,234.01,1L
PRD_1406,Blinkit Organic Coke Pouch,DAIRY,Snacks,37.87,28.3,250g
PRD_1407,Blinkit Organic Apple Pack,Instant Food,Premium,₹144.55,113.63,500g
PRD_1408,Blinkit Choice Butter Pouch,Munchies,Essentials,353.82,219.73,1 unit
PRD_1409,Blinkit Fresh Bread Bottle,Beverages,Essentials,₹142.64,94.44,1L
PRD_1410,Blinkit Organic Bread Box,Fresh Produce,Regular,369.81,259.09,
PRD_1411,Blinkit Choice Coke Pouch,Fresh Produce,Premium,498.01,353.88,500ml
PRD_1412,Blinkit Fresh Bread Pack,Munchies,Essentials,402.6,323.22,1L
PRD_1413,Blinkit Choice Bread Pouch,Instant Food,Premium,184.08,139.66,
PRD_1414,Blinkit Fresh Milk Box,Fresh Produce,Organic,452.28,323.21,
PRD_1415,Blinkit Daily Noodles Bottle,dairy,Organic,44.57,32.77,500g
PRD_1416,Blinkit Fresh Soap Pack,dairy,Regular,Rs. 368.0,222.23,
PRD_1417,Blinkit Fresh Butter Bottle,DAIRY,Organic,Rs. 31.19,25.92,250g
PRD_1418,Blinkit Fresh Chips Pack,dairy,Premium,₹103.79,63.55,
PRD_1419,Blinkit Choice Milk Box,Dairy & Bread,Snacks,494.04,419.34,
PRD_1420,Blinkit Fresh Chips Box,Beverages,Regular,193.22,147.29,500ml
PRD_1421,Blinkit Choice Bread Pack,Munchies,Snacks,413.84,313.83,250g
PRD_1422,Blinkit Choice Chips Box,Dairy & Bread,Premium,Rs. 200.52,162.7,1L
PRD_1423,Blinkit Fresh Soap Box,Bath & Body,Regular,Rs. 423.21,363.06,250g
PRD_1424,Blinkit Fresh Apple Pouch,Beverages,Snacks,Rs. 483.41,426.75,250g
PRD_1425,Blinkit Daily Tomato Box,Fresh Produce,Regular,229.06,174.78,1L
PRD_1426,Blinkit Daily Bread Bottle,Beverages,Premium,Rs. 288.49,186.13,500ml
PRD_1427,Blinkit Organic Chips Box,Cleaning Essentials,Essentials,₹321.75,277.86,
PRD_1428,Blinkit Daily Noodles Pack,Cleaning Essentials,Regular,468.72,286.95,250g
PRD_1429,Blinkit Choice Apple Pack,Dairy & Bread,Essentials,₹143.24,120.64,250g
PRD_1430,Blinkit Daily Coke Pouch,Instant Food,Premium,313.4,252.01,1L
PRD_1431,Blinkit Organic Milk Bottle,Fresh Produce,Regular,Rs. 175.87,153.26,1 unit
PRD_1432,Blinkit Choice Chips Bottle,dairy,Regular,124.13,107.9,250g
PRD_1433,Blinkit Choice Apple Pouch,Cleaning Essentials,Essentials,60.76,37.42,500g
PRD_1434,Blinkit Daily Milk Pack,Bath & Body,Organic,317.94,248.89,
PRD_1435,Blinkit Choice Apple Box,Munchies,Essentials,443.4,282.62,
PRD_1436,Blinkit Organic Tomato Bottle,Beverages,Essentials,188.67,117.64,500ml
PRD_1437,Blinkit Daily Milk Pack,Munchies,Essentials,285.28,209.53,250g
PRD_1438,Blinkit Fresh Coke Box,Cleaning Essentials,Premium,328.22,206.54,1L
PRD_1439,Blinkit Organic Coke Box,Cleaning Essentials,Daily Need,219.03,179.25,500g
PRD_1440,Blinkit Choice Milk Pouch,Bath & Body,Essentials,₹453.61,404.02,1L
PRD_1441,Blinkit Choice Noodles Pouch,DAIRY,Regular,194.12,149.64,250g
PRD_1442,Blinkit Choice Soap Pack,Dairy & Bread,Snacks,80.01,53.65,500g
PRD_1443,Blinkit Organic Apple Pack,dairy,Organic,89.13,76.02,500ml
PRD_1444,Blinkit Daily Tomato Bottle,Instant Food,Essentials,447.61,383.12,500ml
PRD_1445,Blinkit Daily Apple Pouch,Bath & Body,Essentials,494.24,405.2,500ml
PRD_1446,Blinkit Daily Noodles Pack,DAIRY,Organic,158.69,124.5,1 unit
PRD_1447,Blinkit Daily Chips Box,dairy,Essentials,88.93,76.51,1L
PRD_1448,Blinkit Fresh Noodles Pack,Dairy & Bread,Regular,₹251.46,163.19,250g
PRD_1449,Blinkit Daily Chips Box,dairy,Daily Need,₹360.57,317.11,500g
PRD_1450,Blinkit Fresh Cleaner Box,DAIRY,Essentials,313.95,277.58,
PRD_1451,Blinkit Fresh Coke Bottle,Cleaning Essentials,Organic,476.53,410.58,
PRD_1452,Blinkit Organic Noodles Box,dairy,Essentials,412.53,278.54,1L
PRD_1453,Blinkit Choice Tomato Pack,Munchies,Premium,437.11,374.8,250g
PRD_1454,Blinkit Organic Butter Pouch,dairy,Regular,₹280.0,209.8,1 unit
PRD_1455,Blinkit Fresh Milk Pack,Cleaning Essentials,Regular,₹177.09,137.86,250g
PRD_1456,Blinkit Daily Noodles Pack,Beverages,Daily Need,356.83,304.08,1L
PRD_1457,Blinkit Organic Coke Box,Beverages,Premium,Rs. 230.75,140.5,250g
PRD_1458,Blinkit Organic Cleaner Box,Beverages,Premium,₹158.12,112.09,
PRD_1459,Blinkit Choice Milk Pack,Bath & Body,Daily Need,₹93.09,78.63,
PRD_1460,Blinkit Organic Milk Box,Dairy & Bread,Snacks,273.38,230.78,500g
PRD_1461,Blinkit Fresh Noodles Pack,Dairy & Bread,Essentials,₹305.24,260.86,1 unit
PRD_1462,Blinkit Choice Chips Bottle,dairy,Premium,293.02,190.69,
PRD_1463,Blinkit Organic Chips Pouch,Instant Food,Snacks,75.94,61.65,500g
PRD_1464,Blinkit Organic Tomato Bottle,Dairy & Bread,Snacks,Rs. 293.59,189.06,1 unit
PRD_1465,Blinkit Organic Cleaner Pouch,Munchies,Regular,100.84,84.25,
PRD_1466,Blinkit Daily Soap Pack,Munchies,Essentials,₹338.58,228.05,1 unit
PRD_1467,Blinkit Fresh Noodles Bottle,Fresh Produce,Regular,226.1,185.71,250g
PRD_1468,Blinkit Daily Noodles Pack,Munchies,Organic,427.42,314.8,500g
PRD_1469,Blinkit Organic Cleaner Bottle,Dairy & Bread,Regular,393.57,352.59,1 unit
PRD_1470,Blinkit Fresh Milk Pouch,Instant Food,Premium,Rs. 367.7,284.59,1 unit
PRD_1471,Blinkit Organic Chips Pack,Cleaning Essentials,Premium,₹356.35,281.44,250g
PRD_1472,Blinkit Organic Noodles Bottle,Beverages,Essentials,289.03,205.34,
PRD_1473,Blinkit Daily Tomato Pack,dairy,Snacks,49.33,40.47,
PRD_1474,Blinkit Choice Soap Pack,Cleaning Essentials,Premium,334.64,250.47,1L
PRD_1475,Blinkit Choice Soap Pouch,Instant Food,Regular,244.12,147.8,1L
PRD_1476,Blinkit Fresh Noodles Pouch,Bath & Body,Regular,245.39,192.04,
PRD_1477,Blinkit Fresh Soap Pack,Beverages,Essentials,Rs. 201.93,171.47,500ml
PRD_1478,Blinkit Fresh Soap Bottle,Fresh Produce,Regular,465.95,312.67,500ml
PRD_1479,Blinkit Organic Chips Bottle,Bath & Body,Daily Need,139.74,93.11,1 unit
PRD_1480,Blinkit Daily Noodles Pack,Dairy & Bread,Essentials,171.97,134.6,
PRD_1481,Blinkit Organic Chips Box,Instant Food,Essentials,Rs. 482.26,407.7,1L
PRD_1482,Blinkit Organic Bread Box,Beverages,Premium,408.87,275.94,1 unit
PRD_1483,Blinkit Organic Tomato Pouch,Fresh Produce,Essentials,26.76,23.54,500g
PRD_1484,Blinkit Organic Cleaner Pouch,dairy,Organic,₹454.93,399.53,1L
PRD_1485,Blinkit Organic Apple Box,dairy,Premium,Rs. 128.79,85.02,1L
PRD_1486,Blinkit Fresh Apple Pack,Dairy & Bread,Premium,358.85,243.71,1L
PRD_1487,Blinkit Daily Bread Box,Munchies,Daily Need,285.48,231.29,500ml
PRD_1488,Blinkit Choice Soap Pack,Instant Food,Premium,277.67,245.88,250g
PRD_1489,Blinkit Choice Cleaner Bottle,Fresh Produce,Snacks,₹364.6,296.41,250g
PRD_1490,Blinkit Organic Bread Bottle,Fresh Produce,Regular,119.45,87.61,500ml
PRD_1491,Blinkit Daily Apple Pouch,Munchies,Regular,₹96.33,62.68,
PRD_1492,Blinkit Organic Bread Pouch,Munchies,Essentials,Rs. 332.92,245.8,
PRD_1493,Blinkit Organic Coke Bottle,Bath & Body,Daily Need,159.48,124.72,500ml
PRD_1494,Blinkit Choice Milk Bottle,Beverages,Regular,487.5,340.9,500ml
PRD_1495,Blinkit Choice Apple Pouch,Bath & Body,Snacks,236.73,178.28,
PRD_1496,Blinkit Organic Butter Bottle,DAIRY,Daily Need,73.57,47.02,250g
PRD_1497,Blinkit Organic Butter Bottle,DAIRY,Organic,349.19,256.88,1 unit
PRD_1498,Blinkit Daily Butter Pouch,Dairy & Bread,Regular,166.96,104.72,500ml
PRD_1499,Blinkit Organic Soap Bottle,Instant Food,Premium,91.32,56.14,1 unit
PRD_1500,Blinkit Choice Cleaner Pack,Fresh Produce,Snacks,222.96,191.12,1 unit
PRD_1501,Blinkit Organic Tomato Box,Beverages,Snacks,Rs. 482.83,319.4,500g
PRD_1502,Blinkit Fresh Apple Box,dairy,Regular,₹217.49,168.02,250g
PRD_1503,Blinkit Organic Cleaner Pouch,dairy,Essentials,Rs. 186.72,120.38,1 unit
PRD_1504,Blinkit Daily Soap Box,Cleaning Essentials,Organic,₹233.36,158.4,250g
PRD_1505,Blinkit Fresh Apple Box,Munchies,Premium,25.82,18.29,250g
PRD_1506,Blinkit Choice Apple Pack,Dairy & Bread,Organic,83.89,53.95,500g
PRD_1507,Blinkit Choice Coke Box,Cleaning Essentials,Organic,Rs. 427.84,262.6,
PRD_1508,Blinkit Organic Apple Box,Cleaning Essentials,Regular,Rs. 489.46,422.48,250g
PRD_1509,Blinkit Fresh Milk Box,Instant Food,Premium,95.81,57.83,1 unit
PRD_1510,Blinkit Choice Noodles Box,Fresh Produce,Regular,Rs. 277.05,171.33,
PRD_1511,Blinkit Fresh Coke Box,Beverages,Regular,483.84,407.16,
PRD_1512,Blinkit Organic Tomato Bottle,dairy,Essentials,95.16,65.15,1L
PRD_1513,Blinkit Organic Noodles Bottle,dairy,Snacks,109.43,89.39,1 unit
PRD_1514,Blinkit Organic Apple Box,dairy,Essentials,₹464.87,299.31,1 unit
PRD_1515,Blinkit Daily Cleaner Bottle,DAIRY,Essentials,Rs. 358.73,240.77,250g
PRD_1516,Blinkit Daily Tomato Pack,Instant Food,Regular,92.94,71.73,1 unit
PRD_1517,Blinkit Daily Tomato Pack,Dairy & Bread,Essentials,₹208.88,187.28,1L
PRD_1518,Blinkit Choice Soap Box,dairy,Essentials,₹47.01,29.24,250g
PRD_1519,Blinkit Daily Soap Bottle,dairy,Daily Need,227.68,163.97,500ml
PRD_1520,Blinkit Fresh Tomato Pouch,Dairy & Bread,Premium,Rs. 393.39,241.12,1 unit
PRD_1521,Blinkit Fresh Coke Pouch,DAIRY,Snacks,₹285.91,188.63,1 unit
PRD_1522,Blinkit Organic Tomato Pack,Cleaning Essentials,Premium,Rs. 330.77,288.51,500g
PRD_1523,Blinkit Fresh Coke Bottle,Dairy & Bread,Snacks,176.87,111.24,500ml
PRD_1524,Blinkit Organic Milk Box,Cleaning Essentials,Daily Need,₹97.47,83.54,500ml
PRD_1525,Blinkit Organic Soap Pouch,Munchies,Regular,₹26.3,17.18,1L
PRD_1526,Blinkit Fresh Apple Box,Bath & Body,Snacks,Rs. 414.23,355.63,500ml
PRD_1527,Blinkit Choice Butter Box,dairy,Snacks,₹325.59,247.91,500g
PRD_1528,Blinkit Daily Noodles Bottle,Dairy & Bread,Snacks,130.07,112.31,1L
PRD_1529,Blinkit Choice Bread Box,Bath & Body,Daily Need,220.85,142.56,500ml
PRD_1530,Blinkit Organic Cleaner Bottle,Beverages,Premium,404.69,335.33,1L
PRD_1531,Blinkit Fresh Tomato Pouch,Instant Food,Daily Need,₹278.58,224.04,500ml
PRD_1532,Blinkit Organic Milk Pack,Munchies,Snacks,164.08,125.17,500ml
PRD_1533,Blinkit Organic Milk Pouch,Beverages,Essentials,148.25,125.0,
PRD_1534,Blinkit Fresh Noodles Bottle,Beverages,Snacks,124.45,98.87,500ml
PRD_1535,Blinkit Organic Milk Bottle,Munchies,Essentials,Rs. 415.39,358.53,1 unit
PRD_1536,Blinkit Daily Butter Pack,Cleaning Essentials,Regular,299.29,213.79,500ml
PRD_1537,Blinkit Fresh Noodles Box,Dairy & Bread,Daily Need,360.4,280.02,1 unit
PRD_1538,Blinkit Organic Chips Box,Fresh Produce,Essentials,₹432.86,372.77,250g
PRD_1539,Blinkit Daily Soap Pack,dairy,Daily Need,₹493.69,328.03,
PRD_1540,Blinkit Organic Milk Bottle,DAIRY,Organic,₹139.75,104.21,500g
PRD_1541,Blinkit Choice Noodles Bottle,Dairy & Bread,Premium,Rs. 106.83,94.89,1L
PRD_1542,Blinkit Fresh Butter Box,dairy,Organic,241.76,179.41,1L
PRD_1543,Blinkit Fresh Milk Pack,Dairy & Bread,Essentials,Rs. 36.83,24.89,250g
PRD_1544,Blinkit Organic Butter Pouch,Beverages,Organic,400.02,282.14,500ml
PRD_1545,Blinkit Organic Tomato Pouch,Fresh Produce,Premium,444.2,384.47,500g
PRD_1546,Blinkit Organic Tomato Box,DAIRY,Essentials,₹349.3,309.64,250g
PRD_1547,Blinkit Organic Butter Pouch,Dairy & Bread,Regular,148.64,131.55,250g
PRD_1548,Blinkit Fresh Chips Bottle,dairy,Regular,79.11,64.05,1L
PRD_1549,Blinkit Organic Apple Pack,DAIRY,Premium,203.43,153.16,1 unit
PRD_1550,Blinkit Fresh Soap Pouch,DAIRY,Premium,420.0,275.02,1 unit
PRD_1551,Blinkit Fresh Milk Bottle,Instant Food,Essentials,186.96,119.09,500ml
PRD_1552,Blinkit Choice Cleaner Pack,Beverages,Daily Need,36.44,22.52,500ml
PRD_1553,Blinkit Choice Bread Box,Instant Food,Essentials,151.65,91.8,250g
PRD_1554,Blinkit Fresh Coke Box,dairy,Daily Need,Rs. 495.17,427.55,500ml
PRD_1555,Blinkit Organic Apple Pouch,dairy,Daily Need,344.8,290.57,1 unit
PRD_1556,Blinkit Fresh Cleaner Box,Cleaning Essentials,Daily Need,Rs. 452.41,348.51,500g
PRD_1557,Blinkit Organic Milk Box,Dairy & Bread,Essentials,Rs. 391.94,352.6,1L
PRD_1558,Blinkit Fresh Tomato Pack,Dairy & Bread,Snacks,279.06,247.22,1 unit
PRD_1559,Blinkit Organic Butter Pouch,Cleaning Essentials,Snacks,₹91.37,72.78,
PRD_1560,Blinkit Choice Milk Pack,Bath & Body,Regular,187.35,138.52,500ml
PRD_1561,Blinkit Choice Apple Box,Munchies,Snacks,Rs. 300.2,193.82,1L
PRD_1562,Blinkit Fresh Bread Pouch,Dairy & Bread,Snacks,437.9,330.47,
PRD_1563,Blinkit Fresh Tomato Pack,Munchies,Daily Need,148.96,96.43,1L
PRD_1564,Blinkit Organic Coke Box,Dairy & Bread,Daily Need,78.19,56.26,250g
PRD_1565,Blinkit Choice Chips Pouch,Bath & Body,Premium,288.24,254.46,500ml
PRD_1566,Blinkit Organic Tomato Pack,Fresh Produce,Daily Need,104.72,73.58,250g
PRD_1567,Blinkit Fresh Butter Box,Bath & Body,Essentials,₹312.97,202.13,1L
PRD_1568,Blinkit Choice Cleaner Box,dairy,Premium,₹146.49,113.49,250g
PRD_1569,Blinkit Organic Apple Bottle,Cleaning Essentials,Premium,130.86,102.16,500ml
PRD_1570,Blinkit Organic Noodles Pouch,dairy,Snacks,211.61,139.27,1 unit
PRD_1571,Blinkit Choice Soap Pack,Fresh Produce,Daily Need,Rs. 304.73,200.81,500g
PRD_1572,Blinkit Daily Apple Bottle,Instant Food,Snacks,₹281.75,252.69,
PRD_1573,Blinkit Daily Noodles Box,dairy,Daily Need,137.47,92.52,1 unit
PRD_1574,Blinkit Choice Bread Box,dairy,Snacks,₹447.74,381.23,1L
PRD_1575,Blinkit Choice Soap Pack,dairy,Snacks,₹72.74,53.91,1 unit
PRD_1576,Blinkit Fresh Soap Pack,DAIRY,Snacks,38.94,28.45,250g
PRD_1577,Blinkit Fresh Milk Bottle,Munchies,Essentials,309.3,212.95,500ml
PRD_1578,Blinkit Daily Chips Bottle,Bath & Body,Regular,₹79.24,65.94,1 unit
PRD_1579,Blinkit Choice Chips Box,Instant Food,Snacks,262.35,226.72,1 unit
PRD_1580,Blinkit Organic Bread Pouch,Bath & Body,Organic,476.85,323.47,500ml
PRD_1581,Blinkit Organic Chips Box,Munchies,Organic,Rs. 355.32,223.33,250g
PRD_1582,Blinkit Fresh Tomato Pack,Instant Food,Organic,₹316.38,202.82,500g
PRD_1583,Blinkit Daily Tomato Pouch,Beverages,Essentials,295.91,247.93,1 unit
PRD_1584,Blinkit Choice Chips Pack,DAIRY,Premium,106.18,77.59,
PRD_1585,Blinkit Daily Chips Pouch,dairy,Snacks,Rs. 227.67,145.61,1L
PRD_1586,Blinkit Fresh Coke Pack,DAIRY,Organic,Rs. 184.41,129.47,250g
PRD_1587,Blinkit Fresh Tomato Box,Bath & Body,Essentials,477.48,360.15,250g
PRD_1588,Blinkit Organic Bread Pack,Instant Food,Premium,Rs. 136.31,116.63,1 unit
PRD_1589,Blinkit Daily Noodles Box,Fresh Produce,Organic,₹246.33,195.22,
PRD_1590,Blinkit Fresh Noodles Bottle,DAIRY,Daily Need,470.28,307.0,500ml
PRD_1591,Blinkit Choice Tomato Box,dairy,Regular,398.81,258.27,1 unit
PRD_1592,Blinkit Fresh Soap Bottle,Fresh Produce,Snacks,482.97,349.53,1 unit
PRD_1593,Blinkit Organic Coke Pouch,Bath & Body,Regular,312.0,194.24,500ml
PRD_1594,Blinkit Choice Apple Pack,Fresh Produce,Regular,180.22,148.98,1L
PRD_1595,Blinkit Daily Chips Pack,Munchies,Daily Need,416.79,300.27,500ml
PRD_1596,Blinkit Organic Soap Box,Beverages,Daily Need,159.9,112.39,1 unit
PRD_1597,Blinkit Fresh Milk Pack,dairy,Daily Need,99.09,74.59,500g
PRD_1598,Blinkit Fresh Bread Pack,DAIRY,Premium,359.02,291.77,500ml
PRD_1599,Blinkit Fresh Coke Bottle,Instant Food,Organic,326.7,251.82,1L
PRD_1600,Blinkit Organic Butter Box,Cleaning Essentials,Snacks,₹441.9,371.51,500ml
PRD_1601,Blinkit Daily Chips Bottle,Fresh Produce,Daily Need,₹481.72,379.98,500ml
PRD_1602,Blinkit Choice Tomato Box,Dairy & Bread,Essentials,₹431.45,360.86,250g
PRD_1603,Blinkit Daily Bread Pack,Cleaning Essentials,Snacks,48.81,39.49,250g
PRD_1604,Blinkit Choice Cleaner Box,Bath & Body,Snacks,₹338.97,223.02,1 unit
PRD_1605,Blinkit Daily Bread Pouch,Dairy & Bread,Snacks,₹396.67,244.23,1 unit
PRD_1606,Blinkit Fresh Tomato Box,Dairy & Bread,Daily Need,491.33,427.96,500ml
PRD_1607,Blinkit Organic Coke Pack,Dairy & Bread,Daily Need,199.84,176.6,500g
PRD_1608,Blinkit Organic Apple Box,Cleaning Essentials,Organic,101.54,83.07,
PRD_1609,Blinkit Daily Cleaner Bottle,Bath & Body,Daily Need,429.41,350.94,1 unit
PRD_1610,Blinkit Fresh Apple Box,DAIRY,Daily Need,172.38,117.4,500ml
PRD_1611,Blinkit Fresh Cleaner Pack,Beverages,Snacks,307.14,234.27,500ml
PRD_1612,Blinkit Fresh Milk Pack,Bath & Body,Organic,207.15,185.95,
PRD_1613,Blinkit Choice Noodles Box,DAIRY,Regular,213.12,182.61,500ml
PRD_1614,Blinkit Choice Noodles Pack,DAIRY,Daily Need,Rs. 371.58,256.88,
PRD_1615,Blinkit Organic Chips Bottle,Dairy & Bread,Essentials,₹193.51,133.58,
PRD_1616,Blinkit Fresh Coke Pouch,dairy,Daily Need,352.68,262.77,500ml
PRD_1617,Blinkit Organic Coke Pouch,Cleaning Essentials,Regular,Rs. 26.88,19.39,500ml
PRD_1618,Blinkit Daily Milk Bottle,DAIRY,Snacks,Rs. 175.83,125.08,250g
PRD_1619,Blinkit Fresh Soap Box,Cleaning Essentials,Organic,173.14,136.45,
PRD_1620,Blinkit Fresh Tomato Pack,Munchies,Snacks,379.44,228.97,1L
PRD_1621,Blinkit Choice Apple Pack,Beverages,Premium,170.99,141.75,
PRD_1622,Blinkit Fresh Milk Pouch,Munchies,Daily Need,324.0,266.33,1L
PRD_1623,Blinkit Choice Bread Pack,DAIRY,Essentials,Rs. 350.49,297.6,500ml
PRD_1624,Blinkit Fresh Soap Pouch,Bath & Body,Premium,₹336.04,286.45,1 unit
PRD_1625,Blinkit Daily Bread Pack,Cleaning Essentials,Daily Need,₹309.58,238.35,500g
PRD_1626,Blinkit Daily Noodles Bottle,Munchies,Premium,₹218.54,182.27,500ml
PRD_1627,Blinkit Fresh Cleaner Pouch,Cleaning Essentials,Regular,Rs. 199.19,148.94,500g
PRD_1628,Blinkit Daily Chips Pouch,Bath & Body,Daily Need,291.0,257.67,250g
PRD_1629,Blinkit Daily Noodles Box,Munchies,Essentials,50.58,33.24,1L
PRD_1630,Blinkit Daily Tomato Bottle,Cleaning Essentials,Daily Need,440.39,385.2,250g
PRD_1631,Blinkit Organic Bread Box,Bath & Body,Premium,Rs. 416.15,281.97,1 unit
PRD_1632,Blinkit Choice Coke Box,Dairy & Bread,Organic,₹186.26,117.5,1 unit
PRD_1633,Blinkit Daily Noodles Bottle,Fresh Produce,Premium,292.07,213.72,
PRD_1634,Blinkit Daily Soap Pack,Dairy & Bread,Daily Need,467.47,366.72,500ml
PRD_1635,Blinkit Organic Coke Pack,Beverages,Daily Need,₹150.39,100.66,
PRD_1636,Blinkit Fresh Soap Pouch,DAIRY,Organic,376.38,288.59,1 unit
PRD_1637,Blinkit Organic Butter Pack,dairy,Snacks,59.71,50.3,1 unit
PRD_1638,Blinkit Fresh Noodles Pouch,Fresh Produce,Organic,₹271.22,183.65,
PRD_1639,Blinkit Fresh Chips Pack,DAIRY,Snacks,444.31,343.94,250g
PRD_1640,Blinkit Choice Cleaner Pack,Munchies,Essentials,284.82,199.88,500g
PRD_1641,Blinkit Choice Coke Bottle,Beverages,Daily Need,315.8,239.67,1L
PRD_1642,Blinkit Organic Butter Box,Beverages,Regular,Rs. 455.67,364.57,1 unit
PRD_1643,Blinkit Daily Cleaner Pack,Cleaning Essentials,Regular,₹363.37,256.22,
PRD_1644,Blinkit Fresh Noodles Pack,Beverages,Premium,354.02,318.03,1 unit
PRD_1645,Blinkit Organic Soap Pouch,Munchies,Organic,301.46,231.86,250g
PRD_1646,Blinkit Choice Bread Box,Instant Food,Organic,Rs. 323.83,274.39,1L
PRD_1647,Blinkit Fresh Cleaner Pack,Beverages,Regular,405.78,331.74,250g
PRD_1648,Blinkit Choice Cleaner Box,Dairy & Bread,Snacks,490.03,419.39,500g
PRD_1649,Blinkit Daily Butter Box,Instant Food,Organic,Rs. 401.76,262.0,250g
PRD_1650,Blinkit Choice Soap Pouch,Instant Food,Snacks,₹359.62,239.78,1L
PRD_1651,Blinkit Fresh Milk Box,Munchies,Snacks,85.06,63.47,1L
PRD_1652,Blinkit Organic Tomato Pouch,Fresh Produce,Snacks,412.2,352.72,1 unit
PRD_1653,Blinkit Choice Tomato Pouch,Dairy & Bread,Snacks,Rs. 373.28,246.1,500g
PRD_1654,Blinkit Fresh Butter Box,Beverages,Premium,389.81,347.45,500ml
PRD_1655,Blinkit Daily Apple Box,Instant Food,Premium,130.93,83.57,1 unit
PRD_1656,Blinkit Daily Soap Box,DAIRY,Regular,453.65,296.02,
PRD_1657,Blinkit Fresh Noodles Pouch,DAIRY,Premium,Rs. 66.7,43.37,250g
PRD_1658,Blinkit Fresh Apple Pack,Instant Food,Essentials,141.73,109.95,250g
PRD_1659,Blinkit Fresh Apple Pack,Cleaning Essentials,Organic,Rs. 338.25,296.06,1L
PRD_1660,Blinkit Fresh Tomato Box,Beverages,Essentials,343.38,232.31,
PRD_1661,Blinkit Daily Apple Pouch,Munchies,Premium,170.4,130.51,1L
PRD_1662,Blinkit Organic Tomato Bottle,Instant Food,Organic,356.73,232.85,
PRD_1663,Blinkit Fresh Coke Box,Dairy & Bread,Organic,₹206.21,162.77,1L
PRD_1664,Blinkit Organic Cleaner Pouch,Instant Food,Snacks,₹20.08,12.79,500ml
PRD_1665,Blinkit Organic Noodles Pack,Bath & Body,Regular,98.05,73.28,500ml
PRD_1666,Blinkit Choice Coke Pouch,Fresh Produce,Snacks,Rs. 443.66,353.4,1 unit
PRD_1667,Blinkit Choice Soap Box,Dairy & Bread,Snacks,₹126.89,98.18,500ml
PRD_1668,Blinkit Organic Apple Box,Bath & Body,Essentials,74.2,47.64,
PRD_1669,Blinkit Organic Milk Bottle,Fresh Produce,Premium,347.46,225.3,1L
PRD_1670,Blinkit Fresh Tomato Pouch,dairy,Essentials,₹231.54,185.56,
PRD_1671,Blinkit Choice Milk Pouch,Dairy & Bread,Premium,Rs. 402.36,339.06,1 unit
PRD_1672,Blinkit Daily Cleaner Pack,DAIRY,Essentials,₹433.49,378.19,1 unit
PRD_1673,Blinkit Fresh Butter Box,Cleaning Essentials,Organic,426.07,359.64,500g
PRD_1674,Blinkit Daily Milk Pouch,dairy,Premium,Rs. 170.24,151.88,500ml
PRD_1675,Blinkit Choice Cleaner Bottle,Bath & Body,Premium,262.66,189.77,250g
PRD_1676,Blinkit Choice Chips Box,dairy,Essentials,332.07,232.23,250g
PRD_1677,Blinkit Fresh Noodles Pouch,Munchies,Daily Need,Rs. 174.55,106.21,500g
PRD_1678,Blinkit Fresh Bread Bottle,Beverages,Organic,39.73,29.2,1L
PRD_1679,Blinkit Organic Soap Pack,Beverages,Organic,₹257.92,205.15,500g
PRD_1680,Blinkit Choice Coke Bottle,DAIRY,Daily Need,26.15,22.09,1L
PRD_1681,Blinkit Organic Noodles Bottle,dairy,Essentials,476.31,324.0,500ml
PRD_1682,Blinkit Daily Butter Pouch,Bath & Body,Essentials,Rs. 402.41,303.45,500ml
PRD_1683,Blinkit Fresh Bread Pouch,DAIRY,Organic,112.16,89.57,1 unit
PRD_1684,Blinkit Choice Butter Pouch,Beverages,Essentials,158.03,120.97,1 unit
PRD_1685,Blinkit Daily Tomato Pack,dairy,Regular,491.76,335.48,1 unit
PRD_1686,Blinkit Organic Butter Pouch,DAIRY,Regular,199.3,167.19,1 unit
PRD_1687,Blinkit Fresh Chips Box,Dairy & Bread,Daily Need,396.19,258.32,250g
PRD_1688,Blinkit Daily Butter Pouch,Instant Food,Premium,234.47,204.34,1 unit
PRD_1689,Blinkit Fresh Bread Bottle,Cleaning Essentials,Regular,434.77,385.11,1 unit
PRD_1690,Blinkit Organic Chips Bottle,Fresh Produce,Essentials,357.8,253.92,1 unit
PRD_1691,Blinkit Fresh Milk Bottle,Dairy & Bread,Daily Need,31.0,22.1,1L
PRD_1692,Blinkit Daily Chips Pack,DAIRY,Regular,Rs. 161.31,132.76,
PRD_1693,Blinkit Daily Coke Pouch,Bath & Body,Snacks,287.84,212.11,1 unit
PRD_1694,Blinkit Daily Milk Pouch,Munchies,Daily Need,464.56,282.72,500g
PRD_1695,Blinkit Fresh Cleaner Box,Instant Food,Organic,₹68.97,60.42,1 unit
PRD_1696,Blinkit Organic Chips Pack,Fresh Produce,Regular,308.56,225.01,1 unit
PRD_1697,Blinkit Fresh Tomato Pouch,Dairy & Bread,Organic,165.04,109.1,250g
PRD_1698,Blinkit Daily Cleaner Bottle,Munchies,Daily Need,Rs. 446.88,342.62,
PRD_1699,Blinkit Daily Coke Bottle,Munchies,Regular,₹387.28,257.8,1 unit
PRD_1700,Blinkit Choice Tomato Bottle,Munchies,Organic,Rs. 197.46,130.68,
PRD_1701,Blinkit Fresh Cleaner Box,Instant Food,Premium,₹100.21,76.53,1L
PRD_1702,Blinkit Organic Chips Pouch,dairy,Premium,25.52,18.31,500ml
PRD_1703,Blinkit Daily Noodles Bottle,Dairy & Bread,Snacks,318.14,245.57,
PRD_1704,Blinkit Fresh Tomato Bottle,dairy,Essentials,₹214.94,193.24,
PRD_1705,Blinkit Choice Apple Box,Instant Food,Daily Need,171.08,146.74,1 unit
PRD_1706,Blinkit Choice Bread Pouch,Munchies,Essentials,493.04,296.96,1 unit
PRD_1707,Blinkit Choice Chips Bottle,Munchies,Essentials,243.75,149.95,1 unit
PRD_1708,Blinkit Fresh Chips Bottle,Instant Food,Organic,379.92,297.49,250g
PRD_1709,Blinkit Organic Bread Pouch,Cleaning Essentials,Snacks,105.16,82.85,500ml
PRD_1710,Blinkit Fresh Soap Pack,Bath & Body,Daily Need,26.46,22.85,250g
PRD_1711,Blinkit Fresh Cleaner Bottle,Cleaning Essentials,Premium,220.43,173.86,250g
PRD_1712,Blinkit Fresh Tomato Box,dairy,Essentials,339.52,226.91,250g
PRD_1713,Blinkit Choice Apple Pack,Instant Food,Organic,263.17,194.89,1L
PRD_1714,Blinkit Organic Tomato Pack,Bath & Body,Essentials,447.42,377.04,500ml
PRD_1715,Blinkit Organic Bread Bottle,Cleaning Essentials,Regular,228.31,200.19,1L
PRD_1716,Blinkit Organic Apple Pack,dairy,Premium,169.28,113.6,1L
PRD_1717,Blinkit Fresh Soap Pack,DAIRY,Essentials,₹459.7,350.24,500ml
PRD_1718,Blinkit Daily Apple Box,Beverages,Regular,215.27,139.43,1L
PRD_1719,Blinkit Daily Soap Pouch,Bath & Body,Regular,149.43,111.94,500ml
PRD_1720,Blinkit Choice Noodles Pouch,Fresh Produce,Organic,₹66.88,41.94,
PRD_1721,Blinkit Organic Tomato Bottle,Bath & Body,Organic,400.79,353.7,
PRD_1722,Blinkit Choice Soap Pack,dairy,Regular,₹416.04,329.26,1 unit
PRD_1723,Blinkit Fresh Soap Pack,Munchies,Snacks,35.98,30.81,250g
PRD_1724,Blinkit Organic Milk Bottle,dairy,Essentials,192.15,172.84,
PRD_1725,Blinkit Daily Tomato Pouch,Dairy & Bread,Regular,379.94,248.78,
PRD_1726,Blinkit Daily Bread Pouch,Munchies,Regular,₹474.26,383.32,1L
PRD_1727,Blinkit Daily Coke Box,dairy,Organic,Rs. 201.35,174.39,500ml
PRD_1728,Blinkit Organic Chips Pack,Cleaning Essentials,Essentials,438.59,338.93,500g
PRD_1729,Blinkit Fresh Butter Bottle,Beverages,Daily Need,208.99,165.5,1L
PRD_1730,Blinkit Daily Butter Bottle,dairy,Premium,106.16,76.68,1L
PRD_1731,Blinkit Organic Soap Pack,Cleaning Essentials,Organic,Rs. 21.65,17.37,500ml
PRD_1732,Blinkit Choice Coke Box,Fresh Produce,Essentials,Rs. 178.49,128.28,500g
PRD_1733,Blinkit Organic Chips Bottle,Dairy & Bread,Essentials,Rs. 201.67,149.84,500g
PRD_1734,Blinkit Daily Bread Pouch,DAIRY,Snacks,Rs. 473.66,298.82,1 unit
PRD_1735,Blinkit Organic Bread Pack,Dairy & Bread,Premium,₹118.91,71.62,1L
PRD_1736,Blinkit Fresh Tomato Bottle,Munchies,Organic,203.47,125.45,250g
PRD_1737,Blinkit Organic Soap Pack,Beverages,Organic,32.07,21.09,
PRD_1738,Blinkit Organic Milk Pouch,Dairy & Bread,Daily Need,386.5,284.84,1L
PRD_1739,Blinkit Choice Coke Box,Bath & Body,Snacks,₹459.27,278.45,250g
PRD_1740,Blinkit Organic Milk Pack,DAIRY,Snacks,134.15,86.77,250g
PRD_1741,Blinkit Fresh Soap Bottle,Munchies,Essentials,225.92,188.52,500ml
PRD_1742,Blinkit Fresh Milk Pack,Bath & Body,Essentials,Rs. 78.61,65.14,1L
PRD_1743,Blinkit Fresh Noodles Pack,Munchies,Organic,Rs. 239.28,200.26,500ml
PRD_1744,Blinkit Fresh Apple Pouch,Bath & Body,Daily Need,84.0,73.62,1 unit
PRD_1745,Blinkit Fresh Milk Box,Beverages,Organic,271.21,172.41,250g
PRD_1746,Blinkit Organic Milk Box,Cleaning Essentials,Regular,₹372.62,241.81,500g
PRD_1747,Blinkit Daily Coke Pouch,Dairy & Bread,Essentials,Rs. 285.6,199.94,250g
PRD_1748,Blinkit Choice Tomato Pack,Fresh Produce,Regular,137.71,120.43,1 unit
PRD_1749,Blinkit Fresh Chips Box,Bath & Body,Daily Need,₹189.82,158.05,250g
PRD_1750,Blinkit Organic Soap Bottle,Beverages,Organic,₹326.51,227.65,500ml
PRD_1751,Blinkit Organic Soap Bottle,Fresh Produce,Essentials,303.08,189.82,1L
PRD_1752,Blinkit Organic Noodles Pack,Dairy & Bread,Daily Need,₹85.65,67.23,500g
PRD_1753,Blinkit Organic Tomato Bottle,Fresh Produce,Organic,₹425.58,288.14,500ml
PRD_1754,Blinkit Organic Apple Box,DAIRY,Organic,248.09,188.39,
PRD_1755,Blinkit Fresh Soap Pouch,Instant Food,Regular,₹97.94,86.44,1L
PRD_1756,Blinkit Choice Tomato Pouch,Munchies,Premium,78.96,60.94,500g
PRD_1757,Blinkit Choice Coke Box,Munchies,Snacks,₹483.46,424.07,1 unit
PRD_1758,Blinkit Daily Chips Box,dairy,Essentials,155.14,111.38,250g
PRD_1759,Blinkit Organic Cleaner Pack,DAIRY,Snacks,₹456.12,360.34,500g
PRD_1760,Blinkit Daily Coke Bottle,Instant Food,Daily Need,Rs. 217.08,188.46,
PRD_1761,Blinkit Fresh Butter Box,dairy,Snacks,205.24,159.35,1 unit
PRD_1762,Blinkit Daily Chips Box,Fresh Produce,Regular,356.45,279.62,1L
PRD_1763,Blinkit Choice Apple Pack,dairy,Premium,24.74,20.16,500g
PRD_1764,Blinkit Fresh Coke Pack,Bath & Body,Essentials,₹182.28,157.61,1 unit
PRD_1765,Blinkit Daily Soap Pack,DAIRY,Organic,165.27,103.53,1L
PRD_1766,Blinkit Organic Butter Bottle,Instant Food,Organic,436.69,306.14,500ml
PRD_1767,Blinkit Organic Apple Box,Dairy & Bread,Regular,Rs. 273.98,197.08,250g
PRD_1768,Blinkit Daily Apple Pouch,DAIRY,Essentials,Rs. 194.99,170.21,1 unit
PRD_1769,Blinkit Daily Cleaner Box,Beverages,Snacks,147.72,131.0,500ml
PRD_1770,Blinkit Daily Coke Box,Munchies,Organic,Rs. 303.44,193.02,
PRD_1771,Blinkit Daily Tomato Pack,Beverages,Snacks,92.8,59.0,
PRD_1772,Blinkit Daily Butter Pack,dairy,Regular,Rs. 138.18,121.66,1L
PRD_1773,Blinkit Daily Soap Bottle,Cleaning Essentials,Organic,Rs. 160.93,110.84,500g
PRD_1774,Blinkit Fresh Apple Bottle,Bath & Body,Daily Need,Rs. 311.8,209.7,250g
PRD_1775,Blinkit Choice Milk Pouch,Cleaning Essentials,Premium,199.16,121.62,1L
PRD_1776,Blinkit Fresh Chips Bottle,DAIRY,Snacks,262.78,179.39,1 unit
PRD_1777,Blinkit Fresh Apple Bottle,Cleaning Essentials,Essentials,332.21,268.44,250g
PRD_1778,Blinkit Organic Soap Pouch,Beverages,Snacks,479.01,348.63,500ml
PRD_1779,Blinkit Daily Coke Pack,Dairy & Bread,Snacks,₹387.12,292.3,250g
PRD_1780,Blinkit Organic Chips Box,DAIRY,Snacks,214.52,187.75,500ml
PRD_1781,Blinkit Daily Apple Box,Munchies,Regular,379.17,240.55,1L
PRD_1782,Blinkit Organic Tomato Pack,Instant Food,Regular,475.85,295.68,500g
PRD_1783,Blinkit Organic Soap Bottle,DAIRY,Essentials,259.7,222.19,
PRD_1784,Blinkit Fresh Coke Pouch,Fresh Produce,Regular,217.04,180.68,250g
PRD_1785,Blinkit Choice Chips Pack,Munchies,Essentials,₹57.45,39.02,500g
PRD_1786,Blinkit Choice Cleaner Pack,DAIRY,Essentials,448.34,312.61,500g
PRD_1787,Blinkit Organic Noodles Bottle,Fresh Produce,Regular,Rs. 138.29,95.85,
PRD_1788,Blinkit Daily Coke Pouch,Munchies,Organic,50.7,40.27,250g
PRD_1789,Blinkit Organic Milk Pouch,dairy,Regular,₹277.86,171.82,250g
PRD_1790,Blinkit Daily Chips Pack,Bath & Body,Organic,426.03,318.17,500g
PRD_1791,Blinkit Fresh Noodles Bottle,Beverages,Daily Need,215.18,137.75,1 unit
PRD_1792,Blinkit Organic Cleaner Pack,Instant Food,Regular,395.87,334.87,1 unit
PRD_1793,Blinkit Organic Tomato Pack,DAIRY,Daily Need,421.47,301.01,250g
PRD_1794,Blinkit Choice Chips Box,dairy,Regular,238.11,180.55,500g
PRD_1795,Blinkit Daily Tomato Pack,Cleaning Essentials,Daily Need,303.66,184.87,500g
PRD_1796,Blinkit Daily Milk Pouch,Beverages,Premium,276.28,170.6,1L
PRD_1797,Blinkit Fresh Tomato Pack,Dairy & Bread,Daily Need,470.81,377.83,500g
PRD_1798,Blinkit Fresh Apple Pouch,Instant Food,Organic,₹368.24,305.65,
PRD_1799,Blinkit Organic Soap Box,Cleaning Essentials,Snacks,464.16,377.37,1 unit
PRD_1800,Blinkit Choice Coke Bottle,Bath & Body,Essentials,Rs. 125.6,103.13,1L
PRD_1801,Blinkit Fresh Soap Pouch,DAIRY,Daily Need,Rs. 168.91,106.65,
PRD_1802,Blinkit Organic Soap Bottle,dairy,Snacks,54.04,43.67,1 unit
PRD_1803,Blinkit Daily Chips Pack,Munchies,Premium,259.96,170.15,
PRD_1804,Blinkit Daily Apple Box,Dairy & Bread,Premium,439.48,276.61,500ml
PRD_1805,Blinkit Choice Tomato Pack,Instant Food,Organic,176.89,146.31,250g
PRD_1806,Blinkit Daily Noodles Pouch,Bath & Body,Organic,81.58,70.72,500ml
PRD_1807,Blinkit Daily Chips Pack,Bath & Body,Daily Need,52.85,43.07,250g
PRD_1808,Blinkit Fresh Apple Box,Cleaning Essentials,Regular,234.8,197.62,1 unit
PRD_1809,Blinkit Choice Chips Bottle,Cleaning Essentials,Premium,98.73,88.59,1 unit
PRD_1810,Blinkit Daily Tomato Box,Beverages,Snacks,186.13,119.2,500ml
PRD_1811,Blinkit Daily Tomato Pack,dairy,Regular,₹413.59,367.91,
PRD_1812,Blinkit Fresh Butter Bottle,Instant Food,Premium,204.34,159.46,250g
PRD_1813,Blinkit Organic Bread Box,Munchies,Daily Need,₹312.74,263.95,250g
PRD_1814,Blinkit Fresh Chips Pack,Munchies,Premium,261.04,207.54,1L
PRD_1815,Blinkit Organic Milk Box,DAIRY,Organic,364.9,281.34,500g
PRD_1816,Blinkit Organic Milk Bottle,DAIRY,Snacks,94.96,77.02,
PRD_1817,Blinkit Fresh Noodles Bottle,Instant Food,Snacks,461.81,321.46,
PRD_1818,Blinkit Organic Butter Pack,Cleaning Essentials,Organic,Rs. 328.94,288.57,1L
PRD_1819,Blinkit Organic Apple Pack,Dairy & Bread,Regular,Rs. 150.06,95.23,1 unit
PRD_1820,Blinkit Choice Coke Pouch,DAIRY,Organic,79.16,55.05,500ml
PRD_1821,Blinkit Choice Milk Pouch,Dairy & Bread,Snacks,₹91.87,55.98,
PRD_1822,Blinkit Organic Cleaner Bottle,DAIRY,Daily Need,395.68,269.62,250g
PRD_1823,Blinkit Organic Coke Pouch,Munchies,Regular,Rs. 302.29,201.16,1L
PRD_1824,Blinkit Choice Apple Pack,Bath & Body,Essentials,₹202.76,124.67,500ml
PRD_1825,Blinkit Fresh Milk Pouch,DAIRY,Premium,179.79,134.4,500ml
PRD_1826,Blinkit Choice Chips Box,Bath & Body,Essentials,430.76,319.02,
PRD_1827,Blinkit Daily Noodles Pouch,Dairy & Bread,Daily Need,439.89,274.19,500g
PRD_1828,Blinkit Organic Tomato Box,Instant Food,Essentials,Rs. 299.01,202.89,250g
PRD_1829,Blinkit Fresh Bread Bottle,Bath & Body,Regular,271.78,240.8,500ml
PRD_1830,Blinkit Fresh Chips Box,Munchies,Snacks,₹411.9,260.82,250g
PRD_1831,Blinkit Daily Chips Pack,dairy,Snacks,Rs. 379.68,262.55,
PRD_1832,Blinkit Fresh Butter Box,Munchies,Daily Need,212.16,129.58,1L
PRD_1833,Blinkit Organic Apple Bottle,Dairy & Bread,Essentials,₹59.71,38.49,500ml
PRD_1834,Blinkit Choice Apple Pouch,Bath & Body,Regular,388.88,314.92,
PRD_1835,Blinkit Choice Noodles Bottle,Bath & Body,Premium,100.98,71.7,500ml
PRD_1836,Blinkit Choice Milk Pouch,Instant Food,Essentials,27.86,20.49,1L
PRD_1837,Blinkit Choice Tomato Pouch,Bath & Body,Essentials,424.79,274.88,250g
PRD_1838,Blinkit Daily Apple Pack,DAIRY,Premium,297.56,239.43,250g
PRD_1839,Blinkit Organic Bread Box,Fresh Produce,Organic,448.0,369.8,500ml
PRD_1840,Blinkit Organic Butter Pack,Instant Food,Daily Need,252.6,165.28,
PRD_1841,Blinkit Fresh Noodles Box,Fresh Produce,Regular,464.71,285.1,1L
PRD_1842,Blinkit Daily Soap Bottle,Dairy & Bread,Daily Need,Rs. 189.91,118.56,1 unit
PRD_1843,Blinkit Fresh Tomato Box,Cleaning Essentials,Premium,367.77,293.15,250g
PRD_1844,Blinkit Daily Chips Bottle,Munchies,Regular,164.47,105.37,1 unit
PRD_1845,Blinkit Fresh Coke Box,Beverages,Snacks,₹20.56,15.38,500ml
PRD_1846,Blinkit Daily Tomato Pack,Bath & Body,Snacks,Rs. 202.28,130.63,1 unit
PRD_1847,Blinkit Organic Coke Box,Munchies,Regular,374.13,243.58,
PRD_1848,Blinkit Daily Milk Box,Beverages,Daily Need,92.01,55.33,
PRD_1849,Blinkit Organic Coke Pack,Dairy & Bread,Daily Need,262.3,182.63,1 unit
PRD_1850,Blinkit Choice Butter Bottle,Dairy & Bread,Snacks,₹121.91,76.43,
PRD_1851,Blinkit Daily Noodles Bottle,Cleaning Essentials,Snacks,55.82,40.09,250g
PRD_1852,Blinkit Organic Cleaner Pouch,Instant Food,Premium,316.38,246.57,500ml
PRD_1853,Blinkit Choice Cleaner Pack,Munchies,Regular,476.94,338.75,1 unit
PRD_1854,Blinkit Fresh Milk Pouch,Munchies,Daily Need,₹169.14,137.26,250g
PRD_1855,Blinkit Daily Butter Box,Bath & Body,Premium,298.71,245.67,1 unit
PRD_1856,Blinkit Daily Apple Bottle,Dairy & Bread,Daily Need,477.73,386.47,250g
PRD_1857,Blinkit Fresh Tomato Bottle,Beverages,Snacks,332.23,292.7,
PRD_1858,Blinkit Organic Coke Pack,dairy,Regular,343.09,230.28,
PRD_1859,Blinkit Daily Bread Pouch,Cleaning Essentials,Organic,₹105.89,69.55,500ml
PRD_1860,Blinkit Organic Soap Pack,Instant Food,Regular,Rs. 256.45,200.78,
PRD_1861,Blinkit Choice Butter Pouch,dairy,Essentials,196.2,152.73,1L
PRD_1862,Blinkit Daily Butter Pack,DAIRY,Organic,Rs. 246.06,185.29,250g
PRD_1863,Blinkit Fresh Tomato Pack,Fresh Produce,Premium,₹404.4,243.17,250g
PRD_1864,Blinkit Organic Noodles Box,Cleaning Essentials,Organic,₹241.14,184.85,1 unit
PRD_1865,Blinkit Fresh Soap Bottle,Beverages,Organic,₹50.17,44.14,500ml
PRD_1866,Blinkit Choice Soap Pack,dairy,Premium,Rs. 454.66,318.43,500g
PRD_1867,Blinkit Fresh Apple Box,Beverages,Regular,281.51,250.62,
PRD_1868,Blinkit Fresh Tomato Pack,Bath & Body,Premium,Rs. 463.76,327.89,500g
PRD_1869,Blinkit Daily Apple Bottle,Cleaning Essentials,Essentials,294.73,189.2,1L
PRD_1870,Blinkit Daily Cleaner Pouch,Dairy & Bread,Snacks,53.43,38.44,500ml
PRD_1871,Blinkit Daily Milk Box,Instant Food,Snacks,285.38,213.57,250g
PRD_1872,Blinkit Fresh Apple Pouch,Beverages,Organic,Rs. 296.35,233.77,500g
PRD_1873,Blinkit Fresh Apple Pack,Munchies,Premium,₹122.88,92.34,1L
PRD_1874,Blinkit Choice Soap Box,dairy,Premium,246.09,187.28,500ml
PRD_1875,Blinkit Fresh Tomato Pouch,Munchies,Premium,Rs. 240.53,146.05,1L
PRD_1876,Blinkit Organic Butter Pack,Beverages,Essentials,Rs. 318.98,215.66,
PRD_1877,Blinkit Organic Soap Pack,dairy,Essentials,144.61,100.24,500g
PRD_1878,Blinkit Fresh Coke Box,Dairy & Bread,Regular,299.24,268.16,1 unit
PRD_1879,Blinkit Fresh Apple Pouch,Fresh Produce,Daily Need,₹135.66,93.43,1 unit
PRD_1880,Blinkit Choice Chips Bottle,Fresh Produce,Daily Need,234.29,203.59,500ml
PRD_1881,Blinkit Fresh Noodles Box,Bath & Body,Daily Need,₹78.9,54.55,1L
PRD_1882,Blinkit Choice Noodles Pack,DAIRY,Regular,Rs. 37.9,23.83,250g
PRD_1883,Blinkit Daily Bread Box,Fresh Produce,Premium,173.88,117.24,500g
PRD_1884,Blinkit Organic Cleaner Box,DAIRY,Daily Need,151.79,103.5,1 unit
PRD_1885,Blinkit Organic Soap Pouch,dairy,Premium,215.33,192.39,1 unit
PRD_1886,Blinkit Choice Soap Box,Fresh Produce,Organic,481.75,386.5,1L
PRD_1887,Blinkit Fresh Coke Box,Beverages,Daily Need,₹270.67,238.06,1 unit
PRD_1888,Blinkit Organic Soap Box,Dairy & Bread,Organic,285.52,242.83,1L
PRD_1889,Blinkit Choice Coke Pouch,Beverages,Regular,471.97,365.11,500g
PRD_1890,Blinkit Daily Coke Bottle,Beverages,Snacks,462.15,370.93,1L
PRD_1891,Blinkit Choice Bread Pouch,DAIRY,Essentials,444.37,349.92,1 unit
PRD_1892,Blinkit Daily Chips Pouch,Instant Food,Regular,₹67.04,53.62,1L
PRD_1893,Blinkit Fresh Bread Pack,Fresh Produce,Regular,324.46,220.45,1 unit
PRD_1894,Blinkit Choice Cleaner Box,Dairy & Bread,Regular,407.89,294.68,
PRD_1895,Blinkit Daily Butter Box,Dairy & Bread,Daily Need,421.08,327.51,500ml
PRD_1896,Blinkit Fresh Soap Pack,Munchies,Organic,297.4,181.65,1 unit
PRD_1897,Blinkit Choice Cleaner Pouch,Beverages,Essentials,28.4,21.15,1 unit
PRD_1898,Blinkit Daily Soap Bottle,Dairy & Bread,Daily Need,487.38,418.13,1 unit
PRD_1899,Blinkit Daily Coke Bottle,dairy,Snacks,246.65,184.42,500ml
PRD_1900,Blinkit Daily Chips Bottle,Cleaning Essentials,Essentials,208.93,159.98,
PRD_1901,Blinkit Daily Bread Pack,Beverages,Regular,₹209.58,138.44,250g
PRD_1902,Blinkit Fresh Bread Pack,DAIRY,Premium,Rs. 223.59,187.44,1 unit
PRD_1903,Blinkit Organic Cleaner Bottle,Beverages,Snacks,136.25,96.42,250g
PRD_1904,Blinkit Fresh Apple Pack,Dairy & Bread,Organic,177.12,157.1,500g
PRD_1905,Blinkit Daily Bread Pack,Bath & Body,Snacks,492.97,442.74,
PRD_1906,Blinkit Fresh Bread Bottle,dairy,Daily Need,₹196.72,172.09,1L
PRD_1907,Blinkit Fresh Bread Pouch,dairy,Premium,272.83,170.65,250g
PRD_1908,Blinkit Daily Soap Box,Fresh Produce,Daily Need,Rs. 427.18,299.01,
PRD_1909,Blinkit Fresh Tomato Pouch,DAIRY,Essentials,273.17,241.36,500g
PRD_1910,Blinkit Choice Bread Box,Fresh Produce,Regular,Rs. 175.74,147.86,
PRD_1911,Blinkit Organic Chips Pack,Instant Food,Regular,271.4,237.03,1L
PRD_1912,Blinkit Organic Bread Bottle,Cleaning Essentials,Snacks,74.76,57.7,1 unit
PRD_1913,Blinkit Daily Tomato Bottle,Munchies,Regular,82.4,61.32,1 unit
PRD_1914,Blinkit Daily Soap Pack,dairy,Regular,353.17,223.19,1 unit
PRD_1915,Blinkit Fresh Soap Pack,DAIRY,Essentials,₹460.38,392.17,500ml
PRD_1916,Blinkit Organic Soap Box,DAIRY,Organic,368.33,303.34,500ml
PRD_1917,Blinkit Choice Apple Bottle,Munchies,Organic,55.81,34.47,500ml
PRD_1918,Blinkit Choice Apple Bottle,Munchies,Daily Need,213.39,141.44,500ml
PRD_1919,Blinkit Daily Apple Bottle,Fresh Produce,Daily Need,21.23,16.29,500g
PRD_1920,Blinkit Daily Soap Pack,Beverages,Organic,265.38,213.72,
PRD_1921,Blinkit Organic Coke Pack,Instant Food,Snacks,112.74,72.3,500g
PRD_1922,Blinkit Daily Apple Pouch,Instant Food,Organic,Rs. 436.71,294.1,1 unit
PRD_1923,Blinkit Choice Coke Bottle,Dairy & Bread,Daily Need,Rs. 70.08,46.11,1L
PRD_1924,Blinkit Fresh Soap Bottle,Instant Food,Premium,20.69,13.78,500ml
PRD_1925,Blinkit Choice Butter Bottle,DAIRY,Regular,236.55,207.27,
PRD_1926,Blinkit Organic Bread Pouch,Instant Food,Essentials,94.61,77.08,1L
PRD_1927,Blinkit Fresh Cleaner Pouch,Instant Food,Premium,374.23,307.29,500g
PRD_1928,Blinkit Organic Chips Box,dairy,Premium,₹461.57,386.89,500ml
PRD_1929,Blinkit Daily Tomato Bottle,Dairy & Bread,Regular,Rs. 40.13,28.37,500g
PRD_1930,Blinkit Choice Tomato Pack,DAIRY,Organic,Rs. 209.88,174.23,500g
PRD_1931,Blinkit Organic Noodles Pack,Munchies,Snacks,498.47,445.39,250g
PRD_1932,Blinkit Organic Cleaner Box,Fresh Produce,Premium,371.68,300.88,
PRD_1933,Blinkit Choice Noodles Pack,Cleaning Essentials,Snacks,₹477.53,346.22,500g
PRD_1934,Blinkit Organic Cleaner Box,Fresh Produce,Essentials,98.76,80.48,1 unit
PRD_1935,Blinkit Daily Milk Bottle,Beverages,Essentials,126.26,109.88,500g
PRD_1936,Blinkit Choice Cleaner Bottle,Cleaning Essentials,Essentials,94.31,60.23,500ml
PRD_1937,Blinkit Choice Butter Pouch,Bath & Body,Daily Need,Rs. 165.14,112.23,1 unit
PRD_1938,Blinkit Daily Noodles Box,Dairy & Bread,Premium,367.7,322.03,500g
PRD_1939,Blinkit Fresh Apple Pouch,Munchies,Essentials,99.17,87.65,1 unit
PRD_1940,Blinkit Fresh Apple Box,Fresh Produce,Daily Need,271.63,202.43,500g
PRD_1941,Blinkit Choice Tomato Pack,Instant Food,Essentials,149.22,106.3,
PRD_1942,Blinkit Daily Chips Pouch,Dairy & Bread,Organic,₹418.01,286.27,1 unit
PRD_1943,Blinkit Organic Coke Pack,Instant Food,Premium,₹23.16,17.36,1L
PRD_1944,Blinkit Choice Milk Bottle,Dairy & Bread,Daily Need,₹127.1,111.89,250g
PRD_1945,Blinkit Organic Cleaner Bottle,Dairy & Bread,Essentials,310.52,200.27,1 unit
PRD_1946,Blinkit Fresh Milk Pack,Beverages,Daily Need,Rs. 66.42,48.22,500ml
PRD_1947,Blinkit Organic Noodles Pouch,dairy,Essentials,243.83,212.98,250g
PRD_1948,Blinkit Fresh Coke Pouch,Instant Food,Organic,Rs. 229.38,161.65,250g
PRD_1949,Blinkit Organic Apple Pouch,Instant Food,Snacks,Rs. 429.21,356.43,500g
PRD_1950,Blinkit Daily Tomato Bottle,Instant Food,Essentials,Rs. 320.19,229.51,1 unit
PRD_1951,Blinkit Fresh Noodles Bottle,Beverages,Snacks,Rs. 327.06,275.21,
PRD_1952,Blinkit Organic Butter Bottle,Fresh Produce,Premium,476.87,426.47,250g
PRD_1953,Blinkit Fresh Butter Pack,DAIRY,Organic,Rs. 491.53,352.11,500ml
PRD_1954,Blinkit Choice Noodles Pack,Instant Food,Premium,333.63,284.76,
PRD_1955,Blinkit Organic Tomato Bottle,Fresh Produce,Snacks,₹270.56,242.56,
PRD_1956,Blinkit Organic Butter Bottle,dairy,Organic,₹311.8,279.11,500ml
PRD_1957,Blinkit Organic Soap Bottle,Instant Food,Regular,Rs. 203.57,148.63,500ml
PRD_1958,Blinkit Organic Apple Box,Munchies,Organic,₹493.98,368.37,500g
PRD_1959,Blinkit Organic Apple Pack,Bath & Body,Organic,358.41,247.67,1L
PRD_1960,Blinkit Choice Milk Bottle,Instant Food,Regular,159.68,110.85,1 unit
PRD_1961,Blinkit Fresh Apple Box,DAIRY,Daily Need,47.73,35.69,250g
PRD_1962,Blinkit Organic Butter Bottle,Munchies,Daily Need,Rs. 41.47,27.38,1 unit
PRD_1963,Blinkit Organic Butter Bottle,Beverages,Daily Need,₹118.36,96.27,
PRD_1964,Blinkit Daily Coke Pouch,Bath & Body,Snacks,Rs. 131.8,100.29,250g
PRD_1965,Blinkit Fresh Noodles Pouch,Beverages,Organic,219.22,190.59,500g
PRD_1966,Blinkit Fresh Milk Pack,DAIRY,Essentials,123.13,103.82,1 unit
PRD_1967,Blinkit Choice Chips Bottle,Bath & Body,Regular,Rs. 322.84,224.94,500g
PRD_1968,Blinkit Fresh Chips Bottle,DAIRY,Essentials,121.4,91.26,500g
PRD_1969,Blinkit Choice Tomato Bottle,Beverages,Snacks,110.18,90.92,1 unit
PRD_1970,Blinkit Fresh Apple Box,Bath & Body,Regular,246.19,161.98,1 unit
PRD_1971,Blinkit Daily Apple Box,Cleaning Essentials,Essentials,Rs. 446.56,272.17,250g
PRD_1972,Blinkit Choice Butter Bottle,Fresh Produce,Snacks,244.79,209.46,
PRD_1973,Blinkit Choice Milk Pack,Bath & Body,Snacks,218.65,140.21,
PRD_1974,Blinkit Daily Cleaner Pouch,DAIRY,Snacks,₹297.49,257.87,500ml
PRD_1975,Blinkit Daily Apple Bottle,DAIRY,Regular,Rs. 143.46,125.4,500g
PRD_1976,Blinkit Organic Tomato Pouch,dairy,Essentials,189.65,140.0,
PRD_1977,Blinkit Organic Milk Bottle,DAIRY,Essentials,122.64,103.27,1L
PRD_1978,Blinkit Choice Apple Box,Dairy & Bread,Premium,294.47,208.77,250g
PRD_1979,Blinkit Fresh Cleaner Bottle,Fresh Produce,Snacks,₹354.75,304.19,250g
PRD_1980,Blinkit Choice Apple Bottle,Beverages,Daily Need,₹343.38,290.98,500ml
PRD_1981,Blinkit Organic Milk Pack,Munchies,Organic,Rs. 142.31,88.74,500ml
PRD_1982,Blinkit Choice Milk Bottle,dairy,Premium,₹394.23,305.44,500g
PRD_1983,Blinkit Fresh Soap Pouch,DAIRY,Premium,142.86,113.15,250g
PRD_1984,Blinkit Organic Coke Pouch,Dairy & Bread,Regular,₹92.15,55.31,250g
PRD_1985,Blinkit Choice Tomato Box,dairy,Premium,187.91,167.99,1L
PRD_1986,Blinkit Choice Soap Pack,Dairy & Bread,Essentials,306.92,221.59,500g
PRD_1987,Blinkit Daily Soap Bottle,dairy,Regular,88.16,66.58,500g
PRD_1988,Blinkit Organic Chips Box,DAIRY,Regular,331.08,218.0,
PRD_1989,Blinkit Organic Cleaner Bottle,Dairy & Bread,Daily Need,434.27,340.15,500ml
PRD_1990,Blinkit Choice Noodles Pack,Bath & Body,Snacks,160.71,135.51,
PRD_1991,Blinkit Organic Chips Box,Munchies,Premium,236.1,183.16,500g
PRD_1992,Blinkit Fresh Tomato Pouch,Beverages,Snacks,129.59,108.39,1L
PRD_1993,Blinkit Daily Soap Pouch,Munchies,Snacks,₹193.41,158.47,500g
PRD_1994,Blinkit Fresh Noodles Bottle,Beverages,Snacks,Rs. 30.55,20.51,
PRD_1995,Blinkit Choice Cleaner Pack,Cleaning Essentials,Regular,₹477.81,349.16,1 unit
PRD_1996,Blinkit Organic Milk Pouch,Fresh Produce,Snacks,₹219.63,141.57,1 unit
PRD_1997,Blinkit Choice Butter Box,Cleaning Essentials,Premium,398.66,244.21,1L
PRD_1998,Blinkit Fresh Noodles Box,Instant Food,Regular,Rs. 88.47,54.76,500ml
PRD_1999,Blinkit Organic Butter Box,DAIRY,Premium,409.93,361.87,250g
PRD_2000,Blinkit Organic Soap Box,Bath & Body,Regular,₹432.87,387.58,500g
PRD_2001,Blinkit Choice Bread Pouch,Bath & Body,Organic,363.43,228.41,
PRD_2002,Blinkit Organic Soap Bottle,Munchies,Organic,453.54,317.73,500ml
PRD_2003,Blinkit Fresh Bread Pouch,Beverages,Organic,100.25,63.59,
PRD_2004,Blinkit Fresh Bread Pack,Cleaning Essentials,Organic,248.71,211.47,500ml
PRD_2005,Blinkit Choice Tomato Box,Bath & Body,Regular,Rs. 317.65,237.88,500g
PRD_2006,Blinkit Daily Coke Pouch,Cleaning Essentials,Snacks,Rs. 306.17,240.77,250g
PRD_2007,Blinkit Choice Apple Pouch,Fresh Produce,Daily Need,₹433.3,330.16,500g
PRD_2008,Blinkit Organic Tomato Pack,Fresh Produce,Essentials,Rs. 123.53,100.44,250g
PRD_2009,Blinkit Fresh Coke Pouch,Beverages,Daily Need,104.31,72.57,
PRD_2010,Blinkit Daily Apple Box,Instant Food,Organic,₹141.62,90.81,1L
PRD_2011,Blinkit Fresh Soap Pack,Bath & Body,Snacks,447.94,271.13,250g
PRD_2012,Blinkit Choice Soap Pouch,Cleaning Essentials,Premium,Rs. 471.69,346.08,500ml
PRD_2013,Blinkit Fresh Chips Pack,Cleaning Essentials,Snacks,293.42,255.97,1L
PRD_2014,Blinkit Organic Apple Bottle,Fresh Produce,Premium,260.66,180.27,
PRD_2015,Blinkit Organic Milk Pack,DAIRY,Daily Need,310.59,204.61,1 unit
PRD_2016,Blinkit Organic Chips Box,Beverages,Snacks,315.83,277.24,1L
PRD_2017,Blinkit Fresh Cleaner Pouch,Cleaning Essentials,Snacks,101.75,64.27,250g
PRD_2018,Blinkit Fresh Tomato Box,Fresh Produce,Essentials,349.48,215.12,1L
PRD_2019,Blinkit Fresh Chips Bottle,Fresh Produce,Daily Need,237.13,204.84,
PRD_2020,Blinkit Fresh Chips Pack,Dairy & Bread,Snacks,268.34,217.43,1L
PRD_2021,Blinkit Organic Tomato Box,Cleaning Essentials,Premium,₹34.55,25.1,
PRD_2022,Blinkit Organic Bread Bottle,Dairy & Bread,Snacks,386.99,319.54,1 unit
PRD_2023,Blinkit Choice Chips Pack,Fresh Produce,Premium,421.01,346.25,250g
PRD_2024,Blinkit Organic Noodles Box,DAIRY,Organic,Rs. 317.32,194.21,500ml
PRD_2025,Blinkit Fresh Apple Pack,DAIRY,Snacks,379.39,304.6,1L
PRD_2026,Blinkit Choice Tomato Pouch,Dairy & Bread,Premium,270.9,214.62,500g
PRD_2027,Blinkit Organic Butter Bottle,Fresh Produce,Daily Need,₹316.81,281.69,500ml
PRD_2028,Blinkit Organic Soap Pack,Dairy & Bread,Organic,209.39,186.35,1L
PRD_2029,Blinkit Organic Cleaner Bottle,Beverages,Snacks,₹400.1,285.41,500ml
PRD_2030,Blinkit Choice Chips Pack,Dairy & Bread,Essentials,244.77,190.17,500g
PRD_2031,Blinkit Fresh Coke Bottle,Instant Food,Premium,346.5,222.59,500ml
PRD_2032,Blinkit Fresh Apple Pouch,Cleaning Essentials,Essentials,318.29,197.32,500ml
PRD_2033,Blinkit Choice Cleaner Pouch,dairy,Snacks,₹357.11,260.63,500g
PRD_2034,Blinkit Organic Milk Bottle,Fresh Produce,Premium,396.9,320.28,500g
PRD_2035,Blinkit Fresh Coke Pack,DAIRY,Snacks,266.1,204.98,500g
PRD_2036,Blinkit Daily Cleaner Pouch,Bath & Body,Organic,410.27,299.04,1 unit
PRD_2037,Blinkit Choice Milk Pouch,Cleaning Essentials,Organic,258.68,218.7,
PRD_2038,Blinkit Choice Noodles Pouch,dairy,Snacks,479.18,401.71,
PRD_2039,Blinkit Daily Apple Box,Instant Food,Snacks,381.28,312.49,500g
PRD_2040,Blinkit Fresh Bread Box,Bath & Body,Regular,102.15,63.65,
PRD_2041,Blinkit Fresh Milk Pack,DAIRY,Snacks,Rs. 418.2,350.85,500ml
PRD_2042,Blinkit Daily Apple Bottle,Instant Food,Snacks,284.76,249.4,500g
PRD_2043,Blinkit Choice Butter Box,DAIRY,Essentials,492.54,304.31,1L
PRD_2044,Blinkit Daily Soap Bottle,DAIRY,Essentials,Rs. 365.03,263.0,500g
PRD_2045,Blinkit Fresh Bread Pack,Fresh Produce,Organic,₹60.51,54.25,500g
PRD_2046,Blinkit Choice Butter Box,Bath & Body,Essentials,₹209.58,163.42,
PRD_2047,Blinkit Daily Butter Bottle,Beverages,Snacks,268.29,202.31,250g
PRD_2048,Blinkit Fresh Butter Bottle,Dairy & Bread,Daily Need,422.73,276.14,500ml
PRD_2049,Blinkit Choice Butter Pouch,Dairy & Bread,Snacks,370.09,284.84,
PRD_2050,Blinkit Daily Butter Pack,Cleaning Essentials,Regular,197.29,144.36,500ml
PRD_2051,Blinkit Daily Butter Pouch,DAIRY,Premium,₹333.65,212.95,1L
PRD_2052,Blinkit Organic Chips Pack,Cleaning Essentials,Organic,296.92,219.51,1 unit
PRD_2053,Blinkit Fresh Apple Bottle,Bath & Body,Essentials,80.51,52.28,250g
PRD_2054,Blinkit Daily Bread Pouch,DAIRY,Daily Need,132.73,108.73,1L
PRD_2055,Blinkit Choice Chips Bottle,DAIRY,Premium,183.74,163.91,1L
PRD_2056,Blinkit Choice Soap Pouch,dairy,Daily Need,Rs. 113.83,84.33,500ml
PRD_2057,Blinkit Daily Noodles Pouch,Dairy & Bread,Organic,92.06,72.7,250g
PRD_2058,Blinkit Organic Soap Pouch,Bath & Body,Essentials,47.93,34.95,500ml
PRD_2059,Blinkit Choice Bread Box,Instant Food,Regular,439.09,281.69,1 unit
PRD_2060,Blinkit Choice Milk Box,Instant Food,Organic,158.69,141.42,500ml
PRD_2061,Blinkit Organic Apple Pouch,Beverages,Daily Need,159.35,101.8,500g
PRD_2062,Blinkit Daily Soap Box,Munchies,Daily Need,118.99,75.38,500ml
PRD_2063,Blinkit Fresh Noodles Pouch,Bath & Body,Organic,Rs. 248.19,183.1,500g
PRD_2064,Blinkit Organic Apple Pouch,Munchies,Snacks,Rs. 266.84,212.85,1L
PRD_2065,Blinkit Choice Bread Pouch,dairy,Organic,119.98,84.76,1 unit
PRD_2066,Blinkit Daily Coke Bottle,Instant Food,Essentials,312.11,205.29,
PRD_2067,Blinkit Organic Noodles Pack,Bath & Body,Essentials,367.04,310.4,500g
PRD_2068,Blinkit Choice Soap Bottle,DAIRY,Regular,₹199.44,141.39,1 unit
PRD_2069,Blinkit Choice Milk Box,Fresh Produce,Organic,301.02,198.16,500ml
PRD_2070,Blinkit Organic Noodles Pack,Beverages,Premium,261.1,185.26,
PRD_2071,Blinkit Fresh Bread Pack,Instant Food,Essentials,113.86,75.64,500ml
PRD_2072,Blinkit Fresh Milk Pouch,Cleaning Essentials,Essentials,370.41,279.97,1L
PRD_2073,Blinkit Choice Cleaner Bottle,Cleaning Essentials,Essentials,404.7,323.96,500ml
PRD_2074,Blinkit Fresh Cleaner Bottle,Fresh Produce,Snacks,331.42,278.35,500g
PRD_2075,Blinkit Choice Chips Pouch,Instant Food,Premium,₹175.47,117.26,1L
PRD_2076,Blinkit Daily Bread Pouch,Bath & Body,Organic,Rs. 464.86,302.2,1 unit
PRD_2077,Blinkit Fresh Chips Bottle,DAIRY,Snacks,238.57,144.55,1L
PRD_2078,Blinkit Organic Tomato Pack,Beverages,Essentials,147.62,98.67,1 unit
PRD_2079,Blinkit Fresh Noodles Bottle,Cleaning Essentials,Premium,215.95,131.12,250g
PRD_2080,Blinkit Organic Noodles Bottle,Fresh Produce,Premium,352.2,247.82,500g
PRD_2081,Blinkit Organic Soap Box,DAIRY,Snacks,426.05,274.25,500g
PRD_2082,Blinkit Daily Tomato Box,Cleaning Essentials,Essentials,191.16,147.95,1 unit
PRD_2083,Blinkit Daily Apple Box,Bath & Body,Snacks,₹131.66,94.15,500ml
PRD_2084,Blinkit Choice Butter Pouch,DAIRY,Daily Need,320.72,201.44,
PRD_2085,Blinkit Choice Noodles Bottle,Bath & Body,Essentials,462.18,332.75,500ml
PRD_2086,Blinkit Daily Apple Pouch,Beverages,Snacks,107.98,71.57,250g
PRD_2087,Blinkit Choice Bread Pouch,DAIRY,Organic,405.45,326.0,1 unit
PRD_2088,Blinkit Daily Milk Pouch,Beverages,Essentials,248.77,176.46,250g
PRD_2089,Blinkit Choice Cleaner Pouch,Fresh Produce,Regular,403.77,260.07,1 unit
PRD_2090,Blinkit Choice Noodles Box,Instant Food,Essentials,262.66,185.14,250g
PRD_2091,Blinkit Organic Milk Pouch,dairy,Daily Need,201.12,134.21,1 unit
PRD_2092,Blinkit Fresh Chips Pouch,Beverages,Snacks,354.44,297.28,500g
PRD_2093,Blinkit Choice Noodles Bottle,Bath & Body,Regular,Rs. 452.3,404.81,250g
PRD_2094,Blinkit Organic Soap Pouch,Cleaning Essentials,Daily Need,173.72,105.56,250g
PRD_2095,Blinkit Fresh Cleaner Bottle,Beverages,Organic,241.16,194.62,1 unit
PRD_2096,Blinkit Daily Noodles Bottle,Cleaning Essentials,Essentials,130.11,88.37,1L
PRD_2097,Blinkit Fresh Cleaner Pouch,Fresh Produce,Regular,108.04,66.98,1L
PRD_2098,Blinkit Choice Noodles Pack,Dairy & Bread,Snacks,393.39,237.73,500g
PRD_2099,Blinkit Fresh Butter Pack,DAIRY,Snacks,116.32,100.54,500ml
PRD_2100,Blinkit Organic Bread Bottle,Cleaning Essentials,Organic,400.79,282.99,500ml
PRD_2101,Blinkit Choice Chips Box,Cleaning Essentials,Daily Need,226.02,203.05,500g
PRD_2102,Blinkit Fresh Tomato Pouch,DAIRY,Regular,₹497.62,364.61,500ml
PRD_2103,Blinkit Choice Bread Pack,Dairy & Bread,Organic,Rs. 114.72,75.29,
PRD_2104,Blinkit Organic Coke Bottle,Bath & Body,Daily Need,₹64.63,53.85,
PRD_2105,Blinkit Organic Tomato Pack,Instant Food,Premium,56.21,49.35,
PRD_2106,Blinkit Organic Chips Box,Cleaning Essentials,Premium,421.0,355.61,
PRD_2107,Blinkit Choice Butter Box,Dairy & Bread,Daily Need,230.13,189.53,1 unit
PRD_2108,Blinkit Daily Chips Pouch,Dairy & Bread,Snacks,Rs. 21.5,15.06,1L
PRD_2109,Blinkit Organic Cleaner Bottle,Fresh Produce,Snacks,439.89,272.44,500g
PRD_2110,Blinkit Daily Milk Pack,Cleaning Essentials,Premium,Rs. 440.92,291.18,1 unit
PRD_2111,Blinkit Organic Tomato Bottle,Beverages,Snacks,407.08,298.81,
PRD_2112,Blinkit Fresh Milk Box,Bath & Body,Snacks,139.19,123.44,500g
PRD_2113,Blinkit Organic Butter Pack,Dairy & Bread,Daily Need,Rs. 198.92,162.49,1L
PRD_2114,Blinkit Fresh Cleaner Bottle,Fresh Produce,Essentials,377.56,320.35,500ml
PRD_2115,Blinkit Fresh Butter Box,Fresh Produce,Daily Need,₹254.89,174.14,1 unit
PRD_2116,Blinkit Choice Noodles Pouch,DAIRY,Snacks,₹93.84,75.55,1L
PRD_2117,Blinkit Choice Coke Pouch,Cleaning Essentials,Daily Need,Rs. 136.54,117.25,500g
PRD_2118,Blinkit Organic Milk Bottle,Dairy & Bread,Regular,₹486.84,362.12,250g
PRD_2119,Blinkit Fresh Soap Bottle,Bath & Body,Premium,92.49,67.42,1 unit
PRD_2120,Blinkit Daily Milk Bottle,Beverages,Essentials,₹368.52,300.65,500g
PRD_2121,Blinkit Choice Tomato Pack,dairy,Regular,249.45,191.57,500g
PRD_2122,Blinkit Organic Soap Pouch,dairy,Regular,379.33,340.62,1L
PRD_2123,Blinkit Daily Cleaner Pack,Beverages,Snacks,337.33,245.42,500g
PRD_2124,Blinkit Daily Bread Pouch,Dairy & Bread,Snacks,₹230.8,150.66,1 unit
PRD_2125,Blinkit Choice Noodles Pack,Cleaning Essentials,Regular,189.88,140.81,
PRD_2126,Blinkit Daily Tomato Pack,Bath & Body,Regular,382.09,256.21,1 unit
PRD_2127,Blinkit Organic Milk Box,DAIRY,Organic,175.11,134.55,500g
PRD_2128,Blinkit Choice Tomato Bottle,Cleaning Essentials,Organic,398.13,253.9,1L
PRD_2129,Blinkit Daily Bread Box,Instant Food,Premium,346.32,306.49,1 unit
PRD_2130,Blinkit Fresh Tomato Pouch,Cleaning Essentials,Regular,297.28,255.05,250g
PRD_2131,Blinkit Daily Tomato Bottle,Cleaning Essentials,Daily Need,197.02,127.41,
PRD_2132,Blinkit Daily Milk Pack,Dairy & Bread,Essentials,118.44,77.19,500ml
PRD_2133,Blinkit Fresh Soap Box,DAIRY,Organic,₹361.0,272.1,1L
PRD_2134,Blinkit Organic Cleaner Pouch,Dairy & Bread,Snacks,63.85,53.11,1L
PRD_2135,Blinkit Choice Butter Bottle,Munchies,Regular,₹485.86,323.45,500ml
PRD_2136,Blinkit Daily Soap Box,DAIRY,Daily Need,489.8,302.84,500ml
PRD_2137,Blinkit Fresh Butter Bottle,Dairy & Bread,Essentials,₹82.51,63.01,1 unit
PRD_2138,Blinkit Daily Noodles Bottle,dairy,Daily Need,₹69.89,56.43,500g
PRD_2139,Blinkit Fresh Butter Bottle,Munchies,Daily Need,218.1,146.85,500g
PRD_2140,Blinkit Choice Butter Box,DAIRY,Snacks,₹482.57,396.64,250g
PRD_2141,Blinkit Daily Apple Box,Instant Food,Organic,212.15,187.79,
PRD_2142,Blinkit Daily Milk Bottle,Bath & Body,Daily Need,₹194.63,124.78,500g
PRD_2143,Blinkit Fresh Soap Box,Instant Food,Essentials,₹357.72,269.47,250g
PRD_2144,Blinkit Organic Tomato Box,dairy,Organic,105.79,65.28,250g
PRD_2145,Blinkit Choice Soap Pouch,dairy,Premium,194.4,128.69,1L
PRD_2146,Blinkit Organic Chips Pouch,Beverages,Snacks,Rs. 159.83,100.2,1L
PRD_2147,Blinkit Choice Soap Bottle,Beverages,Organic,308.74,222.66,
PRD_2148,Blinkit Fresh Soap Box,Instant Food,Organic,₹98.12,83.03,1 unit
PRD_2149,Blinkit Fresh Coke Bottle,Cleaning Essentials,Daily Need,283.38,219.09,500ml
PRD_2150,Blinkit Fresh Coke Pouch,Dairy & Bread,Essentials,Rs. 431.62,287.79,500ml
PRD_2151,Blinkit Organic Coke Pouch,Bath & Body,Daily Need,266.8,163.29,
PRD_2152,Blinkit Daily Milk Pack,Munchies,Essentials,348.08,266.64,250g
PRD_2153,Blinkit Choice Chips Pouch,Bath & Body,Snacks,56.12,35.91,
PRD_2154,Blinkit Organic Butter Pack,dairy,Organic,235.52,165.53,500ml
PRD_2155,Blinkit Choice Coke Box,Beverages,Regular,65.55,49.36,250g
PRD_2156,Blinkit Fresh Chips Pouch,Cleaning Essentials,Essentials,307.74,268.08,500ml
PRD_2157,Blinkit Fresh Apple Box,Fresh Produce,Essentials,154.91,96.75,1 unit
PRD_2158,Blinkit Daily Apple Pack,DAIRY,Daily Need,157.89,126.4,1L
PRD_2159,Blinkit Organic Noodles Pack,Fresh Produce,Daily Need,₹56.85,34.35,1L
PRD_2160,Blinkit Daily Coke Box,Fresh Produce,Premium,168.91,133.27,250g
PRD_2161,Blinkit Fresh Tomato Box,Beverages,Essentials,263.21,201.48,
PRD_2162,Blinkit Daily Bread Box,Fresh Produce,Snacks,300.64,253.61,500ml
PRD_2163,Blinkit Organic Butter Bottle,Munchies,Organic,₹52.0,39.49,500g
PRD_2164,Blinkit Daily Coke Pack,dairy,Organic,332.7,234.81,1 unit
PRD_2165,Blinkit Organic Butter Bottle,Fresh Produce,Organic,₹254.66,171.34,500ml
PRD_2166,Blinkit Daily Bread Pack,Cleaning Essentials,Essentials,277.72,173.73,500g
PRD_2167,Blinkit Choice Apple Pouch,DAIRY,Daily Need,419.74,319.16,1 unit
PRD_2168,Blinkit Organic Coke Bottle,Dairy & Bread,Snacks,Rs. 184.27,159.67,1 unit
PRD_2169,Blinkit Fresh Tomato Box,Beverages,Organic,103.54,78.11,1L
PRD_2170,Blinkit Choice Milk Pouch,Beverages,Essentials,284.87,234.09,250g
PRD_2171,Blinkit Fresh Apple Bottle,Instant Food,Regular,₹473.61,326.57,500ml
PRD_2172,Blinkit Daily Bread Pouch,Cleaning Essentials,Premium,268.58,197.26,1 unit
PRD_2173,Blinkit Daily Noodles Bottle,dairy,Premium,419.32,292.43,500ml
PRD_2174,Blinkit Fresh Soap Bottle,Munchies,Organic,383.38,242.6,1 unit
PRD_2175,Blinkit Choice Bread Pack,Cleaning Essentials,Daily Need,268.8,194.91,
PRD_2176,Blinkit Daily Tomato Pouch,Bath & Body,Premium,330.83,274.35,1L
PRD_2177,Blinkit Organic Bread Box,Dairy & Bread,Premium,215.21,154.63,250g
PRD_2178,Blinkit Choice Noodles Pouch,DAIRY,Premium,274.7,218.4,500g
PRD_2179,Blinkit Fresh Butter Pouch,Instant Food,Premium,263.5,218.07,500g
PRD_2180,Blinkit Daily Milk Pouch,Cleaning Essentials,Organic,₹360.37,251.11,
PRD_2181,Blinkit Daily Tomato Box,Instant Food,Essentials,Rs. 216.79,181.94,1L
PRD_2182,Blinkit Organic Soap Pouch,Dairy & Bread,Snacks,Rs. 67.89,47.64,1 unit
PRD_2183,Blinkit Fresh Coke Pouch,Fresh Produce,Snacks,398.58,269.77,1L
PRD_2184,Blinkit Fresh Noodles Pouch,Instant Food,Daily Need,Rs. 348.73,232.51,250g
PRD_2185,Blinkit Daily Bread Pack,Beverages,Essentials,₹476.06,314.19,500g
PRD_2186,Blinkit Choice Apple Box,Fresh Produce,Regular,225.78,185.4,500ml
PRD_2187,Blinkit Choice Chips Bottle,Cleaning Essentials,Snacks,57.54,49.84,500g
PRD_2188,Blinkit Fresh Soap Pouch,DAIRY,Regular,78.38,52.45,250g
PRD_2189,Blinkit Daily Apple Box,Beverages,Snacks,391.19,244.72,1 unit
PRD_2190,Blinkit Choice Apple Pouch,Dairy & Bread,Snacks,52.52,36.46,1L
PRD_2191,Blinkit Choice Milk Pouch,Fresh Produce,Daily Need,Rs. 455.76,363.4,500g
PRD_2192,Blinkit Fresh Cleaner Box,Beverages,Premium,₹155.19,110.27,500g
PRD_2193,Blinkit Daily Cleaner Bottle,Fresh Produce,Daily Need,451.46,345.26,500ml
PRD_2194,Blinkit Daily Cleaner Box,dairy,Snacks,₹391.28,322.14,1L
PRD_2195,Blinkit Choice Apple Bottle,dairy,Essentials,Rs. 438.18,316.6,500ml
PRD_2196,Blinkit Organic Soap Box,Fresh Produce,Premium,122.74,110.45,500ml
PRD_2197,Blinkit Daily Bread Pack,Fresh Produce,Essentials,305.93,210.9,1 unit
PRD_2198,Blinkit Daily Coke Box,dairy,Essentials,64.92,58.0,500g
PRD_2199,Blinkit Organic Soap Pouch,Cleaning Essentials,Essentials,117.09,77.39,
PRD_2200,Blinkit Fresh Bread Box,Instant Food,Premium,168.75,106.87,1L
PRD_2201,Blinkit Choice Butter Pouch,DAIRY,Essentials,375.59,309.96,1 unit
PRD_2202,Blinkit Choice Noodles Pack,Beverages,Premium,31.86,25.83,
PRD_2203,Blinkit Fresh Tomato Bottle,Beverages,Regular,453.5,382.46,1 unit
PRD_2204,Blinkit Choice Noodles Bottle,Dairy & Bread,Snacks,₹53.99,37.96,1 unit
PRD_2205,Blinkit Fresh Milk Box,DAIRY,Organic,200.72,176.48,250g
PRD_2206,Blinkit Daily Coke Bottle,Munchies,Essentials,58.92,37.46,250g
PRD_2207,Blinkit Fresh Coke Box,dairy,Daily Need,389.1,236.99,1 unit
PRD_2208,Blinkit Choice Milk Pouch,Munchies,Regular,87.83,60.62,250g
PRD_2209,Blinkit Choice Apple Bottle,DAIRY,Daily Need,₹444.68,373.17,1L
PRD_2210,Blinkit Organic Chips Pouch,Bath & Body,Organic,Rs. 274.51,220.13,500g
PRD_2211,Blinkit Daily Tomato Bottle,Dairy & Bread,Premium,475.27,347.36,
PRD_2212,Blinkit Organic Chips Bottle,Fresh Produce,Organic,159.37,107.87,1L
PRD_2213,Blinkit Fresh Apple Bottle,Instant Food,Daily Need,₹238.07,147.08,500g
PRD_2214,Blinkit Organic Tomato Box,Bath & Body,Organic,353.24,247.71,250g
PRD_2215,Blinkit Daily Noodles Bottle,DAIRY,Snacks,419.32,309.46,
PRD_2216,Blinkit Organic Milk Pouch,DAIRY,Organic,222.25,179.16,1L
PRD_2217,Blinkit Choice Coke Box,Munchies,Essentials,448.37,355.91,500ml
PRD_2218,Blinkit Organic Apple Pouch,Cleaning Essentials,Snacks,76.63,67.76,1 unit
PRD_2219,Blinkit Choice Bread Pack,Munchies,Essentials,360.17,226.95,500g
PRD_2220,Blinkit Fresh Milk Bottle,Beverages,Organic,₹187.14,131.17,500g
PRD_2221,Blinkit Fresh Milk Pack,Munchies,Snacks,₹68.64,51.1,500ml
PRD_2222,Blinkit Fresh Chips Bottle,Cleaning Essentials,Snacks,₹205.6,164.73,500ml
PRD_2223,Blinkit Choice Coke Pouch,Instant Food,Organic,442.5,331.27,1 unit
PRD_2224,Blinkit Fresh Soap Pack,dairy,Regular,490.66,428.75,250g
PRD_2225,Blinkit Choice Apple Box,DAIRY,Premium,208.54,163.2,1L
PRD_2226,Blinkit Fresh Coke Bottle,Fresh Produce,Premium,445.48,272.59,1L
PRD_2227,Blinkit Choice Soap Pouch,Munchies,Premium,Rs. 264.63,167.8,1L
PRD_2228,Blinkit Daily Milk Bottle,Bath & Body,Snacks,₹364.17,300.82,250g
PRD_2229,Blinkit Daily Butter Box,Instant Food,Premium,Rs. 41.78,34.04,1 unit
PRD_2230,Blinkit Fresh Bread Bottle,Dairy & Bread,Snacks,Rs. 287.51,185.75,1L
PRD_2231,Blinkit Organic Noodles Pack,DAIRY,Regular,₹53.68,33.16,500g
PRD_2232,Blinkit Daily Chips Box,Cleaning Essentials,Organic,148.94,115.22,500g
PRD_2233,Blinkit Organic Soap Box,Beverages,Organic,₹292.07,230.95,500g
PRD_2234,Blinkit Organic Soap Pack,Cleaning Essentials,Snacks,407.44,261.0,500ml
PRD_2235,Blinkit Choice Coke Pouch,Munchies,Snacks,289.23,214.63,500ml
PRD_2236,Blinkit Fresh Coke Bottle,Beverages,Regular,469.37,324.69,250g
PRD_2237,Blinkit Daily Butter Bottle,Bath & Body,Premium,408.96,359.64,1L
PRD_2238,Blinkit Organic Cleaner Pack,Cleaning Essentials,Regular,95.0,63.25,500ml
PRD_2239,Blinkit Fresh Milk Pouch,Bath & Body,Organic,₹206.7,169.49,500g
PRD_2240,Blinkit Fresh Bread Pouch,Dairy & Bread,Organic,340.87,257.51,500ml
PRD_2241,Blinkit Choice Apple Box,Bath & Body,Essentials,470.43,283.88,500g
PRD_2242,Blinkit Choice Milk Bottle,DAIRY,Premium,₹494.1,373.09,1L
PRD_2243,Blinkit Daily Cleaner Pouch,Instant Food,Organic,Rs. 386.33,243.33,250g
PRD_2244,Blinkit Daily Noodles Pack,Beverages,Essentials,295.41,235.65,1 unit
PRD_2245,Blinkit Choice Tomato Pack,DAIRY,Snacks,383.17,294.91,1 unit
PRD_2246,Blinkit Choice Cleaner Bottle,Fresh Produce,Organic,151.15,91.16,500g
PRD_2247,Blinkit Fresh Butter Bottle,Cleaning Essentials,Daily Need,₹156.13,103.27,500ml
PRD_2248,Blinkit Organic Bread Box,Cleaning Essentials,Premium,334.09,278.25,500ml
PRD_2249,Blinkit Organic Apple Pouch,Fresh Produce,Essentials,438.48,299.36,500g
PRD_2250,Blinkit Choice Butter Pack,Bath & Body,Premium,485.51,364.03,1L
PRD_2251,Blinkit Choice Apple Pack,DAIRY,Premium,Rs. 183.84,127.51,500g
PRD_2252,Blinkit Fresh Chips Pouch,Beverages,Daily Need,₹402.35,352.64,1L
PRD_2253,Blinkit Daily Bread Box,Beverages,Regular,428.73,326.25,250g
PRD_2254,Blinkit Fresh Coke Box,Fresh Produce,Snacks,₹319.12,258.12,250g
PRD_2255,Blinkit Choice Coke Bottle,Cleaning Essentials,Premium,186.84,116.78,500g
PRD_2256,Blinkit Organic Noodles Pouch,Fresh Produce,Organic,Rs. 317.16,194.13,250g
PRD_2257,Blinkit Organic Butter Pouch,Dairy & Bread,Snacks,300.54,203.7,500ml
PRD_2258,Blinkit Choice Milk Bottle,Dairy & Bread,Organic,311.13,215.53,1L
PRD_2259,Blinkit Daily Noodles Pouch,Dairy & Bread,Snacks,317.24,255.79,1 unit
PRD_2260,Blinkit Organic Tomato Box,dairy,Snacks,426.59,328.79,1 unit
PRD_2261,Blinkit Daily Milk Pack,Instant Food,Essentials,101.64,72.41,250g
PRD_2262,Blinkit Organic Bread Pack,Munchies,Organic,₹196.3,156.3,1L
PRD_2263,Blinkit Daily Noodles Box,dairy,Organic,301.28,195.55,500ml
PRD_2264,Blinkit Organic Tomato Bottle,Beverages,Snacks,156.0,96.57,1 unit
PRD_2265,Blinkit Daily Noodles Box,Bath & Body,Premium,489.51,419.19,500ml
PRD_2266,Blinkit Organic Milk Pack,Cleaning Essentials,Organic,146.31,112.54,500ml
PRD_2267,Blinkit Choice Tomato Box,Bath & Body,Daily Need,245.42,195.04,1 unit
PRD_2268,Blinkit Choice Milk Box,Fresh Produce,Daily Need,441.14,305.35,1 unit
PRD_2269,Blinkit Daily Apple Box,Cleaning Essentials,Snacks,58.43,41.58,250g
PRD_2270,Blinkit Fresh Apple Box,Munchies,Regular,413.93,258.59,1L
PRD_2271,Blinkit Organic Bread Pack,Munchies,Snacks,₹294.08,252.05,500g
PRD_2272,Blinkit Organic Milk Bottle,DAIRY,Snacks,35.26,27.42,1L
PRD_2273,Blinkit Choice Milk Pouch,Bath & Body,Premium,453.4,283.42,500g
PRD_2274,Blinkit Fresh Chips Pouch,Munchies,Premium,38.81,32.65,1 unit
PRD_2275,Blinkit Fresh Apple Bottle,Instant Food,Essentials,₹267.3,195.99,500ml
PRD_2276,Blinkit Fresh Butter Pack,DAIRY,Regular,43.53,36.11,1L
PRD_2277,Blinkit Fresh Milk Box,Cleaning Essentials,Regular,54.18,32.71,500ml
PRD_2278,Blinkit Choice Cleaner Pouch,Bath & Body,Regular,445.86,271.36,1L
PRD_2279,Blinkit Choice Tomato Bottle,Bath & Body,Regular,Rs. 387.6,252.42,
PRD_2280,Blinkit Fresh Milk Pack,Munchies,Regular,114.53,75.96,1L
PRD_2281,Blinkit Daily Cleaner Pouch,Cleaning Essentials,Snacks,317.82,263.53,500ml
PRD_2282,Blinkit Daily Apple Bottle,DAIRY,Snacks,401.45,325.98,
PRD_2283,Blinkit Daily Tomato Pouch,Instant Food,Essentials,447.0,350.82,250g
PRD_2284,Blinkit Choice Butter Bottle,Beverages,Daily Need,244.79,211.86,1 unit
PRD_2285,Blinkit Organic Noodles Pack,Beverages,Daily Need,Rs. 450.8,303.9,250g
PRD_2286,Blinkit Daily Apple Box,dairy,Essentials,₹263.77,229.83,250g
PRD_2287,Blinkit Fresh Soap Pack,Instant Food,Essentials,350.35,305.8,1L
PRD_2288,Blinkit Fresh Tomato Pouch,Cleaning Essentials,Organic,489.93,357.79,1 unit
PRD_2289,Blinkit Choice Chips Bottle,Cleaning Essentials,Snacks,₹133.26,83.73,
PRD_2290,Blinkit Organic Coke Pack,DAIRY,Regular,100.89,82.52,1L
PRD_2291,Blinkit Choice Milk Pouch,Bath & Body,Organic,184.17,129.12,500g
PRD_2292,Blinkit Daily Cleaner Pouch,dairy,Premium,98.91,82.93,1L
PRD_2293,Blinkit Organic Chips Box,DAIRY,Snacks,156.4,101.52,
PRD_2294,Blinkit Organic Cleaner Box,dairy,Essentials,₹376.63,286.94,500ml
PRD_2295,Blinkit Fresh Soap Box,Bath & Body,Daily Need,249.21,187.51,1L
PRD_2296,Blinkit Organic Milk Box,Fresh Produce,Snacks,200.02,126.03,500g
PRD_2297,Blinkit Choice Soap Pack,dairy,Essentials,₹196.99,139.67,1L
PRD_2298,Blinkit Fresh Apple Bottle,DAIRY,Snacks,Rs. 113.37,70.9,
PRD_2299,Blinkit Fresh Soap Pouch,Fresh Produce,Snacks,₹234.76,173.59,500g
PRD_2300,Blinkit Organic Soap Bottle,Instant Food,Snacks,₹319.83,272.77,1 unit
PRD_2301,Blinkit Organic Tomato Box,Munchies,Premium,₹86.79,59.11,
PRD_2302,Blinkit Organic Cleaner Bottle,DAIRY,Daily Need,486.95,403.9,1L
PRD_2303,Blinkit Choice Apple Bottle,Beverages,Snacks,Rs. 232.77,152.47,500g
PRD_2304,Blinkit Organic Butter Pouch,Beverages,Essentials,475.02,381.02,
PRD_2305,Blinkit Organic Butter Box,Cleaning Essentials,Premium,84.64,74.03,1 unit
PRD_2306,Blinkit Fresh Coke Bottle,DAIRY,Organic,388.26,270.69,500ml
PRD_2307,Blinkit Daily Cleaner Bottle,Dairy & Bread,Snacks,316.47,275.37,250g
PRD_2308,Blinkit Choice Chips Bottle,Munchies,Premium,413.63,310.9,500g
PRD_2309,Blinkit Organic Milk Pack,Dairy & Bread,Regular,308.33,214.3,500ml
PRD_2310,Blinkit Daily Coke Box,Instant Food,Organic,482.16,418.97,1 unit
PRD_2311,Blinkit Choice Soap Box,Cleaning Essentials,Daily Need,320.93,195.64,500ml
PRD_2312,Blinkit Fresh Chips Pack,Munchies,Snacks,₹396.61,241.3,1L
PRD_2313,Blinkit Daily Apple Pack,Fresh Produce,Snacks,441.24,344.14,250g
PRD_2314,Blinkit Daily Butter Pack,dairy,Premium,₹363.0,304.57,500g
PRD_2315,Blinkit Organic Noodles Pouch,Munchies,Daily Need,271.63,224.22,
PRD_2316,Blinkit Fresh Milk Pack,Bath & Body,Regular,150.95,94.17,1 unit
PRD_2317,Blinkit Fresh Apple Box,Fresh Produce,Organic,430.16,380.72,250g
PRD_2318,Blinkit Organic Chips Pack,dairy,Essentials,250.68,203.28,1 unit
PRD_2319,Blinkit Daily Milk Pack,Instant Food,Daily Need,Rs. 317.94,281.29,500ml
PRD_2320,Blinkit Organic Apple Pack,Beverages,Snacks,58.03,40.55,1 unit
PRD_2321,Blinkit Choice Milk Pack,dairy,Premium,258.73,209.1,1 unit
PRD_2322,Blinkit Choice Coke Box,Bath & Body,Regular,355.12,304.69,500ml
PRD_2323,Blinkit Choice Tomato Box,Cleaning Essentials,Premium,₹300.35,214.49,500ml
PRD_2324,Blinkit Daily Butter Bottle,dairy,Organic,235.31,209.3,250g
PRD_2325,Blinkit Daily Butter Pouch,Munchies,Daily Need,127.25,86.47,500g
PRD_2326,Blinkit Choice Coke Box,Munchies,Premium,168.64,117.15,500ml
PRD_2327,Blinkit Choice Tomato Box,Cleaning Essentials,Essentials,Rs. 356.3,312.15,250g
PRD_2328,Blinkit Choice Apple Box,Munchies,Essentials,127.61,113.69,1 unit
PRD_2329,Blinkit Organic Noodles Bottle,Instant Food,Premium,318.43,218.3,1 unit
PRD_2330,Blinkit Choice Soap Box,Bath & Body,Snacks,303.07,194.24,
PRD_2331,Blinkit Fresh Bread Bottle,DAIRY,Premium,485.8,402.1,1L
PRD_2332,Blinkit Organic Tomato Bottle,DAIRY,Regular,49.18,43.22,500ml
PRD_2333,Blinkit Choice Soap Box,Beverages,Daily Need,₹71.9,56.1,250g
PRD_2334,Blinkit Daily Butter Bottle,Instant Food,Organic,262.92,207.8,
PRD_2335,Blinkit Organic Bread Pouch,DAIRY,Essentials,273.01,226.29,250g
PRD_2336,Blinkit Choice Milk Box,dairy,Premium,39.17,25.3,500g
PRD_2337,Blinkit Organic Chips Pack,dairy,Regular,416.41,371.45,
PRD_2338,Blinkit Daily Noodles Pouch,dairy,Essentials,Rs. 257.47,182.62,250g
PRD_2339,Blinkit Fresh Apple Bottle,Munchies,Essentials,186.39,146.96,500ml
PRD_2340,Blinkit Fresh Chips Box,Munchies,Organic,₹173.05,128.16,250g
PRD_2341,Blinkit Choice Soap Pouch,Dairy & Bread,Essentials,₹433.48,320.97,1L
PRD_2342,Blinkit Organic Bread Bottle,dairy,Regular,114.43,92.78,1 unit
PRD_2343,Blinkit Daily Milk Box,dairy,Essentials,Rs. 97.0,87.14,1 unit
PRD_2344,Blinkit Organic Cleaner Pouch,Fresh Produce,Essentials,122.33,97.58,
PRD_2345,Blinkit Organic Coke Bottle,Cleaning Essentials,Premium,₹320.01,268.24,250g
PRD_2346,Blinkit Organic Bread Pouch,DAIRY,Premium,409.25,248.94,250g
PRD_2347,Blinkit Daily Tomato Bottle,Munchies,Daily Need,178.87,150.81,250g
PRD_2348,Blinkit Organic Soap Bottle,Bath & Body,Snacks,103.26,71.25,250g
PRD_2349,Blinkit Daily Soap Pouch,Munchies,Regular,120.41,76.82,1L
PRD_2350,Blinkit Choice Chips Pack,Bath & Body,Snacks,317.21,201.11,500ml
PRD_2351,Blinkit Choice Tomato Box,Dairy & Bread,Snacks,138.1,111.03,1L
PRD_2352,Blinkit Organic Soap Pouch,Bath & Body,Essentials,Rs. 441.09,396.67,1L
PRD_2353,Blinkit Daily Apple Pouch,Munchies,Organic,Rs. 69.87,55.89,1L
PRD_2354,Blinkit Fresh Tomato Pouch,Beverages,Organic,35.54,24.12,1 unit
PRD_2355,Blinkit Organic Milk Bottle,Munchies,Essentials,62.42,41.26,1L
PRD_2356,Blinkit Choice Cleaner Box,Instant Food,Regular,425.91,322.75,250g
PRD_2357,Blinkit Fresh Apple Box,Beverages,Snacks,332.59,206.04,1L
PRD_2358,Blinkit Organic Noodles Bottle,dairy,Daily Need,479.72,345.3,250g
PRD_2359,Blinkit Choice Cleaner Pouch,DAIRY,Snacks,181.42,145.11,
PRD_2360,Blinkit Choice Bread Pack,Bath & Body,Organic,₹122.09,108.7,500ml
PRD_2361,Blinkit Choice Tomato Pack,Munchies,Snacks,289.75,210.85,1 unit
PRD_2362,Blinkit Daily Coke Pack,Munchies,Premium,278.16,183.6,500ml
PRD_2363,Blinkit Fresh Tomato Box,Bath & Body,Premium,303.69,256.68,
PRD_2364,Blinkit Daily Bread Pack,DAIRY,Daily Need,186.82,153.8,500ml
PRD_2365,Blinkit Choice Apple Pack,Fresh Produce,Regular,22.83,19.59,1 unit
PRD_2366,Blinkit Choice Noodles Pouch,Cleaning Essentials,Snacks,₹36.82,24.46,250g
PRD_2367,Blinkit Fresh Bread Box,dairy,Premium,338.64,244.31,
PRD_2368,Blinkit Fresh Bread Pouch,Beverages,Regular,₹271.16,242.54,
PRD_2369,Blinkit Fresh Cleaner Pouch,Munchies,Premium,Rs. 414.09,268.09,250g
PRD_2370,Blinkit Organic Noodles Pouch,Dairy & Bread,Regular,164.2,131.6,250g
PRD_2371,Blinkit Fresh Bread Bottle,DAIRY,Regular,411.43,276.13,1 unit
PRD_2372,Blinkit Choice Cleaner Bottle,Bath & Body,Premium,224.24,168.19,1L
PRD_2373,Blinkit Fresh Tomato Pouch,Munchies,Essentials,Rs. 66.42,55.8,500g
PRD_2374,Blinkit Organic Apple Bottle,Beverages,Organic,₹489.4,365.37,1L
PRD_2375,Blinkit Fresh Coke Pack,Dairy & Bread,Regular,₹265.73,223.65,1L
PRD_2376,Blinkit Daily Bread Pack,Cleaning Essentials,Essentials,322.15,234.49,500ml
PRD_2377,Blinkit Choice Noodles Pouch,Cleaning Essentials,Snacks,341.98,307.72,500g
PRD_2378,Blinkit Choice Noodles Pack,Beverages,Essentials,Rs. 193.96,141.74,250g
PRD_2379,Blinkit Daily Apple Bottle,DAIRY,Premium,378.81,244.26,1L
PRD_2380,Blinkit Daily Butter Pouch,Dairy & Bread,Essentials,437.73,315.41,1 unit
PRD_2381,Blinkit Organic Bread Box,Bath & Body,Organic,205.85,169.37,1L
PRD_2382,Blinkit Choice Bread Pack,Dairy & Bread,Premium,₹335.36,286.53,250g
PRD_2383,Blinkit Organic Chips Bottle,Instant Food,Daily Need,Rs. 383.42,282.98,1L
PRD_2384,Blinkit Choice Bread Pack,Bath & Body,Snacks,111.26,86.6,
PRD_2385,Blinkit Choice Chips Bottle,dairy,Daily Need,Rs. 179.65,153.33,500ml
PRD_2386,Blinkit Daily Soap Box,Fresh Produce,Essentials,Rs. 72.22,60.96,500ml
PRD_2387,Blinkit Organic Bread Bottle,dairy,Regular,309.06,246.42,1L
PRD_2388,Blinkit Organic Milk Bottle,Fresh Produce,Essentials,404.45,341.56,500ml
PRD_2389,Blinkit Daily Cleaner Pack,dairy,Regular,₹313.2,242.03,1 unit
PRD_2390,Blinkit Daily Coke Box,Dairy & Bread,Daily Need,₹106.3,63.93,500g
PRD_2391,Blinkit Organic Bread Pouch,DAIRY,Daily Need,Rs. 282.26,172.85,1L
PRD_2392,Blinkit Organic Bread Pack,Beverages,Regular,₹420.77,376.14,1 unit
PRD_2393,Blinkit Daily Coke Bottle,Munchies,Organic,165.31,106.38,
PRD_2394,Blinkit Fresh Bread Pouch,Fresh Produce,Snacks,419.67,302.73,1 unit
PRD_2395,Blinkit Choice Milk Pack,Munchies,Premium,396.62,349.08,1 unit
PRD_2396,Blinkit Choice Cleaner Bottle,Instant Food,Daily Need,Rs. 30.44,20.05,
PRD_2397,Blinkit Daily Milk Box,Instant Food,Snacks,134.94,115.12,250g
PRD_2398,Blinkit Daily Apple Box,Munchies,Premium,280.61,237.25,1L
PRD_2399,Blinkit Organic Bread Pack,Instant Food,Essentials,364.46,326.52,1L
PRD_2400,Blinkit Organic Bread Bottle,Bath & Body,Premium,₹442.65,303.0,1L
PRD_2401,Blinkit Daily Apple Pouch,Munchies,Daily Need,Rs. 327.7,227.62,500g
PRD_2402,Blinkit Fresh Noodles Pouch,Instant Food,Organic,Rs. 202.57,176.41,1 unit
PRD_2403,Blinkit Organic Apple Pack,Fresh Produce,Organic,108.62,72.8,1L
PRD_2404,Blinkit Organic Tomato Pack,DAIRY,Snacks,Rs. 384.82,294.14,500ml
PRD_2405,Blinkit Daily Apple Pack,Instant Food,Essentials,₹119.26,96.86,250g
PRD_2406,Blinkit Choice Coke Box,Munchies,Snacks,353.81,241.14,
PRD_2407,Blinkit Choice Bread Pouch,Fresh Produce,Regular,106.98,94.31,
PRD_2408,Blinkit Organic Noodles Box,Munchies,Organic,63.71,50.95,500g
PRD_2409,Blinkit Organic Coke Pack,Cleaning Essentials,Snacks,Rs. 140.53,86.31,
PRD_2410,Blinkit Organic Bread Box,Dairy & Bread,Regular,156.77,100.45,250g
PRD_2411,Blinkit Daily Chips Box,Dairy & Bread,Essentials,₹330.66,217.32,1 unit
PRD_2412,Blinkit Fresh Soap Bottle,Dairy & Bread,Premium,Rs. 97.22,65.48,
PRD_2413,Blinkit Fresh Soap Box,dairy,Snacks,₹466.55,382.2,
PRD_2414,Blinkit Daily Cleaner Box,Bath & Body,Regular,286.09,179.29,500ml
PRD_2415,Blinkit Daily Cleaner Box,Munchies,Organic,255.65,180.28,1 unit
PRD_2416,Blinkit Fresh Butter Bottle,Bath & Body,Premium,228.65,199.71,1L
PRD_2417,Blinkit Organic Soap Pouch,Munchies,Snacks,Rs. 291.97,223.94,250g
PRD_2418,Blinkit Choice Milk Bottle,Cleaning Essentials,Organic,Rs. 30.77,20.91,
PRD_2419,Blinkit Fresh Cleaner Pack,Instant Food,Premium,495.24,439.34,500ml
PRD_2420,Blinkit Choice Coke Pouch,dairy,Daily Need,287.61,193.65,250g
PRD_2421,Blinkit Organic Tomato Bottle,DAIRY,Organic,36.89,32.15,500g
PRD_2422,Blinkit Choice Noodles Bottle,Munchies,Daily Need,₹303.19,247.93,500ml
PRD_2423,Blinkit Daily Apple Box,Fresh Produce,Essentials,229.8,188.93,500g
PRD_2424,Blinkit Daily Bread Pack,Instant Food,Snacks,31.54,26.16,
PRD_2425,Blinkit Choice Soap Pouch,Beverages,Regular,₹463.73,348.71,500ml
PRD_2426,Blinkit Daily Butter Pack,Beverages,Snacks,25.07,21.17,1L
PRD_2427,Blinkit Fresh Cleaner Bottle,DAIRY,Organic,Rs. 297.38,253.03,250g
PRD_2428,Blinkit Fresh Coke Bottle,Fresh Produce,Daily Need,₹481.66,341.09,250g
PRD_2429,Blinkit Daily Apple Bottle,Dairy & Bread,Daily Need,134.05,96.53,1 unit
PRD_2430,Blinkit Choice Bread Pack,dairy,Premium,142.01,123.07,500ml
PRD_2431,Blinkit Daily Butter Box,Bath & Body,Snacks,20.2,15.3,500ml
PRD_2432,Blinkit Choice Tomato Box,dairy,Snacks,₹51.85,44.6,500g
PRD_2433,Blinkit Organic Chips Pouch,Instant Food,Organic,41.55,32.74,500ml
PRD_2434,Blinkit Organic Tomato Bottle,Cleaning Essentials,Daily Need,Rs. 414.88,322.81,250g
PRD_2435,Blinkit Daily Noodles Pouch,Instant Food,Organic,421.63,256.9,500ml
PRD_2436,Blinkit Organic Apple Pouch,Beverages,Organic,₹368.82,252.04,1 unit
PRD_2437,Blinkit Organic Butter Bottle,Bath & Body,Essentials,189.32,142.11,1 unit
PRD_2438,Blinkit Daily Chips Box,Beverages,Daily Need,Rs. 414.2,321.5,250g
PRD_2439,Blinkit Fresh Butter Bottle,Munchies,Organic,279.09,220.24,250g
PRD_2440,Blinkit Choice Soap Box,Beverages,Daily Need,Rs. 166.07,135.32,250g
PRD_2441,Blinkit Choice Noodles Pack,Bath & Body,Organic,Rs. 229.89,183.19,500ml
PRD_2442,Blinkit Organic Chips Box,Beverages,Regular,51.57,44.07,500ml
PRD_2443,Blinkit Choice Bread Bottle,dairy,Organic,Rs. 473.56,326.11,1L
PRD_2444,Blinkit Choice Milk Box,dairy,Organic,317.18,251.36,
PRD_2445,Blinkit Choice Soap Box,DAIRY,Regular,370.99,228.29,
PRD_2446,Blinkit Organic Butter Bottle,Cleaning Essentials,Snacks,₹344.76,256.52,500g
PRD_2447,Blinkit Fresh Butter Pack,Bath & Body,Daily Need,₹340.52,231.69,500ml
PRD_2448,Blinkit Fresh Apple Pack,Beverages,Premium,Rs. 28.29,20.21,1L
PRD_2449,Blinkit Organic Chips Box,Bath & Body,Regular,₹272.18,192.27,1L
PRD_2450,Blinkit Organic Milk Bottle,Instant Food,Snacks,₹414.42,256.17,1 unit
PRD_2451,Blinkit Organic Cleaner Pouch,Dairy & Bread,Organic,41.37,30.61,500ml
PRD_2452,Blinkit Organic Cleaner Box,Fresh Produce,Essentials,478.96,430.29,1L
PRD_2453,Blinkit Daily Chips Box,Instant Food,Snacks,Rs. 223.6,154.21,1 unit
PRD_2454,Blinkit Fresh Milk Bottle,Instant Food,Regular,₹159.15,130.64,500g
PRD_2455,Blinkit Fresh Tomato Pouch,Beverages,Essentials,275.27,210.4,1 unit
PRD_2456,Blinkit Organic Cleaner Bottle,Dairy & Bread,Organic,₹404.58,282.22,500g
PRD_2457,Blinkit Choice Coke Pouch,dairy,Snacks,247.88,155.39,
PRD_2458,Blinkit Daily Chips Pouch,dairy,Premium,329.65,219.14,
PRD_2459,Blinkit Daily Cleaner Pouch,Instant Food,Daily Need,₹259.96,216.95,250g
PRD_2460,Blinkit Daily Noodles Pack,Cleaning Essentials,Daily Need,323.01,220.84,250g
PRD_2461,Blinkit Choice Cleaner Box,dairy,Regular,Rs. 86.25,55.48,1 unit
PRD_2462,Blinkit Fresh Chips Box,Munchies,Organic,38.56,26.97,250g
PRD_2463,Blinkit Daily Tomato Box,Instant Food,Organic,85.71,66.44,500ml
PRD_2464,Blinkit Organic Butter Pouch,Fresh Produce,Daily Need,Rs. 157.2,127.5,1 unit
PRD_2465,Blinkit Choice Soap Bottle,Dairy & Bread,Snacks,141.61,101.42,1L
PRD_2466,Blinkit Choice Tomato Box,DAIRY,Organic,315.28,236.28,500ml
PRD_2467,Blinkit Organic Cleaner Bottle,Bath & Body,Premium,238.83,175.89,1 unit
PRD_2468,Blinkit Fresh Cleaner Pouch,Instant Food,Premium,₹38.63,23.28,
PRD_2469,Blinkit Fresh Coke Pouch,dairy,Organic,36.74,26.4,500g
PRD_2470,Blinkit Choice Chips Bottle,Bath & Body,Organic,₹63.48,49.27,250g
PRD_2471,Blinkit Daily Butter Pack,Fresh Produce,Daily Need,189.48,146.09,250g
PRD_2472,Blinkit Fresh Bread Box,Beverages,Regular,Rs. 22.97,18.95,250g
PRD_2473,Blinkit Daily Bread Pouch,Cleaning Essentials,Daily Need,257.11,205.97,1 unit
PRD_2474,Blinkit Organic Apple Pouch,DAIRY,Regular,193.12,131.91,500ml
PRD_2475,Blinkit Choice Milk Box,Beverages,Premium,286.61,193.95,500g
PRD_2476,Blinkit Daily Noodles Pack,Fresh Produce,Regular,366.0,270.56,250g
PRD_2477,Blinkit Fresh Apple Pack,dairy,Daily Need,140.47,115.17,500ml
PRD_2478,Blinkit Choice Tomato Box,Munchies,Organic,95.4,59.93,1L
PRD_2479,Blinkit Choice Coke Box,Dairy & Bread,Regular,₹153.47,135.74,
PRD_2480,Blinkit Fresh Butter Pouch,Beverages,Daily Need,20.85,15.91,1L
PRD_2481,Blinkit Choice Apple Pack,Beverages,Premium,₹77.61,53.7,500g
PRD_2482,Blinkit Choice Tomato Bottle,DAIRY,Essentials,380.4,307.37,250g
PRD_2483,Blinkit Daily Bread Bottle,Dairy & Bread,Regular,126.95,77.87,1L
PRD_2484,Blinkit Organic Apple Box,Fresh Produce,Premium,497.26,370.62,
PRD_2485,Blinkit Choice Butter Bottle,Bath & Body,Premium,Rs. 100.56,75.0,500ml
PRD_2486,Blinkit Organic Apple Box,Bath & Body,Snacks,Rs. 398.61,258.54,500ml
PRD_2487,Blinkit Choice Tomato Pack,Dairy & Bread,Essentials,358.42,305.09,1L
PRD_2488,Blinkit Daily Cleaner Bottle,Cleaning Essentials,Regular,174.62,146.51,250g
PRD_2489,Blinkit Organic Chips Pack,Instant Food,Daily Need,₹178.75,115.44,
PRD_2490,Blinkit Daily Soap Pouch,Cleaning Essentials,Regular,290.5,206.01,500g
PRD_2491,Blinkit Fresh Tomato Pouch,Cleaning Essentials,Regular,429.14,270.41,250g
PRD_2492,Blinkit Choice Coke Box,Beverages,Essentials,Rs. 205.37,175.51,1 unit
PRD_2493,Blinkit Choice Bread Bottle,Beverages,Premium,₹49.37,34.41,1L
PRD_2494,Blinkit Daily Noodles Bottle,dairy,Premium,199.72,146.15,1 unit
PRD_2495,Blinkit Organic Apple Box,Fresh Produce,Premium,Rs. 119.51,83.32,1L
PRD_2496,Blinkit Fresh Apple Pouch,Fresh Produce,Premium,470.82,326.28,500g
PRD_2497,Blinkit Choice Noodles Pouch,Beverages,Essentials,354.69,292.33,250g
PRD_2498,Blinkit Organic Cleaner Bottle,DAIRY,Daily Need,44.4,36.6,
PRD_2499,Blinkit Daily Butter Pack,DAIRY,Organic,Rs. 160.63,121.33,250g
