inventory_id,store_id,product_id,stock_on_hand,reorder_level,last_restock_timestamp
INV_100000,STR_106,PRD_2178,196,29,2026-08-01 00:00:00
INV_100001,STR_128,PRD_2296,-5,33,01/08/2026 00:05
INV_100002,STR_143,PRD_1555,41,43,2026-08-01T00:11:08.204546969
INV_100003,STR_121,PRD_1636,-9,43,01/08/2026 00:16
INV_100004,STR_122,PRD_2478,28,36,2026-08-01 00:22:16
INV_100005,STR_123,PRD_2339,110,30,01/08/2026 00:27
INV_100006,STR_134,PRD_1214,21,42,01/08/2026 00:33
INV_100007,STR_9999,PRD_2353,105,48,2026-08-01 00:38:58
INV_100008,STR_109,PRD_1143,168,49,2026-08-01 00:44:32
INV_100009,STR_107,PRD_1618,186,45,01/08/2026 00:50
INV_100010,STR_147,PRD_2007,81,34,2026-08-01T00:55:41.022734848
INV_100011,STR_147,PRD_1353,21,16,2026-08-01 01:01:15
INV_100012,STR_111,PRD_1280,82,19,2026-08-01 01:06:49
INV_100013,STR_128,PRD_2345,120,19,2026-08-01 01:12:23
INV_100014,STR_128,PRD_2329,51,47,2026-08-01 01:17:57
INV_100015,STR_122,PRD_1836,2,33,2026-08-01T01:23:31.534102273
INV_100016,STR_125,PRD_1389,59,19,2026-08-01 01:29:05
INV_100017,STR_136,PRD_2087,10,35,2026-08-01T01:34:39.738649243
INV_100018,STR_131,PRD_1264,178,39,2026-08-01 01:40:13
INV_100019,STR_8888,PRD_1005,3,36,2026-08-01T01:45:47.943196213
INV_100020,STR_137,PRD_1912,78,28,2026-08-01T01:51:22.045469697
INV_100021,STR_105,PRD_1167,60,10,2026-08-01 01:56:56
INV_100022,STR_107,PRD_1354,96,42,2026-08-01T02:02:30.250016667
INV_100023,STR_116,PRD_1172,139,20,2026-08-01T02:08:04.352290152
INV_100024,STR_111,PRD_1849,117,43,2026-08-01 02:13:38
INV_100025,STR_121,PRD_1118,21,47,2026-08-01T02:19:12.556837122
INV_100026,STR_113,PRD_2249,158,25,2026-08-01 02:24:46
INV_100027,STR_133,PRD_1173,21,10,2026-08-01 02:30:20
INV_100028,STR_118,PRD_1958,159,37,2026-08-01 02:35:54
INV_100029,STR_105,PRD_1128,169,24,2026-08-01 02:41:28
INV_100030,STR_117,PRD_1186,70,25,2026-08-01 02:47:03
INV_100031,STR_135,PRD_2086,171,41,01/08/2026 02:52
INV_100032,STR_136,PRD_1892,91,48,2026-08-01 02:58:11
INV_100033,STR_137,PRD_2297,179,10,2026-08-01T03:03:45.375025001
INV_100034,STR_114,PRD_1597,74,18,2026-08-01 03:09:19
INV_100035,STR_137,PRD_1209,32,38,2026-08-01 03:14:53
INV_100036,STR_139,PRD_2008,120,34,2026-08-01 03:20:27
INV_100037,STR_108,PRD_2216,155,20,2026-08-01 03:26:01
INV_100038,STR_105,PRD_1749,198,20,2026-08-01 03:31:35
INV_100039,STR_101,PRD_1531,156,15,2026-08-01 03:37:09
INV_100040,STR_115,PRD_1951,187,43,2026-08-01 03:42:44
INV_100041,STR_8888,PRD_2205,34,23,2026-08-01 03:48:18
INV_100042,STR_100,PRD_1559,35,17,2026-08-01 03:53:52
INV_100043,STR_129,PRD_1227,104,34,2026-08-01T03:59:26.397759850
INV_100044,STR_147,PRD_1565,93,13,2026-08-01T04:05:00.500033335
INV_100045,STR_132,PRD_1613,2,40,01/08/2026 04:10
INV_100046,STR_100,PRD_1088,41,30,01/08/2026 04:16
INV_100047,STR_138,PRD_2167,-2,41,2026-08-01 04:21:42
INV_100048,STR_115,PRD_1814,174,23,2026-08-01 04:27:16
INV_100049,STR_116,PRD_1249,58,37,2026-08-01 04:32:51
INV_100050,STR_147,PRD_1224,32,34,2026-08-01 04:38:25
INV_100051,STR_147,PRD_1902,-4,37,2026-08-01T04:43:59.215947729
INV_100052,STR_137,PRD_1970,33,24,2026-08-01T04:49:33.318221214
INV_100053,STR_117,PRD_1672,161,31,2026-08-01T04:55:07.420494699
INV_100054,STR_121,PRD_1167,91,15,2026-08-01 05:00:41
INV_100055,STR_121,PRD_1109,57,11,01/08/2026 05:06
INV_100056,STR_134,PRD_2196,111,15,2026-08-01 05:11:49
INV_100057,STR_130,PRD_1296,66,32,2026-08-01 05:17:23
INV_100058,STR_139,PRD_1242,33,35,01/08/2026 05:22
INV_100059,STR_126,PRD_1208,196,20,2026-08-01 05:28:32
INV_100060,STR_135,PRD_2266,29,10,2026-08-01 05:34:06
INV_100061,STR_103,PRD_2277,194,37,2026-08-01 05:39:40
INV_100062,STR_148,PRD_2105,160,31,2026-08-01 05:45:14
INV_100063,STR_104,PRD_2457,51,22,01/08/2026 05:50
INV_100064,STR_124,PRD_2498,160,45,2026-08-01 05:56:22
INV_100065,STR_130,PRD_2027,136,31,2026-08-01 06:01:56
INV_100066,STR_113,PRD_2217,38,13,01/08/2026 06:07
INV_100067,STR_129,PRD_2079,182,27,2026-08-01T06:13:04.852323488
INV_100068,STR_146,PRD_1260,66,47,01/08/2026 06:18
INV_100069,STR_111,PRD_1379,142,26,2026-08-01 06:24:13
INV_100070,STR_126,PRD_1095,30,34,2026-08-01T06:29:47.159143942
INV_100071,STR_144,PRD_2359,12,26,2026-08-01 06:35:21
INV_100072,STR_123,PRD_1768,175,38,2026-08-01 06:40:55
INV_100073,STR_129,PRD_2352,32,17,2026-08-01 06:46:29
INV_100074,STR_117,PRD_1828,94,38,01/08/2026 06:52
INV_100075,STR_113,PRD_1925,102,24,01/08/2026 06:57
INV_100076,STR_118,PRD_2148,157,42,2026-08-01 07:03:11
INV_100077,STR_121,PRD_1619,147,19,01/08/2026 07:08
INV_100078,STR_125,PRD_1259,151,46,2026-08-01T07:14:19.977331822
INV_100079,STR_106,PRD_1830,99,20,2026-08-01T07:19:54.079605307
INV_100080,STR_127,PRD_1549,127,44,2026-08-01 07:25:28
INV_100081,STR_137,PRD_1699,94,43,01/08/2026 07:31
INV_100082,STR_104,PRD_1708,49,41,2026-08-01 07:36:36
INV_100083,STR_135,PRD_2031,118,31,2026-08-01 07:42:10
INV_100084,STR_117,PRD_1562,129,13,2026-08-01 07:47:44
INV_100085,STR_113,PRD_1372,163,11,2026-08-01 07:53:18
INV_100086,STR_147,PRD_1221,82,42,01/08/2026 07:58
INV_100087,STR_122,PRD_1530,64,18,2026-08-01T08:04:26.897793186
INV_100088,STR_8888,PRD_1349,134,44,2026-08-01T08:10:01.000066671
INV_100089,STR_113,PRD_1030,47,47,2026-08-01 08:15:35
INV_100090,STR_131,PRD_2381,27,40,2026-08-01 08:21:09
INV_100091,STR_104,PRD_1021,-5,23,2026-08-01 08:26:43
INV_100092,STR_121,PRD_2312,179,40,2026-08-01 08:32:17
INV_100093,STR_127,PRD_1753,191,42,2026-08-01 08:37:51
INV_100094,STR_142,PRD_1213,127,25,2026-08-01 08:43:25
INV_100095,STR_111,PRD_1711,15,29,2026-08-01 08:48:59
INV_100096,STR_117,PRD_2188,47,23,2026-08-01T08:54:33.818254550
INV_100097,STR_135,PRD_1139,6,44,01/08/2026 09:00
INV_100098,STR_130,PRD_2393,42,42,01/08/2026 09:05
INV_100099,STR_112,PRD_1964,195,38,2026-08-01T09:11:16.125075005
INV_100100,STR_119,PRD_2343,-6,17,01/08/2026 09:16
INV_100101,STR_144,PRD_1408,56,43,01/08/2026 09:22
INV_100102,STR_135,PRD_1437,96,23,2026-08-01 09:27:58
INV_100103,STR_106,PRD_1796,137,23,01/08/2026 09:33
INV_100104,STR_122,PRD_1012,168,24,2026-08-01 09:39:06
INV_100105,STR_133,PRD_1500,163,29,2026-08-01 09:44:40
INV_100106,STR_149,PRD_2049,196,37,2026-08-01T09:50:14.840989399
INV_100107,STR_131,PRD_1533,56,13,2026-08-01 09:55:48
INV_100108,STR_120,PRD_1860,120,16,2026-08-01T10:01:23.045536369
INV_100109,STR_105,PRD_1075,140,11,2026-08-01 10:06:57
INV_100110,STR_115,PRD_1365,126,18,2026-08-01 10:12:31
INV_100111,STR_134,PRD_2115,128,32,01/08/2026 10:18
INV_100112,STR_146,PRD_1840,164,45,2026-08-01 10:23:39
INV_100113,STR_119,PRD_1886,166,21,2026-08-01 10:29:13
INV_100114,STR_141,PRD_2289,161,32,2026-08-01 10:34:47
INV_100115,STR_140,PRD_1498,102,40,01/08/2026 10:40
INV_100116,STR_110,PRD_2193,130,20,2026-08-01 10:45:55
INV_100117,STR_131,PRD_2369,125,10,2026-08-01T10:51:29.965997733
INV_100118,STR_113,PRD_2251,180,22,2026-08-01 10:57:04
INV_100119,STR_123,PRD_1698,11,48,2026-08-01 11:02:38
INV_100120,STR_143,PRD_1679,27,38,2026-08-01 11:08:12
INV_100121,STR_138,PRD_1202,16,15,2026-08-01T11:13:46.375091672
INV_100122,STR_142,PRD_1445,15,40,2026-08-01 11:19:20
INV_100123,STR_130,PRD_1517,12,18,2026-08-01 11:24:54
INV_100124,STR_116,PRD_1131,109,27,2026-08-01 11:30:28
INV_100125,STR_124,PRD_2268,92,12,2026-08-01 11:36:02
INV_100126,STR_108,PRD_1090,54,41,01/08/2026 11:41
INV_100127,STR_121,PRD_2149,63,12,2026-08-01 11:47:10
INV_100128,STR_144,PRD_1471,36,39,2026-08-01 11:52:45
INV_100129,STR_147,PRD_2265,50,15,2026-08-01 11:58:19
INV_100130,STR_134,PRD_1501,163,36,2026-08-01 12:03:53
INV_100131,STR_136,PRD_1760,121,11,2026-08-01 12:09:27
INV_100132,STR_116,PRD_1386,148,29,2026-08-01 12:15:01
INV_100133,STR_127,PRD_2030,-7,26,01/08/2026 12:20
INV_100134,STR_100,PRD_2111,18,42,01/08/2026 12:26
INV_100135,STR_108,PRD_1597,62,26,2026-08-01 12:31:43
INV_100136,STR_148,PRD_1907,68,46,01/08/2026 12:37
INV_100137,STR_112,PRD_1866,33,38,01/08/2026 12:42
INV_100138,STR_146,PRD_2168,-8,18,2026-08-01 12:48:26
INV_100139,STR_131,PRD_2474,176,13,2026-08-01 12:54:00
INV_100140,STR_127,PRD_2354,68,49,2026-08-01 12:59:34
INV_100141,STR_130,PRD_2187,110,22,01/08/2026 13:05
INV_100142,STR_107,PRD_1656,170,15,2026-08-01T13:10:42.522834855
INV_100143,STR_107,PRD_1341,128,18,01/08/2026 13:16
INV_100144,STR_133,PRD_2024,123,35,01/08/2026 13:21
INV_100145,STR_122,PRD_2143,36,48,2026-08-01 13:27:24
INV_100146,STR_109,PRD_1463,-4,23,2026-08-01T13:32:58.931928795
INV_100147,STR_136,PRD_1461,104,43,2026-08-01 13:38:33
INV_100148,STR_147,PRD_2072,99,13,2026-08-01 13:44:07
INV_100149,STR_124,PRD_1818,57,30,2026-08-01 13:49:41
INV_100150,STR_9999,PRD_2350,-10,40,2026-08-01 13:55:15
INV_100151,STR_132,PRD_1473,173,30,2026-08-01 14:00:49
INV_100152,STR_144,PRD_1887,66,38,2026-08-01 14:06:23
INV_100153,STR_103,PRD_1938,32,33,01/08/2026 14:11
INV_100154,STR_106,PRD_1367,145,25,01/08/2026 14:17
INV_100155,STR_132,PRD_2310,146,18,2026-08-01T14:23:05.852390159
INV_100156,STR_101,PRD_2047,7,30,2026-08-01 14:28:39
INV_100157,STR_147,PRD_1722,76,11,01/08/2026 14:34
INV_100158,STR_145,PRD_1292,62,11,2026-08-01 14:39:48
INV_100159,STR_131,PRD_2472,179,46,2026-08-01T14:45:22.261484098
INV_100160,STR_104,PRD_2086,96,46,01/08/2026 14:50
INV_100161,STR_145,PRD_1567,-5,14,01/08/2026 14:56
INV_100162,STR_116,PRD_2481,133,15,2026-08-01 15:02:04
INV_100163,STR_111,PRD_1873,118,17,2026-08-01 15:07:38
INV_100164,STR_8888,PRD_1960,11,41,2026-08-01 15:13:12
INV_100165,STR_111,PRD_2436,35,46,2026-08-01 15:18:46
INV_100166,STR_134,PRD_1588,179,22,2026-08-01T15:24:20.977398493
INV_100167,STR_120,PRD_1259,140,12,2026-08-01T15:29:55.079671978
INV_100168,STR_120,PRD_1907,138,18,2026-08-01 15:35:29
INV_100169,STR_101,PRD_1183,40,13,2026-08-01 15:41:03
INV_100170,STR_120,PRD_2071,117,37,2026-08-01 15:46:37
INV_100171,STR_114,PRD_1146,84,49,2026-08-01 15:52:11
INV_100172,STR_110,PRD_1591,27,25,2026-08-01T15:57:45.591039402
INV_100173,STR_109,PRD_2432,145,20,2026-08-01T16:03:19.693312887
INV_100174,STR_117,PRD_2017,33,28,2026-08-01 16:08:53
INV_100175,STR_122,PRD_1439,80,31,01/08/2026 16:14
INV_100176,STR_130,PRD_2481,156,48,2026-08-01 16:20:02
INV_100177,STR_125,PRD_1228,159,21,2026-08-01 16:25:36
INV_100178,STR_101,PRD_2307,31,39,01/08/2026 16:31
INV_100179,STR_138,PRD_1731,49,49,2026-08-01 16:36:44
INV_100180,STR_106,PRD_2368,115,14,2026-08-01T16:42:18.409227281
INV_100181,STR_123,PRD_1946,46,46,01/08/2026 16:47
INV_100182,STR_138,PRD_2287,66,41,2026-08-01 16:53:26
INV_100183,STR_131,PRD_1739,85,43,2026-08-01 16:59:00
INV_100184,STR_125,PRD_1377,-4,21,2026-08-01 17:04:34
INV_100185,STR_122,PRD_2126,40,11,2026-08-01 17:10:08
INV_100186,STR_113,PRD_1953,100,16,2026-08-01 17:15:43
INV_100187,STR_128,PRD_1599,194,41,2026-08-01 17:21:17
INV_100188,STR_124,PRD_1022,21,49,01/08/2026 17:26
INV_100189,STR_130,PRD_1292,-4,44,2026-08-01 17:32:25
INV_100190,STR_101,PRD_2290,65,15,2026-08-01T17:37:59.431962130
INV_100191,STR_101,PRD_1475,157,31,2026-08-01 17:43:33
INV_100192,STR_122,PRD_1951,132,34,2026-08-01 17:49:07
INV_100193,STR_146,PRD_1450,48,22,2026-08-01 17:54:41
INV_100194,STR_110,PRD_1897,102,32,2026-08-01 18:00:15
INV_100195,STR_128,PRD_1284,74,18,2026-08-01 18:05:49
INV_100196,STR_141,PRD_2336,129,46,2026-08-01 18:11:24
INV_100197,STR_134,PRD_2185,66,46,2026-08-01 18:16:58
INV_100198,STR_148,PRD_1589,159,39,2026-08-01 18:22:32
INV_100199,STR_108,PRD_1121,28,29,01/08/2026 18:28
INV_100200,STR_131,PRD_2135,52,47,2026-08-01 18:33:40
INV_100201,STR_129,PRD_2262,119,25,2026-08-01 18:39:14
INV_100202,STR_114,PRD_2233,18,31,2026-08-01 18:44:48
INV_100203,STR_113,PRD_2372,50,47,01/08/2026 18:50
INV_100204,STR_9999,PRD_1510,18,19,2026-08-01 18:55:56
INV_100205,STR_116,PRD_1001,27,29,2026-08-01 19:01:30
INV_100206,STR_121,PRD_1891,-4,11,2026-08-01T19:07:05.068337889
INV_100207,STR_8888,PRD_1798,19,12,2026-08-01T19:12:39.170611374
INV_100208,STR_129,PRD_1628,104,17,01/08/2026 19:18
INV_100209,STR_116,PRD_1460,173,18,2026-08-01 19:23:47
INV_100210,STR_115,PRD_1951,153,37,2026-08-01 19:29:21
INV_100211,STR_8888,PRD_1971,159,30,2026-08-01T19:34:55.579705313
INV_100212,STR_107,PRD_2264,-7,42,2026-08-01 19:40:29
INV_100213,STR_138,PRD_1981,-6,43,2026-08-01 19:46:03
INV_100214,STR_130,PRD_1813,35,13,2026-08-01 19:51:37
INV_100215,STR_111,PRD_1053,64,34,2026-08-01 19:57:11
INV_100216,STR_132,PRD_2490,119,41,2026-08-01 20:02:46
INV_100217,STR_111,PRD_1108,94,21,2026-08-01 20:08:20
INV_100218,STR_124,PRD_1279,43,11,2026-08-01T20:13:54.295619707
INV_100219,STR_137,PRD_2080,97,21,2026-08-01 20:19:28
INV_100220,STR_147,PRD_1839,48,35,2026-08-01 20:25:02
INV_100221,STR_117,PRD_1836,22,30,2026-08-01 20:30:36
INV_100222,STR_118,PRD_2237,11,46,2026-08-01T20:36:10.704713647
INV_100223,STR_102,PRD_2051,36,45,01/08/2026 20:41
INV_100224,STR_134,PRD_1203,123,27,2026-08-01 20:47:18
INV_100225,STR_104,PRD_1544,13,33,2026-08-01T20:52:53.011534102
INV_100226,STR_134,PRD_1308,166,39,2026-08-01 20:58:27
INV_100227,STR_9999,PRD_1527,106,26,2026-08-01 21:04:01
INV_100228,STR_126,PRD_2366,115,25,01/08/2026 21:09
INV_100229,STR_136,PRD_2008,40,26,01/08/2026 21:15
INV_100230,STR_145,PRD_2241,107,21,01/08/2026 21:20
INV_100231,STR_120,PRD_1616,30,36,2026-08-01T21:26:17.625175011
INV_100232,STR_115,PRD_2110,56,13,2026-08-01T21:31:51.727448496
INV_100233,STR_127,PRD_1030,78,44,01/08/2026 21:37
INV_100234,STR_124,PRD_1099,81,10,2026-08-01T21:42:59.931995466
INV_100235,STR_132,PRD_1666,110,21,2026-08-01 21:48:34
INV_100236,STR_116,PRD_1803,196,38,2026-08-01 21:54:08
INV_100237,STR_142,PRD_2338,70,17,2026-08-01 21:59:42
INV_100238,STR_129,PRD_1494,119,17,2026-08-01 22:05:16
INV_100239,STR_140,PRD_1470,80,21,2026-08-01T22:10:50.443362890
INV_100240,STR_103,PRD_1741,89,45,2026-08-01 22:16:24
INV_100241,STR_101,PRD_1733,67,43,2026-08-01 22:21:58
INV_100242,STR_108,PRD_1997,32,45,2026-08-01 22:27:32
INV_100243,STR_130,PRD_1330,112,13,2026-08-01T22:33:06.852456830
INV_100244,STR_124,PRD_2217,21,20,2026-08-01T22:38:40.954730315
INV_100245,STR_136,PRD_2214,129,12,2026-08-01 22:44:15
INV_100246,STR_135,PRD_1251,12,19,2026-08-01 22:49:49
INV_100247,STR_104,PRD_2024,133,21,2026-08-01 22:55:23
INV_100248,STR_123,PRD_2482,161,18,2026-08-01T23:00:57.363824254
INV_100249,STR_123,PRD_2113,-9,30,2026-08-01 23:06:31
INV_100250,STR_128,PRD_1517,-4,43,2026-08-01T23:12:05.568371224
INV_100251,STR_149,PRD_2139,10,31,2026-08-01 23:17:39
INV_100252,STR_144,PRD_1072,175,27,2026-08-01 23:23:13
INV_100253,STR_130,PRD_1155,84,15,2026-08-01 23:28:47
INV_100254,STR_136,PRD_1722,140,34,01/08/2026 23:34
INV_100255,STR_118,PRD_1068,115,24,2026-08-01T23:39:56.079738649
INV_100256,STR_122,PRD_1470,177,10,2026-08-01T23:45:30.182012134
INV_100257,STR_134,PRD_1491,110,49,2026-08-01 23:51:04
INV_100258,STR_149,PRD_1299,14,27,2026-08-01 23:56:38
INV_100259,STR_105,PRD_2167,24,40,02/08/2026 00:02
INV_100260,STR_105,PRD_2229,162,29,2026-08-02 00:07:46
INV_100261,STR_136,PRD_1917,124,34,2026-08-02 00:13:20
INV_100262,STR_129,PRD_1712,186,42,02/08/2026 00:18
INV_100263,STR_100,PRD_1750,21,19,2026-08-02T00:24:28.897926528
INV_100264,STR_107,PRD_1406,42,38,2026-08-02T00:30:03.000200013
INV_100265,STR_127,PRD_1938,58,28,02/08/2026 00:35
INV_100266,STR_124,PRD_1579,14,37,2026-08-02 00:41:11
INV_100267,STR_132,PRD_2320,84,36,2026-08-02 00:46:45
INV_100268,STR_137,PRD_1581,75,28,02/08/2026 00:52
INV_100269,STR_8888,PRD_1798,91,40,2026-08-02 00:57:53
INV_100270,STR_113,PRD_1528,66,44,02/08/2026 01:03
INV_100271,STR_110,PRD_1136,119,23,02/08/2026 01:09
INV_100272,STR_101,PRD_1218,75,15,02/08/2026 01:14
INV_100273,STR_129,PRD_1517,50,18,02/08/2026 01:20
INV_100274,STR_129,PRD_2471,126,36,2026-08-02 01:25:44
INV_100275,STR_103,PRD_1131,40,26,2026-08-02T01:31:18.125208347
INV_100276,STR_112,PRD_2386,-9,45,02/08/2026 01:36
INV_100277,STR_106,PRD_2367,162,13,02/08/2026 01:42
INV_100278,STR_137,PRD_2041,21,33,2026-08-02T01:48:00.432028801
INV_100279,STR_102,PRD_2439,189,25,2026-08-02T01:53:34.534302286
INV_100280,STR_108,PRD_1559,69,26,2026-08-02T01:59:08.636575771
INV_100281,STR_113,PRD_1927,86,12,02/08/2026 02:04
INV_100282,STR_8888,PRD_2176,64,48,2026-08-02 02:10:16
INV_100283,STR_110,PRD_1331,149,46,2026-08-02 02:15:50
INV_100284,STR_136,PRD_1318,-3,12,2026-08-02T02:21:25.045669711
INV_100285,STR_113,PRD_2222,74,44,2026-08-02 02:26:59
INV_100286,STR_118,PRD_1979,110,12,2026-08-02 02:32:33
INV_100287,STR_107,PRD_2033,9,25,2026-08-02 02:38:07
INV_100288,STR_106,PRD_2162,182,29,02/08/2026 02:43
INV_100289,STR_106,PRD_1166,138,15,2026-08-02 02:49:15
INV_100290,STR_102,PRD_1146,-4,42,2026-08-02 02:54:49
INV_100291,STR_102,PRD_2426,110,36,2026-08-02T03:00:23.761584105
INV_100292,STR_117,PRD_1938,111,39,2026-08-02 03:05:57
INV_100293,STR_144,PRD_1444,126,44,2026-08-02 03:11:31
INV_100294,STR_132,PRD_1069,75,27,2026-08-02 03:17:06
INV_100295,STR_136,PRD_2351,119,39,2026-08-02 03:22:40
INV_100296,STR_127,PRD_1832,136,35,2026-08-02 03:28:14
INV_100297,STR_135,PRD_1918,49,24,2026-08-02 03:33:48
INV_100298,STR_115,PRD_1615,187,41,2026-08-02T03:39:22.477498499
INV_100299,STR_114,PRD_2252,176,44,2026-08-02 03:44:56
INV_100300,STR_128,PRD_1318,58,21,2026-08-02 03:50:30
INV_100301,STR_117,PRD_1035,34,30,2026-08-02 03:56:04
INV_100302,STR_148,PRD_1254,51,21,2026-08-02 04:01:38
INV_100303,STR_145,PRD_2336,127,10,2026-08-02 04:07:12
INV_100304,STR_145,PRD_1961,112,20,02/08/2026 04:12
INV_100305,STR_118,PRD_1334,182,34,2026-08-02 04:18:21
INV_100306,STR_128,PRD_2043,15,18,02/08/2026 04:23
INV_100307,STR_105,PRD_1297,177,48,2026-08-02T04:29:29.397959863
INV_100308,STR_144,PRD_2044,7,36,2026-08-02 04:35:03
INV_100309,STR_149,PRD_1477,48,38,2026-08-02T04:40:37.602506833
INV_100310,STR_146,PRD_1471,138,36,2026-08-02 04:46:11
INV_100311,STR_126,PRD_1961,35,37,02/08/2026 04:51
INV_100312,STR_106,PRD_1469,1,48,2026-08-02 04:57:19
INV_100313,STR_126,PRD_2372,195,27,2026-08-02 05:02:54
INV_100314,STR_118,PRD_1766,102,24,2026-08-02 05:08:28
INV_100315,STR_116,PRD_1589,149,25,2026-08-02 05:14:02
INV_100316,STR_140,PRD_1791,156,32,2026-08-02 05:19:36
INV_100317,STR_110,PRD_1385,198,39,02/08/2026 05:25
INV_100318,STR_104,PRD_1941,172,45,2026-08-02 05:30:44
INV_100319,STR_101,PRD_1445,44,44,02/08/2026 05:36
INV_100320,STR_146,PRD_1098,-1,37,2026-08-02 05:41:52
INV_100321,STR_111,PRD_1654,24,12,02/08/2026 05:47
INV_100322,STR_141,PRD_2078,69,25,2026-08-02 05:53:00
INV_100323,STR_141,PRD_2026,-5,24,2026-08-02 05:58:35
INV_100324,STR_8888,PRD_2355,116,28,2026-08-02 06:04:09
INV_100325,STR_110,PRD_1933,57,19,2026-08-02 06:09:43
INV_100326,STR_109,PRD_2458,179,13,2026-08-02 06:15:17
INV_100327,STR_127,PRD_2242,-2,31,2026-08-02 06:20:51
INV_100328,STR_106,PRD_2234,146,27,2026-08-02 06:26:25
INV_100329,STR_113,PRD_1816,60,31,2026-08-02 06:31:59
INV_100330,STR_112,PRD_1660,197,25,2026-08-02 06:37:33
INV_100331,STR_104,PRD_1231,123,12,2026-08-02 06:43:07
INV_100332,STR_9999,PRD_1599,33,44,2026-08-02 06:48:41
INV_100333,STR_141,PRD_1919,53,48,2026-08-02 06:54:16
INV_100334,STR_107,PRD_2171,56,25,02/08/2026 06:59
INV_100335,STR_149,PRD_2230,33,30,2026-08-02 07:05:24
INV_100336,STR_100,PRD_1359,105,30,02/08/2026 07:10
INV_100337,STR_104,PRD_2442,195,10,2026-08-02 07:16:32
INV_100338,STR_110,PRD_2440,131,39,2026-08-02T07:22:06.568437895
INV_100339,STR_8888,PRD_1871,126,43,2026-08-02 07:27:40
INV_100340,STR_142,PRD_2205,140,48,2026-08-02 07:33:14
INV_100341,STR_147,PRD_1555,46,32,2026-08-02T07:38:48.875258350
INV_100342,STR_109,PRD_2233,46,43,02/08/2026 07:44
INV_100343,STR_114,PRD_1249,132,39,2026-08-02 07:49:57
INV_100344,STR_138,PRD_1595,181,42,2026-08-02 07:55:31
INV_100345,STR_146,PRD_1138,-4,25,02/08/2026 08:01
INV_100346,STR_128,PRD_1989,137,39,2026-08-02T08:06:39.386625775
INV_100347,STR_124,PRD_2254,181,12,2026-08-02 08:12:13
INV_100348,STR_147,PRD_1909,8,11,2026-08-02T08:17:47.591172744
INV_100349,STR_105,PRD_1011,123,35,2026-08-02 08:23:21
INV_100350,STR_110,PRD_1979,168,27,2026-08-02 08:28:55
INV_100351,STR_116,PRD_1272,28,11,02/08/2026 08:34
INV_100352,STR_114,PRD_1487,182,49,2026-08-02 08:40:04
INV_100353,STR_115,PRD_2113,60,12,2026-08-02T08:45:38.102540169
INV_100354,STR_101,PRD_2048,14,26,02/08/2026 08:51
INV_100355,STR_135,PRD_1537,91,33,2026-08-02 08:56:46
INV_100356,STR_118,PRD_1984,140,11,2026-08-02T09:02:20.409360624
INV_100357,STR_137,PRD_2083,175,15,2026-08-02T09:07:54.511634108
INV_100358,STR_149,PRD_2194,0,49,02/08/2026 09:13
INV_100359,STR_120,PRD_1587,151,35,2026-08-02 09:19:02
INV_100360,STR_110,PRD_1787,20,15,2026-08-02 09:24:36
INV_100361,STR_140,PRD_2470,155,21,2026-08-02 09:30:10
INV_100362,STR_102,PRD_1920,107,30,2026-08-02 09:35:45
INV_100363,STR_133,PRD_2033,103,25,2026-08-02 09:41:19
INV_100364,STR_117,PRD_1242,163,15,02/08/2026 09:46
INV_100365,STR_114,PRD_2201,129,43,02/08/2026 09:52
INV_100366,STR_124,PRD_1797,-2,12,2026-08-02T09:58:01.432095473
INV_100367,STR_149,PRD_1256,130,28,02/08/2026 10:03
INV_100368,STR_9999,PRD_1309,181,38,2026-08-02 10:09:09
INV_100369,STR_114,PRD_1515,9,41,2026-08-02 10:14:43
INV_100370,STR_129,PRD_2238,48,19,2026-08-02 10:20:17
INV_100371,STR_116,PRD_2053,74,36,2026-08-02 10:25:51
INV_100372,STR_117,PRD_2369,139,38,2026-08-02 10:31:26
INV_100373,STR_130,PRD_2088,54,22,2026-08-02T10:37:00.148009867
INV_100374,STR_149,PRD_1635,49,29,2026-08-02 10:42:34
INV_100375,STR_142,PRD_1796,114,37,02/08/2026 10:48
INV_100376,STR_117,PRD_2176,30,36,2026-08-02 10:53:42
INV_100377,STR_134,PRD_1039,70,22,2026-08-02 10:59:16
INV_100378,STR_112,PRD_2049,162,34,2026-08-02 11:04:50
INV_100379,STR_113,PRD_2296,-7,38,2026-08-02 11:10:24
INV_100380,STR_135,PRD_2182,59,24,2026-08-02 11:15:58
INV_100381,STR_117,PRD_1580,162,39,02/08/2026 11:21
INV_100382,STR_104,PRD_1000,175,47,2026-08-02T11:27:07.068471231
INV_100383,STR_113,PRD_1078,72,41,2026-08-02T11:32:41.170744716
INV_100384,STR_124,PRD_2251,83,16,2026-08-02 11:38:15
INV_100385,STR_143,PRD_2350,140,44,02/08/2026 11:43
INV_100386,STR_138,PRD_1619,149,42,2026-08-02T11:49:23.477565171
INV_100387,STR_111,PRD_1500,52,21,2026-08-02T11:54:57.579838655
INV_100388,STR_139,PRD_2498,-3,32,2026-08-02 12:00:31
INV_100389,STR_127,PRD_2378,198,14,2026-08-02T12:06:05.784385625
INV_100390,STR_134,PRD_2147,198,40,2026-08-02 12:11:39
INV_100391,STR_100,PRD_1977,109,25,2026-08-02 12:17:13
INV_100392,STR_102,PRD_2447,74,42,2026-08-02 12:22:48
INV_100393,STR_142,PRD_2275,196,10,2026-08-02 12:28:22
INV_100394,STR_149,PRD_1485,80,31,2026-08-02 12:33:56
INV_100395,STR_106,PRD_1477,142,37,2026-08-02T12:39:30.398026535
INV_100396,STR_108,PRD_1332,150,14,2026-08-02 12:45:04
INV_100397,STR_135,PRD_2255,183,13,2026-08-02T12:50:38.602573504
INV_100398,STR_122,PRD_1029,105,10,2026-08-02 12:56:12
INV_100399,STR_123,PRD_1726,95,24,02/08/2026 13:01
INV_100400,STR_109,PRD_1172,133,46,2026-08-02 13:07:20
INV_100401,STR_149,PRD_1791,172,48,2026-08-02T13:12:55.011667444
INV_100402,STR_147,PRD_1467,153,47,2026-08-02 13:18:29
INV_100403,STR_111,PRD_2499,61,33,2026-08-02 13:24:03
INV_100404,STR_118,PRD_1722,69,32,2026-08-02 13:29:37
INV_100405,STR_131,PRD_2340,-4,16,2026-08-02 13:35:11
INV_100406,STR_123,PRD_1396,58,40,2026-08-02T13:40:45.523034868
INV_100407,STR_121,PRD_1124,76,16,2026-08-02 13:46:19
INV_100408,STR_102,PRD_2103,-3,22,2026-08-02T13:51:53.727581838
INV_100409,STR_139,PRD_1695,120,13,2026-08-02T13:57:27.829855323
INV_100410,STR_126,PRD_1526,152,27,2026-08-02 14:03:01
INV_100411,STR_118,PRD_2419,103,49,2026-08-02T14:08:36.034402293
INV_100412,STR_108,PRD_2112,25,28,02/08/2026 14:14
INV_100413,STR_9999,PRD_2026,89,25,2026-08-02T14:19:44.238949263
INV_100414,STR_148,PRD_1535,68,27,2026-08-02T14:25:18.341222748
INV_100415,STR_112,PRD_1600,19,25,02/08/2026 14:30
INV_100416,STR_101,PRD_1987,4,40,2026-08-02 14:36:26
INV_100417,STR_135,PRD_1605,185,34,02/08/2026 14:42
INV_100418,STR_128,PRD_2094,76,11,2026-08-02T14:47:34.750316687
INV_100419,STR_110,PRD_1699,47,37,2026-08-02T14:53:08.852590172
INV_100420,STR_133,PRD_1138,145,25,2026-08-02 14:58:42
INV_100421,STR_103,PRD_1009,159,45,2026-08-02T15:04:17.057137142
INV_100422,STR_103,PRD_1129,86,49,2026-08-02 15:09:51
INV_100423,STR_8888,PRD_1400,135,44,2026-08-02 15:15:25
INV_100424,STR_100,PRD_2244,122,33,2026-08-02 15:20:59
INV_100425,STR_124,PRD_1641,126,44,2026-08-02 15:26:33
INV_100426,STR_125,PRD_1436,91,39,2026-08-02T15:32:07.568504566
INV_100427,STR_110,PRD_2423,104,46,2026-08-02 15:37:41
INV_100428,STR_122,PRD_2136,126,20,2026-08-02 15:43:15
INV_100429,STR_101,PRD_2475,7,43,02/08/2026 15:48
INV_100430,STR_118,PRD_2241,173,47,2026-08-02 15:54:23
INV_100431,STR_128,PRD_1057,132,48,2026-08-02 15:59:58
INV_100432,STR_139,PRD_2136,196,33,2026-08-02T16:05:32.182145476
INV_100433,STR_8888,PRD_1699,67,38,02/08/2026 16:11
INV_100434,STR_103,PRD_2145,51,13,2026-08-02T16:16:40.386692446
INV_100435,STR_115,PRD_1407,152,39,2026-08-02 16:22:14
INV_100436,STR_146,PRD_2483,29,23,02/08/2026 16:27
INV_100437,STR_136,PRD_2108,168,33,02/08/2026 16:33
INV_100438,STR_126,PRD_1399,113,47,2026-08-02 16:38:56
INV_100439,STR_104,PRD_1355,49,43,2026-08-02T16:44:30.898059870
INV_100440,STR_114,PRD_1098,45,45,2026-08-02 16:50:05
INV_100441,STR_122,PRD_1517,73,24,2026-08-02 16:55:39
INV_100442,STR_148,PRD_1107,192,44,02/08/2026 17:01
INV_100443,STR_102,PRD_1151,30,38,2026-08-02 17:06:47
INV_100444,STR_117,PRD_1905,171,45,2026-08-02 17:12:21
INV_100445,STR_142,PRD_1849,6,13,2026-08-02 17:17:55
INV_100446,STR_125,PRD_1748,94,24,2026-08-02 17:23:29
INV_100447,STR_105,PRD_1026,14,20,2026-08-02 17:29:03
INV_100448,STR_143,PRD_1118,115,24,2026-08-02T17:34:37.818521234
INV_100449,STR_116,PRD_1722,82,30,2026-08-02 17:40:11
INV_100450,STR_145,PRD_1099,126,44,2026-08-02T17:45:46.023068204
INV_100451,STR_137,PRD_1002,173,32,2026-08-02T17:51:20.125341689
INV_100452,STR_141,PRD_1805,140,19,2026-08-02 17:56:54
INV_100453,STR_147,PRD_2352,107,13,2026-08-02 18:02:28
INV_100454,STR_149,PRD_2129,-9,34,2026-08-02 18:08:02
INV_100455,STR_126,PRD_2253,34,11,02/08/2026 18:13
INV_100456,STR_119,PRD_1303,108,47,2026-08-02 18:19:10
INV_100457,STR_105,PRD_1176,182,28,2026-08-02 18:24:44
INV_100458,STR_9999,PRD_1083,155,33,2026-08-02 18:30:18
INV_100459,STR_134,PRD_1262,123,17,2026-08-02 18:35:52
INV_100460,STR_111,PRD_2219,165,15,2026-08-02 18:41:27
INV_100461,STR_147,PRD_2272,161,29,2026-08-02 18:47:01
INV_100462,STR_102,PRD_2405,196,23,2026-08-02 18:52:35
INV_100463,STR_147,PRD_1457,-4,49,2026-08-02 18:58:09
INV_100464,STR_103,PRD_1408,55,15,02/08/2026 19:03
INV_100465,STR_8888,PRD_2104,179,21,2026-08-02T19:09:17.557170478
INV_100466,STR_144,PRD_2435,147,16,02/08/2026 19:14
INV_100467,STR_103,PRD_1205,65,39,2026-08-02 19:20:25
INV_100468,STR_103,PRD_1819,41,25,2026-08-02T19:25:59.863990932
INV_100469,STR_138,PRD_2014,83,17,2026-08-02 19:31:33
INV_100470,STR_120,PRD_1801,25,23,2026-08-02T19:37:08.068537902
INV_100471,STR_143,PRD_1894,24,29,2026-08-02T19:42:42.170811387
INV_100472,STR_101,PRD_1872,55,37,2026-08-02 19:48:16
INV_100473,STR_115,PRD_1387,167,15,2026-08-02 19:53:50
INV_100474,STR_106,PRD_1893,120,39,2026-08-02T19:59:24.477631842
INV_100475,STR_118,PRD_1766,95,13,2026-08-02 20:04:58
INV_100476,STR_142,PRD_2422,65,45,2026-08-02T20:10:32.682178811
INV_100477,STR_132,PRD_2031,-7,12,2026-08-02 20:16:06
INV_100478,STR_108,PRD_1449,44,19,2026-08-02T20:21:40.886725781
INV_100479,STR_136,PRD_2499,169,47,2026-08-02T20:27:14.988999266
INV_100480,STR_116,PRD_1341,176,36,2026-08-02 20:32:49
INV_100481,STR_126,PRD_2096,188,27,2026-08-02 20:38:23
INV_100482,STR_132,PRD_1859,9,20,2026-08-02 20:43:57
INV_100483,STR_148,PRD_1120,8,45,2026-08-02 20:49:31
INV_100484,STR_111,PRD_1301,125,49,2026-08-02 20:55:05
INV_100485,STR_144,PRD_1960,184,44,2026-08-02 21:00:39
INV_100486,STR_110,PRD_1883,16,22,2026-08-02 21:06:13
INV_100487,STR_112,PRD_1880,196,32,2026-08-02 21:11:47
INV_100488,STR_130,PRD_1233,125,18,2026-08-02 21:17:21
INV_100489,STR_112,PRD_1065,7,13,02/08/2026 21:22
INV_100490,STR_137,PRD_1229,18,49,2026-08-02 21:28:30
INV_100491,STR_125,PRD_1921,35,40,2026-08-02 21:34:04
INV_100492,STR_130,PRD_1050,153,12,2026-08-02T21:39:38.318554570
INV_100493,STR_121,PRD_1658,120,45,2026-08-02 21:45:12
INV_100494,STR_105,PRD_2352,126,26,2026-08-02 21:50:46
INV_100495,STR_119,PRD_1386,127,25,2026-08-02 21:56:20
INV_100496,STR_120,PRD_2061,73,48,2026-08-02 22:01:54
INV_100497,STR_109,PRD_1752,183,11,2026-08-02T22:07:28.829921994
INV_100498,STR_118,PRD_2196,-10,14,2026-08-02 22:13:02
INV_100499,STR_134,PRD_1492,121,42,2026-08-02T22:18:37.034468964
INV_100500,STR_125,PRD_2478,165,22,2026-08-02 22:24:11
INV_100501,STR_106,PRD_1040,90,21,2026-08-02 22:29:45
INV_100502,STR_136,PRD_1945,85,28,2026-08-02 22:35:19
INV_100503,STR_107,PRD_2152,7,31,2026-08-02 22:40:53
INV_100504,STR_104,PRD_2077,67,49,2026-08-02 22:46:27
INV_100505,STR_143,PRD_1085,34,17,02/08/2026 22:52
INV_100506,STR_135,PRD_2292,101,13,2026-08-02 22:57:35
INV_100507,STR_9999,PRD_1295,4,16,02/08/2026 23:03
INV_100508,STR_127,PRD_2044,168,31,2026-08-02 23:08:43
INV_100509,STR_149,PRD_2238,178,27,2026-08-02T23:14:18.057203813
INV_100510,STR_102,PRD_1424,-7,15,02/08/2026 23:19
INV_100511,STR_138,PRD_1188,136,13,2026-08-02 23:25:26
INV_100512,STR_107,PRD_1160,77,21,2026-08-02 23:31:00
INV_100513,STR_114,PRD_1712,83,46,2026-08-02 23:36:34
INV_100514,STR_126,PRD_1380,66,11,02/08/2026 23:42
INV_100515,STR_148,PRD_1243,128,12,2026-08-02T23:47:42.670844722
INV_100516,STR_9999,PRD_1182,17,30,2026-08-02 23:53:16
INV_100517,STR_135,PRD_1543,174,48,02/08/2026 23:58
INV_100518,STR_115,PRD_1778,64,22,2026-08-03 00:04:24
INV_100519,STR_125,PRD_1947,43,23,2026-08-03 00:09:59
INV_100520,STR_144,PRD_1092,54,39,2026-08-03 00:15:33
INV_100521,STR_143,PRD_1367,36,27,03/08/2026 00:21
INV_100522,STR_103,PRD_1158,107,22,2026-08-03 00:26:41
INV_100523,STR_111,PRD_1397,-7,23,2026-08-03 00:32:15
INV_100524,STR_116,PRD_2203,23,49,03/08/2026 00:37
INV_100525,STR_140,PRD_1437,65,34,2026-08-03 00:43:23
INV_100526,STR_143,PRD_1372,171,46,2026-08-03 00:48:57
INV_100527,STR_125,PRD_1305,50,36,2026-08-03 00:54:31
INV_100528,STR_130,PRD_1984,90,32,2026-08-03 01:00:06
INV_100529,STR_114,PRD_2402,82,16,2026-08-03 01:05:40
INV_100530,STR_8888,PRD_2241,91,19,2026-08-03T01:11:14.204946996
INV_100531,STR_133,PRD_1981,102,34,2026-08-03T01:16:48.307220481
INV_100532,STR_128,PRD_1328,72,44,2026-08-03 01:22:22
INV_100533,STR_108,PRD_1342,137,33,03/08/2026 01:27
INV_100534,STR_113,PRD_1723,120,20,2026-08-03 01:33:30
INV_100535,STR_135,PRD_2186,29,29,2026-08-03 01:39:04
INV_100536,STR_103,PRD_1157,186,19,2026-08-03 01:44:38
INV_100537,STR_137,PRD_2133,140,30,2026-08-03T01:50:12.920861390
INV_100538,STR_136,PRD_1349,58,37,2026-08-03 01:55:47
INV_100539,STR_123,PRD_1725,21,37,2026-08-03 02:01:21
INV_100540,STR_116,PRD_1364,13,36,2026-08-03 02:06:55
INV_100541,STR_112,PRD_1014,102,42,03/08/2026 02:12
INV_100542,STR_119,PRD_1152,168,13,2026-08-03 02:18:03
INV_100543,STR_116,PRD_1531,104,44,2026-08-03 02:23:37
INV_100544,STR_9999,PRD_1966,175,29,2026-08-03 02:29:11
INV_100545,STR_126,PRD_2423,159,15,2026-08-03 02:34:45
INV_100546,STR_132,PRD_2075,24,15,2026-08-03 02:40:19
INV_100547,STR_120,PRD_1854,21,26,03/08/2026 02:45
INV_100548,STR_116,PRD_1468,171,28,2026-08-03T02:51:28.045869724
INV_100549,STR_121,PRD_2344,34,26,2026-08-03 02:57:02
INV_100550,STR_124,PRD_1878,165,12,03/08/2026 03:02
INV_100551,STR_102,PRD_1595,97,43,2026-08-03T03:08:10.352690179
INV_100552,STR_126,PRD_1366,75,13,2026-08-03 03:13:44
INV_100553,STR_126,PRD_1640,166,32,2026-08-03 03:19:18
INV_100554,STR_145,PRD_1861,23,27,2026-08-03 03:24:52
INV_100555,STR_111,PRD_1893,133,43,2026-08-03 03:30:26
INV_100556,STR_114,PRD_2039,0,38,2026-08-03 03:36:00
INV_100557,STR_137,PRD_2434,136,24,2026-08-03 03:41:34
INV_100558,STR_119,PRD_2297,81,20,2026-08-03 03:47:09
INV_100559,STR_121,PRD_1588,146,48,03/08/2026 03:52
INV_100560,STR_101,PRD_2329,43,18,2026-08-03 03:58:17
INV_100561,STR_103,PRD_1091,170,44,2026-08-03T04:03:51.375425028
INV_100562,STR_144,PRD_1457,184,19,2026-08-03 04:09:25
INV_100563,STR_112,PRD_2293,199,49,2026-08-03 04:14:59
INV_100564,STR_131,PRD_2075,199,47,2026-08-03 04:20:33
INV_100565,STR_121,PRD_2144,65,38,2026-08-03 04:26:07
INV_100566,STR_124,PRD_2073,199,15,2026-08-03 04:31:41
INV_100567,STR_126,PRD_2498,149,28,2026-08-03 04:37:15
INV_100568,STR_116,PRD_2403,89,35,2026-08-03T04:42:50.091339422
INV_100569,STR_105,PRD_1386,105,18,2026-08-03 04:48:24
INV_100570,STR_142,PRD_2312,113,22,03/08/2026 04:53
INV_100571,STR_9999,PRD_2477,72,35,03/08/2026 04:59
INV_100572,STR_115,PRD_1370,45,29,2026-08-03 05:05:06
INV_100573,STR_107,PRD_1183,52,11,2026-08-03 05:10:40
INV_100574,STR_132,PRD_1771,121,13,2026-08-03 05:16:14
INV_100575,STR_109,PRD_1204,128,16,2026-08-03 05:21:48
INV_100576,STR_133,PRD_1953,120,28,2026-08-03 05:27:22
INV_100577,STR_118,PRD_1171,144,44,2026-08-03 05:32:57
INV_100578,STR_113,PRD_1824,100,20,2026-08-03 05:38:31
INV_100579,STR_102,PRD_1221,197,28,03/08/2026 05:44
INV_100580,STR_140,PRD_2191,161,41,2026-08-03 05:49:39
INV_100581,STR_122,PRD_2267,135,23,2026-08-03 05:55:13
INV_100582,STR_139,PRD_2241,147,14,2026-08-03T06:00:47.523168211
INV_100583,STR_110,PRD_2079,59,34,2026-08-03 06:06:21
INV_100584,STR_146,PRD_1614,164,23,2026-08-03T06:11:55.727715181
INV_100585,STR_105,PRD_1166,23,48,2026-08-03 06:17:29
INV_100586,STR_133,PRD_1141,108,21,2026-08-03 06:23:03
INV_100587,STR_100,PRD_1124,65,29,2026-08-03T06:28:38.034535635
INV_100588,STR_134,PRD_1089,31,27,2026-08-03 06:34:12
INV_100589,STR_124,PRD_1310,12,10,2026-08-03 06:39:46
INV_100590,STR_128,PRD_2394,29,13,2026-08-03T06:45:20.341356090
INV_100591,STR_122,PRD_1951,4,21,2026-08-03 06:50:54
INV_100592,STR_117,PRD_1215,104,35,2026-08-03T06:56:28.545903060
INV_100593,STR_113,PRD_2464,197,41,2026-08-03 07:02:02
INV_100594,STR_116,PRD_2209,46,46,03/08/2026 07:07
INV_100595,STR_101,PRD_1882,100,24,2026-08-03 07:13:10
INV_100596,STR_130,PRD_2176,131,44,03/08/2026 07:18
INV_100597,STR_118,PRD_1760,196,35,2026-08-03 07:24:19
INV_100598,STR_131,PRD_1095,129,24,2026-08-03T07:29:53.159543969
INV_100599,STR_127,PRD_1709,96,17,2026-08-03T07:35:27.261817454
INV_100600,STR_140,PRD_2359,106,37,03/08/2026 07:41
INV_100601,STR_107,PRD_1148,24,39,2026-08-03 07:46:35
INV_100602,STR_141,PRD_1927,142,12,2026-08-03 07:52:09
INV_100603,STR_140,PRD_1714,67,15,2026-08-03 07:57:43
INV_100604,STR_139,PRD_1882,-9,40,2026-08-03 08:03:17
INV_100605,STR_138,PRD_2425,7,35,2026-08-03 08:08:51
INV_100606,STR_121,PRD_2354,24,17,2026-08-03 08:14:25
INV_100607,STR_123,PRD_2250,-2,48,2026-08-03T08:20:00.080005333
INV_100608,STR_137,PRD_1357,128,38,03/08/2026 08:25
INV_100609,STR_101,PRD_1587,56,26,2026-08-03 08:31:08
INV_100610,STR_140,PRD_1315,58,25,2026-08-03 08:36:42
INV_100611,STR_140,PRD_1884,94,13,2026-08-03T08:42:16.489099273
INV_100612,STR_118,PRD_2059,191,19,2026-08-03 08:47:50
INV_100613,STR_140,PRD_2451,27,25,2026-08-03 08:53:24
INV_100614,STR_101,PRD_1449,59,28,03/08/2026 08:58
INV_100615,STR_127,PRD_1844,192,48,03/08/2026 09:04
INV_100616,STR_131,PRD_1089,70,22,03/08/2026 09:10
INV_100617,STR_118,PRD_1540,176,13,2026-08-03 09:15:41
INV_100618,STR_115,PRD_1175,55,41,2026-08-03 09:21:15
INV_100619,STR_129,PRD_2443,30,27,2026-08-03 09:26:49
INV_100620,STR_121,PRD_1647,13,25,2026-08-03 09:32:23
INV_100621,STR_113,PRD_1900,167,34,2026-08-03 09:37:57
INV_100622,STR_8888,PRD_1686,-6,25,2026-08-03 09:43:31
INV_100623,STR_100,PRD_2194,10,31,2026-08-03 09:49:05
INV_100624,STR_144,PRD_1393,-5,33,2026-08-03 09:54:39
INV_100625,STR_101,PRD_2289,121,37,03/08/2026 10:00
INV_100626,STR_121,PRD_1503,-2,32,2026-08-03 10:05:48
INV_100627,STR_145,PRD_2157,58,30,2026-08-03 10:11:22
INV_100628,STR_132,PRD_1955,57,18,2026-08-03 10:16:56
INV_100629,STR_114,PRD_2049,115,11,2026-08-03 10:22:30
INV_100630,STR_149,PRD_2300,126,47,2026-08-03 10:28:04
INV_100631,STR_140,PRD_1099,135,37,2026-08-03T10:33:38.534568971
INV_100632,STR_121,PRD_2465,48,35,2026-08-03 10:39:12
INV_100633,STR_139,PRD_1424,160,36,03/08/2026 10:44
INV_100634,STR_138,PRD_2053,69,34,2026-08-03 10:50:20
INV_100635,STR_140,PRD_1905,183,30,2026-08-03 10:55:54
INV_100636,STR_140,PRD_1495,18,47,03/08/2026 11:01
INV_100637,STR_110,PRD_1650,165,34,2026-08-03 11:07:03
INV_100638,STR_103,PRD_1997,40,47,2026-08-03 11:12:37
INV_100639,STR_106,PRD_2214,159,20,03/08/2026 11:18
INV_100640,STR_120,PRD_2210,25,37,03/08/2026 11:23
INV_100641,STR_106,PRD_1139,65,45,2026-08-03 11:29:19
INV_100642,STR_103,PRD_1319,94,13,2026-08-03 11:34:53
INV_100643,STR_111,PRD_1368,34,28,2026-08-03 11:40:27
INV_100644,STR_126,PRD_1296,90,33,2026-08-03 11:46:01
INV_100645,STR_116,PRD_2223,152,31,03/08/2026 11:51
INV_100646,STR_119,PRD_1795,93,34,2026-08-03 11:57:10
INV_100647,STR_130,PRD_2402,-5,17,2026-08-03 12:02:44
INV_100648,STR_125,PRD_2103,154,29,2026-08-03 12:08:18
INV_100649,STR_130,PRD_2470,25,10,2026-08-03 12:13:52
INV_100650,STR_134,PRD_1500,133,13,03/08/2026 12:19
INV_100651,STR_108,PRD_1258,189,21,2026-08-03T12:25:00.580038669
INV_100652,STR_104,PRD_2144,11,34,2026-08-03 12:30:34
INV_100653,STR_8888,PRD_2078,58,30,03/08/2026 12:36
INV_100654,STR_147,PRD_1017,58,28,2026-08-03T12:41:42.886859123
INV_100655,STR_107,PRD_2332,52,43,2026-08-03 12:47:16
INV_100656,STR_120,PRD_1109,64,15,2026-08-03 12:52:51
INV_100657,STR_115,PRD_1330,96,44,03/08/2026 12:58
INV_100658,STR_9999,PRD_1945,8,12,03/08/2026 13:03
INV_100659,STR_115,PRD_2287,198,42,2026-08-03 13:09:33
INV_100660,STR_117,PRD_1267,91,18,2026-08-03 13:15:07
INV_100661,STR_146,PRD_1434,115,16,2026-08-03 13:20:41
INV_100662,STR_127,PRD_1449,116,36,2026-08-03 13:26:15
INV_100663,STR_117,PRD_1296,135,10,2026-08-03 13:31:49
INV_100664,STR_113,PRD_2160,103,49,2026-08-03T13:37:23.909593972
INV_100665,STR_147,PRD_1718,62,27,2026-08-03T13:42:58.011867457
INV_100666,STR_136,PRD_2020,103,44,03/08/2026 13:48
INV_100667,STR_139,PRD_2420,134,26,2026-08-03 13:54:06
INV_100668,STR_115,PRD_1183,30,48,2026-08-03T13:59:40.318687912
INV_100669,STR_120,PRD_1411,150,20,03/08/2026 14:05
INV_100670,STR_100,PRD_1319,172,46,2026-08-03 14:10:48
INV_100671,STR_110,PRD_1740,71,20,2026-08-03T14:16:22.625508367
INV_100672,STR_110,PRD_2349,141,12,03/08/2026 14:21
INV_100673,STR_101,PRD_1804,66,22,2026-08-03 14:27:30
INV_100674,STR_131,PRD_1416,157,37,2026-08-03 14:33:04
INV_100675,STR_118,PRD_1881,17,47,2026-08-03T14:38:39.034602306
INV_100676,STR_104,PRD_1790,99,43,03/08/2026 14:44
INV_100677,STR_102,PRD_1089,184,37,2026-08-03T14:49:47.239149276
INV_100678,STR_127,PRD_1758,192,11,2026-08-03T14:55:21.341422761
INV_100679,STR_125,PRD_2464,156,11,03/08/2026 15:00
INV_100680,STR_122,PRD_2098,10,46,2026-08-03T15:06:29.545969731
INV_100681,STR_129,PRD_1573,154,25,2026-08-03 15:12:03
INV_100682,STR_107,PRD_2290,119,17,2026-08-03 15:17:37
INV_100683,STR_135,PRD_1962,-5,49,2026-08-03 15:23:11
INV_100684,STR_128,PRD_1935,41,20,2026-08-03 15:28:45
INV_100685,STR_112,PRD_2335,-6,24,2026-08-03 15:34:20
INV_100686,STR_124,PRD_2051,164,13,2026-08-03 15:39:54
INV_100687,STR_121,PRD_2365,32,32,03/08/2026 15:45
INV_100688,STR_145,PRD_1425,85,17,2026-08-03 15:51:02
INV_100689,STR_132,PRD_1882,90,25,2026-08-03 15:56:36
INV_100690,STR_136,PRD_1785,103,25,2026-08-03 16:02:10
INV_100691,STR_106,PRD_1534,29,33,03/08/2026 16:07
INV_100692,STR_122,PRD_2433,128,19,2026-08-03T16:13:18.773251550
INV_100693,STR_105,PRD_1284,198,43,2026-08-03 16:18:52
INV_100694,STR_114,PRD_1621,131,27,2026-08-03 16:24:26
INV_100695,STR_114,PRD_2129,-9,25,2026-08-03 16:30:01
INV_100696,STR_139,PRD_1503,156,45,2026-08-03 16:35:35
INV_100697,STR_133,PRD_1045,180,17,2026-08-03 16:41:09
INV_100698,STR_113,PRD_2470,52,29,2026-08-03 16:46:43
INV_100699,STR_128,PRD_2167,108,32,2026-08-03T16:52:17.489165944
INV_100700,STR_115,PRD_1536,135,49,03/08/2026 16:57
INV_100701,STR_128,PRD_1061,83,23,03/08/2026 17:03
INV_100702,STR_122,PRD_2105,68,25,2026-08-03 17:08:59
INV_100703,STR_109,PRD_1335,118,47,2026-08-03 17:14:33
INV_100704,STR_146,PRD_1210,134,27,2026-08-03T17:20:08.000533368
INV_100705,STR_103,PRD_1399,43,49,2026-08-03T17:25:42.102806853
INV_100706,STR_111,PRD_1708,111,39,03/08/2026 17:31
INV_100707,STR_141,PRD_1346,113,45,2026-08-03 17:36:50
INV_100708,STR_133,PRD_2221,156,45,2026-08-03 17:42:24
INV_100709,STR_103,PRD_1376,165,48,2026-08-03 17:47:58
INV_100710,STR_119,PRD_2185,55,49,2026-08-03 17:53:32
INV_100711,STR_127,PRD_2231,132,10,2026-08-03 17:59:06
INV_100712,STR_127,PRD_1820,11,26,03/08/2026 18:04
INV_100713,STR_105,PRD_1918,9,37,2026-08-03 18:10:14
INV_100714,STR_113,PRD_2450,82,16,2026-08-03T18:15:49.023268217
INV_100715,STR_134,PRD_1043,160,29,2026-08-03 18:21:23
INV_100716,STR_146,PRD_1799,173,33,2026-08-03 18:26:57
INV_100717,STR_100,PRD_2302,141,10,2026-08-03 18:32:31
INV_100718,STR_118,PRD_1786,32,27,2026-08-03 18:38:05
INV_100719,STR_100,PRD_1732,10,35,03/08/2026 18:43
INV_100720,STR_112,PRD_1967,37,23,2026-08-03 18:49:13
INV_100721,STR_107,PRD_2169,55,28,2026-08-03 18:54:47
INV_100722,STR_117,PRD_2092,104,27,2026-08-03 19:00:21
INV_100723,STR_134,PRD_1651,5,16,03/08/2026 19:05
INV_100724,STR_122,PRD_1521,157,11,2026-08-03 19:11:30
INV_100725,STR_149,PRD_1110,10,16,2026-08-03T19:17:04.148276551
INV_100726,STR_8888,PRD_1607,169,37,03/08/2026 19:22
INV_100727,STR_125,PRD_2078,90,37,2026-08-03 19:28:12
INV_100728,STR_140,PRD_2246,-3,26,2026-08-03 19:33:46
INV_100729,STR_137,PRD_1895,195,39,03/08/2026 19:39
INV_100730,STR_119,PRD_1523,99,30,03/08/2026 19:44
INV_100731,STR_101,PRD_1145,172,46,2026-08-03T19:50:28.761917461
INV_100732,STR_125,PRD_1263,75,18,2026-08-03T19:56:02.864190946
INV_100733,STR_135,PRD_1467,199,45,2026-08-03T20:01:36.966464430
INV_100734,STR_124,PRD_1871,47,31,2026-08-03 20:07:11
INV_100735,STR_129,PRD_1958,-6,24,2026-08-03 20:12:45
INV_100736,STR_117,PRD_2210,159,23,2026-08-03 20:18:19
INV_100737,STR_106,PRD_2366,100,36,2026-08-03 20:23:53
INV_100738,STR_126,PRD_2122,98,27,2026-08-03 20:29:27
INV_100739,STR_110,PRD_1678,19,19,2026-08-03 20:35:01
INV_100740,STR_136,PRD_2329,84,31,2026-08-03 20:40:35
INV_100741,STR_107,PRD_2222,-2,32,2026-08-03 20:46:09
INV_100742,STR_110,PRD_1757,84,14,2026-08-03 20:51:43
INV_100743,STR_123,PRD_2177,84,34,2026-08-03 20:57:17
INV_100744,STR_129,PRD_1918,30,10,2026-08-03 21:02:52
INV_100745,STR_129,PRD_2119,40,33,2026-08-03 21:08:26
INV_100746,STR_8888,PRD_1574,174,42,2026-08-03 21:14:00
INV_100747,STR_8888,PRD_1705,190,46,2026-08-03 21:19:34
INV_100748,STR_114,PRD_1833,50,16,03/08/2026 21:25
INV_100749,STR_134,PRD_2382,-5,33,2026-08-03 21:30:42
INV_100750,STR_138,PRD_1813,108,24,03/08/2026 21:36
INV_100751,STR_123,PRD_1398,15,20,2026-08-03 21:41:50
INV_100752,STR_107,PRD_2399,191,26,2026-08-03 21:47:24
INV_100753,STR_142,PRD_1601,-5,32,2026-08-03 21:52:59
INV_100754,STR_141,PRD_1327,42,13,2026-08-03 21:58:33
INV_100755,STR_119,PRD_2295,50,40,2026-08-03 22:04:07
INV_100756,STR_140,PRD_2318,150,43,03/08/2026 22:09
INV_100757,STR_146,PRD_1394,162,19,2026-08-03T22:15:15.421028068
INV_100758,STR_125,PRD_2495,83,46,03/08/2026 22:20
INV_100759,STR_8888,PRD_1547,29,19,2026-08-03 22:26:23
INV_100760,STR_123,PRD_2041,13,20,03/08/2026 22:31
INV_100761,STR_121,PRD_1918,81,40,2026-08-03 22:37:31
INV_100762,STR_104,PRD_1076,34,19,2026-08-03T22:43:05.932395493
INV_100763,STR_114,PRD_2072,27,47,2026-08-03T22:48:40.034668977
INV_100764,STR_135,PRD_2449,146,17,2026-08-03 22:54:14
INV_100765,STR_136,PRD_2017,97,20,2026-08-03 22:59:48
INV_100766,STR_128,PRD_1128,196,29,03/08/2026 23:05
INV_100767,STR_114,PRD_1518,125,33,2026-08-03T23:10:56.443762917
INV_100768,STR_126,PRD_1303,53,16,2026-08-03 23:16:30
INV_100769,STR_148,PRD_2135,76,30,2026-08-03 23:22:04
INV_100770,STR_107,PRD_1724,96,15,2026-08-03T23:27:38.750583372
INV_100771,STR_128,PRD_1911,190,40,2026-08-03 23:33:12
INV_100772,STR_118,PRD_1815,40,21,2026-08-03 23:38:46
INV_100773,STR_130,PRD_1973,192,46,2026-08-03 23:44:21
INV_100774,STR_108,PRD_1818,-5,22,2026-08-03T23:49:55.159677311
INV_100775,STR_109,PRD_1362,164,40,2026-08-03 23:55:29
INV_100776,STR_136,PRD_2089,166,18,04/08/2026 00:01
INV_100777,STR_109,PRD_2054,193,36,2026-08-04 00:06:37
INV_100778,STR_132,PRD_2318,74,26,2026-08-04 00:12:11
INV_100779,STR_124,PRD_1808,149,17,2026-08-04 00:17:45
INV_100780,STR_103,PRD_2342,171,36,2026-08-04 00:23:19
INV_100781,STR_104,PRD_2037,25,49,2026-08-04T00:28:53.875591706
INV_100782,STR_122,PRD_1569,78,24,2026-08-04T00:34:27.977865191
INV_100783,STR_138,PRD_1969,88,48,04/08/2026 00:40
INV_100784,STR_104,PRD_2265,136,15,2026-08-04 00:45:36
INV_100785,STR_8888,PRD_1352,26,41,2026-08-04 00:51:10
INV_100786,STR_107,PRD_2271,6,17,2026-08-04T00:56:44.386959130
INV_100787,STR_116,PRD_1609,197,44,2026-08-04 01:02:18
INV_100788,STR_100,PRD_1467,5,40,04/08/2026 01:07
INV_100789,STR_149,PRD_1923,175,35,2026-08-04 01:13:26
INV_100790,STR_111,PRD_1387,161,33,2026-08-04T01:19:00.796053070
INV_100791,STR_134,PRD_1758,185,11,04/08/2026 01:24
INV_100792,STR_8888,PRD_1441,38,10,04/08/2026 01:30
INV_100793,STR_113,PRD_2365,83,19,2026-08-04 01:35:43
INV_100794,STR_147,PRD_1515,40,32,2026-08-04 01:41:17
INV_100795,STR_117,PRD_1842,-6,42,04/08/2026 01:46
INV_100796,STR_109,PRD_1044,86,46,2026-08-04T01:52:25.409693979
INV_100797,STR_114,PRD_2442,175,20,04/08/2026 01:57
INV_100798,STR_141,PRD_1722,163,29,2026-08-04 02:03:33
INV_100799,STR_132,PRD_1755,172,35,2026-08-04 02:09:07
INV_100800,STR_118,PRD_1202,62,11,2026-08-04 02:14:41
INV_100801,STR_133,PRD_1538,134,34,2026-08-04T02:20:15.921061404
INV_100802,STR_144,PRD_1385,129,13,04/08/2026 02:25
INV_100803,STR_124,PRD_1629,141,28,04/08/2026 02:31
INV_100804,STR_115,PRD_1967,45,22,2026-08-04 02:36:58
INV_100805,STR_107,PRD_1737,172,28,2026-08-04T02:42:32.330155343
INV_100806,STR_134,PRD_1359,111,22,2026-08-04 02:48:06
INV_100807,STR_120,PRD_2491,115,21,2026-08-04 02:53:40
INV_100808,STR_118,PRD_1982,193,11,04/08/2026 02:59
INV_100809,STR_145,PRD_1204,68,46,2026-08-04 03:04:48
INV_100810,STR_110,PRD_2270,5,32,04/08/2026 03:10
INV_100811,STR_143,PRD_1990,115,28,2026-08-04 03:15:56
INV_100812,STR_110,PRD_2072,76,12,2026-08-04 03:21:31
INV_100813,STR_110,PRD_1365,199,33,2026-08-04 03:27:05
INV_100814,STR_121,PRD_1252,11,32,2026-08-04T03:32:39.250616707
INV_100815,STR_120,PRD_1077,99,13,04/08/2026 03:38
INV_100816,STR_126,PRD_1768,161,27,04/08/2026 03:43
INV_100817,STR_117,PRD_1631,84,21,2026-08-04T03:49:21.557437162
INV_100818,STR_141,PRD_1986,32,44,2026-08-04 03:54:55
INV_100819,STR_147,PRD_1416,68,36,2026-08-04T04:00:29.761984132
INV_100820,STR_139,PRD_2058,10,23,2026-08-04 04:06:03
INV_100821,STR_137,PRD_2461,112,40,2026-08-04 04:11:37
INV_100822,STR_129,PRD_1311,-3,12,2026-08-04T04:17:12.068804586
INV_100823,STR_9999,PRD_2166,38,14,2026-08-04 04:22:46
INV_100824,STR_144,PRD_1196,114,38,04/08/2026 04:28
INV_100825,STR_146,PRD_1996,95,48,2026-08-04 04:33:54
INV_100826,STR_144,PRD_1259,123,26,2026-08-04 04:39:28
INV_100827,STR_132,PRD_2389,70,28,04/08/2026 04:45
INV_100828,STR_120,PRD_1595,93,44,2026-08-04 04:50:36
INV_100829,STR_101,PRD_2215,98,42,2026-08-04 04:56:10
INV_100830,STR_112,PRD_1533,164,17,2026-08-04T05:01:44.886992466
INV_100831,STR_101,PRD_1023,153,46,2026-08-04T05:07:18.989265951
INV_100832,STR_142,PRD_1942,114,44,2026-08-04 05:12:53
INV_100833,STR_144,PRD_2098,81,29,04/08/2026 05:18
INV_100834,STR_130,PRD_1922,110,26,2026-08-04 05:24:01
INV_100835,STR_109,PRD_2417,100,22,2026-08-04T05:29:35.398359890
INV_100836,STR_122,PRD_1678,12,13,04/08/2026 05:35
INV_100837,STR_121,PRD_2481,148,39,2026-08-04T05:40:43.602906860
INV_100838,STR_146,PRD_1109,99,15,2026-08-04 05:46:17
INV_100839,STR_128,PRD_1089,64,11,04/08/2026 05:51
INV_100840,STR_132,PRD_1036,51,24,2026-08-04 05:57:25
INV_100841,STR_130,PRD_1821,85,43,2026-08-04 06:03:00
INV_100842,STR_113,PRD_1992,198,29,2026-08-04T06:08:34.114274284
INV_100843,STR_109,PRD_1571,46,25,2026-08-04 06:14:08
INV_100844,STR_117,PRD_1583,91,38,2026-08-04 06:19:42
INV_100845,STR_110,PRD_1306,59,36,04/08/2026 06:25
INV_100846,STR_138,PRD_1061,54,10,2026-08-04T06:30:50.523368224
INV_100847,STR_146,PRD_1304,26,22,04/08/2026 06:36
INV_100848,STR_102,PRD_1178,57,49,2026-08-04T06:41:58.727915194
INV_100849,STR_101,PRD_1539,64,41,2026-08-04T06:47:32.830188679
INV_100850,STR_107,PRD_1931,6,12,04/08/2026 06:53
INV_100851,STR_130,PRD_1931,124,23,2026-08-04T06:58:41.034735649
INV_100852,STR_107,PRD_1844,41,37,2026-08-04 07:04:15
INV_100853,STR_142,PRD_2467,152,35,2026-08-04T07:09:49.239282618
INV_100854,STR_147,PRD_2059,119,30,04/08/2026 07:15
INV_100855,STR_101,PRD_1749,157,20,2026-08-04 07:20:57
INV_100856,STR_121,PRD_2096,26,36,2026-08-04 07:26:31
INV_100857,STR_104,PRD_2053,46,10,2026-08-04 07:32:05
INV_100858,STR_106,PRD_1738,90,42,2026-08-04 07:37:39
INV_100859,STR_119,PRD_2326,-1,27,2026-08-04 07:43:13
INV_100860,STR_127,PRD_2370,193,11,2026-08-04 07:48:47
INV_100861,STR_112,PRD_1796,70,13,04/08/2026 07:54
INV_100862,STR_101,PRD_2088,163,13,2026-08-04T07:59:56.159743982
INV_100863,STR_131,PRD_1746,79,26,04/08/2026 08:05
INV_100864,STR_125,PRD_1626,122,25,2026-08-04 08:11:04
INV_100865,STR_102,PRD_1452,122,18,2026-08-04T08:16:38.466564437
INV_100866,STR_140,PRD_1830,109,35,2026-08-04 08:22:12
INV_100867,STR_141,PRD_1757,91,19,04/08/2026 08:27
INV_100868,STR_112,PRD_1860,16,16,2026-08-04 08:33:20
INV_100869,STR_120,PRD_1818,-6,18,2026-08-04 08:38:54
INV_100870,STR_144,PRD_2392,50,36,2026-08-04 08:44:28
INV_100871,STR_136,PRD_2060,125,41,04/08/2026 08:50
INV_100872,STR_122,PRD_1380,148,32,2026-08-04T08:55:37.182478831
INV_100873,STR_106,PRD_2242,86,36,2026-08-04 09:01:11
INV_100874,STR_116,PRD_1648,138,34,2026-08-04 09:06:45
INV_100875,STR_127,PRD_1245,10,38,04/08/2026 09:12
INV_100876,STR_146,PRD_1250,40,33,2026-08-04 09:17:53
INV_100877,STR_129,PRD_1564,68,25,2026-08-04 09:23:27
INV_100878,STR_104,PRD_1908,48,25,2026-08-04T09:29:01.796119741
INV_100879,STR_123,PRD_2369,-9,37,2026-08-04 09:34:35
INV_100880,STR_106,PRD_1820,147,29,2026-08-04 09:40:10
INV_100881,STR_133,PRD_1714,47,28,2026-08-04T09:45:44.102940196
INV_100882,STR_149,PRD_1471,198,19,2026-08-04 09:51:18
INV_100883,STR_141,PRD_1121,9,35,2026-08-04 09:56:52
INV_100884,STR_132,PRD_2349,157,11,2026-08-04 10:02:26
INV_100885,STR_126,PRD_1780,146,12,2026-08-04T10:08:00.512034135
INV_100886,STR_113,PRD_1747,122,48,2026-08-04 10:13:34
INV_100887,STR_118,PRD_1120,78,11,2026-08-04 10:19:08
INV_100888,STR_147,PRD_1138,127,34,04/08/2026 10:24
INV_100889,STR_9999,PRD_1086,178,13,2026-08-04T10:30:16.921128075
INV_100890,STR_137,PRD_1129,94,24,2026-08-04 10:35:51
INV_100891,STR_111,PRD_1251,101,27,2026-08-04 10:41:25
INV_100892,STR_102,PRD_1786,118,16,2026-08-04 10:46:59
INV_100893,STR_106,PRD_2383,164,36,04/08/2026 10:52
INV_100894,STR_134,PRD_2453,87,27,2026-08-04T10:58:07.432495499
INV_100895,STR_124,PRD_1046,174,16,2026-08-04 11:03:41
INV_100896,STR_148,PRD_1500,3,38,2026-08-04 11:09:15
INV_100897,STR_114,PRD_1424,142,42,04/08/2026 11:14
INV_100898,STR_118,PRD_2398,10,11,04/08/2026 11:20
INV_100899,STR_118,PRD_1964,5,27,2026-08-04 11:25:57
INV_100900,STR_122,PRD_1730,191,32,04/08/2026 11:31
INV_100901,STR_110,PRD_1110,149,15,2026-08-04 11:37:06
INV_100902,STR_120,PRD_2250,162,34,2026-08-04 11:42:40
INV_100903,STR_8888,PRD_2062,53,28,2026-08-04 11:48:14
INV_100904,STR_133,PRD_1134,73,17,2026-08-04 11:53:48
INV_100905,STR_138,PRD_2318,62,46,2026-08-04 11:59:22
INV_100906,STR_9999,PRD_1609,49,35,2026-08-04 12:04:56
INV_100907,STR_106,PRD_2057,87,38,04/08/2026 12:10
INV_100908,STR_141,PRD_1986,136,37,2026-08-04T12:16:04.864324288
INV_100909,STR_143,PRD_1427,36,16,2026-08-04 12:21:38
INV_100910,STR_126,PRD_2091,181,45,2026-08-04T12:27:13.068871258
INV_100911,STR_149,PRD_1198,147,24,2026-08-04 12:32:47
INV_100912,STR_122,PRD_1559,36,42,04/08/2026 12:38
INV_100913,STR_137,PRD_1258,22,14,2026-08-04T12:43:55.375691712
INV_100914,STR_119,PRD_1724,199,38,2026-08-04 12:49:29
INV_100915,STR_126,PRD_1673,10,26,2026-08-04 12:55:03
INV_100916,STR_107,PRD_1136,84,36,2026-08-04 13:00:37
INV_100917,STR_136,PRD_1915,52,26,2026-08-04T13:06:11.784785652
INV_100918,STR_102,PRD_1935,31,13,04/08/2026 13:11
INV_100919,STR_101,PRD_1380,178,21,2026-08-04T13:17:19.989332622
INV_100920,STR_121,PRD_1237,94,32,2026-08-04T13:22:54.091606107
INV_100921,STR_105,PRD_2307,115,20,2026-08-04 13:28:28
INV_100922,STR_138,PRD_1687,104,45,2026-08-04 13:34:02
INV_100923,STR_139,PRD_1457,32,21,2026-08-04T13:39:36.398426561
INV_100924,STR_135,PRD_2158,57,18,04/08/2026 13:45
INV_100925,STR_143,PRD_1081,15,33,2026-08-04 13:50:44
INV_100926,STR_123,PRD_1594,150,27,2026-08-04 13:56:18
INV_100927,STR_111,PRD_1653,97,36,2026-08-04 14:01:52
INV_100928,STR_116,PRD_2232,22,18,2026-08-04 14:07:26
INV_100929,STR_121,PRD_1402,38,42,2026-08-04 14:13:01
INV_100930,STR_118,PRD_1821,73,15,2026-08-04 14:18:35
INV_100931,STR_108,PRD_1187,30,42,2026-08-04 14:24:09
INV_100932,STR_111,PRD_1492,189,49,2026-08-04 14:29:43
INV_100933,STR_131,PRD_1254,25,15,2026-08-04 14:35:17
INV_100934,STR_130,PRD_2346,189,13,2026-08-04 14:40:51
INV_100935,STR_116,PRD_1424,84,12,2026-08-04 14:46:25
INV_100936,STR_122,PRD_2438,108,22,2026-08-04 14:51:59
INV_100937,STR_109,PRD_2190,139,35,2026-08-04 14:57:33
INV_100938,STR_129,PRD_1484,164,43,04/08/2026 15:03
INV_100939,STR_118,PRD_1435,72,22,2026-08-04 15:08:42
INV_100940,STR_125,PRD_1179,9,17,2026-08-04 15:14:16
INV_100941,STR_125,PRD_2094,76,21,2026-08-04 15:19:50
INV_100942,STR_110,PRD_1900,141,17,04/08/2026 15:25
INV_100943,STR_119,PRD_2464,115,28,04/08/2026 15:30
INV_100944,STR_144,PRD_1643,160,19,2026-08-04 15:36:32
INV_100945,STR_103,PRD_1138,89,41,2026-08-04 15:42:06
INV_100946,STR_146,PRD_1786,62,30,04/08/2026 15:47
INV_100947,STR_111,PRD_1101,5,32,2026-08-04 15:53:14
INV_100948,STR_124,PRD_1467,16,36,04/08/2026 15:58
INV_100949,STR_109,PRD_1282,34,34,2026-08-04 16:04:23
INV_100950,STR_121,PRD_2052,154,16,2026-08-04T16:09:57.159810654
INV_100951,STR_106,PRD_1017,2,44,2026-08-04 16:15:31
INV_100952,STR_123,PRD_1755,168,11,04/08/2026 16:21
INV_100953,STR_101,PRD_1686,-9,37,2026-08-04 16:26:39
INV_100954,STR_131,PRD_1600,65,16,04/08/2026 16:32
INV_100955,STR_120,PRD_2043,94,49,2026-08-04 16:37:47
INV_100956,STR_106,PRD_2349,86,21,04/08/2026 16:43
INV_100957,STR_107,PRD_2379,76,26,2026-08-04 16:48:55
INV_100958,STR_9999,PRD_1432,48,31,2026-08-04 16:54:29
INV_100959,STR_137,PRD_2422,3,18,04/08/2026 17:00
INV_100960,STR_120,PRD_2041,92,12,2026-08-04 17:05:38
INV_100961,STR_107,PRD_1375,166,31,04/08/2026 17:11
INV_100962,STR_124,PRD_2363,19,45,2026-08-04T17:16:46.387092472
INV_100963,STR_127,PRD_2173,99,48,04/08/2026 17:22
INV_100964,STR_127,PRD_2010,87,27,2026-08-04 17:27:54
INV_100965,STR_130,PRD_1715,-2,26,2026-08-04 17:33:28
INV_100966,STR_8888,PRD_2256,196,36,2026-08-04 17:39:02
INV_100967,STR_135,PRD_2127,13,44,2026-08-04T17:44:36.898459897
INV_100968,STR_124,PRD_2023,101,41,2026-08-04T17:50:11.000733382
INV_100969,STR_8888,PRD_1736,30,12,04/08/2026 17:55
INV_100970,STR_140,PRD_1220,177,22,2026-08-04 18:01:19
INV_100971,STR_136,PRD_2049,21,26,2026-08-04 18:06:53
INV_100972,STR_137,PRD_2087,164,27,2026-08-04 18:12:27
INV_100973,STR_9999,PRD_1253,10,26,2026-08-04T18:18:01.512100806
INV_100974,STR_111,PRD_2272,159,25,04/08/2026 18:23
INV_100975,STR_136,PRD_1735,59,31,2026-08-04T18:29:09.716647776
INV_100976,STR_136,PRD_1825,100,34,2026-08-04 18:34:43
INV_100977,STR_130,PRD_2154,78,10,2026-08-04 18:40:17
INV_100978,STR_117,PRD_1029,-9,36,2026-08-04 18:45:52
INV_100979,STR_125,PRD_1786,148,23,2026-08-04 18:51:26
INV_100980,STR_105,PRD_1009,45,37,2026-08-04 18:57:00
INV_100981,STR_108,PRD_2112,147,45,04/08/2026 19:02
INV_100982,STR_110,PRD_1429,180,41,04/08/2026 19:08
INV_100983,STR_130,PRD_2170,4,38,2026-08-04 19:13:42
INV_100984,STR_145,PRD_2150,7,26,04/08/2026 19:19
INV_100985,STR_101,PRD_1697,21,37,2026-08-04 19:24:50
INV_100986,STR_128,PRD_1123,3,30,04/08/2026 19:30
INV_100987,STR_145,PRD_2364,179,33,2026-08-04 19:35:58
INV_100988,STR_9999,PRD_1050,199,44,2026-08-04 19:41:33
INV_100989,STR_141,PRD_1397,41,29,04/08/2026 19:47
INV_100990,STR_104,PRD_1313,11,31,2026-08-04 19:52:41
INV_100991,STR_122,PRD_1647,3,13,2026-08-04 19:58:15
INV_100992,STR_135,PRD_1513,195,25,2026-08-04T20:03:49.455297019
INV_100993,STR_106,PRD_1501,23,30,2026-08-04 20:09:23
INV_100994,STR_112,PRD_1529,75,30,2026-08-04 20:14:57
INV_100995,STR_141,PRD_1696,197,49,2026-08-04T20:20:31.762117474
INV_100996,STR_109,PRD_1733,45,20,2026-08-04 20:26:05
INV_100997,STR_135,PRD_1859,170,46,2026-08-04 20:31:39
INV_100998,STR_115,PRD_1418,166,31,2026-08-04 20:37:14
INV_100999,STR_114,PRD_1193,52,29,2026-08-04 20:42:48
INV_101000,STR_142,PRD_1311,133,11,04/08/2026 20:48
INV_101001,STR_118,PRD_1995,69,20,2026-08-04 20:53:56
INV_101002,STR_120,PRD_1721,29,30,04/08/2026 20:59
INV_101003,STR_134,PRD_2322,27,42,2026-08-04 21:05:04
INV_101004,STR_114,PRD_2352,135,26,2026-08-04 21:10:38
INV_101005,STR_147,PRD_1475,12,45,2026-08-04 21:16:12
INV_101006,STR_113,PRD_1583,99,23,2026-08-04 21:21:46
INV_101007,STR_128,PRD_1116,37,46,2026-08-04T21:27:20.989399293
INV_101008,STR_104,PRD_1263,71,40,2026-08-04 21:32:55
INV_101009,STR_148,PRD_1020,163,13,2026-08-04 21:38:29
INV_101010,STR_117,PRD_1476,102,15,2026-08-04 21:44:03
INV_101011,STR_9999,PRD_1548,11,30,2026-08-04 21:49:37
INV_101012,STR_100,PRD_2196,114,22,2026-08-04 21:55:11
INV_101013,STR_126,PRD_1947,43,47,2026-08-04 22:00:45
INV_101014,STR_126,PRD_2020,29,24,04/08/2026 22:06
INV_101015,STR_124,PRD_2085,19,14,2026-08-04T22:11:53.807587172
INV_101016,STR_140,PRD_1205,172,47,2026-08-04 22:17:27
INV_101017,STR_120,PRD_1630,173,33,2026-08-04 22:23:02
INV_101018,STR_113,PRD_1178,31,27,2026-08-04 22:28:36
INV_101019,STR_8888,PRD_1887,159,38,04/08/2026 22:34
INV_101020,STR_119,PRD_1341,179,41,2026-08-04 22:39:44
INV_101021,STR_127,PRD_1439,199,16,2026-08-04 22:45:18
INV_101022,STR_120,PRD_2098,116,39,2026-08-04 22:50:52
INV_101023,STR_122,PRD_1289,170,47,2026-08-04T22:56:26.625775051
INV_101024,STR_110,PRD_1556,71,35,2026-08-04 23:02:00
INV_101025,STR_101,PRD_2167,42,17,2026-08-04 23:07:34
INV_101026,STR_119,PRD_1648,181,34,2026-08-04 23:13:08
INV_101027,STR_123,PRD_1207,-10,39,2026-08-04T23:18:43.034868991
INV_101028,STR_124,PRD_1271,95,33,2026-08-04 23:24:17
INV_101029,STR_136,PRD_1414,196,39,2026-08-04T23:29:51.239415961
INV_101030,STR_121,PRD_2420,186,14,2026-08-04 23:35:25
INV_101031,STR_123,PRD_1383,16,13,2026-08-04 23:40:59
INV_101032,STR_114,PRD_2284,6,18,2026-08-04T23:46:33.546236415
INV_101033,STR_111,PRD_1890,52,42,2026-08-04T23:52:07.648509900
INV_101034,STR_145,PRD_2190,117,38,04/08/2026 23:57
INV_101035,STR_130,PRD_2041,158,40,2026-08-05T00:03:15.853056870
INV_101036,STR_142,PRD_1659,110,28,2026-08-05T00:08:49.955330355
INV_101037,STR_130,PRD_1246,175,11,05/08/2026 00:14
INV_101038,STR_129,PRD_2319,111,29,2026-08-05T00:19:58.159877325
INV_101039,STR_140,PRD_1413,174,21,2026-08-05 00:25:32
INV_101040,STR_119,PRD_2343,116,30,2026-08-05 00:31:06
INV_101041,STR_107,PRD_1714,155,40,2026-08-05T00:36:40.466697779
INV_101042,STR_143,PRD_1180,111,45,2026-08-05T00:42:14.568971264
INV_101043,STR_129,PRD_2319,55,29,05/08/2026 00:47
INV_101044,STR_134,PRD_1943,162,29,2026-08-05 00:53:22
INV_101045,STR_120,PRD_1892,12,45,2026-08-05 00:58:56
INV_101046,STR_146,PRD_1060,137,27,2026-08-05 01:04:30
INV_101047,STR_139,PRD_2232,25,15,05/08/2026 01:10
INV_101048,STR_127,PRD_1165,159,42,05/08/2026 01:15
INV_101049,STR_138,PRD_2008,139,19,05/08/2026 01:21
INV_101050,STR_116,PRD_2323,177,27,2026-08-05 01:26:47
INV_101051,STR_111,PRD_1654,0,43,2026-08-05 01:32:21
INV_101052,STR_8888,PRD_1350,17,24,2026-08-05 01:37:55
INV_101053,STR_149,PRD_2084,34,12,2026-08-05T01:43:29.693979598
INV_101054,STR_117,PRD_1262,113,17,2026-08-05T01:49:03.796253083
INV_101055,STR_146,PRD_1123,111,20,2026-08-05 01:54:37
INV_101056,STR_127,PRD_2261,139,41,2026-08-05 02:00:12
INV_101057,STR_102,PRD_1931,70,26,2026-08-05 02:05:46
INV_101058,STR_9999,PRD_2113,180,39,2026-08-05 02:11:20
INV_101059,STR_114,PRD_1138,148,17,2026-08-05T02:16:54.307620508
INV_101060,STR_115,PRD_2385,0,49,2026-08-05 02:22:28
INV_101061,STR_121,PRD_2436,25,16,2026-08-05 02:28:02
INV_101062,STR_148,PRD_1859,67,29,2026-08-05 02:33:36
INV_101063,STR_130,PRD_2116,24,21,2026-08-05 02:39:10
INV_101064,STR_130,PRD_1133,116,30,05/08/2026 02:44
INV_101065,STR_100,PRD_2227,140,37,2026-08-05 02:50:18
INV_101066,STR_110,PRD_1818,18,37,2026-08-05T02:55:53.023534902
INV_101067,STR_105,PRD_2061,140,25,2026-08-05 03:01:27
INV_101068,STR_122,PRD_2017,113,19,2026-08-05 03:07:01
INV_101069,STR_108,PRD_1456,5,31,2026-08-05T03:12:35.330355357
INV_101070,STR_8888,PRD_1437,92,16,2026-08-05 03:18:09
INV_101071,STR_115,PRD_1679,73,13,2026-08-05 03:23:43
INV_101072,STR_137,PRD_1646,136,33,2026-08-05 03:29:17
INV_101073,STR_143,PRD_1621,85,43,2026-08-05 03:34:51
INV_101074,STR_118,PRD_2247,180,23,2026-08-05 03:40:25
INV_101075,STR_144,PRD_2191,39,26,2026-08-05 03:45:59
INV_101076,STR_112,PRD_2130,190,17,2026-08-05T03:51:34.046269751
INV_101077,STR_131,PRD_2403,32,22,05/08/2026 03:57
INV_101078,STR_135,PRD_1023,8,16,2026-08-05 04:02:42
INV_101079,STR_108,PRD_1808,102,12,05/08/2026 04:08
INV_101080,STR_145,PRD_2330,110,33,2026-08-05 04:13:50
INV_101081,STR_145,PRD_1934,7,33,05/08/2026 04:19
INV_101082,STR_148,PRD_2381,123,16,2026-08-05 04:24:58
INV_101083,STR_136,PRD_1369,24,39,2026-08-05 04:30:32
INV_101084,STR_130,PRD_1996,3,14,05/08/2026 04:36
INV_101085,STR_130,PRD_1170,53,49,2026-08-05 04:41:40
INV_101086,STR_118,PRD_1221,126,30,05/08/2026 04:47
INV_101087,STR_101,PRD_1442,152,17,2026-08-05 04:52:49
INV_101088,STR_144,PRD_2176,-9,16,2026-08-05 04:58:23
INV_101089,STR_131,PRD_1861,-5,48,2026-08-05 05:03:57
INV_101090,STR_142,PRD_1375,88,11,2026-08-05T05:09:31.478098539
INV_101091,STR_133,PRD_1280,110,21,2026-08-05 05:15:05
INV_101092,STR_100,PRD_1712,142,37,2026-08-05 05:20:39
INV_101093,STR_120,PRD_2242,62,28,2026-08-05 05:26:13
INV_101094,STR_102,PRD_1957,167,37,2026-08-05T05:31:47.887192479
INV_101095,STR_126,PRD_1810,124,44,2026-08-05 05:37:21
INV_101096,STR_143,PRD_1826,52,21,2026-08-05 05:42:56
INV_101097,STR_106,PRD_1485,145,37,2026-08-05 05:48:30
INV_101098,STR_132,PRD_1334,-9,35,2026-08-05 05:54:04
INV_101099,STR_108,PRD_1741,54,47,2026-08-05 05:59:38
INV_101100,STR_129,PRD_1409,90,15,2026-08-05T06:05:12.500833388
INV_101101,STR_117,PRD_1053,176,28,2026-08-05 06:10:46
INV_101102,STR_125,PRD_1700,141,36,2026-08-05T06:16:20.705380358
INV_101103,STR_119,PRD_2098,179,18,2026-08-05 06:21:54
INV_101104,STR_137,PRD_1348,188,19,2026-08-05 06:27:28
INV_101105,STR_140,PRD_1974,27,19,05/08/2026 06:33
INV_101106,STR_130,PRD_1392,51,42,05/08/2026 06:38
INV_101107,STR_107,PRD_1553,182,27,2026-08-05T06:44:11.216747783
INV_101108,STR_122,PRD_2180,108,19,2026-08-05T06:49:45.319021268
INV_101109,STR_149,PRD_1846,168,16,05/08/2026 06:55
INV_101110,STR_124,PRD_1080,41,49,2026-08-05 07:00:53
INV_101111,STR_146,PRD_2231,99,41,2026-08-05T07:06:27.625841722
INV_101112,STR_100,PRD_1825,63,15,2026-08-05 07:12:01
INV_101113,STR_145,PRD_2109,87,28,05/08/2026 07:17
INV_101114,STR_117,PRD_1743,52,43,2026-08-05 07:23:09
INV_101115,STR_118,PRD_2470,128,14,2026-08-05T07:28:44.034935662
INV_101116,STR_9999,PRD_1176,37,28,2026-08-05 07:34:18
INV_101117,STR_141,PRD_1510,90,23,05/08/2026 07:39
INV_101118,STR_8888,PRD_1138,171,19,2026-08-05 07:45:26
INV_101119,STR_105,PRD_2125,167,20,2026-08-05 07:51:00
INV_101120,STR_116,PRD_1472,63,40,05/08/2026 07:56
INV_101121,STR_145,PRD_1541,27,11,2026-08-05 08:02:08
INV_101122,STR_144,PRD_1193,125,19,2026-08-05 08:07:42
INV_101123,STR_107,PRD_1485,-5,30,2026-08-05 08:13:16
INV_101124,STR_141,PRD_2337,57,10,2026-08-05 08:18:50
INV_101125,STR_108,PRD_1804,186,40,2026-08-05T08:24:25.057670511
INV_101126,STR_136,PRD_1246,123,20,2026-08-05 08:29:59
INV_101127,STR_126,PRD_1629,100,19,05/08/2026 08:35
INV_101128,STR_135,PRD_1437,21,29,2026-08-05 08:41:07
INV_101129,STR_105,PRD_1072,27,30,2026-08-05 08:46:41
INV_101130,STR_105,PRD_2092,104,46,2026-08-05 08:52:15
INV_101131,STR_144,PRD_1753,174,46,05/08/2026 08:57
INV_101132,STR_103,PRD_2175,98,23,2026-08-05T09:03:23.773584905
INV_101133,STR_121,PRD_1830,53,14,2026-08-05T09:08:57.875858390
INV_101134,STR_139,PRD_1093,43,15,2026-08-05 09:14:31
INV_101135,STR_126,PRD_1434,102,33,2026-08-05 09:20:06
INV_101136,STR_136,PRD_2454,3,25,2026-08-05T09:25:40.182678845
INV_101137,STR_101,PRD_1456,53,32,2026-08-05 09:31:14
INV_101138,STR_108,PRD_2453,167,47,2026-08-05 09:36:48
INV_101139,STR_110,PRD_1228,164,25,2026-08-05 09:42:22
INV_101140,STR_119,PRD_1029,43,22,05/08/2026 09:47
INV_101141,STR_8888,PRD_1334,8,17,2026-08-05 09:53:30
INV_101142,STR_142,PRD_1659,192,47,2026-08-05T09:59:04.796319754
INV_101143,STR_138,PRD_1568,156,41,2026-08-05T10:04:38.898593239
INV_101144,STR_113,PRD_1176,182,31,2026-08-05 10:10:13
INV_101145,STR_125,PRD_1823,115,26,2026-08-05 10:15:47
INV_101146,STR_137,PRD_1567,49,14,05/08/2026 10:21
INV_101147,STR_129,PRD_1408,150,17,2026-08-05T10:26:55.307687179
INV_101148,STR_135,PRD_1776,21,39,2026-08-05T10:32:29.409960664
INV_101149,STR_137,PRD_2260,25,28,2026-08-05 10:38:03
INV_101150,STR_134,PRD_2301,141,21,2026-08-05 10:43:37
INV_101151,STR_105,PRD_1076,160,34,2026-08-05 10:49:11
INV_101152,STR_102,PRD_1932,188,22,2026-08-05 10:54:45
INV_101153,STR_100,PRD_1635,188,13,2026-08-05 11:00:19
INV_101154,STR_117,PRD_1539,35,19,2026-08-05 11:05:54
INV_101155,STR_122,PRD_2181,164,37,05/08/2026 11:11
INV_101156,STR_131,PRD_2190,186,14,05/08/2026 11:17
INV_101157,STR_128,PRD_2208,3,37,05/08/2026 11:22
INV_101158,STR_122,PRD_2412,162,40,2026-08-05 11:28:10
INV_101159,STR_135,PRD_1011,169,25,2026-08-05 11:33:44
INV_101160,STR_105,PRD_1168,107,32,2026-08-05 11:39:18
INV_101161,STR_116,PRD_1830,39,38,2026-08-05 11:44:52
INV_101162,STR_117,PRD_2449,54,30,05/08/2026 11:50
INV_101163,STR_130,PRD_1448,66,11,2026-08-05T11:56:00.944062937
INV_101164,STR_105,PRD_1448,53,32,2026-08-05T12:01:35.046336422
INV_101165,STR_133,PRD_2129,12,25,2026-08-05 12:07:09
INV_101166,STR_143,PRD_1426,114,20,2026-08-05T12:12:43.250883392
INV_101167,STR_143,PRD_1955,73,18,05/08/2026 12:18
INV_101168,STR_126,PRD_1915,188,11,2026-08-05 12:23:51
INV_101169,STR_135,PRD_2121,59,27,2026-08-05 12:29:25
INV_101170,STR_147,PRD_1630,176,22,2026-08-05 12:34:59
INV_101171,STR_8888,PRD_1225,62,17,2026-08-05 12:40:33
INV_101172,STR_141,PRD_1446,81,19,2026-08-05 12:46:07
INV_101173,STR_124,PRD_2499,63,36,2026-08-05 12:51:41
INV_101174,STR_109,PRD_1202,171,26,2026-08-05 12:57:16
INV_101175,STR_138,PRD_1967,188,33,05/08/2026 13:02
INV_101176,STR_145,PRD_1674,143,30,05/08/2026 13:08
INV_101177,STR_138,PRD_2320,33,10,2026-08-05T13:13:58.375891726
INV_101178,STR_111,PRD_1633,65,25,2026-08-05 13:19:32
INV_101179,STR_110,PRD_1015,130,42,2026-08-05 13:25:06
INV_101180,STR_148,PRD_2401,171,15,05/08/2026 13:30
INV_101181,STR_142,PRD_2359,108,21,2026-08-05 13:36:14
INV_101182,STR_102,PRD_1617,29,41,2026-08-05 13:41:48
INV_101183,STR_9999,PRD_2043,-7,20,05/08/2026 13:47
INV_101184,STR_121,PRD_1439,170,27,2026-08-05 13:52:57
INV_101185,STR_103,PRD_2267,118,11,2026-08-05 13:58:31
INV_101186,STR_107,PRD_2267,-5,41,2026-08-05 14:04:05
INV_101187,STR_113,PRD_1970,44,29,2026-08-05 14:09:39
INV_101188,STR_119,PRD_1391,55,30,2026-08-05 14:15:13
INV_101189,STR_123,PRD_1723,107,45,2026-08-05 14:20:47
INV_101190,STR_113,PRD_1735,135,47,2026-08-05T14:26:21.705447029
INV_101191,STR_127,PRD_2285,18,36,2026-08-05T14:31:55.807720514
INV_101192,STR_115,PRD_1219,42,20,2026-08-05 14:37:29
INV_101193,STR_131,PRD_2031,150,27,2026-08-05 14:43:04
INV_101194,STR_146,PRD_1445,120,26,2026-08-05 14:48:38
INV_101195,STR_111,PRD_1013,137,43,05/08/2026 14:54
INV_101196,STR_115,PRD_1386,121,35,2026-08-05T14:59:46.319087939
INV_101197,STR_8888,PRD_1641,71,15,2026-08-05T15:05:20.421361424
INV_101198,STR_118,PRD_2045,125,39,2026-08-05 15:10:54
INV_101199,STR_104,PRD_1224,94,48,2026-08-05 15:16:28
INV_101200,STR_111,PRD_1234,75,41,2026-08-05T15:22:02.728181878
INV_101201,STR_128,PRD_2364,72,26,2026-08-05T15:27:36.830455363
INV_101202,STR_104,PRD_1999,145,22,2026-08-05T15:33:10.932728848
INV_101203,STR_141,PRD_1710,183,22,2026-08-05 15:38:45
INV_101204,STR_116,PRD_2157,62,15,05/08/2026 15:44
INV_101205,STR_146,PRD_2201,88,31,2026-08-05T15:49:53.239549303
INV_101206,STR_107,PRD_1791,15,42,2026-08-05 15:55:27
INV_101207,STR_139,PRD_1436,23,42,2026-08-05 16:01:01
INV_101208,STR_139,PRD_2074,60,13,2026-08-05T16:06:35.546369758
INV_101209,STR_129,PRD_2466,83,23,2026-08-05T16:12:09.648643242
INV_101210,STR_109,PRD_1580,166,44,05/08/2026 16:17
INV_101211,STR_119,PRD_2304,78,36,05/08/2026 16:23
INV_101212,STR_144,PRD_2067,166,15,2026-08-05 16:28:51
INV_101213,STR_115,PRD_1686,190,10,05/08/2026 16:34
INV_101214,STR_140,PRD_1364,16,37,2026-08-05 16:40:00
INV_101215,STR_115,PRD_1268,182,38,2026-08-05 16:45:34
INV_101216,STR_141,PRD_2316,22,41,05/08/2026 16:51
INV_101217,STR_102,PRD_2217,61,37,2026-08-05 16:56:42
INV_101218,STR_122,PRD_2394,38,36,2026-08-05 17:02:16
INV_101219,STR_121,PRD_1077,52,19,2026-08-05 17:07:50
INV_101220,STR_127,PRD_1188,149,27,05/08/2026 17:13
INV_101221,STR_145,PRD_2413,8,13,05/08/2026 17:18
INV_101222,STR_144,PRD_2048,167,47,2026-08-05 17:24:32
INV_101223,STR_135,PRD_2325,11,41,05/08/2026 17:30
INV_101224,STR_103,PRD_1670,79,14,05/08/2026 17:35
INV_101225,STR_137,PRD_1357,56,31,05/08/2026 17:41
INV_101226,STR_123,PRD_1958,126,31,2026-08-05 17:46:49
INV_101227,STR_118,PRD_2117,152,11,2026-08-05 17:52:23
INV_101228,STR_110,PRD_1335,60,43,2026-08-05 17:57:57
INV_101229,STR_139,PRD_2187,68,11,2026-08-05 18:03:31
INV_101230,STR_145,PRD_1902,121,45,2026-08-05T18:09:05.796386425
INV_101231,STR_139,PRD_1340,26,49,2026-08-05 18:14:39
INV_101232,STR_145,PRD_1833,17,17,05/08/2026 18:20
INV_101233,STR_138,PRD_1566,126,42,2026-08-05T18:25:48.103206880
INV_101234,STR_117,PRD_1071,24,42,2026-08-05 18:31:22
INV_101235,STR_111,PRD_2065,101,13,05/08/2026 18:36
INV_101236,STR_113,PRD_1410,142,27,2026-08-05 18:42:30
INV_101237,STR_146,PRD_1897,-2,28,05/08/2026 18:48
INV_101238,STR_117,PRD_1837,178,19,2026-08-05 18:53:38
INV_101239,STR_143,PRD_1643,41,39,05/08/2026 18:59
INV_101240,STR_141,PRD_1020,134,31,05/08/2026 19:04
INV_101241,STR_111,PRD_2024,193,48,2026-08-05 19:10:20
INV_101242,STR_139,PRD_1677,-2,47,2026-08-05 19:15:55
INV_101243,STR_126,PRD_2099,43,10,2026-08-05 19:21:29
INV_101244,STR_105,PRD_1602,122,39,2026-08-05 19:27:03
INV_101245,STR_123,PRD_2421,180,14,2026-08-05 19:32:37
INV_101246,STR_9999,PRD_1087,113,35,2026-08-05 19:38:11
INV_101247,STR_132,PRD_1016,164,40,2026-08-05 19:43:45
INV_101248,STR_144,PRD_2352,98,48,2026-08-05T19:49:19.637309153
INV_101249,STR_115,PRD_1942,136,21,05/08/2026 19:54
INV_101250,STR_149,PRD_2233,55,26,2026-08-05 20:00:27
INV_101251,STR_111,PRD_1823,34,27,2026-08-05T20:06:01.944129608
INV_101252,STR_130,PRD_1382,60,11,2026-08-05 20:11:36
INV_101253,STR_136,PRD_1639,190,33,2026-08-05 20:17:10
INV_101254,STR_112,PRD_2169,95,37,2026-08-05T20:22:44.250950063
INV_101255,STR_107,PRD_1452,22,48,2026-08-05 20:28:18
INV_101256,STR_137,PRD_1815,107,19,2026-08-05 20:33:52
INV_101257,STR_102,PRD_2416,69,42,2026-08-05T20:39:26.557770518
INV_101258,STR_119,PRD_1309,160,33,2026-08-05T20:45:00.660044002
INV_101259,STR_103,PRD_1930,77,20,2026-08-05 20:50:34
INV_101260,STR_143,PRD_1491,189,17,2026-08-05 20:56:08
INV_101261,STR_144,PRD_1759,83,36,2026-08-05T21:01:42.966864457
INV_101262,STR_101,PRD_2453,143,35,2026-08-05T21:07:17.069137942
INV_101263,STR_9999,PRD_1000,34,21,05/08/2026 21:12
INV_101264,STR_135,PRD_1040,24,44,2026-08-05 21:18:25
INV_101265,STR_122,PRD_1671,70,24,2026-08-05T21:23:59.375958397
INV_101266,STR_144,PRD_1211,170,30,2026-08-05 21:29:33
INV_101267,STR_118,PRD_2356,91,46,2026-08-05T21:35:07.580505367
INV_101268,STR_139,PRD_2469,-1,39,2026-08-05T21:40:41.682778851
INV_101269,STR_107,PRD_1303,30,14,05/08/2026 21:46
INV_101270,STR_115,PRD_1690,103,26,2026-08-05 21:51:49
INV_101271,STR_142,PRD_2177,115,35,2026-08-05T21:57:23.989599306
INV_101272,STR_117,PRD_1615,6,43,2026-08-05 22:02:58
INV_101273,STR_135,PRD_1522,116,42,2026-08-05 22:08:32
INV_101274,STR_123,PRD_1024,60,27,2026-08-05T22:14:06.296419761
INV_101275,STR_100,PRD_1807,183,34,2026-08-05 22:19:40
INV_101276,STR_100,PRD_1024,0,39,2026-08-05 22:25:14
INV_101277,STR_145,PRD_1595,52,46,2026-08-05 22:30:48
INV_101278,STR_135,PRD_2129,184,29,2026-08-05 22:36:22
INV_101279,STR_110,PRD_2142,163,11,05/08/2026 22:41
INV_101280,STR_117,PRD_1107,9,22,2026-08-05 22:47:30
INV_101281,STR_115,PRD_2353,130,49,05/08/2026 22:53
INV_101282,STR_116,PRD_1179,6,29,2026-08-05T22:58:39.114607640
INV_101283,STR_123,PRD_1880,149,15,2026-08-05 23:04:13
INV_101284,STR_133,PRD_1130,87,20,2026-08-05 23:09:47
INV_101285,STR_103,PRD_1602,74,34,05/08/2026 23:15
INV_101286,STR_134,PRD_1752,5,19,2026-08-05 23:20:55
INV_101287,STR_114,PRD_1758,12,40,2026-08-05 23:26:29
INV_101288,STR_101,PRD_1167,128,13,2026-08-05 23:32:03
INV_101289,STR_9999,PRD_1222,113,34,05/08/2026 23:37
INV_101290,STR_130,PRD_1468,131,37,2026-08-05 23:43:11
INV_101291,STR_108,PRD_1277,184,33,05/08/2026 23:48
INV_101292,STR_109,PRD_1189,60,44,2026-08-05 23:54:20
INV_101293,STR_124,PRD_1530,162,14,05/08/2026 23:59
INV_101294,STR_9999,PRD_1620,192,42,06/08/2026 00:05
INV_101295,STR_104,PRD_2213,22,20,2026-08-06 00:11:02
INV_101296,STR_113,PRD_1217,34,17,06/08/2026 00:16
INV_101297,STR_141,PRD_2322,171,30,06/08/2026 00:22
INV_101298,STR_147,PRD_2334,40,41,06/08/2026 00:27
INV_101299,STR_137,PRD_1235,104,14,06/08/2026 00:33
INV_101300,STR_139,PRD_1167,113,43,2026-08-06 00:38:52
INV_101301,STR_101,PRD_1779,76,18,2026-08-06 00:44:27
INV_101302,STR_117,PRD_1192,140,47,2026-08-06T00:50:01.160077338
INV_101303,STR_128,PRD_1241,18,41,2026-08-06 00:55:35
INV_101304,STR_119,PRD_2185,-5,19,2026-08-06 01:01:09
INV_101305,STR_107,PRD_2362,156,21,2026-08-06 01:06:43
INV_101306,STR_136,PRD_1790,122,44,06/08/2026 01:12
INV_101307,STR_148,PRD_1454,85,48,2026-08-06T01:17:51.671444763
INV_101308,STR_147,PRD_2158,157,27,06/08/2026 01:23
INV_101309,STR_125,PRD_1192,79,32,2026-08-06 01:28:59
INV_101310,STR_136,PRD_2425,195,21,2026-08-06T01:34:33.978265217
INV_101311,STR_148,PRD_1391,71,40,2026-08-06 01:40:08
INV_101312,STR_103,PRD_1600,10,20,2026-08-06 01:45:42
INV_101313,STR_132,PRD_2065,48,43,2026-08-06 01:51:16
INV_101314,STR_121,PRD_1092,137,36,2026-08-06 01:56:50
INV_101315,STR_105,PRD_2238,13,30,2026-08-06 02:02:24
INV_101316,STR_132,PRD_1348,120,19,2026-08-06 02:07:58
INV_101317,STR_127,PRD_1512,75,22,2026-08-06 02:13:32
INV_101318,STR_123,PRD_2358,61,34,2026-08-06 02:19:06
INV_101319,STR_103,PRD_2422,99,22,06/08/2026 02:24
INV_101320,STR_101,PRD_1923,46,15,2026-08-06 02:30:15
INV_101321,STR_112,PRD_2187,99,44,2026-08-06T02:35:49.103273551
INV_101322,STR_145,PRD_1105,82,37,2026-08-06 02:41:23
INV_101323,STR_148,PRD_2255,60,29,2026-08-06T02:46:57.307820521
INV_101324,STR_110,PRD_1991,59,29,2026-08-06 02:52:31
INV_101325,STR_134,PRD_1716,59,13,2026-08-06 02:58:05
INV_101326,STR_138,PRD_2200,65,29,2026-08-06T03:03:39.614640976
INV_101327,STR_109,PRD_2317,180,14,2026-08-06 03:09:13
INV_101328,STR_142,PRD_2288,36,31,2026-08-06 03:14:47
INV_101329,STR_109,PRD_1787,78,33,2026-08-06 03:20:21
INV_101330,STR_107,PRD_2293,8,26,2026-08-06T03:25:56.023734915
INV_101331,STR_104,PRD_2235,130,14,2026-08-06T03:31:30.126008400
INV_101332,STR_122,PRD_2186,34,35,06/08/2026 03:37
INV_101333,STR_133,PRD_1822,149,45,2026-08-06T03:42:38.330555370
INV_101334,STR_146,PRD_1916,147,17,06/08/2026 03:48
INV_101335,STR_131,PRD_2076,74,18,2026-08-06 03:53:46
INV_101336,STR_115,PRD_2256,115,26,2026-08-06T03:59:20.637375825
INV_101337,STR_103,PRD_2461,159,17,2026-08-06 04:04:54
INV_101338,STR_127,PRD_1853,98,14,2026-08-06 04:10:28
INV_101339,STR_147,PRD_1682,97,19,2026-08-06T04:16:02.944196279
INV_101340,STR_143,PRD_2022,61,23,2026-08-06 04:21:37
INV_101341,STR_113,PRD_1950,159,36,06/08/2026 04:27
INV_101342,STR_111,PRD_1043,124,36,2026-08-06T04:32:45.251016734
INV_101343,STR_120,PRD_1602,120,14,2026-08-06 04:38:19
INV_101344,STR_147,PRD_1632,26,24,06/08/2026 04:43
INV_101345,STR_115,PRD_1091,-8,37,06/08/2026 04:49
INV_101346,STR_143,PRD_1758,135,14,06/08/2026 04:55
INV_101347,STR_101,PRD_1730,113,31,2026-08-06 05:00:35
INV_101348,STR_122,PRD_1953,159,21,2026-08-06 05:06:09
INV_101349,STR_128,PRD_2461,126,17,06/08/2026 05:11
INV_101350,STR_145,PRD_1336,174,10,2026-08-06T05:17:18.069204613
INV_101351,STR_142,PRD_2317,141,44,2026-08-06 05:22:52
INV_101352,STR_108,PRD_1699,-4,25,06/08/2026 05:28
INV_101353,STR_106,PRD_1924,86,39,06/08/2026 05:34
INV_101354,STR_128,PRD_1679,159,19,2026-08-06T05:39:34.478298553
INV_101355,STR_143,PRD_1966,87,43,06/08/2026 05:45
INV_101356,STR_116,PRD_1263,91,20,2026-08-06 05:50:42
INV_101357,STR_108,PRD_1104,175,29,2026-08-06 05:56:16
INV_101358,STR_105,PRD_1223,91,16,2026-08-06 06:01:50
INV_101359,STR_143,PRD_2442,45,30,2026-08-06 06:07:24
INV_101360,STR_119,PRD_1977,175,20,2026-08-06T06:12:59.091939462
INV_101361,STR_109,PRD_1114,135,46,2026-08-06T06:18:33.194212947
INV_101362,STR_108,PRD_1890,156,32,2026-08-06T06:24:07.296486432
INV_101363,STR_111,PRD_2258,39,40,2026-08-06 06:29:41
INV_101364,STR_132,PRD_2297,150,27,2026-08-06 06:35:15
INV_101365,STR_131,PRD_2253,17,33,2026-08-06 06:40:49
INV_101366,STR_133,PRD_1728,173,31,2026-08-06 06:46:23
INV_101367,STR_118,PRD_1033,14,46,2026-08-06 06:51:57
INV_101368,STR_132,PRD_2411,131,10,2026-08-06 06:57:31
INV_101369,STR_147,PRD_1894,172,15,2026-08-06T07:03:06.012400826
INV_101370,STR_115,PRD_1461,73,47,2026-08-06 07:08:40
INV_101371,STR_149,PRD_1448,124,38,06/08/2026 07:14
INV_101372,STR_149,PRD_1828,121,20,2026-08-06 07:19:48
INV_101373,STR_122,PRD_2237,147,25,2026-08-06 07:25:22
INV_101374,STR_125,PRD_2069,51,15,06/08/2026 07:30
INV_101375,STR_144,PRD_1404,174,10,2026-08-06T07:36:30.626041736
INV_101376,STR_143,PRD_1332,154,44,2026-08-06 07:42:04
INV_101377,STR_140,PRD_1239,172,33,2026-08-06 07:47:38
INV_101378,STR_136,PRD_2277,74,47,2026-08-06T07:53:12.932862190
INV_101379,STR_108,PRD_1227,54,12,2026-08-06T07:58:47.035135675
INV_101380,STR_129,PRD_1732,41,49,2026-08-06 08:04:21
INV_101381,STR_112,PRD_1890,-8,11,06/08/2026 08:09
INV_101382,STR_147,PRD_1165,66,24,2026-08-06 08:15:29
INV_101383,STR_141,PRD_1584,124,31,2026-08-06 08:21:03
INV_101384,STR_115,PRD_1736,59,13,2026-08-06T08:26:37.546503100
INV_101385,STR_145,PRD_1597,59,33,2026-08-06 08:32:11
INV_101386,STR_101,PRD_1592,151,28,2026-08-06 08:37:45
INV_101387,STR_130,PRD_1726,85,39,06/08/2026 08:43
INV_101388,STR_9999,PRD_2413,5,31,2026-08-06 08:48:53
INV_101389,STR_142,PRD_2446,125,48,2026-08-06T08:54:28.057870524
INV_101390,STR_118,PRD_1924,138,49,2026-08-06 09:00:02
INV_101391,STR_110,PRD_2434,110,36,2026-08-06 09:05:36
INV_101392,STR_113,PRD_1648,0,24,06/08/2026 09:11
INV_101393,STR_146,PRD_1446,39,46,2026-08-06 09:16:44
INV_101394,STR_124,PRD_2426,76,10,2026-08-06 09:22:18
INV_101395,STR_106,PRD_1096,-5,21,2026-08-06 09:27:52
INV_101396,STR_114,PRD_1378,99,18,2026-08-06T09:33:26.773784919
INV_101397,STR_129,PRD_1669,132,28,2026-08-06 09:39:00
INV_101398,STR_130,PRD_2209,128,27,2026-08-06T09:44:34.978331888
INV_101399,STR_123,PRD_2267,144,48,06/08/2026 09:50
INV_101400,STR_124,PRD_1630,196,20,06/08/2026 09:55
INV_101401,STR_107,PRD_1707,162,20,06/08/2026 10:01
INV_101402,STR_129,PRD_1502,155,39,2026-08-06 10:06:51
INV_101403,STR_135,PRD_1287,-7,29,2026-08-06T10:12:25.489699313
INV_101404,STR_149,PRD_1368,195,24,2026-08-06 10:17:59
INV_101405,STR_113,PRD_1064,162,34,2026-08-06T10:23:33.694246283
INV_101406,STR_128,PRD_1161,127,12,06/08/2026 10:29
INV_101407,STR_126,PRD_1596,110,35,2026-08-06 10:34:41
INV_101408,STR_149,PRD_1926,171,37,2026-08-06 10:40:16
INV_101409,STR_135,PRD_1570,146,15,2026-08-06 10:45:50
INV_101410,STR_133,PRD_1973,129,41,2026-08-06T10:51:24.205613707
INV_101411,STR_120,PRD_1661,173,20,06/08/2026 10:56
INV_101412,STR_137,PRD_2441,157,22,2026-08-06T11:02:32.410160677
INV_101413,STR_110,PRD_1480,73,26,2026-08-06 11:08:06
INV_101414,STR_132,PRD_1268,154,45,2026-08-06T11:13:40.614707647
INV_101415,STR_114,PRD_1735,183,39,2026-08-06T11:19:14.716981132
INV_101416,STR_111,PRD_1566,9,13,2026-08-06 11:24:48
INV_101417,STR_123,PRD_2213,1,23,2026-08-06 11:30:22
INV_101418,STR_149,PRD_1405,27,37,2026-08-06 11:35:57
INV_101419,STR_136,PRD_1764,147,16,2026-08-06 11:41:31
INV_101420,STR_110,PRD_2335,36,25,2026-08-06 11:47:05
INV_101421,STR_118,PRD_1865,71,23,2026-08-06 11:52:39
INV_101422,STR_100,PRD_2117,63,46,2026-08-06T11:58:13.432895526
INV_101423,STR_116,PRD_1389,188,48,2026-08-06 12:03:47
INV_101424,STR_139,PRD_1546,31,36,2026-08-06 12:09:21
INV_101425,STR_115,PRD_2434,-6,39,06/08/2026 12:14
INV_101426,STR_125,PRD_2235,165,24,2026-08-06T12:20:29.841989465
INV_101427,STR_142,PRD_2392,104,48,06/08/2026 12:26
INV_101428,STR_9999,PRD_1741,116,27,2026-08-06 12:31:38
INV_101429,STR_142,PRD_2191,88,20,2026-08-06 12:37:12
INV_101430,STR_114,PRD_2037,92,31,2026-08-06T12:42:46.251083405
INV_101431,STR_107,PRD_1585,168,13,06/08/2026 12:48
INV_101432,STR_129,PRD_1873,129,12,06/08/2026 12:53
INV_101433,STR_113,PRD_2230,127,33,2026-08-06T12:59:28.557903860
INV_101434,STR_132,PRD_1042,26,23,2026-08-06 13:05:02
INV_101435,STR_141,PRD_1879,114,12,2026-08-06T13:10:36.762450830
INV_101436,STR_106,PRD_2465,55,40,2026-08-06 13:16:10
INV_101437,STR_117,PRD_1910,56,44,06/08/2026 13:21
INV_101438,STR_111,PRD_1606,3,40,2026-08-06 13:27:19
INV_101439,STR_101,PRD_2418,36,21,2026-08-06T13:32:53.171544769
INV_101440,STR_149,PRD_1237,137,19,06/08/2026 13:38
INV_101441,STR_128,PRD_1718,98,29,06/08/2026 13:44
INV_101442,STR_120,PRD_1741,102,27,06/08/2026 13:49
INV_101443,STR_106,PRD_1403,169,45,06/08/2026 13:55
INV_101444,STR_8888,PRD_1213,57,28,06/08/2026 14:00
INV_101445,STR_126,PRD_1845,104,26,2026-08-06 14:06:17
INV_101446,STR_111,PRD_2397,15,49,2026-08-06T14:11:51.887459163
INV_101447,STR_119,PRD_1131,36,20,06/08/2026 14:17
INV_101448,STR_113,PRD_1008,196,14,06/08/2026 14:23
INV_101449,STR_109,PRD_1152,62,46,2026-08-06 14:28:34
INV_101450,STR_140,PRD_1430,-8,45,2026-08-06T14:34:08.296553103
INV_101451,STR_122,PRD_1482,119,23,2026-08-06 14:39:42
INV_101452,STR_129,PRD_1304,158,37,06/08/2026 14:45
INV_101453,STR_146,PRD_1283,19,18,2026-08-06 14:50:50
INV_101454,STR_130,PRD_1471,154,47,2026-08-06 14:56:24
INV_101455,STR_8888,PRD_1992,198,38,2026-08-06 15:01:58
INV_101456,STR_109,PRD_1189,-8,34,2026-08-06 15:07:32
INV_101457,STR_118,PRD_1511,-2,17,2026-08-06 15:13:07
INV_101458,STR_118,PRD_1342,-3,28,2026-08-06T15:18:41.114740982
INV_101459,STR_143,PRD_2453,-2,11,2026-08-06 15:24:15
INV_101460,STR_122,PRD_1714,109,15,2026-08-06T15:29:49.319287952
INV_101461,STR_143,PRD_1679,134,39,2026-08-06 15:35:23
INV_101462,STR_140,PRD_2057,141,11,2026-08-06T15:40:57.523834922
INV_101463,STR_131,PRD_1470,189,28,2026-08-06 15:46:31
INV_101464,STR_119,PRD_2417,131,22,2026-08-06 15:52:05
INV_101465,STR_103,PRD_1740,171,17,2026-08-06T15:57:39.830655377
INV_101466,STR_132,PRD_1512,69,18,06/08/2026 16:03
INV_101467,STR_147,PRD_2345,7,32,2026-08-06T16:08:48.035202346
INV_101468,STR_100,PRD_2138,156,46,2026-08-06 16:14:22
INV_101469,STR_112,PRD_2237,105,17,2026-08-06 16:19:56
INV_101470,STR_102,PRD_1144,164,18,2026-08-06 16:25:30
INV_101471,STR_111,PRD_1558,16,25,2026-08-06 16:31:04
INV_101472,STR_128,PRD_1791,81,25,2026-08-06 16:36:38
INV_101473,STR_130,PRD_2201,60,21,2026-08-06 16:42:12
INV_101474,STR_140,PRD_1359,23,34,2026-08-06T16:47:46.751116741
INV_101475,STR_135,PRD_1284,92,20,2026-08-06 16:53:20
INV_101476,STR_101,PRD_2268,136,27,2026-08-06 16:58:54
INV_101477,STR_121,PRD_1764,123,22,2026-08-06T17:04:29.057937195
INV_101478,STR_121,PRD_2229,147,44,2026-08-06 17:10:03
INV_101479,STR_140,PRD_1583,81,27,2026-08-06T17:15:37.262484165
INV_101480,STR_130,PRD_2365,129,39,2026-08-06T17:21:11.364757650
INV_101481,STR_8888,PRD_1726,132,46,2026-08-06T17:26:45.467031135
INV_101482,STR_144,PRD_2383,98,39,2026-08-06T17:32:19.569304620
INV_101483,STR_113,PRD_2164,156,12,2026-08-06 17:37:53
INV_101484,STR_128,PRD_1959,92,38,2026-08-06 17:43:27
INV_101485,STR_134,PRD_2245,53,34,2026-08-06T17:49:01.876125075
INV_101486,STR_149,PRD_2412,53,11,2026-08-06T17:54:35.978398559
INV_101487,STR_108,PRD_2353,4,14,06/08/2026 18:00
INV_101488,STR_146,PRD_1742,175,40,2026-08-06T18:05:44.182945529
INV_101489,STR_131,PRD_2416,89,14,2026-08-06 18:11:18
INV_101490,STR_126,PRD_1653,56,30,06/08/2026 18:16
INV_101491,STR_109,PRD_1357,-10,35,2026-08-06T18:22:26.489765984
INV_101492,STR_124,PRD_2417,-4,16,2026-08-06 18:28:00
INV_101493,STR_148,PRD_1586,126,39,2026-08-06 18:33:34
INV_101494,STR_144,PRD_1039,-10,43,2026-08-06T18:39:08.796586439
INV_101495,STR_132,PRD_1901,-6,37,2026-08-06 18:44:42
INV_101496,STR_110,PRD_1272,36,23,2026-08-06 18:50:17
INV_101497,STR_136,PRD_2443,89,27,2026-08-06 18:55:51
INV_101498,STR_108,PRD_2093,-1,26,2026-08-06 19:01:25
INV_101499,STR_106,PRD_1828,-9,34,06/08/2026 19:06
INV_101500,STR_106,PRD_1622,12,15,2026-08-06 19:12:33
INV_101501,STR_133,PRD_1457,92,14,2026-08-06 19:18:07
INV_101502,STR_118,PRD_1233,173,30,2026-08-06 19:23:41
INV_101503,STR_119,PRD_1196,136,48,2026-08-06T19:29:15.717047803
INV_101504,STR_149,PRD_1535,155,29,2026-08-06 19:34:49
INV_101505,STR_141,PRD_1937,36,20,2026-08-06T19:40:23.921594773
INV_101506,STR_124,PRD_1146,73,14,2026-08-06 19:45:58
INV_101507,STR_104,PRD_1573,193,47,2026-08-06 19:51:32
INV_101508,STR_147,PRD_2482,192,48,2026-08-06 19:57:06
INV_101509,STR_128,PRD_2090,169,44,2026-08-06 20:02:40
INV_101510,STR_126,PRD_1029,38,44,2026-08-06 20:08:14
INV_101511,STR_124,PRD_1106,188,34,2026-08-06T20:13:48.535235682
INV_101512,STR_136,PRD_1389,140,39,2026-08-06 20:19:22
INV_101513,STR_114,PRD_1878,39,11,2026-08-06 20:24:56
INV_101514,STR_147,PRD_1405,6,29,2026-08-06 20:30:30
INV_101515,STR_103,PRD_2144,37,45,06/08/2026 20:36
INV_101516,STR_113,PRD_2034,110,46,2026-08-06T20:41:39.046603106
INV_101517,STR_148,PRD_1583,-9,11,2026-08-06T20:47:13.148876591
INV_101518,STR_116,PRD_1346,186,36,06/08/2026 20:52
INV_101519,STR_120,PRD_2276,179,41,2026-08-06 20:58:21
INV_101520,STR_115,PRD_1796,74,13,2026-08-06 21:03:55
INV_101521,STR_125,PRD_1118,2,36,2026-08-06T21:09:29.557970531
INV_101522,STR_108,PRD_1519,50,39,2026-08-06T21:15:03.660244016
INV_101523,STR_101,PRD_2238,0,12,2026-08-06T21:20:37.762517501
INV_101524,STR_142,PRD_1732,86,36,2026-08-06T21:26:11.864790986
INV_101525,STR_114,PRD_1079,16,47,06/08/2026 21:31
INV_101526,STR_134,PRD_1418,24,45,2026-08-06T21:37:20.069337955
INV_101527,STR_123,PRD_1583,7,10,2026-08-06 21:42:54
INV_101528,STR_147,PRD_1711,57,44,2026-08-06 21:48:28
INV_101529,STR_9999,PRD_2312,178,21,2026-08-06 21:54:02
INV_101530,STR_137,PRD_1233,30,44,2026-08-06 21:59:36
INV_101531,STR_113,PRD_1260,85,27,2026-08-06T22:05:10.580705380
INV_101532,STR_136,PRD_1932,160,46,2026-08-06 22:10:44
INV_101533,STR_136,PRD_1656,166,32,2026-08-06 22:16:18
INV_101534,STR_105,PRD_2045,128,42,2026-08-06 22:21:52
INV_101535,STR_117,PRD_1077,56,23,2026-08-06 22:27:26
INV_101536,STR_121,PRD_1741,168,10,2026-08-06 22:33:01
INV_101537,STR_117,PRD_1671,41,36,2026-08-06 22:38:35
INV_101538,STR_9999,PRD_2037,108,33,2026-08-06 22:44:09
INV_101539,STR_101,PRD_2171,74,11,2026-08-06T22:49:43.398893259
INV_101540,STR_131,PRD_1029,160,21,2026-08-06 22:55:17
INV_101541,STR_116,PRD_1437,175,22,2026-08-06 23:00:51
INV_101542,STR_100,PRD_1062,195,36,2026-08-06 23:06:25
INV_101543,STR_108,PRD_2453,59,29,06/08/2026 23:11
INV_101544,STR_112,PRD_2158,146,46,06/08/2026 23:17
INV_101545,STR_135,PRD_1156,148,43,2026-08-06 23:23:08
INV_101546,STR_136,PRD_1568,17,15,2026-08-06T23:28:42.114807653
INV_101547,STR_129,PRD_1942,96,17,2026-08-06 23:34:16
INV_101548,STR_130,PRD_1776,167,30,06/08/2026 23:39
INV_101549,STR_122,PRD_1253,25,48,2026-08-06T23:45:24.421628108
INV_101550,STR_149,PRD_2006,81,30,2026-08-06T23:50:58.523901593
INV_101551,STR_127,PRD_2210,136,15,2026-08-06 23:56:32
INV_101552,STR_109,PRD_1872,184,39,07/08/2026 00:02
INV_101553,STR_124,PRD_2402,1,19,2026-08-07 00:07:40
INV_101554,STR_135,PRD_2350,65,20,07/08/2026 00:13
INV_101555,STR_125,PRD_1198,13,10,2026-08-07 00:18:49
INV_101556,STR_125,PRD_1880,54,19,2026-08-07T00:24:23.137542502
INV_101557,STR_144,PRD_2194,81,34,2026-08-07T00:29:57.239815987
INV_101558,STR_112,PRD_2338,69,25,2026-08-07T00:35:31.342089472
INV_101559,STR_116,PRD_1005,138,28,2026-08-07 00:41:05
INV_101560,STR_139,PRD_2279,87,19,2026-08-07T00:46:39.546636442
INV_101561,STR_103,PRD_1820,15,23,2026-08-07T00:52:13.648909927
INV_101562,STR_122,PRD_2343,107,12,07/08/2026 00:57
INV_101563,STR_134,PRD_1247,152,13,2026-08-07 01:03:21
INV_101564,STR_110,PRD_1003,69,49,07/08/2026 01:08
INV_101565,STR_111,PRD_1512,47,42,2026-08-07T01:14:30.058003866
INV_101566,STR_108,PRD_1837,159,29,2026-08-07T01:20:04.160277351
INV_101567,STR_114,PRD_1505,146,24,2026-08-07 01:25:38
INV_101568,STR_144,PRD_1030,146,16,07/08/2026 01:31
INV_101569,STR_136,PRD_2298,126,12,2026-08-07 01:36:46
INV_101570,STR_104,PRD_1708,67,36,2026-08-07 01:42:20
INV_101571,STR_118,PRD_1885,110,46,2026-08-07 01:47:54
INV_101572,STR_110,PRD_2348,61,38,2026-08-07T01:53:28.773918261
INV_101573,STR_108,PRD_2200,-9,35,2026-08-07T01:59:02.876191746
INV_101574,STR_134,PRD_2310,192,36,07/08/2026 02:04
INV_101575,STR_149,PRD_1747,-9,34,2026-08-07T02:10:11.080738715
INV_101576,STR_126,PRD_1078,100,49,2026-08-07 02:15:45
INV_101577,STR_112,PRD_1242,135,39,07/08/2026 02:21
INV_101578,STR_111,PRD_1500,58,29,2026-08-07 02:26:53
INV_101579,STR_108,PRD_1204,111,16,2026-08-07 02:32:27
INV_101580,STR_141,PRD_2483,174,38,2026-08-07 02:38:01
INV_101581,STR_127,PRD_2406,188,43,07/08/2026 02:43
INV_101582,STR_112,PRD_1722,140,35,2026-08-07 02:49:09
INV_101583,STR_119,PRD_1332,8,36,2026-08-07 02:54:43
INV_101584,STR_8888,PRD_1602,8,18,2026-08-07 03:00:18
INV_101585,STR_112,PRD_1165,175,31,2026-08-07T03:05:52.103473564
INV_101586,STR_126,PRD_1160,101,21,2026-08-07T03:11:26.205747049
INV_101587,STR_125,PRD_1005,166,15,2026-08-07 03:17:00
INV_101588,STR_128,PRD_1204,162,15,07/08/2026 03:22
INV_101589,STR_128,PRD_1531,17,36,2026-08-07 03:28:08
INV_101590,STR_121,PRD_2123,64,28,07/08/2026 03:33
INV_101591,STR_108,PRD_1044,39,15,2026-08-07T03:39:16.717114474
INV_101592,STR_123,PRD_1456,128,26,2026-08-07 03:44:50
INV_101593,STR_141,PRD_1226,44,38,07/08/2026 03:50
INV_101594,STR_118,PRD_2338,126,32,2026-08-07 03:55:59
INV_101595,STR_137,PRD_1051,131,26,2026-08-07 04:01:33
INV_101596,STR_130,PRD_2169,102,30,07/08/2026 04:07
INV_101597,STR_138,PRD_2304,138,19,2026-08-07 04:12:41
INV_101598,STR_114,PRD_2146,37,17,2026-08-07 04:18:15
INV_101599,STR_131,PRD_1470,47,23,2026-08-07 04:23:49
INV_101600,STR_9999,PRD_1896,186,40,07/08/2026 04:29
INV_101601,STR_145,PRD_2320,126,27,07/08/2026 04:34
INV_101602,STR_147,PRD_1613,184,39,07/08/2026 04:40
INV_101603,STR_145,PRD_1511,195,27,07/08/2026 04:46
INV_101604,STR_128,PRD_1785,7,34,07/08/2026 04:51
INV_101605,STR_8888,PRD_2225,1,46,2026-08-07 04:57:14
INV_101606,STR_133,PRD_1414,195,34,2026-08-07 05:02:48
INV_101607,STR_108,PRD_1613,113,39,2026-08-07T05:08:22.353490232
INV_101608,STR_134,PRD_2445,5,39,2026-08-07 05:13:56
INV_101609,STR_105,PRD_1519,154,45,07/08/2026 05:19
INV_101610,STR_136,PRD_1673,137,20,2026-08-07 05:25:04
INV_101611,STR_113,PRD_2096,9,48,2026-08-07 05:30:38
INV_101612,STR_146,PRD_1344,132,36,2026-08-07 05:36:12
INV_101613,STR_149,PRD_2050,14,25,2026-08-07 05:41:46
INV_101614,STR_148,PRD_2192,134,47,2026-08-07 05:47:21
INV_101615,STR_108,PRD_1774,1,41,2026-08-07 05:52:55
INV_101616,STR_118,PRD_1584,98,38,2026-08-07 05:58:29
INV_101617,STR_122,PRD_2232,159,19,2026-08-07 06:04:03
INV_101618,STR_140,PRD_1879,28,39,2026-08-07 06:09:37
INV_101619,STR_127,PRD_1897,173,20,2026-08-07 06:15:11
INV_101620,STR_115,PRD_1847,170,24,2026-08-07 06:20:45
INV_101621,STR_125,PRD_1724,60,32,2026-08-07 06:26:19
INV_101622,STR_137,PRD_1656,189,32,2026-08-07 06:31:53
INV_101623,STR_139,PRD_1610,36,16,2026-08-07 06:37:27
INV_101624,STR_124,PRD_2333,14,23,2026-08-07 06:43:02
INV_101625,STR_134,PRD_2023,167,18,2026-08-07 06:48:36
INV_101626,STR_104,PRD_1946,107,37,2026-08-07 06:54:10
INV_101627,STR_106,PRD_1179,22,15,2026-08-07T06:59:44.398959930
INV_101628,STR_122,PRD_1646,191,31,2026-08-07 07:05:18
INV_101629,STR_124,PRD_1437,18,27,2026-08-07 07:10:52
INV_101630,STR_100,PRD_99999,-8,47,2026-08-07T07:16:26.705780385
INV_101631,STR_121,PRD_1394,28,31,07/08/2026 07:22
INV_101632,STR_103,PRD_1593,-7,18,07/08/2026 07:27
INV_101633,STR_127,PRD_1056,154,27,07/08/2026 07:33
INV_101634,STR_147,PRD_2197,84,30,2026-08-07T07:38:43.114874324
INV_101635,STR_113,PRD_1325,123,24,2026-08-07 07:44:17
INV_101636,STR_132,PRD_1321,127,18,2026-08-07T07:49:51.319421294
INV_101637,STR_103,PRD_1182,1,11,2026-08-07 07:55:25
INV_101638,STR_141,PRD_1234,107,23,07/08/2026 08:00
INV_101639,STR_110,PRD_1618,55,30,07/08/2026 08:06
INV_101640,STR_138,PRD_2209,120,43,07/08/2026 08:12
INV_101641,STR_131,PRD_1265,182,16,2026-08-07T08:17:41.830788719
INV_101642,STR_103,PRD_2008,53,24,2026-08-07 08:23:15
INV_101643,STR_100,PRD_1841,24,48,07/08/2026 08:28
INV_101644,STR_125,PRD_1328,141,21,2026-08-07 08:34:24
INV_101645,STR_132,PRD_2388,164,16,07/08/2026 08:39
INV_101646,STR_116,PRD_1682,101,14,2026-08-07T08:45:32.342156143
INV_101647,STR_126,PRD_1023,41,48,2026-08-07 08:51:06
INV_101648,STR_141,PRD_2284,23,32,2026-08-07T08:56:40.546703113
INV_101649,STR_104,PRD_2378,73,37,2026-08-07T09:02:14.648976598
INV_101650,STR_106,PRD_1195,69,43,2026-08-07 09:07:48
INV_101651,STR_124,PRD_1610,100,34,2026-08-07 09:13:22
INV_101652,STR_107,PRD_2356,142,11,2026-08-07T09:18:56.955797053
INV_101653,STR_133,PRD_1612,186,18,2026-08-07 09:24:31
INV_101654,STR_140,PRD_1631,146,43,2026-08-07 09:30:05
INV_101655,STR_103,PRD_1320,81,41,2026-08-07T09:35:39.262617507
INV_101656,STR_111,PRD_2470,181,21,2026-08-07 09:41:13
INV_101657,STR_130,PRD_2400,170,28,2026-08-07 09:46:47
INV_101658,STR_110,PRD_1202,175,47,2026-08-07 09:52:21
INV_101659,STR_136,PRD_2113,30,19,07/08/2026 09:57
INV_101660,STR_143,PRD_1176,76,19,2026-08-07T10:03:29.773984932
INV_101661,STR_135,PRD_1626,40,44,2026-08-07 10:09:03
INV_101662,STR_144,PRD_1031,115,46,07/08/2026 10:14
INV_101663,STR_121,PRD_1945,135,41,2026-08-07 10:20:12
INV_101664,STR_100,PRD_1726,30,16,2026-08-07 10:25:46
INV_101665,STR_149,PRD_1953,88,19,2026-08-07 10:31:20
INV_101666,STR_103,PRD_1819,178,47,2026-08-07T10:36:54.387625841
INV_101667,STR_135,PRD_1790,96,36,2026-08-07T10:42:28.489899326
INV_101668,STR_107,PRD_1242,13,41,2026-08-07 10:48:02
INV_101669,STR_124,PRD_1069,36,16,2026-08-07 10:53:36
INV_101670,STR_127,PRD_2014,17,35,07/08/2026 10:59
INV_101671,STR_8888,PRD_2094,25,31,07/08/2026 11:04
INV_101672,STR_137,PRD_1157,10,21,2026-08-07T11:10:19.001266751
INV_101673,STR_135,PRD_1548,173,33,07/08/2026 11:15
INV_101674,STR_135,PRD_1325,58,38,07/08/2026 11:21
INV_101675,STR_142,PRD_2058,143,41,2026-08-07 11:27:01
INV_101676,STR_140,PRD_1459,171,25,07/08/2026 11:32
INV_101677,STR_145,PRD_1415,33,35,2026-08-07 11:38:09
INV_101678,STR_103,PRD_1570,150,15,2026-08-07 11:43:43
INV_101679,STR_112,PRD_1885,143,10,2026-08-07 11:49:17
INV_101680,STR_137,PRD_2442,110,22,07/08/2026 11:54
INV_101681,STR_144,PRD_1510,139,47,07/08/2026 12:00
INV_101682,STR_124,PRD_1367,137,15,2026-08-07T12:06:00.024001600
INV_101683,STR_102,PRD_1911,-9,47,2026-08-07T12:11:34.126275085
INV_101684,STR_131,PRD_1882,30,21,2026-08-07 12:17:08
INV_101685,STR_138,PRD_1206,43,18,2026-08-07T12:22:42.330822054
INV_101686,STR_100,PRD_2384,174,29,07/08/2026 12:28
INV_101687,STR_110,PRD_2459,135,48,07/08/2026 12:33
INV_101688,STR_101,PRD_1577,122,36,2026-08-07 12:39:24
INV_101689,STR_104,PRD_2293,35,12,2026-08-07 12:44:58
INV_101690,STR_121,PRD_2256,64,33,2026-08-07 12:50:32
INV_101691,STR_145,PRD_1668,138,24,2026-08-07 12:56:06
INV_101692,STR_112,PRD_1105,139,43,2026-08-07 13:01:41
INV_101693,STR_147,PRD_1665,-8,41,2026-08-07T13:07:15.149009934
INV_101694,STR_122,PRD_2041,-2,30,2026-08-07 13:12:49
INV_101695,STR_146,PRD_1259,-9,10,2026-08-07T13:18:23.353556903
INV_101696,STR_130,PRD_1312,17,42,2026-08-07T13:23:57.455830388
INV_101697,STR_134,PRD_1630,23,20,2026-08-07 13:29:31
INV_101698,STR_137,PRD_2125,170,12,2026-08-07T13:35:05.660377358
INV_101699,STR_140,PRD_1536,48,31,2026-08-07T13:40:39.762650843
INV_101700,STR_134,PRD_2203,-1,19,2026-08-07 13:46:13
INV_101701,STR_144,PRD_99999,72,47,2026-08-07 13:51:47
INV_101702,STR_112,PRD_1673,82,33,07/08/2026 13:57
INV_101703,STR_106,PRD_2423,-9,16,2026-08-07T14:02:56.171744783
INV_101704,STR_104,PRD_1349,37,45,2026-08-07 14:08:30
INV_101705,STR_128,PRD_1214,123,10,07/08/2026 14:14
INV_101706,STR_107,PRD_2406,33,10,07/08/2026 14:19
INV_101707,STR_107,PRD_2147,171,35,07/08/2026 14:25
INV_101708,STR_106,PRD_2315,188,26,2026-08-07 14:30:46
INV_101709,STR_118,PRD_1327,25,20,07/08/2026 14:36
INV_101710,STR_138,PRD_1846,125,12,2026-08-07 14:41:54
INV_101711,STR_122,PRD_1097,72,19,2026-08-07 14:47:28
INV_101712,STR_135,PRD_1658,-1,11,2026-08-07 14:53:03
INV_101713,STR_141,PRD_1299,150,41,2026-08-07T14:58:37.194479632
INV_101714,STR_131,PRD_1029,91,25,2026-08-07T15:04:11.296753116
INV_101715,STR_144,PRD_2097,82,35,2026-08-07 15:09:45
INV_101716,STR_103,PRD_1171,8,49,2026-08-07T15:15:19.501300086
INV_101717,STR_129,PRD_2017,7,48,2026-08-07 15:20:53
INV_101718,STR_9999,PRD_1922,104,19,2026-08-07 15:26:27
INV_101719,STR_141,PRD_1083,168,45,2026-08-07T15:32:01.808120541
INV_101720,STR_138,PRD_1984,12,39,2026-08-07 15:37:35
INV_101721,STR_104,PRD_2313,118,18,07/08/2026 15:43
INV_101722,STR_102,PRD_1638,48,14,07/08/2026 15:48
INV_101723,STR_121,PRD_1084,96,16,2026-08-07T15:54:18.217214481
INV_101724,STR_127,PRD_2277,120,45,2026-08-07T15:59:52.319487965
INV_101725,STR_121,PRD_1663,-1,10,2026-08-07 16:05:26
INV_101726,STR_121,PRD_1518,112,36,2026-08-07 16:11:00
INV_101727,STR_133,PRD_2475,188,21,2026-08-07 16:16:34
INV_101728,STR_128,PRD_2330,38,25,07/08/2026 16:22
INV_101729,STR_142,PRD_1183,45,17,2026-08-07 16:27:42
INV_101730,STR_141,PRD_1972,79,34,2026-08-07 16:33:16
INV_101731,STR_112,PRD_2337,133,22,2026-08-07 16:38:51
INV_101732,STR_106,PRD_1340,28,19,2026-08-07 16:44:25
INV_101733,STR_109,PRD_1226,98,49,2026-08-07T16:49:59.239949330
INV_101734,STR_127,PRD_1836,85,42,2026-08-07 16:55:33
INV_101735,STR_103,PRD_1263,193,44,2026-08-07 17:01:07
INV_101736,STR_131,PRD_1449,33,46,2026-08-07 17:06:41
INV_101737,STR_121,PRD_2274,-3,48,07/08/2026 17:12
INV_101738,STR_119,PRD_2431,125,37,2026-08-07T17:17:49.751316754
INV_101739,STR_147,PRD_1169,34,25,2026-08-07 17:23:23
INV_101740,STR_119,PRD_1565,128,17,07/08/2026 17:28
INV_101741,STR_105,PRD_1131,86,42,07/08/2026 17:34
INV_101742,STR_108,PRD_1826,142,44,2026-08-07 17:40:06
INV_101743,STR_127,PRD_1605,6,47,2026-08-07 17:45:40
INV_101744,STR_112,PRD_2069,72,21,07/08/2026 17:51
INV_101745,STR_130,PRD_1349,172,24,07/08/2026 17:56
INV_101746,STR_138,PRD_1098,68,26,2026-08-07T18:02:22.569504633
INV_101747,STR_149,PRD_2060,45,36,07/08/2026 18:07
INV_101748,STR_113,PRD_2461,33,30,2026-08-07 18:13:30
INV_101749,STR_121,PRD_2008,42,30,2026-08-07 18:19:04
INV_101750,STR_136,PRD_1074,152,26,2026-08-07 18:24:38
INV_101751,STR_144,PRD_1057,28,36,2026-08-07T18:30:13.080872058
INV_101752,STR_123,PRD_2042,119,21,07/08/2026 18:35
INV_101753,STR_107,PRD_1401,87,45,2026-08-07 18:41:21
INV_101754,STR_114,PRD_1187,14,37,2026-08-07 18:46:55
INV_101755,STR_9999,PRD_1138,155,34,07/08/2026 18:52
INV_101756,STR_140,PRD_1142,185,18,2026-08-07 18:58:03
INV_101757,STR_105,PRD_1107,69,46,2026-08-07T19:03:37.694512967
INV_101758,STR_122,PRD_1220,21,32,2026-08-07 19:09:11
INV_101759,STR_124,PRD_1144,68,20,2026-08-07 19:14:45
INV_101760,STR_130,PRD_1857,67,10,2026-08-07T19:20:20.001333422
INV_101761,STR_145,PRD_1509,158,25,07/08/2026 19:25
INV_101762,STR_128,PRD_1375,68,22,07/08/2026 19:31
INV_101763,STR_122,PRD_1004,60,29,2026-08-07 19:37:02
INV_101764,STR_109,PRD_1387,-4,25,2026-08-07 19:42:36
INV_101765,STR_108,PRD_1567,189,25,07/08/2026 19:48
INV_101766,STR_148,PRD_1983,7,44,2026-08-07 19:53:44
INV_101767,STR_112,PRD_1559,6,41,2026-08-07 19:59:18
INV_101768,STR_131,PRD_2186,199,32,2026-08-07 20:04:52
INV_101769,STR_148,PRD_1364,106,34,2026-08-07 20:10:26
INV_101770,STR_9999,PRD_1416,93,37,2026-08-07 20:16:01
INV_101771,STR_144,PRD_1020,66,11,2026-08-07 20:21:35
INV_101772,STR_140,PRD_1613,48,12,07/08/2026 20:27
INV_101773,STR_100,PRD_1516,0,40,2026-08-07 20:32:43
INV_101774,STR_100,PRD_2220,114,42,2026-08-07 20:38:17
INV_101775,STR_136,PRD_1660,40,42,07/08/2026 20:43
INV_101776,STR_139,PRD_2368,-4,44,2026-08-07 20:49:25
INV_101777,STR_117,PRD_1329,144,45,2026-08-07T20:54:59.739982665
INV_101778,STR_135,PRD_1377,176,35,2026-08-07 21:00:33
INV_101779,STR_130,PRD_2234,26,21,2026-08-07 21:06:07
INV_101780,STR_100,PRD_1159,-6,20,2026-08-07 21:11:42
INV_101781,STR_146,PRD_1657,51,15,2026-08-07 21:17:16
INV_101782,STR_8888,PRD_1353,189,34,07/08/2026 21:22
INV_101783,STR_135,PRD_2263,63,43,2026-08-07 21:28:24
INV_101784,STR_108,PRD_1078,79,44,07/08/2026 21:33
INV_101785,STR_121,PRD_1151,68,30,07/08/2026 21:39
INV_101786,STR_127,PRD_1516,44,27,2026-08-07 21:45:06
INV_101787,STR_125,PRD_1382,133,17,2026-08-07 21:50:40
INV_101788,STR_8888,PRD_1692,81,43,2026-08-07 21:56:14
INV_101789,STR_109,PRD_1351,63,23,2026-08-07 22:01:48
INV_101790,STR_146,PRD_2224,45,28,2026-08-07 22:07:23
INV_101791,STR_102,PRD_1950,168,29,2026-08-07 22:12:57
INV_101792,STR_101,PRD_1132,185,13,2026-08-07 22:18:31
INV_101793,STR_136,PRD_1633,163,47,2026-08-07 22:24:05
INV_101794,STR_130,PRD_1168,50,41,2026-08-07 22:29:39
INV_101795,STR_132,PRD_1865,93,35,2026-08-07T22:35:13.580905393
INV_101796,STR_131,PRD_1390,106,37,2026-08-07T22:40:47.683178878
INV_101797,STR_142,PRD_2408,67,21,2026-08-07 22:46:21
INV_101798,STR_111,PRD_1819,22,19,2026-08-07 22:51:55
INV_101799,STR_102,PRD_1097,44,44,2026-08-07 22:57:29
INV_101800,STR_147,PRD_2400,7,42,2026-08-07 23:03:04
INV_101801,STR_125,PRD_1991,129,23,07/08/2026 23:08
INV_101802,STR_113,PRD_1779,63,49,2026-08-07T23:14:12.296819788
INV_101803,STR_111,PRD_1339,10,32,2026-08-07 23:19:46
INV_101804,STR_8888,PRD_1131,86,27,2026-08-07T23:25:20.501366757
INV_101805,STR_125,PRD_1209,195,21,2026-08-07 23:30:54
INV_101806,STR_115,PRD_2028,190,45,2026-08-07T23:36:28.705913727
INV_101807,STR_107,PRD_1376,143,34,2026-08-07 23:42:02
INV_101808,STR_148,PRD_1639,196,46,07/08/2026 23:47
INV_101809,STR_148,PRD_2077,138,49,07/08/2026 23:53
INV_101810,STR_127,PRD_2221,139,31,2026-08-07 23:58:45
INV_101811,STR_106,PRD_1440,172,15,2026-08-08 00:04:19
INV_101812,STR_114,PRD_2203,35,25,2026-08-08T00:09:53.319554637
INV_101813,STR_140,PRD_1240,30,32,2026-08-08 00:15:27
INV_101814,STR_135,PRD_2343,-6,18,08/08/2026 00:21
INV_101815,STR_107,PRD_1500,33,44,2026-08-08T00:26:35.626375091
INV_101816,STR_109,PRD_1022,133,38,08/08/2026 00:32
INV_101817,STR_114,PRD_1631,152,23,2026-08-08 00:37:43
INV_101818,STR_117,PRD_2016,-6,14,2026-08-08T00:43:17.933195546
INV_101819,STR_145,PRD_2203,51,30,08/08/2026 00:48
INV_101820,STR_136,PRD_1174,79,15,08/08/2026 00:54
INV_101821,STR_140,PRD_1197,15,10,2026-08-08 01:00:00
INV_101822,STR_144,PRD_2477,50,40,2026-08-08 01:05:34
INV_101823,STR_9999,PRD_1098,168,37,2026-08-08T01:11:08.444562970
INV_101824,STR_142,PRD_1744,58,12,2026-08-08T01:16:42.546836455
INV_101825,STR_143,PRD_2450,173,47,2026-08-08T01:22:16.649109940
INV_101826,STR_134,PRD_1452,39,32,2026-08-08 01:27:50
INV_101827,STR_101,PRD_2214,114,49,2026-08-08 01:33:24
INV_101828,STR_121,PRD_1973,25,13,2026-08-08 01:38:58
INV_101829,STR_114,PRD_1498,141,15,2026-08-08T01:44:33.058203880
INV_101830,STR_136,PRD_2214,196,21,2026-08-08T01:50:07.160477365
INV_101831,STR_138,PRD_1140,19,21,2026-08-08T01:55:41.262750850
INV_101832,STR_135,PRD_1772,58,16,2026-08-08 02:01:15
INV_101833,STR_104,PRD_1174,165,37,2026-08-08T02:06:49.467297819
INV_101834,STR_147,PRD_1419,11,35,08/08/2026 02:12
INV_101835,STR_114,PRD_1675,22,16,08/08/2026 02:17
INV_101836,STR_126,PRD_2457,58,12,08/08/2026 02:23
INV_101837,STR_115,PRD_2463,85,22,2026-08-08 02:29:05
INV_101838,STR_135,PRD_1531,39,20,2026-08-08T02:34:39.978665244
INV_101839,STR_137,PRD_1917,12,48,2026-08-08 02:40:14
INV_101840,STR_117,PRD_1360,127,32,2026-08-08 02:45:48
INV_101841,STR_134,PRD_1445,153,10,2026-08-08 02:51:22
INV_101842,STR_124,PRD_1555,103,43,2026-08-08 02:56:56
INV_101843,STR_121,PRD_1707,6,40,08/08/2026 03:02
INV_101844,STR_130,PRD_2380,170,42,2026-08-08 03:08:04
INV_101845,STR_136,PRD_1560,80,45,2026-08-08 03:13:38
INV_101846,STR_133,PRD_1996,125,45,2026-08-08 03:19:12
INV_101847,STR_122,PRD_1058,161,23,2026-08-08 03:24:46
INV_101848,STR_115,PRD_1884,178,46,08/08/2026 03:30
INV_101849,STR_105,PRD_2190,111,41,2026-08-08 03:35:55
INV_101850,STR_114,PRD_1966,123,37,2026-08-08 03:41:29
INV_101851,STR_117,PRD_1944,60,10,2026-08-08 03:47:03
INV_101852,STR_137,PRD_1262,79,16,2026-08-08 03:52:37
INV_101853,STR_112,PRD_2454,198,25,08/08/2026 03:58
INV_101854,STR_123,PRD_1195,154,41,2026-08-08 04:03:45
INV_101855,STR_112,PRD_1353,43,33,2026-08-08 04:09:19
INV_101856,STR_100,PRD_1885,12,23,2026-08-08T04:14:53.819587972
INV_101857,STR_147,PRD_1940,174,24,2026-08-08T04:20:27.921861457
INV_101858,STR_135,PRD_1914,40,10,2026-08-08T04:26:02.024134942
INV_101859,STR_148,PRD_1046,47,37,08/08/2026 04:31
INV_101860,STR_117,PRD_1752,136,28,2026-08-08 04:37:10
INV_101861,STR_147,PRD_2332,144,16,2026-08-08T04:42:44.330955397
INV_101862,STR_132,PRD_1229,14,27,08/08/2026 04:48
INV_101863,STR_137,PRD_2434,138,22,2026-08-08T04:53:52.535502366
INV_101864,STR_142,PRD_1756,112,27,2026-08-08T04:59:26.637775851
INV_101865,STR_105,PRD_1315,14,13,2026-08-08 05:05:00
INV_101866,STR_116,PRD_1761,114,13,2026-08-08T05:10:34.842322821
INV_101867,STR_103,PRD_2100,168,36,2026-08-08 05:16:08
INV_101868,STR_113,PRD_1061,60,25,2026-08-08T05:21:43.046869791
INV_101869,STR_129,PRD_1237,24,23,2026-08-08 05:27:17
INV_101870,STR_145,PRD_1077,59,23,2026-08-08 05:32:51
INV_101871,STR_119,PRD_1733,93,16,08/08/2026 05:38
INV_101872,STR_107,PRD_1558,167,23,2026-08-08 05:43:59
INV_101873,STR_101,PRD_1943,132,15,2026-08-08 05:49:33
INV_101874,STR_136,PRD_1649,141,47,2026-08-08 05:55:07
INV_101875,STR_103,PRD_2439,38,36,2026-08-08 06:00:41
INV_101876,STR_109,PRD_2047,57,20,2026-08-08 06:06:15
INV_101877,STR_119,PRD_2052,-4,40,2026-08-08T06:11:49.967331155
INV_101878,STR_134,PRD_2158,83,12,08/08/2026 06:17
INV_101879,STR_147,PRD_1350,117,10,2026-08-08 06:22:58
INV_101880,STR_109,PRD_1912,70,25,08/08/2026 06:28
INV_101881,STR_127,PRD_1349,171,36,08/08/2026 06:34
INV_101882,STR_114,PRD_2304,27,12,08/08/2026 06:39
INV_101883,STR_135,PRD_1475,83,17,08/08/2026 06:45
INV_101884,STR_100,PRD_1291,34,25,2026-08-08T06:50:48.683245549
INV_101885,STR_121,PRD_2212,92,11,2026-08-08T06:56:22.785519034
INV_101886,STR_126,PRD_2442,126,38,2026-08-08 07:01:56
INV_101887,STR_128,PRD_1887,44,25,2026-08-08 07:07:30
INV_101888,STR_114,PRD_1467,41,38,2026-08-08 07:13:05
INV_101889,STR_109,PRD_2229,194,40,2026-08-08 07:18:39
INV_101890,STR_119,PRD_2265,100,20,2026-08-08 07:24:13
INV_101891,STR_121,PRD_1305,38,41,2026-08-08 07:29:47
INV_101892,STR_149,PRD_2207,172,33,08/08/2026 07:35
INV_101893,STR_147,PRD_1477,59,28,2026-08-08 07:40:55
INV_101894,STR_108,PRD_2151,193,41,2026-08-08 07:46:29
INV_101895,STR_9999,PRD_1448,196,19,2026-08-08T07:52:03.808253883
INV_101896,STR_131,PRD_1229,100,41,2026-08-08 07:57:37
INV_101897,STR_116,PRD_2064,120,32,08/08/2026 08:03
INV_101898,STR_141,PRD_1792,57,42,2026-08-08 08:08:46
INV_101899,STR_118,PRD_1673,90,39,2026-08-08 08:14:20
INV_101900,STR_139,PRD_2415,27,39,2026-08-08T08:19:54.319621308
INV_101901,STR_126,PRD_1823,187,16,2026-08-08 08:25:28
INV_101902,STR_9999,PRD_2363,38,25,2026-08-08T08:31:02.524168277
INV_101903,STR_136,PRD_1835,81,10,2026-08-08 08:36:36
INV_101904,STR_133,PRD_2044,-3,39,08/08/2026 08:42
INV_101905,STR_146,PRD_1346,105,43,2026-08-08 08:47:44
INV_101906,STR_148,PRD_1009,84,43,2026-08-08 08:53:18
INV_101907,STR_109,PRD_1086,162,47,08/08/2026 08:58
INV_101908,STR_129,PRD_1544,18,40,2026-08-08T09:04:27.137809187
INV_101909,STR_120,PRD_1872,68,17,2026-08-08 09:10:01
INV_101910,STR_120,PRD_2362,166,29,2026-08-08 09:15:35
INV_101911,STR_133,PRD_1714,13,38,2026-08-08T09:21:09.444629642
INV_101912,STR_108,PRD_1003,138,40,2026-08-08 09:26:43
INV_101913,STR_133,PRD_2046,102,30,2026-08-08 09:32:17
INV_101914,STR_149,PRD_2220,12,35,2026-08-08 09:37:51
INV_101915,STR_111,PRD_1900,84,40,08/08/2026 09:43
INV_101916,STR_146,PRD_1272,145,29,2026-08-08 09:48:59
INV_101917,STR_120,PRD_2474,149,31,2026-08-08T09:54:34.058270551
INV_101918,STR_119,PRD_2130,139,49,08/08/2026 10:00
INV_101919,STR_105,PRD_1880,179,35,2026-08-08T10:05:42.262817521
INV_101920,STR_149,PRD_2401,56,26,08/08/2026 10:11
INV_101921,STR_144,PRD_2223,107,34,08/08/2026 10:16
INV_101922,STR_135,PRD_1935,62,46,2026-08-08 10:22:24
INV_101923,STR_111,PRD_1001,-5,36,2026-08-08T10:27:58.671911460
INV_101924,STR_140,PRD_2144,54,12,2026-08-08 10:33:32
INV_101925,STR_130,PRD_1148,11,33,2026-08-08 10:39:06
INV_101926,STR_101,PRD_1947,168,34,2026-08-08 10:44:40
INV_101927,STR_115,PRD_1151,185,19,08/08/2026 10:50
INV_101928,STR_100,PRD_1305,98,45,2026-08-08 10:55:49
INV_101929,STR_103,PRD_1881,105,27,2026-08-08 11:01:23
INV_101930,STR_146,PRD_1474,174,26,2026-08-08 11:06:57
INV_101931,STR_8888,PRD_2387,189,23,2026-08-08 11:12:31
INV_101932,STR_100,PRD_1806,44,28,2026-08-08T11:18:05.592372824
INV_101933,STR_8888,PRD_2094,159,27,2026-08-08T11:23:39.694646309
INV_101934,STR_146,PRD_1032,169,32,08/08/2026 11:29
INV_101935,STR_134,PRD_2180,178,17,2026-08-08 11:34:47
INV_101936,STR_112,PRD_2353,8,25,2026-08-08 11:40:22
INV_101937,STR_149,PRD_1777,97,34,08/08/2026 11:45
INV_101938,STR_144,PRD_2410,118,41,2026-08-08T11:51:30.206013734
INV_101939,STR_141,PRD_2182,158,28,2026-08-08T11:57:04.308287219
INV_101940,STR_130,PRD_1794,180,27,2026-08-08 12:02:38
INV_101941,STR_119,PRD_2250,37,41,2026-08-08 12:08:12
INV_101942,STR_106,PRD_2275,198,49,08/08/2026 12:13
INV_101943,STR_139,PRD_1366,149,24,2026-08-08T12:19:20.717381158
INV_101944,STR_132,PRD_1261,167,30,2026-08-08 12:24:54
INV_101945,STR_127,PRD_1645,131,20,08/08/2026 12:30
INV_101946,STR_149,PRD_1537,6,38,2026-08-08T12:36:03.024201613
INV_101947,STR_143,PRD_2066,85,41,2026-08-08T12:41:37.126475098
INV_101948,STR_149,PRD_1015,19,15,2026-08-08 12:47:11
INV_101949,STR_143,PRD_1104,110,28,2026-08-08 12:52:45
INV_101950,STR_119,PRD_1790,100,25,2026-08-08 12:58:19
INV_101951,STR_131,PRD_2226,168,21,2026-08-08 13:03:53
INV_101952,STR_108,PRD_1719,87,24,2026-08-08 13:09:27
INV_101953,STR_133,PRD_2082,179,20,08/08/2026 13:15
INV_101954,STR_113,PRD_2008,141,48,2026-08-08 13:20:35
INV_101955,STR_103,PRD_1047,109,19,2026-08-08 13:26:09
INV_101956,STR_128,PRD_1659,180,46,2026-08-08 13:31:44
INV_101957,STR_114,PRD_2300,131,33,2026-08-08 13:37:18
INV_101958,STR_116,PRD_2435,23,45,2026-08-08 13:42:52
INV_101959,STR_118,PRD_2201,176,10,2026-08-08 13:48:26
INV_101960,STR_137,PRD_1800,100,26,2026-08-08 13:54:00
INV_101961,STR_108,PRD_1113,182,23,2026-08-08 13:59:34
INV_101962,STR_126,PRD_1295,75,47,2026-08-08 14:05:08
INV_101963,STR_148,PRD_1437,150,34,2026-08-08 14:10:42
INV_101964,STR_114,PRD_1265,97,46,2026-08-08 14:16:16
INV_101965,STR_136,PRD_1161,107,44,2026-08-08 14:21:50
INV_101966,STR_127,PRD_1503,100,31,2026-08-08 14:27:25
INV_101967,STR_149,PRD_2059,47,16,2026-08-08T14:32:59.171944796
INV_101968,STR_103,PRD_1586,7,20,08/08/2026 14:38
INV_101969,STR_120,PRD_1457,100,19,2026-08-08 14:44:07
INV_101970,STR_133,PRD_2005,92,23,08/08/2026 14:49
INV_101971,STR_118,PRD_2394,129,44,2026-08-08 14:55:15
INV_101972,STR_136,PRD_1271,191,45,2026-08-08 15:00:49
INV_101973,STR_103,PRD_2202,183,15,2026-08-08 15:06:23
INV_101974,STR_136,PRD_1479,119,14,2026-08-08 15:11:57
INV_101975,STR_9999,PRD_1956,187,16,2026-08-08T15:17:31.990132675
INV_101976,STR_131,PRD_1158,17,24,2026-08-08 15:23:06
INV_101977,STR_144,PRD_1754,109,30,2026-08-08 15:28:40
INV_101978,STR_147,PRD_1203,112,27,2026-08-08 15:34:14
INV_101979,STR_111,PRD_1794,31,10,08/08/2026 15:39
INV_101980,STR_140,PRD_2301,-8,13,2026-08-08 15:45:22
INV_101981,STR_115,PRD_2166,165,20,08/08/2026 15:50
INV_101982,STR_113,PRD_1511,76,19,2026-08-08 15:56:30
INV_101983,STR_100,PRD_1115,130,28,2026-08-08 16:02:04
INV_101984,STR_8888,PRD_1391,46,39,08/08/2026 16:07
INV_101985,STR_131,PRD_2366,120,29,2026-08-08 16:13:13
INV_101986,STR_120,PRD_2396,103,36,2026-08-08 16:18:47
INV_101987,STR_103,PRD_1687,180,21,2026-08-08 16:24:21
INV_101988,STR_108,PRD_1929,27,23,2026-08-08 16:29:55
INV_101989,STR_9999,PRD_1725,48,43,2026-08-08 16:35:29
INV_101990,STR_145,PRD_1368,17,47,2026-08-08T16:41:03.524234949
INV_101991,STR_121,PRD_2238,15,11,2026-08-08 16:46:37
INV_101992,STR_111,PRD_1568,73,41,2026-08-08 16:52:11
INV_101993,STR_129,PRD_1900,80,27,08/08/2026 16:57
INV_101994,STR_129,PRD_1740,54,30,2026-08-08 17:03:19
INV_101995,STR_131,PRD_1326,63,20,2026-08-08 17:08:54
INV_101996,STR_135,PRD_1036,191,39,2026-08-08 17:14:28
INV_101997,STR_106,PRD_1985,50,28,08/08/2026 17:20
INV_101998,STR_116,PRD_1379,174,49,2026-08-08 17:25:36
INV_101999,STR_100,PRD_1795,-10,39,2026-08-08 17:31:10
INV_102000,STR_113,PRD_2347,149,44,2026-08-08T17:36:44.546969798
INV_102001,STR_146,PRD_1368,21,13,08/08/2026 17:42
INV_102002,STR_143,PRD_1223,144,30,2026-08-08 17:47:52
INV_102003,STR_143,PRD_1813,130,14,2026-08-08T17:53:26.853790252
INV_102004,STR_137,PRD_2123,6,45,2026-08-08 17:59:00
INV_102005,STR_125,PRD_2098,145,36,2026-08-08 18:04:35
INV_102006,STR_126,PRD_1723,78,16,08/08/2026 18:10
INV_102007,STR_144,PRD_2460,41,40,2026-08-08T18:15:43.262884192
INV_102008,STR_115,PRD_1702,103,29,08/08/2026 18:21
INV_102009,STR_145,PRD_2391,153,34,2026-08-08 18:26:51
INV_102010,STR_106,PRD_1062,36,47,2026-08-08 18:32:25
INV_102011,STR_131,PRD_1098,183,34,2026-08-08T18:37:59.671978131
INV_102012,STR_124,PRD_1776,149,26,08/08/2026 18:43
INV_102013,STR_130,PRD_2248,21,46,2026-08-08 18:49:07
INV_102014,STR_115,PRD_1074,187,24,08/08/2026 18:54
INV_102015,STR_140,PRD_1183,84,19,2026-08-08T19:00:16.081072071
INV_102016,STR_113,PRD_2316,112,43,2026-08-08 19:05:50
INV_102017,STR_124,PRD_2080,172,16,2026-08-08 19:11:24
INV_102018,STR_129,PRD_2272,190,48,2026-08-08 19:16:58
INV_102019,STR_106,PRD_1468,96,34,2026-08-08 19:22:32
INV_102020,STR_111,PRD_1139,117,48,08/08/2026 19:28
INV_102021,STR_102,PRD_1358,69,37,2026-08-08 19:33:40
INV_102022,STR_126,PRD_2431,78,36,08/08/2026 19:39
INV_102023,STR_145,PRD_2497,29,46,2026-08-08 19:44:48
INV_102024,STR_118,PRD_2469,17,48,08/08/2026 19:50
INV_102025,STR_142,PRD_1979,70,47,2026-08-08T19:55:57.103806920
INV_102026,STR_136,PRD_2255,20,37,2026-08-08 20:01:31
INV_102027,STR_144,PRD_1299,108,43,2026-08-08 20:07:05
INV_102028,STR_141,PRD_1425,76,38,2026-08-08 20:12:39
INV_102029,STR_106,PRD_1994,20,17,2026-08-08 20:18:13
INV_102030,STR_148,PRD_1160,143,22,08/08/2026 20:23
INV_102031,STR_115,PRD_1400,-7,46,2026-08-08 20:29:21
INV_102032,STR_131,PRD_2401,96,12,2026-08-08 20:34:55
INV_102033,STR_107,PRD_2280,96,23,2026-08-08T20:40:29.921994799
INV_102034,STR_148,PRD_1740,96,41,08/08/2026 20:46
INV_102035,STR_112,PRD_1861,175,32,08/08/2026 20:51
INV_102036,STR_110,PRD_1493,106,32,2026-08-08 20:57:12
INV_102037,STR_119,PRD_1488,68,22,2026-08-08T21:02:46.331088739
INV_102038,STR_117,PRD_2205,12,48,2026-08-08 21:08:20
INV_102039,STR_136,PRD_1525,186,30,2026-08-08 21:13:54
INV_102040,STR_105,PRD_2123,94,40,2026-08-08 21:19:28
INV_102041,STR_119,PRD_1736,177,16,2026-08-08 21:25:02
INV_102042,STR_131,PRD_1357,160,45,2026-08-08 21:30:36
INV_102043,STR_145,PRD_2254,143,28,2026-08-08 21:36:10
INV_102044,STR_143,PRD_1564,184,31,2026-08-08T21:41:45.047003133
INV_102045,STR_128,PRD_2029,105,33,2026-08-08 21:47:19
INV_102046,STR_103,PRD_1089,185,33,2026-08-08 21:52:53
INV_102047,STR_106,PRD_1063,44,30,2026-08-08 21:58:27
INV_102048,STR_142,PRD_2111,164,22,2026-08-08 22:04:01
INV_102049,STR_119,PRD_2056,199,15,2026-08-08 22:09:35
INV_102050,STR_133,PRD_2095,176,37,2026-08-08 22:15:09
INV_102051,STR_135,PRD_1252,192,41,2026-08-08T22:20:43.762917527
INV_102052,STR_106,PRD_1106,192,22,08/08/2026 22:26
INV_102053,STR_132,PRD_1929,133,43,08/08/2026 22:31
INV_102054,STR_114,PRD_1513,47,41,2026-08-08 22:37:26
INV_102055,STR_8888,PRD_1135,96,23,2026-08-08T22:43:00.172011467
INV_102056,STR_131,PRD_1628,-10,41,08/08/2026 22:48
INV_102057,STR_121,PRD_1408,116,14,08/08/2026 22:54
INV_102058,STR_139,PRD_1120,162,44,2026-08-08 22:59:42
INV_102059,STR_128,PRD_1799,83,13,2026-08-08 23:05:16
INV_102060,STR_124,PRD_1823,123,23,2026-08-08 23:10:50
INV_102061,STR_104,PRD_2117,41,27,08/08/2026 23:16
INV_102062,STR_113,PRD_1504,8,20,2026-08-08 23:21:58
INV_102063,STR_149,PRD_1006,91,28,2026-08-08 23:27:32
INV_102064,STR_134,PRD_1943,160,11,2026-08-08 23:33:07
INV_102065,STR_101,PRD_1190,8,43,2026-08-08 23:38:41
INV_102066,STR_124,PRD_1456,28,12,2026-08-08 23:44:15
INV_102067,STR_115,PRD_1385,97,38,08/08/2026 23:49
INV_102068,STR_145,PRD_1802,149,32,2026-08-08 23:55:23
INV_102069,STR_115,PRD_1865,54,10,2026-08-09 00:00:57
INV_102070,STR_110,PRD_2022,36,15,2026-08-09 00:06:31
INV_102071,STR_148,PRD_1277,130,26,2026-08-09T00:12:05.808387225
INV_102072,STR_134,PRD_2471,63,28,2026-08-09 00:17:39
INV_102073,STR_122,PRD_1826,199,11,2026-08-09T00:23:14.012934195
INV_102074,STR_104,PRD_1944,153,24,2026-08-09 00:28:48
INV_102075,STR_134,PRD_1051,187,32,2026-08-09 00:34:22
INV_102076,STR_128,PRD_2428,144,28,2026-08-09 00:39:56
INV_102077,STR_146,PRD_1395,61,42,2026-08-09 00:45:30
INV_102078,STR_104,PRD_1778,141,15,2026-08-09 00:51:04
INV_102079,STR_102,PRD_1693,137,28,2026-08-09 00:56:38
INV_102080,STR_105,PRD_1210,75,39,2026-08-09 01:02:12
INV_102081,STR_122,PRD_1889,-2,31,09/08/2026 01:07
INV_102082,STR_145,PRD_1269,109,12,2026-08-09 01:13:20
INV_102083,STR_101,PRD_1544,156,14,2026-08-09 01:18:55
INV_102084,STR_117,PRD_2006,103,39,2026-08-09 01:24:29
INV_102085,STR_129,PRD_1844,-10,12,2026-08-09T01:30:03.240216014
INV_102086,STR_137,PRD_2015,0,48,2026-08-09 01:35:37
INV_102087,STR_104,PRD_2305,94,48,09/08/2026 01:41
INV_102088,STR_145,PRD_1397,191,37,2026-08-09 01:46:45
INV_102089,STR_148,PRD_2239,-10,10,2026-08-09 01:52:19
INV_102090,STR_110,PRD_2455,70,31,2026-08-09 01:57:53
INV_102091,STR_100,PRD_2344,112,48,2026-08-09T02:03:27.853856923
INV_102092,STR_109,PRD_1813,161,26,09/08/2026 02:09
INV_102093,STR_140,PRD_1638,40,37,2026-08-09 02:14:36
INV_102094,STR_8888,PRD_1492,6,39,2026-08-09 02:20:10
INV_102095,STR_143,PRD_1950,92,49,09/08/2026 02:25
INV_102096,STR_125,PRD_1127,96,17,2026-08-09 02:31:18
INV_102097,STR_132,PRD_1073,109,36,2026-08-09 02:36:52
INV_102098,STR_126,PRD_2499,183,34,2026-08-09 02:42:26
INV_102099,STR_149,PRD_1451,101,22,2026-08-09 02:48:00
INV_102100,STR_111,PRD_2485,12,43,2026-08-09 02:53:34
INV_102101,STR_101,PRD_1437,158,48,2026-08-09 02:59:08
INV_102102,STR_100,PRD_2279,115,16,2026-08-09T03:04:42.978865257
INV_102103,STR_100,PRD_1447,48,31,2026-08-09 03:10:17
INV_102104,STR_132,PRD_2125,191,42,2026-08-09T03:15:51.183412227
INV_102105,STR_121,PRD_1558,95,47,09/08/2026 03:21
INV_102106,STR_111,PRD_1969,83,40,2026-08-09 03:26:59
INV_102107,STR_138,PRD_1936,14,42,2026-08-09 03:32:33
INV_102108,STR_135,PRD_1282,134,31,2026-08-09 03:38:07
INV_102109,STR_120,PRD_1759,99,36,2026-08-09T03:43:41.694779652
INV_102110,STR_119,PRD_2227,8,36,2026-08-09 03:49:15
INV_102111,STR_135,PRD_1085,199,30,2026-08-09 03:54:49
INV_102112,STR_125,PRD_2347,71,44,2026-08-09 04:00:24
INV_102113,STR_146,PRD_1163,35,19,2026-08-09 04:05:58
INV_102114,STR_130,PRD_1876,24,37,2026-08-09 04:11:32
INV_102115,STR_100,PRD_2080,191,49,2026-08-09 04:17:06
INV_102116,STR_137,PRD_1205,12,46,09/08/2026 04:22
INV_102117,STR_113,PRD_2452,98,42,2026-08-09 04:28:14
INV_102118,STR_125,PRD_1147,33,17,2026-08-09 04:33:48
INV_102119,STR_145,PRD_2324,-2,46,2026-08-09 04:39:22
INV_102120,STR_141,PRD_1790,149,42,2026-08-09 04:44:56
INV_102121,STR_106,PRD_2313,79,28,2026-08-09 04:50:30
INV_102122,STR_111,PRD_2044,82,39,2026-08-09 04:56:05
INV_102123,STR_123,PRD_1946,176,23,09/08/2026 05:01
INV_102124,STR_118,PRD_2160,31,23,2026-08-09 05:07:13
INV_102125,STR_108,PRD_2392,179,45,2026-08-09 05:12:47
INV_102126,STR_134,PRD_1556,136,16,2026-08-09 05:18:21
INV_102127,STR_103,PRD_2459,82,43,2026-08-09 05:23:55
INV_102128,STR_144,PRD_1760,106,41,09/08/2026 05:29
INV_102129,STR_141,PRD_1029,116,42,2026-08-09 05:35:03
INV_102130,STR_131,PRD_2471,24,23,2026-08-09 05:40:37
INV_102131,STR_145,PRD_1224,193,34,2026-08-09 05:46:11
INV_102132,STR_105,PRD_2409,125,37,2026-08-09 05:51:46
INV_102133,STR_127,PRD_1428,100,48,2026-08-09 05:57:20
INV_102134,STR_127,PRD_1528,32,39,2026-08-09 06:02:54
INV_102135,STR_139,PRD_2051,34,40,2026-08-09 06:08:28
INV_102136,STR_9999,PRD_1125,123,33,2026-08-09 06:14:02
INV_102137,STR_128,PRD_1812,2,13,2026-08-09 06:19:36
INV_102138,STR_141,PRD_1498,0,23,2026-08-09 06:25:10
INV_102139,STR_104,PRD_2210,91,18,09/08/2026 06:30
INV_102140,STR_104,PRD_1653,187,45,2026-08-09T06:36:18.865257683
INV_102141,STR_136,PRD_2395,186,15,2026-08-09 06:41:52
INV_102142,STR_140,PRD_1137,124,33,09/08/2026 06:47
INV_102143,STR_127,PRD_1993,44,35,09/08/2026 06:53
INV_102144,STR_140,PRD_2360,172,43,2026-08-09 06:58:35
INV_102145,STR_146,PRD_1740,8,10,2026-08-09 07:04:09
INV_102146,STR_108,PRD_1213,96,32,2026-08-09 07:09:43
INV_102147,STR_128,PRD_1290,-5,26,09/08/2026 07:15
INV_102148,STR_113,PRD_1943,-2,45,2026-08-09T07:20:51.683445563
INV_102149,STR_137,PRD_1370,137,46,2026-08-09 07:26:25
INV_102150,STR_8888,PRD_1529,14,29,2026-08-09 07:31:59
INV_102151,STR_139,PRD_1691,39,35,2026-08-09 07:37:33
INV_102152,STR_133,PRD_1548,61,20,09/08/2026 07:43
INV_102153,STR_136,PRD_2319,167,29,2026-08-09 07:48:42
INV_102154,STR_148,PRD_1773,155,10,2026-08-09 07:54:16
INV_102155,STR_141,PRD_2016,55,22,2026-08-09 07:59:50
INV_102156,STR_113,PRD_1418,46,45,2026-08-09 08:05:24
INV_102157,STR_117,PRD_1360,11,47,2026-08-09T08:10:58.603906927
INV_102158,STR_132,PRD_2181,45,22,09/08/2026 08:16
INV_102159,STR_133,PRD_2098,25,23,2026-08-09 08:22:06
INV_102160,STR_127,PRD_2395,168,21,2026-08-09 08:27:40
INV_102161,STR_135,PRD_1919,57,43,2026-08-09 08:33:15
INV_102162,STR_144,PRD_1566,-10,36,2026-08-09T08:38:49.115274351
INV_102163,STR_147,PRD_1717,37,21,09/08/2026 08:44
INV_102164,STR_136,PRD_1726,150,47,2026-08-09 08:49:57
INV_102165,STR_122,PRD_2129,141,45,09/08/2026 08:55
INV_102166,STR_141,PRD_1366,166,10,2026-08-09 09:01:05
INV_102167,STR_116,PRD_1401,186,35,2026-08-09 09:06:39
INV_102168,STR_110,PRD_1102,47,49,09/08/2026 09:12
INV_102169,STR_131,PRD_1786,37,49,2026-08-09 09:17:47
INV_102170,STR_136,PRD_1324,174,30,2026-08-09 09:23:21
INV_102171,STR_114,PRD_1372,181,41,2026-08-09 09:28:56
INV_102172,STR_103,PRD_1337,88,34,2026-08-09 09:34:30
INV_102173,STR_138,PRD_1890,170,21,2026-08-09 09:40:04
INV_102174,STR_129,PRD_2056,177,34,09/08/2026 09:45
INV_102175,STR_109,PRD_2131,115,35,09/08/2026 09:51
INV_102176,STR_122,PRD_2445,103,45,2026-08-09 09:56:46
INV_102177,STR_123,PRD_2292,79,25,2026-08-09 10:02:20
INV_102178,STR_135,PRD_2096,102,23,2026-08-09 10:07:54
INV_102179,STR_8888,PRD_2204,160,43,2026-08-09T10:13:28.853923594
INV_102180,STR_104,PRD_2175,158,33,2026-08-09 10:19:02
INV_102181,STR_136,PRD_2091,96,17,2026-08-09 10:24:37
INV_102182,STR_142,PRD_2395,143,36,2026-08-09 10:30:11
INV_102183,STR_118,PRD_2371,176,48,09/08/2026 10:35
INV_102184,STR_136,PRD_1996,94,22,2026-08-09 10:41:19
INV_102185,STR_107,PRD_1031,166,38,2026-08-09 10:46:53
INV_102186,STR_106,PRD_1926,181,40,2026-08-09 10:52:27
INV_102187,STR_139,PRD_1619,122,28,09/08/2026 10:58
INV_102188,STR_112,PRD_2102,161,19,2026-08-09 11:03:35
INV_102189,STR_136,PRD_2282,7,49,09/08/2026 11:09
INV_102190,STR_126,PRD_1877,174,43,2026-08-09 11:14:43
INV_102191,STR_117,PRD_1174,101,10,09/08/2026 11:20
INV_102192,STR_123,PRD_2390,29,28,2026-08-09 11:25:52
INV_102193,STR_140,PRD_1014,91,10,2026-08-09 11:31:26
INV_102194,STR_101,PRD_2074,102,33,2026-08-09 11:37:00
INV_102195,STR_115,PRD_1106,163,34,2026-08-09 11:42:34
INV_102196,STR_113,PRD_1468,47,13,2026-08-09 11:48:08
INV_102197,STR_116,PRD_1201,74,33,2026-08-09 11:53:42
INV_102198,STR_105,PRD_2241,141,48,2026-08-09T11:59:16.797119808
INV_102199,STR_134,PRD_2064,145,29,09/08/2026 12:04
INV_102200,STR_116,PRD_2408,35,42,2026-08-09 12:10:25
INV_102201,STR_144,PRD_1916,185,37,2026-08-09 12:15:59
INV_102202,STR_137,PRD_1335,61,44,2026-08-09 12:21:33
INV_102203,STR_139,PRD_1104,171,33,2026-08-09 12:27:07
INV_102204,STR_105,PRD_1202,22,49,2026-08-09 12:32:41
INV_102205,STR_147,PRD_2118,56,11,2026-08-09 12:38:15
INV_102206,STR_137,PRD_2200,102,32,2026-08-09 12:43:49
INV_102207,STR_148,PRD_1064,73,42,2026-08-09T12:49:23.717581172
INV_102208,STR_120,PRD_1552,152,23,2026-08-09T12:54:57.819854657
INV_102209,STR_134,PRD_1223,28,24,2026-08-09 13:00:31
INV_102210,STR_122,PRD_1379,164,41,2026-08-09 13:06:06
INV_102211,STR_111,PRD_1254,60,32,2026-08-09 13:11:40
INV_102212,STR_128,PRD_2321,-6,13,2026-08-09 13:17:14
INV_102213,STR_126,PRD_1170,154,29,2026-08-09 13:22:48
INV_102214,STR_105,PRD_1612,-10,40,2026-08-09 13:28:22
INV_102215,STR_120,PRD_1651,114,16,2026-08-09 13:33:56
INV_102216,STR_106,PRD_1717,173,10,2026-08-09 13:39:30
INV_102217,STR_142,PRD_1831,124,14,2026-08-09 13:45:04
INV_102218,STR_140,PRD_2387,102,23,09/08/2026 13:50
INV_102219,STR_115,PRD_1818,181,39,09/08/2026 13:56
INV_102220,STR_104,PRD_1072,-3,47,2026-08-09 14:01:47
INV_102221,STR_114,PRD_2083,97,32,2026-08-09T14:07:21.149409960
INV_102222,STR_120,PRD_1454,115,16,2026-08-09 14:12:55
INV_102223,STR_103,PRD_1335,115,48,09/08/2026 14:18
INV_102224,STR_104,PRD_1667,181,25,2026-08-09T14:24:03.456230415
INV_102225,STR_106,PRD_2147,174,18,2026-08-09T14:29:37.558503900
INV_102226,STR_134,PRD_2478,17,48,2026-08-09T14:35:11.660777385
INV_102227,STR_135,PRD_1013,143,43,2026-08-09 14:40:45
INV_102228,STR_114,PRD_2439,23,40,2026-08-09 14:46:19
INV_102229,STR_127,PRD_1026,85,16,2026-08-09 14:51:53
INV_102230,STR_101,PRD_2073,11,11,2026-08-09 14:57:28
INV_102231,STR_104,PRD_1186,113,15,2026-08-09 15:03:02
INV_102232,STR_106,PRD_2080,137,43,2026-08-09T15:08:36.274418294
INV_102233,STR_121,PRD_1770,131,26,2026-08-09T15:14:10.376691779
INV_102234,STR_148,PRD_1666,140,35,2026-08-09 15:19:44
INV_102235,STR_130,PRD_1989,56,21,2026-08-09 15:25:18
INV_102236,STR_131,PRD_2057,136,29,2026-08-09 15:30:52
INV_102237,STR_107,PRD_1537,67,44,2026-08-09T15:36:26.785785719
INV_102238,STR_140,PRD_1935,28,44,09/08/2026 15:42
INV_102239,STR_141,PRD_1370,154,38,2026-08-09 15:47:34
INV_102240,STR_110,PRD_1085,88,47,2026-08-09 15:53:09
INV_102241,STR_100,PRD_1159,118,40,09/08/2026 15:58
INV_102242,STR_146,PRD_1424,8,49,09/08/2026 16:04
INV_102243,STR_139,PRD_2129,4,22,2026-08-09T16:09:51.399426628
INV_102244,STR_118,PRD_2414,-10,35,09/08/2026 16:15
INV_102245,STR_143,PRD_1274,20,31,2026-08-09 16:20:59
INV_102246,STR_137,PRD_2312,169,17,09/08/2026 16:26
INV_102247,STR_141,PRD_1257,160,49,09/08/2026 16:32
INV_102248,STR_136,PRD_1962,163,16,2026-08-09 16:37:41
INV_102249,STR_106,PRD_2243,75,14,2026-08-09T16:43:16.013067537
INV_102250,STR_138,PRD_1973,39,10,2026-08-09 16:48:50
INV_102251,STR_124,PRD_1526,9,49,09/08/2026 16:54
INV_102252,STR_121,PRD_1532,94,20,2026-08-09 16:59:58
INV_102253,STR_126,PRD_2082,179,41,09/08/2026 17:05
INV_102254,STR_140,PRD_2383,32,16,2026-08-09 17:11:06
INV_102255,STR_146,PRD_1112,-6,38,2026-08-09 17:16:40
INV_102256,STR_137,PRD_2299,196,39,09/08/2026 17:22
INV_102257,STR_147,PRD_1256,55,30,09/08/2026 17:27
INV_102258,STR_138,PRD_1328,129,48,2026-08-09 17:33:22
INV_102259,STR_114,PRD_1776,117,48,2026-08-09 17:38:57
INV_102260,STR_101,PRD_2258,174,29,2026-08-09 17:44:31
INV_102261,STR_107,PRD_1050,177,31,2026-08-09 17:50:05
INV_102262,STR_143,PRD_1220,172,38,09/08/2026 17:55
INV_102263,STR_142,PRD_1782,60,13,2026-08-09 18:01:13
INV_102264,STR_105,PRD_1595,55,12,09/08/2026 18:06
INV_102265,STR_119,PRD_2253,189,18,2026-08-09 18:12:21
INV_102266,STR_126,PRD_1221,62,14,2026-08-09 18:17:55
INV_102267,STR_144,PRD_1942,144,12,2026-08-09 18:23:29
INV_102268,STR_122,PRD_2077,145,34,09/08/2026 18:29
INV_102269,STR_147,PRD_2296,154,41,2026-08-09T18:34:38.058537235
INV_102270,STR_139,PRD_1197,68,42,09/08/2026 18:40
INV_102271,STR_116,PRD_1127,8,27,2026-08-09T18:45:46.263084205
INV_102272,STR_112,PRD_2032,168,45,2026-08-09 18:51:20
INV_102273,STR_103,PRD_1986,2,38,2026-08-09 18:56:54
INV_102274,STR_119,PRD_1226,34,48,09/08/2026 19:02
INV_102275,STR_141,PRD_1557,-5,11,2026-08-09T19:08:02.672178145
INV_102276,STR_124,PRD_2157,118,20,09/08/2026 19:13
INV_102277,STR_121,PRD_2039,95,40,2026-08-09T19:19:10.876725115
INV_102278,STR_8888,PRD_1214,110,13,2026-08-09 19:24:44
INV_102279,STR_147,PRD_2135,14,38,2026-08-09T19:30:19.081272084
INV_102280,STR_116,PRD_1854,143,12,2026-08-09 19:35:53
INV_102281,STR_139,PRD_2180,130,11,2026-08-09 19:41:27
INV_102282,STR_110,PRD_1424,8,45,2026-08-09 19:47:01
INV_102283,STR_124,PRD_2475,127,23,2026-08-09 19:52:35
INV_102284,STR_104,PRD_1317,162,13,2026-08-09T19:58:09.592639509
INV_102285,STR_120,PRD_1359,60,39,2026-08-09 20:03:43
INV_102286,STR_125,PRD_2399,4,28,2026-08-09 20:09:17
INV_102287,STR_115,PRD_1935,96,28,2026-08-09 20:14:51
INV_102288,STR_139,PRD_1957,148,40,2026-08-09 20:20:26
INV_102289,STR_120,PRD_1919,115,24,2026-08-09 20:26:00
INV_102290,STR_147,PRD_1901,125,38,2026-08-09 20:31:34
INV_102291,STR_131,PRD_2319,19,12,2026-08-09 20:37:08
INV_102292,STR_103,PRD_1197,87,28,2026-08-09 20:42:42
INV_102293,STR_137,PRD_1397,86,31,2026-08-09 20:48:16
INV_102294,STR_107,PRD_1589,-10,29,09/08/2026 20:53
INV_102295,STR_108,PRD_1241,5,16,2026-08-09 20:59:24
INV_102296,STR_144,PRD_1428,103,13,2026-08-09T21:04:58.819921328
INV_102297,STR_116,PRD_1610,0,10,2026-08-09 21:10:32
INV_102298,STR_140,PRD_1005,144,16,2026-08-09 21:16:07
INV_102299,STR_112,PRD_2341,75,31,2026-08-09 21:21:41
INV_102300,STR_108,PRD_2235,157,46,2026-08-09 21:27:15
INV_102301,STR_105,PRD_2296,161,39,09/08/2026 21:32
INV_102302,STR_126,PRD_2107,59,18,2026-08-09T21:38:23.433562237
INV_102303,STR_141,PRD_1709,109,36,09/08/2026 21:43
INV_102304,STR_136,PRD_1359,174,47,2026-08-09T21:49:31.638109207
INV_102305,STR_138,PRD_2404,165,32,2026-08-09T21:55:05.740382692
INV_102306,STR_142,PRD_2164,157,21,2026-08-09T22:00:39.842656177
INV_102307,STR_123,PRD_2196,28,22,2026-08-09T22:06:13.944929662
INV_102308,STR_108,PRD_2043,120,42,09/08/2026 22:11
INV_102309,STR_141,PRD_1502,172,24,2026-08-09 22:17:22
INV_102310,STR_110,PRD_1226,-10,25,2026-08-09 22:22:56
INV_102311,STR_134,PRD_1108,12,43,2026-08-09 22:28:30
INV_102312,STR_128,PRD_1742,184,18,09/08/2026 22:34
INV_102313,STR_107,PRD_2343,179,36,2026-08-09 22:39:38
INV_102314,STR_116,PRD_2331,104,24,2026-08-09 22:45:12
INV_102315,STR_106,PRD_1810,151,44,09/08/2026 22:50
INV_102316,STR_111,PRD_2110,134,43,09/08/2026 22:56
INV_102317,STR_147,PRD_1785,37,49,09/08/2026 23:01
INV_102318,STR_114,PRD_1227,80,39,2026-08-09T23:07:29.069937995
INV_102319,STR_128,PRD_1851,42,32,2026-08-09 23:13:03
INV_102320,STR_144,PRD_2333,50,18,2026-08-09 23:18:37
INV_102321,STR_149,PRD_1827,92,41,09/08/2026 23:24
INV_102322,STR_149,PRD_1378,91,44,2026-08-09T23:29:45.479031935
INV_102323,STR_123,PRD_1384,128,41,2026-08-09 23:35:19
INV_102324,STR_136,PRD_1112,132,25,2026-08-09T23:40:53.683578905
INV_102325,STR_113,PRD_2316,79,41,2026-08-09T23:46:27.785852390
INV_102326,STR_110,PRD_2328,107,34,09/08/2026 23:52
INV_102327,STR_134,PRD_1290,128,39,2026-08-09 23:57:35
INV_102328,STR_116,PRD_2128,124,46,2026-08-10 00:03:10
INV_102329,STR_126,PRD_1290,36,46,10/08/2026 00:08
INV_102330,STR_143,PRD_99999,125,44,2026-08-10 00:14:18
INV_102331,STR_102,PRD_1676,-6,17,2026-08-10 00:19:52
INV_102332,STR_101,PRD_1059,198,49,2026-08-10T00:25:26.501766784
INV_102333,STR_103,PRD_2335,76,45,2026-08-10 00:31:00
INV_102334,STR_117,PRD_1105,183,34,2026-08-10 00:36:34
INV_102335,STR_119,PRD_1622,80,27,2026-08-10T00:42:08.808587239
INV_102336,STR_120,PRD_1088,52,48,2026-08-10T00:47:42.910860724
INV_102337,STR_113,PRD_2291,10,19,2026-08-10T00:53:17.013134208
INV_102338,STR_107,PRD_1741,188,10,10/08/2026 00:58
INV_102339,STR_101,PRD_2142,108,13,2026-08-10 01:04:25
INV_102340,STR_125,PRD_1899,110,35,2026-08-10T01:09:59.319954663
INV_102341,STR_118,PRD_1444,91,20,2026-08-10 01:15:33
INV_102342,STR_141,PRD_2452,79,24,10/08/2026 01:21
INV_102343,STR_127,PRD_2006,129,41,2026-08-10 01:26:41
INV_102344,STR_128,PRD_2374,101,24,2026-08-10T01:32:15.729048603
INV_102345,STR_104,PRD_1305,128,37,2026-08-10 01:37:49
INV_102346,STR_142,PRD_1614,171,32,2026-08-10 01:43:23
INV_102347,STR_127,PRD_1201,198,12,10/08/2026 01:48
INV_102348,STR_140,PRD_1943,127,41,2026-08-10 01:54:32
INV_102349,STR_147,PRD_2046,108,29,2026-08-10T02:00:06.240416027
INV_102350,STR_125,PRD_2113,5,23,2026-08-10 02:05:40
INV_102351,STR_104,PRD_1470,132,44,2026-08-10T02:11:14.444962997
INV_102352,STR_114,PRD_2116,175,49,2026-08-10 02:16:48
INV_102353,STR_145,PRD_1978,196,18,2026-08-10 02:22:22
INV_102354,STR_108,PRD_2308,108,33,2026-08-10 02:27:56
INV_102355,STR_131,PRD_1308,73,13,2026-08-10 02:33:30
INV_102356,STR_8888,PRD_1732,121,21,2026-08-10T02:39:04.956330422
INV_102357,STR_125,PRD_1535,11,33,2026-08-10T02:44:39.058603906
INV_102358,STR_136,PRD_1375,152,10,2026-08-10 02:50:13
INV_102359,STR_114,PRD_1498,131,23,2026-08-10 02:55:47
INV_102360,STR_140,PRD_1635,83,40,2026-08-10 03:01:21
INV_102361,STR_103,PRD_1141,20,19,2026-08-10 03:06:55
INV_102362,STR_135,PRD_2075,191,42,2026-08-10T03:12:29.569971331
INV_102363,STR_119,PRD_2093,59,45,2026-08-10T03:18:03.672244816
INV_102364,STR_126,PRD_1259,80,44,2026-08-10 03:23:37
INV_102365,STR_120,PRD_2316,117,27,2026-08-10T03:29:11.876791786
INV_102366,STR_121,PRD_1377,0,34,2026-08-10 03:34:45
INV_102367,STR_106,PRD_2062,25,21,2026-08-10 03:40:20
INV_102368,STR_146,PRD_1347,191,37,10/08/2026 03:45
INV_102369,STR_130,PRD_1827,69,18,10/08/2026 03:51
INV_102370,STR_116,PRD_1505,13,33,2026-08-10 03:57:02
INV_102371,STR_149,PRD_1381,157,29,10/08/2026 04:02
INV_102372,STR_106,PRD_1424,102,35,2026-08-10T04:08:10.592706180
INV_102373,STR_118,PRD_2459,31,14,2026-08-10T04:13:44.694979665
INV_102374,STR_127,PRD_1321,10,36,2026-08-10 04:19:18
INV_102375,STR_109,PRD_1249,85,37,2026-08-10T04:24:52.899526635
INV_102376,STR_126,PRD_1179,198,46,2026-08-10 04:30:27
INV_102377,STR_112,PRD_2003,40,49,2026-08-10 04:36:01
INV_102378,STR_101,PRD_1028,70,16,2026-08-10 04:41:35
INV_102379,STR_121,PRD_2349,44,28,2026-08-10 04:47:09
INV_102380,STR_119,PRD_1737,113,31,2026-08-10T04:52:43.410894059
INV_102381,STR_142,PRD_1186,121,27,2026-08-10 04:58:17
INV_102382,STR_104,PRD_1054,51,24,2026-08-10T05:03:51.615441029
INV_102383,STR_105,PRD_1877,76,42,2026-08-10T05:09:25.717714514
INV_102384,STR_134,PRD_1513,142,48,2026-08-10 05:14:59
INV_102385,STR_100,PRD_2433,187,14,2026-08-10 05:20:33
INV_102386,STR_134,PRD_1016,131,49,2026-08-10T05:26:08.024534969
INV_102387,STR_102,PRD_1087,30,46,2026-08-10 05:31:42
INV_102388,STR_135,PRD_2246,174,14,2026-08-10T05:37:16.229081938
INV_102389,STR_106,PRD_2081,155,46,2026-08-10 05:42:50
INV_102390,STR_128,PRD_1703,179,16,10/08/2026 05:48
INV_102391,STR_114,PRD_1724,30,11,2026-08-10T05:53:58.535902393
INV_102392,STR_110,PRD_2253,34,39,2026-08-10 05:59:32
INV_102393,STR_117,PRD_2177,197,20,2026-08-10T06:05:06.740449363
INV_102394,STR_143,PRD_2296,115,46,2026-08-10 06:10:40
INV_102395,STR_103,PRD_2069,85,48,2026-08-10 06:16:14
INV_102396,STR_123,PRD_1894,133,42,2026-08-10 06:21:49
INV_102397,STR_110,PRD_1451,8,18,2026-08-10T06:27:23.149543302
INV_102398,STR_105,PRD_2329,26,20,10/08/2026 06:32
INV_102399,STR_9999,PRD_1426,74,21,10/08/2026 06:38
INV_102400,STR_117,PRD_1117,196,19,2026-08-10 06:44:05
INV_102401,STR_114,PRD_1687,178,20,10/08/2026 06:49
INV_102402,STR_102,PRD_2021,15,42,2026-08-10 06:55:13
INV_102403,STR_116,PRD_1579,83,29,2026-08-10 07:00:47
INV_102404,STR_132,PRD_1250,93,14,2026-08-10 07:06:21
INV_102405,STR_133,PRD_1402,196,33,10/08/2026 07:11
INV_102406,STR_129,PRD_1920,181,41,10/08/2026 07:17
INV_102407,STR_118,PRD_1199,114,40,2026-08-10 07:23:04
INV_102408,STR_108,PRD_2169,130,23,2026-08-10 07:28:38
INV_102409,STR_139,PRD_2074,80,28,2026-08-10T07:34:12.376825121
INV_102410,STR_143,PRD_1913,76,33,2026-08-10 07:39:46
INV_102411,STR_130,PRD_2391,151,41,10/08/2026 07:45
INV_102412,STR_126,PRD_1319,112,21,2026-08-10T07:50:54.683645576
INV_102413,STR_146,PRD_1198,87,30,10/08/2026 07:56
INV_102414,STR_124,PRD_2464,12,45,2026-08-10T08:02:02.888192546
INV_102415,STR_106,PRD_1144,97,34,2026-08-10 08:07:36
INV_102416,STR_147,PRD_2082,137,23,2026-08-10T08:13:11.092739516
INV_102417,STR_106,PRD_1142,43,17,2026-08-10 08:18:45
INV_102418,STR_119,PRD_2246,190,38,2026-08-10 08:24:19
INV_102419,STR_143,PRD_2123,175,34,2026-08-10T08:29:53.399559970
INV_102420,STR_148,PRD_2049,48,32,2026-08-10 08:35:27
INV_102421,STR_142,PRD_2455,137,45,2026-08-10 08:41:01
INV_102422,STR_135,PRD_1525,28,21,2026-08-10 08:46:35
INV_102423,STR_118,PRD_1121,67,21,10/08/2026 08:52
INV_102424,STR_101,PRD_2488,80,27,2026-08-10T08:57:43.910927395
INV_102425,STR_133,PRD_1264,149,45,2026-08-10 09:03:18
INV_102426,STR_116,PRD_2030,158,28,2026-08-10 09:08:52
INV_102427,STR_123,PRD_1730,58,44,10/08/2026 09:14
INV_102428,STR_108,PRD_2243,57,36,2026-08-10 09:20:00
INV_102429,STR_100,PRD_1395,76,12,10/08/2026 09:25
INV_102430,STR_141,PRD_1912,10,22,2026-08-10 09:31:08
INV_102431,STR_127,PRD_2480,141,47,2026-08-10 09:36:42
INV_102432,STR_114,PRD_1107,133,28,2026-08-10T09:42:16.729115274
INV_102433,STR_120,PRD_1858,21,44,2026-08-10 09:47:50
INV_102434,STR_114,PRD_1635,143,24,2026-08-10 09:53:24
INV_102435,STR_122,PRD_2483,-8,25,10/08/2026 09:58
INV_102436,STR_101,PRD_1932,71,44,2026-08-10T10:04:33.138209213
INV_102437,STR_145,PRD_1768,110,14,2026-08-10 10:10:07
INV_102438,STR_135,PRD_2032,105,16,2026-08-10T10:15:41.342756183
INV_102439,STR_149,PRD_2390,124,30,2026-08-10T10:21:15.445029668
INV_102440,STR_108,PRD_2148,77,10,10/08/2026 10:26
INV_102441,STR_101,PRD_2185,133,34,10/08/2026 10:32
INV_102442,STR_101,PRD_1035,42,39,2026-08-10T10:37:57.751850123
INV_102443,STR_117,PRD_2027,-7,28,2026-08-10 10:43:31
INV_102444,STR_116,PRD_1412,162,33,2026-08-10 10:49:05
INV_102445,STR_140,PRD_2110,21,24,10/08/2026 10:54
INV_102446,STR_107,PRD_1482,72,44,2026-08-10 11:00:14
INV_102447,STR_133,PRD_1911,195,33,2026-08-10T11:05:48.263217547
INV_102448,STR_133,PRD_1602,91,45,2026-08-10T11:11:22.365491032
INV_102449,STR_104,PRD_2081,47,23,2026-08-10 11:16:56
INV_102450,STR_143,PRD_2163,2,31,2026-08-10T11:22:30.570038002
INV_102451,STR_128,PRD_1171,139,48,2026-08-10T11:28:04.672311487
INV_102452,STR_127,PRD_1259,33,17,2026-08-10 11:33:38
INV_102453,STR_115,PRD_1024,161,25,2026-08-10T11:39:12.876858457
INV_102454,STR_113,PRD_1197,19,26,10/08/2026 11:44
INV_102455,STR_8888,PRD_1578,140,14,2026-08-10 11:50:21
INV_102456,STR_101,PRD_1422,1,44,2026-08-10 11:55:55
INV_102457,STR_139,PRD_2141,3,46,10/08/2026 12:01
INV_102458,STR_103,PRD_1791,25,27,2026-08-10 12:07:03
INV_102459,STR_8888,PRD_1005,34,30,2026-08-10 12:12:37
INV_102460,STR_140,PRD_2120,189,10,10/08/2026 12:18
INV_102461,STR_8888,PRD_1071,13,26,2026-08-10 12:23:45
INV_102462,STR_130,PRD_1928,108,17,2026-08-10T12:29:19.797319821
INV_102463,STR_125,PRD_1431,120,38,2026-08-10T12:34:53.899593306
INV_102464,STR_126,PRD_1962,67,29,2026-08-10 12:40:28
INV_102465,STR_9999,PRD_1379,168,46,2026-08-10 12:46:02
INV_102466,STR_133,PRD_1549,192,48,10/08/2026 12:51
INV_102467,STR_130,PRD_1807,172,14,2026-08-10 12:57:10
INV_102468,STR_147,PRD_1055,27,19,2026-08-10 13:02:44
INV_102469,STR_110,PRD_1614,81,15,10/08/2026 13:08
INV_102470,STR_107,PRD_2126,76,16,2026-08-10T13:13:52.615507700
INV_102471,STR_111,PRD_1215,199,44,2026-08-10 13:19:26
INV_102472,STR_134,PRD_1020,9,36,2026-08-10 13:25:00
INV_102473,STR_144,PRD_1209,86,30,2026-08-10 13:30:34
INV_102474,STR_133,PRD_1290,-9,33,2026-08-10 13:36:09
INV_102475,STR_112,PRD_1714,143,38,2026-08-10 13:41:43
INV_102476,STR_126,PRD_1834,-9,36,10/08/2026 13:47
INV_102477,STR_107,PRD_1187,184,47,2026-08-10T13:52:51.331422094
INV_102478,STR_146,PRD_2174,191,11,2026-08-10 13:58:25
INV_102479,STR_120,PRD_1190,31,34,2026-08-10 14:03:59
INV_102480,STR_140,PRD_1406,29,11,2026-08-10 14:09:33
INV_102481,STR_110,PRD_1213,126,47,2026-08-10T14:15:07.740516034
INV_102482,STR_121,PRD_1553,119,27,2026-08-10 14:20:41
INV_102483,STR_120,PRD_1959,145,16,2026-08-10T14:26:15.945063004
INV_102484,STR_127,PRD_2217,-8,13,2026-08-10 14:31:50
INV_102485,STR_102,PRD_2273,5,49,10/08/2026 14:37
INV_102486,STR_106,PRD_1592,121,19,10/08/2026 14:42
INV_102487,STR_113,PRD_1040,12,37,2026-08-10 14:48:32
INV_102488,STR_114,PRD_1369,91,39,2026-08-10 14:54:06
INV_102489,STR_108,PRD_1019,66,33,2026-08-10T14:59:40.558703913
INV_102490,STR_8888,PRD_2032,123,45,2026-08-10 15:05:14
INV_102491,STR_142,PRD_1824,191,25,2026-08-10 15:10:48
INV_102492,STR_106,PRD_2226,44,42,10/08/2026 15:16
INV_102493,STR_111,PRD_1017,198,19,2026-08-10T15:21:56.967797853
INV_102494,STR_118,PRD_1747,125,30,2026-08-10 15:27:31
INV_102495,STR_126,PRD_1318,62,36,2026-08-10T15:33:05.172344823
INV_102496,STR_117,PRD_1860,87,30,2026-08-10 15:38:39
INV_102497,STR_112,PRD_1967,70,36,2026-08-10T15:44:13.376891792
INV_102498,STR_142,PRD_2305,103,41,2026-08-10 15:49:47
INV_102499,STR_100,PRD_2499,181,14,2026-08-10 15:55:21
INV_102500,STR_137,PRD_1251,56,44,10/08/2026 16:00
INV_102501,STR_120,PRD_1339,30,31,2026-08-10 16:06:29
INV_102502,STR_133,PRD_1750,29,45,2026-08-10 16:12:03
INV_102503,STR_112,PRD_1967,92,19,2026-08-10 16:17:37
INV_102504,STR_144,PRD_1461,144,43,2026-08-10T16:23:12.092806187
INV_102505,STR_9999,PRD_1630,28,15,2026-08-10T16:28:46.195079672
INV_102506,STR_140,PRD_1400,42,23,2026-08-10 16:34:20
INV_102507,STR_9999,PRD_1370,29,46,2026-08-10 16:39:54
INV_102508,STR_122,PRD_1281,41,28,2026-08-10 16:45:28
INV_102509,STR_100,PRD_1389,26,41,10/08/2026 16:51
INV_102510,STR_122,PRD_1336,56,29,2026-08-10 16:56:36
INV_102511,STR_127,PRD_2368,136,30,2026-08-10T17:02:10.808720581
INV_102512,STR_131,PRD_1272,151,24,2026-08-10 17:07:44
INV_102513,STR_107,PRD_2276,195,26,2026-08-10 17:13:19
INV_102514,STR_125,PRD_2019,74,33,2026-08-10 17:18:53
INV_102515,STR_113,PRD_1639,55,30,2026-08-10T17:24:27.217814521
INV_102516,STR_123,PRD_2397,127,24,10/08/2026 17:30
INV_102517,STR_147,PRD_1817,41,20,2026-08-10T17:35:35.422361490
INV_102518,STR_128,PRD_1005,159,46,10/08/2026 17:41
INV_102519,STR_103,PRD_2437,177,39,10/08/2026 17:46
INV_102520,STR_117,PRD_1585,198,27,2026-08-10T17:52:17.729181945
INV_102521,STR_113,PRD_2079,-9,37,2026-08-10 17:57:51
INV_102522,STR_126,PRD_2421,118,22,2026-08-10 18:03:25
INV_102523,STR_140,PRD_1821,167,19,2026-08-10T18:09:00.036002400
INV_102524,STR_146,PRD_1237,153,48,2026-08-10 18:14:34
INV_102525,STR_102,PRD_1489,86,21,2026-08-10T18:20:08.240549370
INV_102526,STR_129,PRD_2045,11,47,2026-08-10 18:25:42
INV_102527,STR_135,PRD_1440,102,49,2026-08-10 18:31:16
INV_102528,STR_122,PRD_2064,71,35,2026-08-10 18:36:50
INV_102529,STR_117,PRD_1857,153,28,2026-08-10T18:42:24.649643309
INV_102530,STR_145,PRD_1257,110,32,10/08/2026 18:47
INV_102531,STR_146,PRD_2474,-8,45,10/08/2026 18:53
INV_102532,STR_139,PRD_1047,161,36,10/08/2026 18:59
INV_102533,STR_109,PRD_1502,107,25,2026-08-10 19:04:41
INV_102534,STR_111,PRD_1138,133,16,2026-08-10 19:10:15
INV_102535,STR_140,PRD_2225,128,22,10/08/2026 19:15
INV_102536,STR_107,PRD_1508,-1,21,2026-08-10 19:21:23
INV_102537,STR_131,PRD_1653,168,36,2026-08-10 19:26:57
INV_102538,STR_116,PRD_2309,159,42,2026-08-10T19:32:31.570104673
INV_102539,STR_140,PRD_2256,14,40,2026-08-10T19:38:05.672378158
INV_102540,STR_144,PRD_2339,109,20,2026-08-10 19:43:39
INV_102541,STR_113,PRD_1460,-5,26,2026-08-10T19:49:13.876925128
INV_102542,STR_136,PRD_1669,99,47,2026-08-10T19:54:47.979198613
INV_102543,STR_108,PRD_2344,161,11,2026-08-10 20:00:22
INV_102544,STR_125,PRD_2198,-3,12,10/08/2026 20:05
INV_102545,STR_147,PRD_2062,151,43,2026-08-10T20:11:30.286019067
INV_102546,STR_9999,PRD_1432,30,41,2026-08-10 20:17:04
INV_102547,STR_123,PRD_1484,99,33,2026-08-10T20:22:38.490566037
INV_102548,STR_122,PRD_2081,-10,33,10/08/2026 20:28
INV_102549,STR_130,PRD_1495,120,22,2026-08-10T20:33:46.695113007
INV_102550,STR_138,PRD_1874,41,31,2026-08-10 20:39:20
INV_102551,STR_143,PRD_1600,91,28,2026-08-10 20:44:54
INV_102552,STR_101,PRD_2157,66,39,2026-08-10T20:50:29.001933462
INV_102553,STR_149,PRD_1654,160,48,2026-08-10 20:56:03
INV_102554,STR_117,PRD_1606,36,30,10/08/2026 21:01
INV_102555,STR_115,PRD_1155,103,32,2026-08-10 21:07:11
INV_102556,STR_128,PRD_1200,72,25,2026-08-10T21:12:45.411027401
INV_102557,STR_110,PRD_2021,8,16,2026-08-10 21:18:19
INV_102558,STR_101,PRD_1498,59,29,2026-08-10 21:23:53
INV_102559,STR_113,PRD_2425,36,23,10/08/2026 21:29
INV_102560,STR_103,PRD_1487,106,35,2026-08-10 21:35:01
INV_102561,STR_138,PRD_1159,67,31,2026-08-10 21:40:35
INV_102562,STR_133,PRD_2234,-6,45,2026-08-10 21:46:10
INV_102563,STR_145,PRD_2476,53,35,2026-08-10T21:51:44.126941796
INV_102564,STR_138,PRD_2093,96,21,2026-08-10 21:57:18
INV_102565,STR_108,PRD_1830,162,40,2026-08-10T22:02:52.331488765
INV_102566,STR_139,PRD_1971,181,49,2026-08-10 22:08:26
INV_102567,STR_140,PRD_2337,162,13,2026-08-10 22:14:00
INV_102568,STR_106,PRD_1430,25,49,10/08/2026 22:19
INV_102569,STR_9999,PRD_2405,126,36,2026-08-10 22:25:08
INV_102570,STR_116,PRD_2190,140,18,2026-08-10 22:30:42
INV_102571,STR_122,PRD_2414,149,21,2026-08-10 22:36:16
INV_102572,STR_144,PRD_2342,162,38,2026-08-10 22:41:51
INV_102573,STR_110,PRD_1116,145,37,10/08/2026 22:47
INV_102574,STR_121,PRD_1696,169,25,2026-08-10T22:52:59.251950130
INV_102575,STR_117,PRD_1202,0,17,2026-08-10 22:58:33
INV_102576,STR_148,PRD_2185,136,22,2026-08-10T23:04:07.456497099
INV_102577,STR_127,PRD_1961,53,23,2026-08-10 23:09:41
INV_102578,STR_115,PRD_1461,54,24,2026-08-10 23:15:15
INV_102579,STR_141,PRD_1943,62,18,10/08/2026 23:20
INV_102580,STR_103,PRD_1699,46,41,2026-08-10 23:26:23
INV_102581,STR_135,PRD_1200,55,31,10/08/2026 23:31
INV_102582,STR_121,PRD_2254,121,34,10/08/2026 23:37
INV_102583,STR_110,PRD_1515,146,35,10/08/2026 23:43
INV_102584,STR_120,PRD_2229,-7,38,2026-08-10 23:48:40
INV_102585,STR_139,PRD_2354,113,27,2026-08-10T23:54:14.376958463
INV_102586,STR_140,PRD_1605,118,45,2026-08-10 23:59:48
INV_102587,STR_115,PRD_1743,81,29,2026-08-11T00:05:22.581505433
INV_102588,STR_141,PRD_1874,7,42,2026-08-11T00:10:56.683778918
INV_102589,STR_108,PRD_1346,130,29,2026-08-11 00:16:30
INV_102590,STR_134,PRD_1348,59,12,2026-08-11T00:22:04.888325888
INV_102591,STR_133,PRD_2183,166,43,2026-08-11 00:27:38
INV_102592,STR_108,PRD_2275,164,15,2026-08-11 00:33:13
INV_102593,STR_112,PRD_2245,92,40,2026-08-11 00:38:47
INV_102594,STR_105,PRD_1857,75,44,2026-08-11 00:44:21
INV_102595,STR_103,PRD_1393,19,41,2026-08-11T00:49:55.399693312
INV_102596,STR_145,PRD_2419,144,18,11/08/2026 00:55
INV_102597,STR_127,PRD_1993,189,36,2026-08-11 01:01:03
INV_102598,STR_110,PRD_1977,96,33,2026-08-11 01:06:37
INV_102599,STR_133,PRD_1166,145,31,2026-08-11 01:12:11
INV_102600,STR_134,PRD_1975,119,39,2026-08-11 01:17:45
INV_102601,STR_104,PRD_1451,9,45,11/08/2026 01:23
INV_102602,STR_138,PRD_2161,192,35,2026-08-11T01:28:54.115607707
INV_102603,STR_110,PRD_1859,67,11,2026-08-11 01:34:28
INV_102604,STR_111,PRD_1209,141,16,2026-08-11T01:40:02.320154677
INV_102605,STR_142,PRD_1767,66,36,2026-08-11 01:45:36
INV_102606,STR_118,PRD_1213,61,25,2026-08-11 01:51:10
INV_102607,STR_112,PRD_2383,161,38,2026-08-11 01:56:44
INV_102608,STR_103,PRD_2258,138,30,11/08/2026 02:02
INV_102609,STR_113,PRD_1972,139,35,2026-08-11T02:07:52.831522101
INV_102610,STR_143,PRD_2420,62,27,2026-08-11 02:13:26
INV_102611,STR_101,PRD_1303,175,10,2026-08-11 02:19:01
INV_102612,STR_107,PRD_2132,95,11,2026-08-11T02:24:35.138342556
INV_102613,STR_121,PRD_1856,117,23,2026-08-11 02:30:09
INV_102614,STR_9999,PRD_1860,96,47,2026-08-11T02:35:43.342889526
INV_102615,STR_112,PRD_1807,0,24,2026-08-11 02:41:17
INV_102616,STR_120,PRD_2413,69,45,11/08/2026 02:46
INV_102617,STR_120,PRD_1119,170,33,2026-08-11 02:52:25
INV_102618,STR_127,PRD_2233,-2,34,2026-08-11T02:57:59.751983465
INV_102619,STR_132,PRD_1426,184,18,2026-08-11 03:03:33
INV_102620,STR_128,PRD_1944,89,24,2026-08-11 03:09:07
INV_102621,STR_136,PRD_1329,41,46,11/08/2026 03:14
INV_102622,STR_121,PRD_2249,104,15,2026-08-11 03:20:16
INV_102623,STR_125,PRD_1634,130,21,2026-08-11T03:25:50.263350890
INV_102624,STR_110,PRD_2170,118,36,2026-08-11 03:31:24
INV_102625,STR_110,PRD_2363,161,16,2026-08-11 03:36:58
INV_102626,STR_144,PRD_1563,64,37,2026-08-11T03:42:32.570171344
INV_102627,STR_133,PRD_1179,141,21,11/08/2026 03:48
INV_102628,STR_118,PRD_1289,122,44,2026-08-11 03:53:40
INV_102629,STR_147,PRD_1186,183,11,11/08/2026 03:59
INV_102630,STR_136,PRD_1485,198,35,2026-08-11T04:04:48.979265284
INV_102631,STR_113,PRD_2360,198,29,2026-08-11 04:10:23
INV_102632,STR_128,PRD_2131,137,34,2026-08-11T04:15:57.183812254
INV_102633,STR_118,PRD_2149,181,30,2026-08-11 04:21:31
INV_102634,STR_136,PRD_1772,132,10,2026-08-11 04:27:05
INV_102635,STR_120,PRD_2057,57,37,2026-08-11 04:32:39
INV_102636,STR_123,PRD_2461,43,47,2026-08-11T04:38:13.592906193
INV_102637,STR_125,PRD_2299,0,22,2026-08-11T04:43:47.695179678
INV_102638,STR_140,PRD_1181,140,39,2026-08-11 04:49:21
INV_102639,STR_111,PRD_2262,118,19,2026-08-11 04:54:55
INV_102640,STR_147,PRD_2371,159,31,2026-08-11 05:00:30
INV_102641,STR_118,PRD_1145,36,38,2026-08-11 05:06:04
INV_102642,STR_146,PRD_2067,104,14,11/08/2026 05:11
INV_102643,STR_148,PRD_1498,185,17,2026-08-11 05:17:12
INV_102644,STR_129,PRD_1802,27,20,2026-08-11 05:22:46
INV_102645,STR_114,PRD_2318,119,35,11/08/2026 05:28
INV_102646,STR_102,PRD_1530,34,28,2026-08-11T05:33:54.615641042
INV_102647,STR_148,PRD_1210,144,28,2026-08-11 05:39:28
INV_102648,STR_112,PRD_1892,194,39,2026-08-11 05:45:02
INV_102649,STR_108,PRD_2425,50,45,2026-08-11 05:50:36
INV_102650,STR_112,PRD_2254,71,18,2026-08-11T05:56:11.024734982
INV_102651,STR_115,PRD_2362,0,16,2026-08-11T06:01:45.127008467
INV_102652,STR_9999,PRD_1004,186,27,11/08/2026 06:07
INV_102653,STR_113,PRD_1310,146,18,2026-08-11 06:12:53
INV_102654,STR_107,PRD_1161,14,15,2026-08-11T06:18:27.433828921
INV_102655,STR_118,PRD_1215,67,15,2026-08-11 06:24:01
INV_102656,STR_131,PRD_1785,171,31,2026-08-11 06:29:35
INV_102657,STR_134,PRD_1835,165,26,2026-08-11T06:35:09.740649376
INV_102658,STR_122,PRD_2194,163,24,2026-08-11 06:40:43
INV_102659,STR_120,PRD_1251,30,18,2026-08-11T06:46:17.945196346
INV_102660,STR_117,PRD_2061,30,15,2026-08-11T06:51:52.047469831
INV_102661,STR_147,PRD_1227,178,32,2026-08-11 06:57:26
INV_102662,STR_113,PRD_1908,90,26,2026-08-11 07:03:00
INV_102663,STR_115,PRD_2301,128,41,2026-08-11 07:08:34
INV_102664,STR_123,PRD_1284,161,41,2026-08-11 07:14:08
INV_102665,STR_148,PRD_1648,21,46,11/08/2026 07:19
INV_102666,STR_8888,PRD_1365,38,12,2026-08-11 07:25:16
INV_102667,STR_131,PRD_2091,-5,25,2026-08-11T07:30:50.763384225
INV_102668,STR_110,PRD_2127,46,11,11/08/2026 07:36
INV_102669,STR_144,PRD_2424,-5,12,2026-08-11 07:41:58
INV_102670,STR_110,PRD_2269,36,23,2026-08-11 07:47:33
INV_102671,STR_103,PRD_1191,52,23,2026-08-11 07:53:07
INV_102672,STR_125,PRD_1643,166,39,2026-08-11 07:58:41
INV_102673,STR_145,PRD_2319,139,49,2026-08-11T08:04:15.377025135
INV_102674,STR_104,PRD_2167,56,36,2026-08-11 08:09:49
INV_102675,STR_135,PRD_1906,136,26,2026-08-11 08:15:23
INV_102676,STR_132,PRD_1730,172,48,2026-08-11T08:20:57.683845589
INV_102677,STR_113,PRD_1025,151,18,2026-08-11 08:26:31
INV_102678,STR_131,PRD_2274,30,45,2026-08-11 08:32:05
INV_102679,STR_106,PRD_1711,94,19,2026-08-11 08:37:39
INV_102680,STR_109,PRD_1614,-4,38,11/08/2026 08:43
INV_102681,STR_101,PRD_1192,46,13,2026-08-11 08:48:48
INV_102682,STR_109,PRD_1380,5,30,2026-08-11 08:54:22
INV_102683,STR_134,PRD_2025,48,46,11/08/2026 08:59
INV_102684,STR_120,PRD_2068,155,11,2026-08-11 09:05:30
INV_102685,STR_139,PRD_1938,126,24,2026-08-11T09:11:04.604306953
INV_102686,STR_141,PRD_1002,194,37,11/08/2026 09:16
INV_102687,STR_107,PRD_1929,23,34,11/08/2026 09:22
INV_102688,STR_145,PRD_2472,35,35,2026-08-11T09:27:46.911127408
INV_102689,STR_117,PRD_2158,154,18,2026-08-11 09:33:21
INV_102690,STR_108,PRD_2314,32,39,2026-08-11 09:38:55
INV_102691,STR_140,PRD_1277,36,18,2026-08-11 09:44:29
INV_102692,STR_129,PRD_1175,123,10,2026-08-11 09:50:03
INV_102693,STR_103,PRD_1281,155,21,2026-08-11T09:55:37.422494833
INV_102694,STR_134,PRD_2143,101,22,2026-08-11T10:01:11.524768317
INV_102695,STR_113,PRD_2197,112,23,2026-08-11T10:06:45.627041802
INV_102696,STR_113,PRD_2462,50,19,2026-08-11 10:12:19
INV_102697,STR_147,PRD_1458,121,26,2026-08-11 10:17:53
INV_102698,STR_136,PRD_1950,122,26,11/08/2026 10:23
INV_102699,STR_119,PRD_1340,59,40,11/08/2026 10:29
INV_102700,STR_128,PRD_1696,49,35,11/08/2026 10:34
INV_102701,STR_122,PRD_1725,194,44,2026-08-11 10:40:10
INV_102702,STR_146,PRD_1120,77,45,2026-08-11 10:45:44
INV_102703,STR_120,PRD_1574,81,20,2026-08-11 10:51:18
INV_102704,STR_130,PRD_1275,66,25,2026-08-11 10:56:52
INV_102705,STR_131,PRD_1968,95,38,2026-08-11T11:02:26.649776651
INV_102706,STR_140,PRD_1986,173,27,2026-08-11 11:08:00
INV_102707,STR_106,PRD_1028,71,20,2026-08-11 11:13:34
INV_102708,STR_112,PRD_1684,176,20,2026-08-11 11:19:08
INV_102709,STR_122,PRD_2267,-4,18,2026-08-11 11:24:43
INV_102710,STR_107,PRD_1320,185,34,2026-08-11 11:30:17
INV_102711,STR_111,PRD_1642,20,41,11/08/2026 11:35
INV_102712,STR_135,PRD_1351,74,43,2026-08-11 11:41:25
INV_102713,STR_115,PRD_1531,37,12,2026-08-11 11:46:59
INV_102714,STR_125,PRD_2104,31,23,2026-08-11 11:52:33
INV_102715,STR_128,PRD_2316,79,49,2026-08-11T11:58:07.672511500
INV_102716,STR_128,PRD_1293,19,34,2026-08-11 12:03:41
INV_102717,STR_105,PRD_1457,106,25,2026-08-11 12:09:15
INV_102718,STR_136,PRD_1746,115,45,2026-08-11 12:14:49
INV_102719,STR_132,PRD_1732,40,18,11/08/2026 12:20
INV_102720,STR_130,PRD_2083,152,13,2026-08-11 12:25:58
INV_102721,STR_145,PRD_1542,179,11,2026-08-11 12:31:32
INV_102722,STR_140,PRD_1379,40,34,2026-08-11 12:37:06
INV_102723,STR_117,PRD_1323,109,31,2026-08-11 12:42:40
INV_102724,STR_137,PRD_2085,98,14,2026-08-11 12:48:14
INV_102725,STR_146,PRD_1944,167,30,11/08/2026 12:53
INV_102726,STR_130,PRD_2169,147,19,2026-08-11 12:59:22
INV_102727,STR_115,PRD_1842,136,32,2026-08-11T13:04:56.899793319
INV_102728,STR_139,PRD_1361,39,36,2026-08-11 13:10:31
INV_102729,STR_9999,PRD_1052,171,39,2026-08-11T13:16:05.104340289
INV_102730,STR_136,PRD_1401,72,13,2026-08-11T13:21:39.206613774
INV_102731,STR_113,PRD_1680,75,15,2026-08-11 13:27:13
INV_102732,STR_138,PRD_1992,121,35,2026-08-11 13:32:47
INV_102733,STR_103,PRD_1868,1,19,2026-08-11 13:38:21
INV_102734,STR_129,PRD_1706,132,14,11/08/2026 13:43
INV_102735,STR_132,PRD_2472,132,48,2026-08-11 13:49:29
INV_102736,STR_135,PRD_2106,127,46,2026-08-11T13:55:03.820254683
INV_102737,STR_129,PRD_1378,107,49,2026-08-11T14:00:37.922528168
INV_102738,STR_113,PRD_1645,50,10,2026-08-11 14:06:12
INV_102739,STR_122,PRD_2481,136,43,11/08/2026 14:11
INV_102740,STR_147,PRD_1932,170,17,2026-08-11T14:17:20.229348623
INV_102741,STR_127,PRD_1080,189,30,2026-08-11 14:22:54
INV_102742,STR_106,PRD_1730,46,40,11/08/2026 14:28
INV_102743,STR_141,PRD_1513,-2,32,11/08/2026 14:34
INV_102744,STR_109,PRD_2332,18,20,11/08/2026 14:39
INV_102745,STR_103,PRD_1920,-4,25,2026-08-11 14:45:10
INV_102746,STR_143,PRD_1762,189,36,2026-08-11 14:50:44
INV_102747,STR_137,PRD_1493,94,16,11/08/2026 14:56
INV_102748,STR_112,PRD_2259,134,33,2026-08-11 15:01:53
INV_102749,STR_120,PRD_1940,68,41,2026-08-11T15:07:27.149809987
INV_102750,STR_132,PRD_2060,133,44,2026-08-11 15:13:01
INV_102751,STR_139,PRD_1740,188,40,11/08/2026 15:18
INV_102752,STR_127,PRD_1324,95,38,2026-08-11 15:24:09
INV_102753,STR_122,PRD_2079,72,13,2026-08-11T15:29:43.558903926
INV_102754,STR_131,PRD_2144,155,44,2026-08-11T15:35:17.661177411
INV_102755,STR_147,PRD_1313,78,20,2026-08-11 15:40:51
INV_102756,STR_104,PRD_2234,65,43,2026-08-11 15:46:25
INV_102757,STR_125,PRD_1102,164,48,2026-08-11 15:51:59
INV_102758,STR_138,PRD_1438,-1,24,2026-08-11 15:57:34
INV_102759,STR_125,PRD_1816,141,23,2026-08-11 16:03:08
INV_102760,STR_102,PRD_1746,39,30,11/08/2026 16:08
INV_102761,STR_123,PRD_1037,185,16,2026-08-11T16:14:16.377091806
INV_102762,STR_133,PRD_1812,115,26,2026-08-11 16:19:50
INV_102763,STR_133,PRD_2437,32,27,11/08/2026 16:25
INV_102764,STR_119,PRD_2247,154,23,11/08/2026 16:30
INV_102765,STR_129,PRD_2016,162,47,2026-08-11 16:36:32
INV_102766,STR_141,PRD_2316,43,38,2026-08-11 16:42:06
INV_102767,STR_119,PRD_1154,32,19,2026-08-11 16:47:40
INV_102768,STR_140,PRD_2055,185,26,11/08/2026 16:53
INV_102769,STR_117,PRD_2257,26,41,11/08/2026 16:58
INV_102770,STR_137,PRD_1488,158,29,2026-08-11 17:04:23
INV_102771,STR_119,PRD_2356,117,26,2026-08-11 17:09:57
INV_102772,STR_105,PRD_2040,118,16,2026-08-11 17:15:31
INV_102773,STR_141,PRD_2437,82,48,2026-08-11 17:21:05
INV_102774,STR_124,PRD_1239,5,39,2026-08-11 17:26:39
INV_102775,STR_140,PRD_2309,26,47,2026-08-11T17:32:13.808920594
INV_102776,STR_140,PRD_1345,154,49,2026-08-11 17:37:47
INV_102777,STR_102,PRD_2398,124,19,2026-08-11T17:43:22.013467564
INV_102778,STR_143,PRD_1015,29,41,2026-08-11 17:48:56
INV_102779,STR_142,PRD_1586,168,35,2026-08-11 17:54:30
INV_102780,STR_145,PRD_1949,53,26,2026-08-11T18:00:04.320288019
INV_102781,STR_118,PRD_1259,103,10,2026-08-11T18:05:38.422561504
INV_102782,STR_109,PRD_1360,11,48,2026-08-11 18:11:12
INV_102783,STR_9999,PRD_2422,32,35,2026-08-11T18:16:46.627108473
INV_102784,STR_104,PRD_1459,51,39,2026-08-11 18:22:20
INV_102785,STR_121,PRD_1930,171,18,11/08/2026 18:27
INV_102786,STR_108,PRD_2108,144,42,2026-08-11 18:33:28
INV_102787,STR_132,PRD_2086,18,35,2026-08-11 18:39:03
INV_102788,STR_114,PRD_1099,5,19,11/08/2026 18:44
INV_102789,STR_123,PRD_1754,128,41,2026-08-11 18:50:11
INV_102790,STR_129,PRD_1294,10,48,11/08/2026 18:55
INV_102791,STR_135,PRD_2185,126,42,2026-08-11 19:01:19
INV_102792,STR_138,PRD_1928,16,36,2026-08-11T19:06:53.547569838
INV_102793,STR_105,PRD_2201,116,38,2026-08-11T19:12:27.649843322
INV_102794,STR_114,PRD_2467,75,28,2026-08-11 19:18:01
INV_102795,STR_137,PRD_1327,196,27,11/08/2026 19:23
INV_102796,STR_138,PRD_2351,96,44,2026-08-11 19:29:09
INV_102797,STR_8888,PRD_1763,140,37,11/08/2026 19:34
INV_102798,STR_121,PRD_2065,40,47,2026-08-11 19:40:18
INV_102799,STR_102,PRD_1241,69,19,2026-08-11 19:45:52
INV_102800,STR_128,PRD_2365,120,12,2026-08-11 19:51:26
INV_102801,STR_128,PRD_2114,133,38,2026-08-11 19:57:00
INV_102802,STR_130,PRD_2051,125,25,2026-08-11 20:02:34
INV_102803,STR_144,PRD_1458,79,45,2026-08-11 20:08:08
INV_102804,STR_101,PRD_1666,159,10,2026-08-11 20:13:42
INV_102805,STR_134,PRD_2408,190,27,2026-08-11 20:19:16
INV_102806,STR_144,PRD_1219,152,13,2026-08-11 20:24:50
INV_102807,STR_108,PRD_1858,188,14,2026-08-11 20:30:25
INV_102808,STR_121,PRD_1263,189,30,2026-08-11 20:35:59
INV_102809,STR_118,PRD_1120,37,13,11/08/2026 20:41
INV_102810,STR_149,PRD_2069,43,29,2026-08-11 20:47:07
INV_102811,STR_136,PRD_2303,92,28,2026-08-11 20:52:41
INV_102812,STR_109,PRD_2138,25,44,2026-08-11 20:58:15
INV_102813,STR_145,PRD_2191,-5,33,2026-08-11 21:03:49
INV_102814,STR_120,PRD_1434,188,29,11/08/2026 21:09
INV_102815,STR_116,PRD_2269,1,37,2026-08-11T21:14:57.899859990
INV_102816,STR_102,PRD_1483,92,47,11/08/2026 21:20
INV_102817,STR_106,PRD_2398,176,33,11/08/2026 21:26
INV_102818,STR_140,PRD_1279,54,29,2026-08-11T21:31:40.206680445
INV_102819,STR_136,PRD_2045,167,33,2026-08-11 21:37:14
INV_102820,STR_135,PRD_1713,160,15,11/08/2026 21:42
INV_102821,STR_102,PRD_1067,160,47,2026-08-11 21:48:22
INV_102822,STR_112,PRD_1742,166,34,2026-08-11T21:53:56.615774385
INV_102823,STR_140,PRD_2081,78,41,11/08/2026 21:59
INV_102824,STR_129,PRD_2287,193,26,2026-08-11 22:05:04
INV_102825,STR_122,PRD_2446,172,26,2026-08-11 22:10:38
INV_102826,STR_106,PRD_2021,80,14,2026-08-11 22:16:13
INV_102827,STR_129,PRD_1290,76,26,2026-08-11 22:21:47
INV_102828,STR_128,PRD_1168,167,18,2026-08-11 22:27:21
INV_102829,STR_107,PRD_2485,10,29,2026-08-11 22:32:55
INV_102830,STR_109,PRD_1555,77,11,2026-08-11T22:38:29.433962264
INV_102831,STR_132,PRD_1352,2,28,2026-08-11 22:44:03
INV_102832,STR_119,PRD_2263,159,18,2026-08-11 22:49:37
INV_102833,STR_128,PRD_1282,109,49,2026-08-11 22:55:11
INV_102834,STR_128,PRD_2472,132,28,2026-08-11 23:00:45
INV_102835,STR_120,PRD_2089,167,13,11/08/2026 23:06
INV_102836,STR_100,PRD_2350,118,15,2026-08-11T23:11:54.047603173
INV_102837,STR_9999,PRD_1455,40,45,2026-08-11 23:17:28
INV_102838,STR_133,PRD_1958,151,20,2026-08-11 23:23:02
INV_102839,STR_143,PRD_2004,31,30,2026-08-11T23:28:36.354423628
INV_102840,STR_131,PRD_1476,51,34,2026-08-11 23:34:10
INV_102841,STR_144,PRD_1284,84,39,2026-08-11 23:39:44
INV_102842,STR_113,PRD_1030,149,27,2026-08-11 23:45:18
INV_102843,STR_136,PRD_1447,89,34,11/08/2026 23:50
INV_102844,STR_134,PRD_1213,50,30,2026-08-11 23:56:26
INV_102845,STR_123,PRD_2048,82,32,2026-08-12T00:02:00.968064537
INV_102846,STR_148,PRD_2396,171,39,2026-08-12 00:07:35
INV_102847,STR_100,PRD_1396,191,27,2026-08-12 00:13:09
INV_102848,STR_145,PRD_1336,175,42,2026-08-12 00:18:43
INV_102849,STR_105,PRD_1935,141,44,2026-08-12 00:24:17
INV_102850,STR_148,PRD_1967,144,31,2026-08-12 00:29:51
INV_102851,STR_103,PRD_1854,10,33,2026-08-12 00:35:25
INV_102852,STR_137,PRD_1902,7,32,2026-08-12 00:40:59
INV_102853,STR_100,PRD_1671,44,10,12/08/2026 00:46
INV_102854,STR_140,PRD_2303,57,24,2026-08-12 00:52:07
INV_102855,STR_130,PRD_1768,36,37,2026-08-12 00:57:41
INV_102856,STR_135,PRD_1622,43,29,2026-08-12 01:03:16
INV_102857,STR_108,PRD_1558,7,45,2026-08-12 01:08:50
INV_102858,STR_140,PRD_1547,117,25,2026-08-12T01:14:24.297619841
INV_102859,STR_144,PRD_1922,190,14,2026-08-12 01:19:58
INV_102860,STR_122,PRD_2221,181,24,2026-08-12 01:25:32
INV_102861,STR_130,PRD_1553,38,11,2026-08-12 01:31:06
INV_102862,STR_128,PRD_1478,83,33,2026-08-12 01:36:40
INV_102863,STR_148,PRD_1843,152,22,2026-08-12 01:42:14
INV_102864,STR_120,PRD_1069,156,32,2026-08-12 01:47:48
INV_102865,STR_102,PRD_1504,175,21,2026-08-12T01:53:23.013534235
INV_102866,STR_125,PRD_1109,46,42,2026-08-12T01:58:57.115807720
INV_102867,STR_105,PRD_2405,-5,34,12/08/2026 02:04
INV_102868,STR_119,PRD_1396,195,44,12/08/2026 02:10
INV_102869,STR_146,PRD_2432,67,44,12/08/2026 02:15
INV_102870,STR_145,PRD_1350,9,10,2026-08-12 02:21:13
INV_102871,STR_112,PRD_1994,39,13,2026-08-12 02:26:47
INV_102872,STR_140,PRD_1788,-2,40,2026-08-12 02:32:21
INV_102873,STR_122,PRD_1420,193,37,2026-08-12T02:37:55.831722114
INV_102874,STR_114,PRD_1921,131,20,2026-08-12 02:43:29
INV_102875,STR_145,PRD_1110,109,41,2026-08-12 02:49:04
INV_102876,STR_130,PRD_1208,140,11,12/08/2026 02:54
INV_102877,STR_103,PRD_2462,37,22,2026-08-12 03:00:12
INV_102878,STR_110,PRD_2201,69,26,2026-08-12T03:05:46.343089539
INV_102879,STR_101,PRD_1930,199,13,2026-08-12 03:11:20
INV_102880,STR_115,PRD_1424,45,40,2026-08-12T03:16:54.547636509
INV_102881,STR_9999,PRD_1327,110,47,2026-08-12 03:22:28
INV_102882,STR_130,PRD_1010,29,12,12/08/2026 03:28
INV_102883,STR_147,PRD_2275,86,21,2026-08-12T03:33:36.854456963
INV_102884,STR_138,PRD_1855,186,27,2026-08-12 03:39:10
INV_102885,STR_142,PRD_2258,156,39,2026-08-12 03:44:45
INV_102886,STR_143,PRD_1253,191,20,2026-08-12 03:50:19
INV_102887,STR_103,PRD_1128,75,33,2026-08-12 03:55:53
INV_102888,STR_147,PRD_1099,32,30,2026-08-12 04:01:27
INV_102889,STR_127,PRD_1289,111,44,2026-08-12T04:07:01.468097873
INV_102890,STR_115,PRD_2249,148,13,2026-08-12T04:12:35.570371358
INV_102891,STR_138,PRD_2148,59,35,2026-08-12 04:18:09
INV_102892,STR_124,PRD_2461,89,17,2026-08-12T04:23:43.774918327
INV_102893,STR_112,PRD_1645,120,33,12/08/2026 04:29
INV_102894,STR_104,PRD_1664,121,21,2026-08-12 04:34:51
INV_102895,STR_129,PRD_2370,144,14,2026-08-12T04:40:26.081738782
INV_102896,STR_100,PRD_1697,78,25,2026-08-12 04:46:00
INV_102897,STR_104,PRD_1182,16,41,2026-08-12 04:51:34
INV_102898,STR_113,PRD_1350,94,38,2026-08-12 04:57:08
INV_102899,STR_110,PRD_2401,89,42,12/08/2026 05:02
INV_102900,STR_133,PRD_1707,164,23,2026-08-12 05:08:16
INV_102901,STR_128,PRD_2488,49,34,2026-08-12 05:13:50
INV_102902,STR_117,PRD_1677,25,17,12/08/2026 05:19
INV_102903,STR_114,PRD_1801,107,36,2026-08-12 05:24:58
INV_102904,STR_145,PRD_1339,163,44,2026-08-12 05:30:33
INV_102905,STR_124,PRD_2164,50,31,2026-08-12T05:36:07.104473631
INV_102906,STR_129,PRD_1110,159,16,2026-08-12 05:41:41
INV_102907,STR_144,PRD_1260,-4,45,2026-08-12T05:47:15.309020601
INV_102908,STR_101,PRD_2211,147,21,2026-08-12 05:52:49
INV_102909,STR_9999,PRD_1370,39,18,12/08/2026 05:58
INV_102910,STR_139,PRD_2381,105,44,2026-08-12 06:03:57
INV_102911,STR_126,PRD_2296,164,48,2026-08-12 06:09:31
INV_102912,STR_148,PRD_1603,157,28,2026-08-12 06:15:05
INV_102913,STR_114,PRD_1448,117,37,12/08/2026 06:20
INV_102914,STR_131,PRD_2440,-6,38,2026-08-12 06:26:14
INV_102915,STR_119,PRD_1860,59,17,2026-08-12 06:31:48
INV_102916,STR_113,PRD_2411,175,36,2026-08-12T06:37:22.229481965
INV_102917,STR_126,PRD_2361,161,14,12/08/2026 06:42
INV_102918,STR_102,PRD_2334,188,38,12/08/2026 06:48
INV_102919,STR_148,PRD_2352,21,44,2026-08-12T06:54:04.536302420
INV_102920,STR_102,PRD_2070,68,42,2026-08-12 06:59:38
INV_102921,STR_112,PRD_1655,104,41,12/08/2026 07:05
INV_102922,STR_124,PRD_1148,66,30,2026-08-12 07:10:46
INV_102923,STR_117,PRD_1349,199,19,12/08/2026 07:16
INV_102924,STR_100,PRD_1322,63,25,2026-08-12 07:21:55
INV_102925,STR_138,PRD_1864,157,20,2026-08-12 07:27:29
INV_102926,STR_104,PRD_2143,46,28,2026-08-12 07:33:03
INV_102927,STR_101,PRD_2004,0,22,2026-08-12 07:38:37
INV_102928,STR_129,PRD_1397,157,24,2026-08-12 07:44:11
INV_102929,STR_116,PRD_1645,93,45,2026-08-12 07:49:45
INV_102930,STR_128,PRD_2220,164,41,2026-08-12 07:55:19
INV_102931,STR_141,PRD_1412,119,28,2026-08-12T08:00:53.763584238
INV_102932,STR_103,PRD_2462,169,24,2026-08-12 08:06:27
INV_102933,STR_108,PRD_1036,107,47,2026-08-12 08:12:01
INV_102934,STR_120,PRD_1186,109,31,2026-08-12T08:17:36.070404693
INV_102935,STR_142,PRD_1419,189,22,2026-08-12 08:23:10
INV_102936,STR_111,PRD_1724,38,29,2026-08-12 08:28:44
INV_102937,STR_111,PRD_2483,176,24,2026-08-12T08:34:18.377225148
INV_102938,STR_149,PRD_2133,27,16,12/08/2026 08:39
INV_102939,STR_103,PRD_1186,5,31,2026-08-12 08:45:26
INV_102940,STR_127,PRD_1470,109,29,12/08/2026 08:51
INV_102941,STR_108,PRD_2101,77,28,2026-08-12 08:56:34
INV_102942,STR_139,PRD_2397,108,36,2026-08-12 09:02:08
INV_102943,STR_9999,PRD_1809,67,17,2026-08-12 09:07:42
INV_102944,STR_131,PRD_1329,16,27,2026-08-12 09:13:17
INV_102945,STR_112,PRD_2148,63,19,12/08/2026 09:18
INV_102946,STR_133,PRD_2339,112,44,2026-08-12 09:24:25
INV_102947,STR_118,PRD_1957,145,24,2026-08-12 09:29:59
INV_102948,STR_113,PRD_1319,183,32,2026-08-12 09:35:33
INV_102949,STR_104,PRD_1474,34,21,2026-08-12 09:41:07
INV_102950,STR_126,PRD_1825,150,36,2026-08-12 09:46:41
INV_102951,STR_127,PRD_1513,117,15,2026-08-12T09:52:15.809053936
INV_102952,STR_125,PRD_1333,49,33,2026-08-12T09:57:49.911327421
INV_102953,STR_109,PRD_2094,167,31,2026-08-12 10:03:24
INV_102954,STR_123,PRD_1464,115,18,12/08/2026 10:08
INV_102955,STR_116,PRD_2399,163,19,2026-08-12 10:14:32
INV_102956,STR_8888,PRD_1723,24,12,2026-08-12T10:20:06.320421361
INV_102957,STR_115,PRD_1007,30,15,2026-08-12T10:25:40.422694846
INV_102958,STR_116,PRD_1163,175,35,2026-08-12 10:31:14
INV_102959,STR_100,PRD_1780,194,23,2026-08-12T10:36:48.627241816
INV_102960,STR_120,PRD_2318,172,45,12/08/2026 10:42
INV_102961,STR_146,PRD_1357,122,28,12/08/2026 10:47
INV_102962,STR_148,PRD_1080,-6,48,2026-08-12 10:53:30
INV_102963,STR_142,PRD_1773,139,32,2026-08-12 10:59:05
INV_102964,STR_121,PRD_2298,23,14,2026-08-12 11:04:39
INV_102965,STR_104,PRD_1920,182,24,12/08/2026 11:10
INV_102966,STR_135,PRD_1898,176,39,2026-08-12T11:15:47.343156210
INV_102967,STR_120,PRD_1921,134,42,12/08/2026 11:21
INV_102968,STR_108,PRD_2070,40,47,2026-08-12T11:26:55.547703180
INV_102969,STR_126,PRD_2415,166,28,12/08/2026 11:32
INV_102970,STR_147,PRD_1824,126,14,2026-08-12 11:38:03
INV_102971,STR_111,PRD_2017,191,18,2026-08-12 11:43:37
INV_102972,STR_117,PRD_2102,114,16,2026-08-12T11:49:11.956797119
INV_102973,STR_134,PRD_1679,132,33,2026-08-12T11:54:46.059070604
INV_102974,STR_114,PRD_2046,98,25,12/08/2026 12:00
INV_102975,STR_149,PRD_2251,146,46,2026-08-12 12:05:54
INV_102976,STR_143,PRD_1437,170,19,2026-08-12 12:11:28
INV_102977,STR_129,PRD_2321,142,30,2026-08-12T12:17:02.468164544
INV_102978,STR_144,PRD_1945,74,30,2026-08-12 12:22:36
INV_102979,STR_132,PRD_2283,198,24,2026-08-12 12:28:10
INV_102980,STR_135,PRD_1775,17,22,2026-08-12T12:33:44.774984999
INV_102981,STR_139,PRD_1675,140,16,12/08/2026 12:39
INV_102982,STR_9999,PRD_1009,92,49,2026-08-12 12:44:52
INV_102983,STR_129,PRD_1157,89,17,2026-08-12 12:50:27
INV_102984,STR_125,PRD_1867,-8,47,2026-08-12T12:56:01.184078938
INV_102985,STR_120,PRD_1783,22,11,2026-08-12T13:01:35.286352423
INV_102986,STR_136,PRD_2181,188,46,2026-08-12 13:07:09
INV_102987,STR_142,PRD_1319,58,31,2026-08-12 13:12:43
INV_102988,STR_130,PRD_2225,79,13,2026-08-12 13:18:17
INV_102989,STR_116,PRD_1120,6,16,2026-08-12 13:23:51
INV_102990,STR_116,PRD_1138,70,10,2026-08-12 13:29:25
INV_102991,STR_133,PRD_1673,100,28,2026-08-12 13:34:59
INV_102992,STR_123,PRD_2362,56,39,2026-08-12 13:40:34
INV_102993,STR_132,PRD_2283,56,11,2026-08-12 13:46:08
INV_102994,STR_103,PRD_2456,23,22,2026-08-12 13:51:42
INV_102995,STR_108,PRD_1043,-3,37,2026-08-12 13:57:16
INV_102996,STR_101,PRD_2182,34,23,2026-08-12 14:02:50
INV_102997,STR_134,PRD_1815,49,12,2026-08-12T14:08:24.513634242
INV_102998,STR_137,PRD_2378,173,25,2026-08-12 14:13:58
INV_102999,STR_144,PRD_1097,59,34,12/08/2026 14:19
INV_103000,STR_114,PRD_1238,90,12,2026-08-12 14:25:06
INV_103001,STR_142,PRD_1474,98,43,2026-08-12 14:30:40
INV_103002,STR_141,PRD_1523,139,12,2026-08-12T14:36:15.025001666
INV_103003,STR_102,PRD_1556,150,38,12/08/2026 14:41
INV_103004,STR_130,PRD_2415,167,49,12/08/2026 14:47
INV_103005,STR_8888,PRD_1008,188,28,2026-08-12T14:52:57.331822121
INV_103006,STR_140,PRD_2412,101,29,2026-08-12 14:58:31
INV_103007,STR_141,PRD_2233,163,30,2026-08-12 15:04:05
INV_103008,STR_122,PRD_2077,41,29,2026-08-12T15:09:39.638642576
INV_103009,STR_111,PRD_1615,108,37,2026-08-12T15:15:13.740916061
INV_103010,STR_107,PRD_1151,63,36,12/08/2026 15:20
INV_103011,STR_120,PRD_1409,55,34,2026-08-12T15:26:21.945463030
INV_103012,STR_120,PRD_1009,138,11,2026-08-12 15:31:56
INV_103013,STR_131,PRD_1956,141,33,2026-08-12T15:37:30.150010
INV_103014,STR_116,PRD_1551,165,42,2026-08-12 15:43:04
INV_103015,STR_136,PRD_1555,110,28,2026-08-12 15:48:38
INV_103016,STR_123,PRD_1879,2,35,2026-08-12 15:54:12
INV_103017,STR_107,PRD_1267,53,12,2026-08-12 15:59:46
INV_103018,STR_117,PRD_2013,-6,36,12/08/2026 16:05
INV_103019,STR_110,PRD_1666,135,23,2026-08-12 16:10:54
INV_103020,STR_109,PRD_1450,105,29,2026-08-12T16:16:28.865924395
INV_103021,STR_125,PRD_1593,192,44,2026-08-12 16:22:02
INV_103022,STR_146,PRD_2220,26,32,2026-08-12 16:27:37
INV_103023,STR_105,PRD_1397,43,34,2026-08-12 16:33:11
INV_103024,STR_9999,PRD_1920,21,13,2026-08-12 16:38:45
INV_103025,STR_116,PRD_2075,17,11,2026-08-12T16:44:19.377291819
INV_103026,STR_122,PRD_2492,75,11,12/08/2026 16:49
INV_103027,STR_141,PRD_2391,34,34,12/08/2026 16:55
INV_103028,STR_136,PRD_2397,17,32,12/08/2026 17:01
INV_103029,STR_127,PRD_2082,54,30,2026-08-12T17:06:35.786385759
INV_103030,STR_115,PRD_1293,59,34,12/08/2026 17:12
INV_103031,STR_111,PRD_1787,192,36,2026-08-12 17:17:43
INV_103032,STR_120,PRD_1951,31,20,2026-08-12T17:23:18.093206213
INV_103033,STR_123,PRD_1868,150,23,12/08/2026 17:28
INV_103034,STR_127,PRD_1109,5,26,2026-08-12 17:34:26
INV_103035,STR_136,PRD_1106,130,24,12/08/2026 17:40
INV_103036,STR_120,PRD_2012,138,40,2026-08-12T17:45:34.502300153
INV_103037,STR_132,PRD_1296,48,43,2026-08-12T17:51:08.604573638
INV_103038,STR_101,PRD_1838,36,45,2026-08-12T17:56:42.706847123
INV_103039,STR_136,PRD_2118,156,49,2026-08-12 18:02:16
INV_103040,STR_118,PRD_1984,99,22,2026-08-12 18:07:50
INV_103041,STR_127,PRD_1844,115,27,12/08/2026 18:13
INV_103042,STR_114,PRD_2495,32,26,2026-08-12 18:18:59
INV_103043,STR_100,PRD_1078,144,48,2026-08-12 18:24:33
INV_103044,STR_142,PRD_2273,98,37,2026-08-12 18:30:07
INV_103045,STR_127,PRD_1729,154,35,2026-08-12T18:35:41.422761517
INV_103046,STR_149,PRD_1338,103,23,2026-08-12 18:41:15
INV_103047,STR_134,PRD_1056,-8,46,2026-08-12T18:46:49.627308487
INV_103048,STR_131,PRD_1919,65,20,2026-08-12 18:52:23
INV_103049,STR_127,PRD_1146,-4,41,12/08/2026 18:57
INV_103050,STR_108,PRD_1745,175,33,2026-08-12T19:03:31.934128941
INV_103051,STR_123,PRD_2040,9,40,2026-08-12T19:09:06.036402426
INV_103052,STR_103,PRD_1367,68,49,2026-08-12 19:14:40
INV_103053,STR_144,PRD_1708,54,17,2026-08-12 19:20:14
INV_103054,STR_140,PRD_2212,104,48,2026-08-12 19:25:48
INV_103055,STR_102,PRD_1247,191,17,2026-08-12 19:31:22
INV_103056,STR_147,PRD_1149,131,40,2026-08-12 19:36:56
INV_103057,STR_121,PRD_1713,196,28,2026-08-12 19:42:30
INV_103058,STR_139,PRD_2236,87,45,2026-08-12 19:48:04
INV_103059,STR_138,PRD_1216,38,48,2026-08-12 19:53:38
INV_103060,STR_148,PRD_2029,63,41,2026-08-12 19:59:12
INV_103061,STR_124,PRD_1669,26,30,2026-08-12 20:04:47
INV_103062,STR_147,PRD_1860,123,32,2026-08-12T20:10:21.161410760
INV_103063,STR_121,PRD_2418,-5,45,2026-08-12 20:15:55
INV_103064,STR_149,PRD_1303,17,24,2026-08-12 20:21:29
INV_103065,STR_147,PRD_2434,91,11,2026-08-12T20:27:03.468231215
INV_103066,STR_146,PRD_1402,110,21,12/08/2026 20:32
INV_103067,STR_133,PRD_1859,195,47,2026-08-12 20:38:11
INV_103068,STR_119,PRD_1379,130,15,2026-08-12T20:43:45.775051670
INV_103069,STR_135,PRD_1451,2,47,12/08/2026 20:49
INV_103070,STR_136,PRD_2252,112,10,2026-08-12T20:54:53.979598639
INV_103071,STR_138,PRD_1693,-1,47,2026-08-12 21:00:28
INV_103072,STR_126,PRD_1144,69,35,2026-08-12 21:06:02
INV_103073,STR_146,PRD_1049,156,32,2026-08-12T21:11:36.286419094
INV_103074,STR_148,PRD_2447,88,10,12/08/2026 21:17
INV_103075,STR_131,PRD_2123,196,30,2026-08-12 21:22:44
INV_103076,STR_141,PRD_1342,140,28,2026-08-12T21:28:18.593239549
INV_103077,STR_8888,PRD_1881,26,38,2026-08-12 21:33:52
INV_103078,STR_128,PRD_1889,110,35,2026-08-12 21:39:26
INV_103079,STR_140,PRD_2036,-3,43,2026-08-12 21:45:00
INV_103080,STR_147,PRD_1761,177,26,2026-08-12 21:50:35
INV_103081,STR_131,PRD_1847,75,27,2026-08-12 21:56:09
INV_103082,STR_123,PRD_1923,-6,41,2026-08-12 22:01:43
INV_103083,STR_102,PRD_2195,111,13,2026-08-12 22:07:17
INV_103084,STR_126,PRD_2382,16,39,12/08/2026 22:12
INV_103085,STR_108,PRD_2129,113,40,2026-08-12 22:18:25
INV_103086,STR_139,PRD_1188,136,27,2026-08-12 22:23:59
INV_103087,STR_122,PRD_2073,160,14,2026-08-12T22:29:33.718247883
INV_103088,STR_106,PRD_2272,32,41,2026-08-12 22:35:07
INV_103089,STR_116,PRD_1409,24,38,2026-08-12 22:40:41
INV_103090,STR_136,PRD_2414,44,21,2026-08-12T22:46:16.025068337
INV_103091,STR_106,PRD_2402,50,24,2026-08-12 22:51:50
INV_103092,STR_129,PRD_1226,36,24,12/08/2026 22:57
INV_103093,STR_112,PRD_1212,91,44,2026-08-12 23:02:58
INV_103094,STR_117,PRD_2004,66,44,2026-08-12 23:08:32
INV_103095,STR_130,PRD_2369,45,23,2026-08-12T23:14:06.536435762
INV_103096,STR_121,PRD_1418,71,48,2026-08-12 23:19:40
INV_103097,STR_113,PRD_2107,135,27,2026-08-12 23:25:14
INV_103098,STR_117,PRD_1918,182,47,12/08/2026 23:30
INV_103099,STR_134,PRD_2220,42,31,2026-08-12 23:36:22
INV_103100,STR_116,PRD_1776,78,47,2026-08-12T23:41:57.047803186
INV_103101,STR_118,PRD_1220,74,20,2026-08-12T23:47:31.150076671
INV_103102,STR_130,PRD_1175,128,12,2026-08-12T23:53:05.252350156
INV_103103,STR_138,PRD_1583,101,23,2026-08-12 23:58:39
INV_103104,STR_135,PRD_2345,118,34,2026-08-13 00:04:13
INV_103105,STR_114,PRD_1534,85,23,2026-08-13 00:09:47
INV_103106,STR_128,PRD_1724,-3,40,13/08/2026 00:15
INV_103107,STR_139,PRD_2417,136,34,2026-08-13 00:20:55
INV_103108,STR_115,PRD_1323,172,28,2026-08-13 00:26:29
INV_103109,STR_132,PRD_1084,5,21,2026-08-13 00:32:03
INV_103110,STR_124,PRD_2019,55,16,2026-08-13 00:37:38
INV_103111,STR_115,PRD_1886,1,23,2026-08-13 00:43:12
INV_103112,STR_129,PRD_2450,82,38,2026-08-13 00:48:46
INV_103113,STR_133,PRD_2291,63,23,2026-08-13 00:54:20
INV_103114,STR_101,PRD_1111,179,32,13/08/2026 00:59
INV_103115,STR_139,PRD_1627,75,23,13/08/2026 01:05
INV_103116,STR_143,PRD_1948,87,32,2026-08-13 01:11:02
INV_103117,STR_142,PRD_1749,175,17,2026-08-13 01:16:36
INV_103118,STR_137,PRD_2421,10,22,2026-08-13 01:22:10
INV_103119,STR_9999,PRD_1051,26,45,13/08/2026 01:27
INV_103120,STR_117,PRD_1083,-6,10,2026-08-13 01:33:19
INV_103121,STR_104,PRD_1711,187,46,2026-08-13T01:38:53.195546369
INV_103122,STR_146,PRD_1730,149,35,2026-08-13 01:44:27
INV_103123,STR_139,PRD_1740,56,13,13/08/2026 01:50
INV_103124,STR_105,PRD_1828,-1,25,13/08/2026 01:55
INV_103125,STR_111,PRD_1424,186,34,2026-08-13 02:01:09
INV_103126,STR_9999,PRD_2044,77,28,2026-08-13 02:06:43
INV_103127,STR_111,PRD_1055,73,29,2026-08-13 02:12:17
INV_103128,STR_111,PRD_2314,51,35,2026-08-13T02:17:51.911460764
INV_103129,STR_108,PRD_1811,26,41,2026-08-13 02:23:26
INV_103130,STR_141,PRD_1806,164,12,2026-08-13T02:29:00.116007733
INV_103131,STR_121,PRD_2008,198,16,2026-08-13 02:34:34
INV_103132,STR_148,PRD_1654,38,41,2026-08-13T02:40:08.320554703
INV_103133,STR_149,PRD_2006,13,14,2026-08-13 02:45:42
INV_103134,STR_115,PRD_1907,71,30,2026-08-13 02:51:16
INV_103135,STR_103,PRD_2396,143,39,2026-08-13T02:56:50.627375158
INV_103136,STR_149,PRD_1007,95,29,2026-08-13 03:02:24
INV_103137,STR_102,PRD_1123,44,38,13/08/2026 03:07
INV_103138,STR_115,PRD_2124,-4,33,2026-08-13 03:13:32
INV_103139,STR_113,PRD_1989,195,10,2026-08-13 03:19:07
INV_103140,STR_140,PRD_1834,158,34,2026-08-13 03:24:41
INV_103141,STR_137,PRD_2116,119,36,2026-08-13 03:30:15
INV_103142,STR_103,PRD_2408,147,34,13/08/2026 03:35
INV_103143,STR_101,PRD_1765,198,30,2026-08-13 03:41:23
INV_103144,STR_109,PRD_2103,112,26,13/08/2026 03:46
INV_103145,STR_110,PRD_2321,9,37,2026-08-13T03:52:31.650110007
INV_103146,STR_138,PRD_1030,45,41,2026-08-13 03:58:05
INV_103147,STR_125,PRD_1377,191,43,2026-08-13 04:03:39
INV_103148,STR_136,PRD_1329,13,31,13/08/2026 04:09
INV_103149,STR_125,PRD_2322,97,28,2026-08-13T04:14:48.059203946
INV_103150,STR_103,PRD_1281,129,17,2026-08-13 04:20:22
INV_103151,STR_125,PRD_2035,80,11,2026-08-13 04:25:56
INV_103152,STR_137,PRD_1638,4,14,13/08/2026 04:31
INV_103153,STR_127,PRD_1871,62,37,2026-08-13 04:37:04
INV_103154,STR_101,PRD_1698,199,13,2026-08-13T04:42:38.570571371
INV_103155,STR_101,PRD_1068,165,45,2026-08-13T04:48:12.672844856
INV_103156,STR_115,PRD_1840,50,10,2026-08-13 04:53:46
INV_103157,STR_122,PRD_1022,188,24,2026-08-13 04:59:20
INV_103158,STR_122,PRD_1336,17,22,2026-08-13 05:04:54
INV_103159,STR_112,PRD_1426,99,40,2026-08-13 05:10:29
INV_103160,STR_120,PRD_1844,-8,26,13/08/2026 05:16
INV_103161,STR_138,PRD_1208,5,15,2026-08-13 05:21:37
INV_103162,STR_124,PRD_1214,153,33,2026-08-13 05:27:11
INV_103163,STR_136,PRD_1634,121,22,2026-08-13 05:32:45
INV_103164,STR_148,PRD_1422,-2,30,2026-08-13 05:38:19
INV_103165,STR_112,PRD_1072,99,33,2026-08-13 05:43:53
INV_103166,STR_114,PRD_1822,1,31,2026-08-13 05:49:27
INV_103167,STR_127,PRD_1785,63,38,2026-08-13 05:55:01
INV_103168,STR_102,PRD_1937,33,33,13/08/2026 06:00
INV_103169,STR_122,PRD_2297,97,21,2026-08-13T06:06:10.104673644
INV_103170,STR_103,PRD_2256,183,29,2026-08-13 06:11:44
INV_103171,STR_146,PRD_2064,136,43,13/08/2026 06:17
INV_103172,STR_149,PRD_1288,2,24,13/08/2026 06:22
INV_103173,STR_102,PRD_1554,172,13,2026-08-13T06:28:26.513767584
INV_103174,STR_138,PRD_2293,54,23,2026-08-13 06:34:00
INV_103175,STR_107,PRD_1438,81,10,2026-08-13 06:39:34
INV_103176,STR_142,PRD_2337,93,42,2026-08-13 06:45:08
INV_103177,STR_124,PRD_2417,187,38,2026-08-13 06:50:42
INV_103178,STR_140,PRD_1027,105,19,13/08/2026 06:56
INV_103179,STR_8888,PRD_1269,120,45,2026-08-13 07:01:51
INV_103180,STR_111,PRD_2490,98,23,2026-08-13T07:07:25.229681978
INV_103181,STR_104,PRD_1073,142,31,2026-08-13T07:12:59.331955463
INV_103182,STR_132,PRD_1673,110,42,2026-08-13T07:18:33.434228948
INV_103183,STR_145,PRD_1245,97,37,2026-08-13 07:24:07
INV_103184,STR_124,PRD_1409,169,16,2026-08-13 07:29:41
INV_103185,STR_124,PRD_1497,5,45,2026-08-13 07:35:15
INV_103186,STR_134,PRD_2441,32,45,2026-08-13 07:40:49
INV_103187,STR_114,PRD_2011,45,43,13/08/2026 07:46
INV_103188,STR_141,PRD_1210,185,46,2026-08-13 07:51:58
INV_103189,STR_125,PRD_1791,125,15,2026-08-13 07:57:32
INV_103190,STR_109,PRD_2246,92,44,2026-08-13 08:03:06
INV_103191,STR_123,PRD_1359,197,36,13/08/2026 08:08
INV_103192,STR_134,PRD_1581,161,39,2026-08-13 08:14:14
INV_103193,STR_128,PRD_2043,155,41,2026-08-13 08:19:48
INV_103194,STR_137,PRD_1422,140,28,13/08/2026 08:25
INV_103195,STR_104,PRD_1120,-5,31,2026-08-13 08:30:56
INV_103196,STR_123,PRD_1172,32,30,2026-08-13 08:36:30
INV_103197,STR_118,PRD_1033,33,14,2026-08-13T08:42:04.968331222
INV_103198,STR_145,PRD_1917,197,30,13/08/2026 08:47
INV_103199,STR_148,PRD_1070,107,29,2026-08-13 08:53:13
INV_103200,STR_143,PRD_1544,69,47,2026-08-13 08:58:47
INV_103201,STR_108,PRD_1773,12,40,2026-08-13T09:04:21.377425161
INV_103202,STR_125,PRD_1783,133,46,2026-08-13 09:09:55
INV_103203,STR_124,PRD_1967,193,15,2026-08-13 09:15:29
INV_103204,STR_134,PRD_1534,-2,40,2026-08-13 09:21:03
INV_103205,STR_149,PRD_1013,199,33,2026-08-13T09:26:37.786519101
INV_103206,STR_135,PRD_2329,126,27,2026-08-13 09:32:11
INV_103207,STR_113,PRD_1270,175,38,2026-08-13T09:37:45.991066071
INV_103208,STR_105,PRD_2076,182,21,2026-08-13T09:43:20.093339556
INV_103209,STR_131,PRD_1462,48,21,2026-08-13 09:48:54
INV_103210,STR_125,PRD_1522,140,38,13/08/2026 09:54
INV_103211,STR_114,PRD_1769,58,16,2026-08-13 10:00:02
INV_103212,STR_148,PRD_1854,136,25,2026-08-13 10:05:36
INV_103213,STR_130,PRD_1791,24,21,2026-08-13 10:11:10
INV_103214,STR_136,PRD_2347,86,30,2026-08-13 10:16:44
INV_103215,STR_137,PRD_1442,172,13,13/08/2026 10:22
INV_103216,STR_136,PRD_1250,99,26,13/08/2026 10:27
INV_103217,STR_118,PRD_1159,199,37,2026-08-13T10:33:27.013800920
INV_103218,STR_113,PRD_1035,29,40,2026-08-13 10:39:01
INV_103219,STR_135,PRD_1879,131,17,2026-08-13 10:44:35
INV_103220,STR_136,PRD_2221,73,35,2026-08-13 10:50:09
INV_103221,STR_110,PRD_2473,105,49,2026-08-13T10:55:43.422894859
INV_103222,STR_126,PRD_2401,2,40,2026-08-13 11:01:17
INV_103223,STR_101,PRD_2269,42,28,2026-08-13 11:06:51
INV_103224,STR_121,PRD_1392,69,16,2026-08-13 11:12:25
INV_103225,STR_101,PRD_2227,84,14,2026-08-13 11:17:59
INV_103226,STR_119,PRD_1043,28,22,2026-08-13 11:23:33
INV_103227,STR_143,PRD_1314,73,27,13/08/2026 11:29
INV_103228,STR_147,PRD_1407,110,27,2026-08-13 11:34:42
INV_103229,STR_116,PRD_1894,54,29,2026-08-13 11:40:16
INV_103230,STR_103,PRD_1205,173,32,13/08/2026 11:45
INV_103231,STR_113,PRD_2264,29,45,2026-08-13 11:51:24
INV_103232,STR_106,PRD_1040,163,49,2026-08-13 11:56:58
INV_103233,STR_114,PRD_1587,194,42,2026-08-13 12:02:32
INV_103234,STR_129,PRD_1713,124,16,2026-08-13 12:08:06
INV_103235,STR_115,PRD_2386,34,49,2026-08-13 12:13:40
INV_103236,STR_139,PRD_1897,11,14,13/08/2026 12:19
INV_103237,STR_101,PRD_1094,124,41,2026-08-13 12:24:49
INV_103238,STR_118,PRD_1539,111,18,2026-08-13 12:30:23
INV_103239,STR_100,PRD_2167,41,39,2026-08-13 12:35:57
INV_103240,STR_130,PRD_1058,89,41,2026-08-13 12:41:31
INV_103241,STR_103,PRD_1853,57,48,2026-08-13 12:47:05
INV_103242,STR_126,PRD_1508,187,13,2026-08-13 12:52:39
INV_103243,STR_124,PRD_1512,56,34,2026-08-13 12:58:13
INV_103244,STR_121,PRD_1798,-8,31,2026-08-13 13:03:47
INV_103245,STR_142,PRD_2045,47,17,13/08/2026 13:09
INV_103246,STR_109,PRD_1737,109,11,13/08/2026 13:14
INV_103247,STR_149,PRD_2227,184,46,2026-08-13T13:20:30.082005467
INV_103248,STR_132,PRD_1698,89,44,2026-08-13 13:26:04
INV_103249,STR_148,PRD_1886,171,46,2026-08-13 13:31:38
INV_103250,STR_147,PRD_1470,-2,31,2026-08-13 13:37:12
INV_103251,STR_143,PRD_1283,171,10,2026-08-13 13:42:46
INV_103252,STR_129,PRD_1371,197,48,2026-08-13 13:48:20
INV_103253,STR_129,PRD_2355,168,42,2026-08-13T13:53:54.695646376
INV_103254,STR_115,PRD_2050,5,13,2026-08-13 13:59:28
INV_103255,STR_108,PRD_1854,1,18,2026-08-13 14:05:02
INV_103256,STR_116,PRD_1128,91,17,2026-08-13 14:10:37
INV_103257,STR_134,PRD_2403,137,31,2026-08-13T14:16:11.104740316
INV_103258,STR_149,PRD_1506,170,30,2026-08-13 14:21:45
INV_103259,STR_146,PRD_2118,20,37,2026-08-13 14:27:19
INV_103260,STR_114,PRD_1577,10,46,2026-08-13 14:32:53
INV_103261,STR_147,PRD_2200,120,11,13/08/2026 14:38
INV_103262,STR_127,PRD_1472,10,26,2026-08-13 14:44:01
INV_103263,STR_119,PRD_2007,81,40,2026-08-13T14:49:35.718381225
INV_103264,STR_132,PRD_2298,17,22,2026-08-13 14:55:09
INV_103265,STR_132,PRD_1667,122,27,2026-08-13 15:00:43
INV_103266,STR_135,PRD_2446,60,33,13/08/2026 15:06
INV_103267,STR_112,PRD_1319,186,40,2026-08-13 15:11:52
INV_103268,STR_103,PRD_1057,62,42,2026-08-13T15:17:26.229748649
INV_103269,STR_122,PRD_1272,164,40,13/08/2026 15:23
INV_103270,STR_107,PRD_2221,137,36,13/08/2026 15:28
INV_103271,STR_112,PRD_2102,155,45,2026-08-13 15:34:08
INV_103272,STR_123,PRD_1981,105,30,2026-08-13 15:39:42
INV_103273,STR_139,PRD_1040,154,14,2026-08-13 15:45:16
INV_103274,STR_145,PRD_1737,47,20,2026-08-13 15:50:50
INV_103275,STR_129,PRD_2268,134,43,2026-08-13 15:56:24
INV_103276,STR_129,PRD_2046,31,43,2026-08-13 16:01:59
INV_103277,STR_124,PRD_1708,86,12,2026-08-13 16:07:33
INV_103278,STR_132,PRD_1235,149,15,2026-08-13T16:13:07.252483498
INV_103279,STR_108,PRD_1125,51,29,2026-08-13 16:18:41
INV_103280,STR_125,PRD_1777,85,13,2026-08-13 16:24:15
INV_103281,STR_123,PRD_1835,101,46,2026-08-13 16:29:49
INV_103282,STR_132,PRD_1139,109,48,2026-08-13T16:35:23.661577438
INV_103283,STR_138,PRD_1878,76,16,2026-08-13 16:40:57
INV_103284,STR_124,PRD_1393,138,26,2026-08-13 16:46:31
INV_103285,STR_8888,PRD_1827,150,47,2026-08-13 16:52:05
INV_103286,STR_144,PRD_1126,184,45,2026-08-13T16:57:40.070671378
INV_103287,STR_114,PRD_2137,123,43,2026-08-13T17:03:14.172944863
INV_103288,STR_140,PRD_1836,102,15,2026-08-13T17:08:48.275218347
INV_103289,STR_147,PRD_1524,81,48,2026-08-13 17:14:22
INV_103290,STR_148,PRD_2251,55,11,2026-08-13T17:19:56.479765317
INV_103291,STR_140,PRD_1145,21,27,2026-08-13 17:25:30
INV_103292,STR_105,PRD_2186,53,36,2026-08-13 17:31:04
INV_103293,STR_119,PRD_1734,143,48,2026-08-13 17:36:38
INV_103294,STR_143,PRD_1727,179,28,2026-08-13 17:42:12
INV_103295,STR_115,PRD_1168,-6,41,2026-08-13 17:47:46
INV_103296,STR_120,PRD_2148,128,33,2026-08-13 17:53:21
INV_103297,STR_114,PRD_1299,117,43,2026-08-13 17:58:55
INV_103298,STR_138,PRD_2273,63,34,2026-08-13 18:04:29
INV_103299,STR_141,PRD_1937,196,33,2026-08-13 18:10:03
INV_103300,STR_103,PRD_1521,199,34,2026-08-13 18:15:37
INV_103301,STR_123,PRD_1104,166,21,2026-08-13 18:21:11
INV_103302,STR_102,PRD_1617,195,39,2026-08-13 18:26:45
INV_103303,STR_149,PRD_1968,81,15,13/08/2026 18:32
INV_103304,STR_100,PRD_1505,179,39,13/08/2026 18:37
INV_103305,STR_129,PRD_1301,49,42,2026-08-13 18:43:28
INV_103306,STR_112,PRD_1652,194,24,2026-08-13 18:49:02
INV_103307,STR_117,PRD_2253,-9,38,13/08/2026 18:54
INV_103308,STR_139,PRD_1063,78,23,13/08/2026 19:00
INV_103309,STR_110,PRD_1589,176,34,2026-08-13T19:05:44.422961530
INV_103310,STR_141,PRD_1231,96,14,13/08/2026 19:11
INV_103311,STR_128,PRD_2206,104,11,2026-08-13 19:16:52
INV_103312,STR_103,PRD_1318,65,25,2026-08-13T19:22:26.729781985
INV_103313,STR_124,PRD_1828,142,48,2026-08-13T19:28:00.832055470
INV_103314,STR_135,PRD_1091,185,47,2026-08-13 19:33:34
INV_103315,STR_135,PRD_1960,159,26,2026-08-13 19:39:09
INV_103316,STR_143,PRD_1063,65,40,2026-08-13T19:44:43.138875925
INV_103317,STR_139,PRD_1843,188,10,2026-08-13T19:50:17.241149410
INV_103318,STR_127,PRD_1218,172,15,2026-08-13T19:55:51.343422894
INV_103319,STR_144,PRD_1703,155,40,13/08/2026 20:01
INV_103320,STR_107,PRD_1618,160,15,2026-08-13T20:06:59.547969864
INV_103321,STR_120,PRD_1246,187,45,13/08/2026 20:12
INV_103322,STR_134,PRD_1963,170,17,13/08/2026 20:18
INV_103323,STR_143,PRD_2496,117,38,2026-08-13 20:23:41
INV_103324,STR_117,PRD_2013,10,18,2026-08-13 20:29:15
INV_103325,STR_146,PRD_1056,137,31,2026-08-13 20:34:50
INV_103326,STR_124,PRD_2068,8,19,2026-08-13 20:40:24
INV_103327,STR_145,PRD_2109,150,33,2026-08-13 20:45:58
INV_103328,STR_140,PRD_2061,52,49,13/08/2026 20:51
INV_103329,STR_104,PRD_1181,185,11,2026-08-13 20:57:06
INV_103330,STR_146,PRD_1163,177,29,13/08/2026 21:02
INV_103331,STR_107,PRD_1756,8,26,2026-08-13 21:08:14
INV_103332,STR_122,PRD_1125,102,42,2026-08-13 21:13:48
INV_103333,STR_102,PRD_2230,145,23,2026-08-13 21:19:22
INV_103334,STR_143,PRD_1266,11,41,2026-08-13 21:24:56
INV_103335,STR_136,PRD_1353,40,46,2026-08-13T21:30:31.082072138
INV_103336,STR_130,PRD_2434,77,33,13/08/2026 21:36
INV_103337,STR_128,PRD_2145,112,29,13/08/2026 21:41
INV_103338,STR_140,PRD_1609,52,15,13/08/2026 21:47
INV_103339,STR_119,PRD_1468,51,42,2026-08-13T21:52:47.491166077
INV_103340,STR_102,PRD_1800,146,37,2026-08-13 21:58:21
INV_103341,STR_122,PRD_1132,63,20,2026-08-13T22:03:55.695713047
INV_103342,STR_139,PRD_2402,21,45,2026-08-13 22:09:29
INV_103343,STR_120,PRD_2011,190,29,2026-08-13 22:15:03
INV_103344,STR_112,PRD_1848,142,15,2026-08-13 22:20:38
INV_103345,STR_107,PRD_2019,133,17,13/08/2026 22:26
INV_103346,STR_104,PRD_1317,4,28,2026-08-13 22:31:46
INV_103347,STR_124,PRD_1710,176,24,13/08/2026 22:37
INV_103348,STR_138,PRD_2148,37,31,2026-08-13 22:42:54
INV_103349,STR_136,PRD_1450,7,11,2026-08-13 22:48:28
INV_103350,STR_140,PRD_2231,12,37,13/08/2026 22:54
INV_103351,STR_104,PRD_2323,44,45,2026-08-13 22:59:36
INV_103352,STR_107,PRD_1632,31,45,2026-08-13 23:05:10
INV_103353,STR_143,PRD_1141,120,27,13/08/2026 23:10
INV_103354,STR_103,PRD_2003,188,21,2026-08-13 23:16:19
INV_103355,STR_140,PRD_2497,92,28,2026-08-13 23:21:53
INV_103356,STR_121,PRD_1858,41,35,2026-08-13 23:27:27
INV_103357,STR_113,PRD_1568,0,34,2026-08-13 23:33:01
INV_103358,STR_118,PRD_1303,44,37,2026-08-13 23:38:35
INV_103359,STR_112,PRD_1656,77,24,2026-08-13 23:44:09
INV_103360,STR_134,PRD_1643,103,19,2026-08-13 23:49:43
INV_103361,STR_103,PRD_1592,14,48,13/08/2026 23:55
INV_103362,STR_132,PRD_1029,81,43,2026-08-14 00:00:51
INV_103363,STR_121,PRD_2400,193,22,2026-08-14 00:06:25
INV_103364,STR_100,PRD_2364,76,25,2026-08-14 00:12:00
INV_103365,STR_110,PRD_2232,70,49,14/08/2026 00:17
INV_103366,STR_115,PRD_2266,158,40,2026-08-14 00:23:08
INV_103367,STR_103,PRD_1694,154,10,2026-08-14T00:28:42.354823654
INV_103368,STR_128,PRD_1157,199,32,2026-08-14 00:34:16
INV_103369,STR_138,PRD_1145,172,23,2026-08-14 00:39:50
INV_103370,STR_143,PRD_1339,-2,48,2026-08-14T00:45:24.661644109
INV_103371,STR_137,PRD_1865,88,39,2026-08-14 00:50:58
INV_103372,STR_123,PRD_1091,25,29,2026-08-14 00:56:32
INV_103373,STR_8888,PRD_1328,46,34,2026-08-14 01:02:06
INV_103374,STR_108,PRD_1171,52,20,2026-08-14 01:07:41
INV_103375,STR_107,PRD_1701,71,35,14/08/2026 01:13
INV_103376,STR_113,PRD_2054,9,30,2026-08-14T01:18:49.275285019
INV_103377,STR_114,PRD_1620,36,14,2026-08-14 01:24:23
INV_103378,STR_121,PRD_1271,9,16,2026-08-14 01:29:57
INV_103379,STR_136,PRD_2118,-5,21,2026-08-14 01:35:31
INV_103380,STR_114,PRD_1988,62,11,2026-08-14 01:41:05
INV_103381,STR_105,PRD_1076,96,48,2026-08-14T01:46:39.786652443
INV_103382,STR_100,PRD_1150,82,30,2026-08-14 01:52:13
INV_103383,STR_119,PRD_1141,18,41,2026-08-14 01:57:47
INV_103384,STR_140,PRD_1230,194,14,2026-08-14 02:03:22
INV_103385,STR_135,PRD_1953,89,36,2026-08-14 02:08:56
INV_103386,STR_101,PRD_1127,100,40,2026-08-14 02:14:30
INV_103387,STR_105,PRD_1859,110,21,14/08/2026 02:20
INV_103388,STR_101,PRD_1695,38,45,2026-08-14 02:25:38
INV_103389,STR_102,PRD_1496,97,30,2026-08-14 02:31:12
INV_103390,STR_106,PRD_2303,123,28,14/08/2026 02:36
INV_103391,STR_119,PRD_1809,28,12,2026-08-14T02:42:20.809387292
INV_103392,STR_148,PRD_1130,21,26,2026-08-14 02:47:54
INV_103393,STR_140,PRD_2484,166,39,2026-08-14 02:53:29
INV_103394,STR_140,PRD_1268,32,45,2026-08-14 02:59:03
INV_103395,STR_9999,PRD_1617,97,18,2026-08-14 03:04:37
INV_103396,STR_104,PRD_1961,17,43,2026-08-14 03:10:11
INV_103397,STR_124,PRD_2283,34,38,2026-08-14T03:15:45.423028201
INV_103398,STR_137,PRD_2074,54,19,2026-08-14 03:21:19
INV_103399,STR_117,PRD_2156,39,18,2026-08-14 03:26:53
INV_103400,STR_100,PRD_1808,43,49,2026-08-14 03:32:27
INV_103401,STR_124,PRD_2028,40,20,14/08/2026 03:38
INV_103402,STR_116,PRD_1647,32,28,14/08/2026 03:43
INV_103403,STR_145,PRD_1737,53,31,2026-08-14 03:49:10
INV_103404,STR_114,PRD_1501,19,31,2026-08-14 03:54:44
INV_103405,STR_104,PRD_2207,199,25,2026-08-14 04:00:18
INV_103406,STR_116,PRD_1408,159,26,2026-08-14T04:05:52.343489566
INV_103407,STR_120,PRD_2114,155,49,2026-08-14 04:11:26
INV_103408,STR_122,PRD_2459,76,16,2026-08-14 04:17:00
INV_103409,STR_142,PRD_1819,55,40,2026-08-14 04:22:34
INV_103410,STR_109,PRD_1902,58,13,2026-08-14 04:28:08
INV_103411,STR_116,PRD_1188,4,38,2026-08-14 04:33:42
INV_103412,STR_100,PRD_1980,178,16,2026-08-14 04:39:16
INV_103413,STR_136,PRD_1814,99,39,2026-08-14T04:44:51.059403960
INV_103414,STR_147,PRD_1382,123,12,2026-08-14 04:50:25
INV_103415,STR_106,PRD_1849,195,34,2026-08-14 04:55:59
INV_103416,STR_111,PRD_2345,13,43,2026-08-14 05:01:33
INV_103417,STR_139,PRD_2466,110,42,2026-08-14 05:07:07
INV_103418,STR_149,PRD_1489,74,40,2026-08-14 05:12:41
INV_103419,STR_100,PRD_2156,131,33,2026-08-14 05:18:15
INV_103420,STR_119,PRD_1425,129,47,2026-08-14T05:23:49.775318354
INV_103421,STR_143,PRD_1249,172,13,2026-08-14 05:29:23
INV_103422,STR_130,PRD_2084,57,19,2026-08-14T05:34:57.979865324
INV_103423,STR_103,PRD_2019,111,34,2026-08-14T05:40:32.082138809
INV_103424,STR_125,PRD_2445,33,46,14/08/2026 05:46
INV_103425,STR_111,PRD_2499,74,10,2026-08-14T05:51:40.286685779
INV_103426,STR_121,PRD_2246,198,26,2026-08-14 05:57:14
INV_103427,STR_100,PRD_2461,168,16,2026-08-14 06:02:48
INV_103428,STR_100,PRD_1683,197,23,2026-08-14 06:08:22
INV_103429,STR_102,PRD_2407,199,10,2026-08-14 06:13:56
INV_103430,STR_111,PRD_1318,155,15,2026-08-14T06:19:30.798053203
INV_103431,STR_120,PRD_2019,30,48,2026-08-14 06:25:04
INV_103432,STR_112,PRD_1224,111,19,14/08/2026 06:30
INV_103433,STR_112,PRD_1422,33,30,14/08/2026 06:36
INV_103434,STR_140,PRD_1907,64,12,14/08/2026 06:41
INV_103435,STR_117,PRD_2214,81,28,2026-08-14 06:47:21
INV_103436,STR_132,PRD_1078,5,37,2026-08-14 06:52:55
INV_103437,STR_105,PRD_1854,167,11,2026-08-14 06:58:29
INV_103438,STR_124,PRD_2003,155,36,2026-08-14 07:04:03
INV_103439,STR_122,PRD_1364,75,41,2026-08-14 07:09:37
INV_103440,STR_123,PRD_1021,122,21,2026-08-14 07:15:11
INV_103441,STR_136,PRD_1547,126,10,2026-08-14T07:20:45.923061537
INV_103442,STR_125,PRD_1329,66,49,14/08/2026 07:26
INV_103443,STR_103,PRD_2179,28,38,2026-08-14T07:31:54.127608507
INV_103444,STR_137,PRD_1055,76,18,2026-08-14 07:37:28
INV_103445,STR_134,PRD_2271,144,27,2026-08-14 07:43:02
INV_103446,STR_148,PRD_1924,149,45,2026-08-14 07:48:36
INV_103447,STR_110,PRD_1260,53,25,2026-08-14 07:54:10
INV_103448,STR_135,PRD_1434,150,44,14/08/2026 07:59
INV_103449,STR_124,PRD_1537,95,45,2026-08-14 08:05:18
INV_103450,STR_119,PRD_1534,79,13,2026-08-14 08:10:52
INV_103451,STR_100,PRD_1380,135,49,2026-08-14 08:16:26
INV_103452,STR_129,PRD_1102,193,44,2026-08-14 08:22:01
INV_103453,STR_103,PRD_1028,56,28,2026-08-14T08:27:35.150343356
INV_103454,STR_122,PRD_2080,-6,15,2026-08-14 08:33:09
INV_103455,STR_134,PRD_2085,195,40,14/08/2026 08:38
INV_103456,STR_141,PRD_1954,48,36,2026-08-14 08:44:17
INV_103457,STR_121,PRD_2071,65,12,2026-08-14T08:49:51.559437295
INV_103458,STR_130,PRD_2390,-7,45,14/08/2026 08:55
INV_103459,STR_100,PRD_1546,5,45,14/08/2026 09:00
INV_103460,STR_103,PRD_1326,64,11,2026-08-14 09:06:33
INV_103461,STR_118,PRD_1265,89,46,2026-08-14 09:12:07
INV_103462,STR_129,PRD_1728,110,24,2026-08-14 09:17:42
INV_103463,STR_100,PRD_2199,165,46,14/08/2026 09:23
INV_103464,STR_147,PRD_2067,55,32,2026-08-14T09:28:50.275351690
INV_103465,STR_118,PRD_1218,194,15,2026-08-14 09:34:24
INV_103466,STR_8888,PRD_1125,125,42,14/08/2026 09:39
INV_103467,STR_120,PRD_1881,161,14,2026-08-14T09:45:32.582172144
INV_103468,STR_121,PRD_2402,10,30,2026-08-14 09:51:06
INV_103469,STR_149,PRD_1318,15,37,2026-08-14T09:56:40.786719114
INV_103470,STR_101,PRD_2328,152,30,14/08/2026 10:02
INV_103471,STR_105,PRD_2223,132,33,2026-08-14 10:07:48
INV_103472,STR_120,PRD_1084,157,37,2026-08-14 10:13:23
INV_103473,STR_132,PRD_2064,19,20,14/08/2026 10:18
INV_103474,STR_118,PRD_1722,55,31,2026-08-14 10:24:31
INV_103475,STR_126,PRD_2386,69,43,2026-08-14T10:30:05.400360024
INV_103476,STR_136,PRD_2292,2,46,14/08/2026 10:35
INV_103477,STR_128,PRD_1361,-10,26,2026-08-14T10:41:13.604906993
INV_103478,STR_127,PRD_1366,160,24,2026-08-14 10:46:47
INV_103479,STR_133,PRD_2204,145,38,2026-08-14 10:52:21
INV_103480,STR_100,PRD_2254,118,43,2026-08-14 10:57:55
INV_103481,STR_147,PRD_1987,157,31,2026-08-14 11:03:30
INV_103482,STR_124,PRD_2093,151,36,2026-08-14 11:09:04
INV_103483,STR_120,PRD_1587,130,47,2026-08-14 11:14:38
INV_103484,STR_133,PRD_1962,50,24,2026-08-14 11:20:12
INV_103485,STR_125,PRD_1488,106,30,2026-08-14T11:25:46.423094873
INV_103486,STR_135,PRD_2257,55,13,2026-08-14 11:31:20
INV_103487,STR_134,PRD_2452,112,27,2026-08-14T11:36:54.627641842
INV_103488,STR_122,PRD_1830,-7,16,14/08/2026 11:42
INV_103489,STR_116,PRD_1665,130,25,2026-08-14T11:48:02.832188812
INV_103490,STR_146,PRD_2317,25,44,2026-08-14T11:53:36.934462297
INV_103491,STR_141,PRD_2371,85,21,2026-08-14 11:59:11
INV_103492,STR_111,PRD_2122,178,16,2026-08-14 12:04:45
INV_103493,STR_143,PRD_1875,175,19,2026-08-14 12:10:19
INV_103494,STR_119,PRD_1360,74,10,2026-08-14 12:15:53
INV_103495,STR_138,PRD_1357,132,21,2026-08-14 12:21:27
INV_103496,STR_126,PRD_2153,79,36,2026-08-14 12:27:01
INV_103497,STR_141,PRD_2406,74,37,2026-08-14 12:32:35
INV_103498,STR_136,PRD_1735,1,27,2026-08-14 12:38:09
INV_103499,STR_119,PRD_1063,65,10,14/08/2026 12:43
INV_103500,STR_8888,PRD_2419,58,32,14/08/2026 12:49
INV_103501,STR_110,PRD_1180,178,48,2026-08-14 12:54:52
INV_103502,STR_127,PRD_1586,31,26,14/08/2026 13:00
INV_103503,STR_101,PRD_1188,149,10,14/08/2026 13:06
INV_103504,STR_123,PRD_2206,119,47,2026-08-14 13:11:34
INV_103505,STR_115,PRD_1579,-3,13,2026-08-14 13:17:08
INV_103506,STR_111,PRD_1169,43,24,2026-08-14 13:22:42
INV_103507,STR_115,PRD_1321,125,30,2026-08-14 13:28:16
INV_103508,STR_135,PRD_2195,77,30,2026-08-14T13:33:50.775385025
INV_103509,STR_101,PRD_1283,130,31,2026-08-14 13:39:24
INV_103510,STR_124,PRD_1365,18,23,14/08/2026 13:44
INV_103511,STR_128,PRD_1110,2,44,2026-08-14 13:50:33
INV_103512,STR_127,PRD_1077,47,13,14/08/2026 13:56
INV_103513,STR_109,PRD_1252,52,44,2026-08-14T14:01:41.286752450
INV_103514,STR_144,PRD_1235,76,41,14/08/2026 14:07
INV_103515,STR_122,PRD_1092,164,37,2026-08-14 14:12:49
INV_103516,STR_131,PRD_2057,196,21,2026-08-14 14:18:23
INV_103517,STR_130,PRD_2427,76,39,2026-08-14 14:23:57
INV_103518,STR_118,PRD_1221,63,18,2026-08-14 14:29:31
INV_103519,STR_114,PRD_1895,27,28,2026-08-14 14:35:05
INV_103520,STR_132,PRD_2363,58,25,2026-08-14 14:40:40
INV_103521,STR_116,PRD_1960,58,39,2026-08-14T14:46:14.104940329
INV_103522,STR_8888,PRD_1984,157,10,2026-08-14 14:51:48
INV_103523,STR_135,PRD_1842,118,32,2026-08-14 14:57:22
INV_103524,STR_119,PRD_1251,119,21,2026-08-14 15:02:56
INV_103525,STR_108,PRD_2387,102,14,2026-08-14 15:08:30
INV_103526,STR_137,PRD_1141,18,29,2026-08-14 15:14:04
INV_103527,STR_102,PRD_1310,111,12,2026-08-14 15:19:38
INV_103528,STR_101,PRD_2408,-4,11,2026-08-14T15:25:12.820854723
INV_103529,STR_117,PRD_1581,174,29,14/08/2026 15:30
INV_103530,STR_122,PRD_2335,44,11,2026-08-14 15:36:21
INV_103531,STR_118,PRD_2302,190,49,2026-08-14 15:41:55
INV_103532,STR_106,PRD_1345,153,44,2026-08-14T15:47:29.229948663
INV_103533,STR_134,PRD_2410,-4,13,14/08/2026 15:53
INV_103534,STR_149,PRD_1301,81,45,14/08/2026 15:58
INV_103535,STR_119,PRD_1506,-1,49,2026-08-14 16:04:11
INV_103536,STR_119,PRD_1246,69,15,2026-08-14 16:09:45
INV_103537,STR_118,PRD_1487,63,23,2026-08-14T16:15:19.741316087
INV_103538,STR_140,PRD_2262,156,24,14/08/2026 16:20
INV_103539,STR_115,PRD_1927,47,46,2026-08-14 16:26:27
INV_103540,STR_137,PRD_2372,79,42,2026-08-14T16:32:02.048136542
INV_103541,STR_120,PRD_1790,87,28,2026-08-14T16:37:36.150410027
INV_103542,STR_128,PRD_1911,29,21,14/08/2026 16:43
INV_103543,STR_143,PRD_2375,131,18,2026-08-14 16:48:44
INV_103544,STR_137,PRD_1153,199,28,2026-08-14 16:54:18
INV_103545,STR_144,PRD_2209,118,41,2026-08-14 16:59:52
INV_103546,STR_123,PRD_1943,134,37,2026-08-14 17:05:26
INV_103547,STR_136,PRD_1594,38,37,2026-08-14 17:11:00
INV_103548,STR_128,PRD_2448,75,40,2026-08-14T17:16:34.866324421
INV_103549,STR_130,PRD_1061,133,45,2026-08-14T17:22:08.968597906
INV_103550,STR_144,PRD_2424,124,22,14/08/2026 17:27
INV_103551,STR_8888,PRD_1869,132,42,2026-08-14 17:33:17
INV_103552,STR_138,PRD_2082,104,27,2026-08-14 17:38:51
INV_103553,STR_111,PRD_2165,10,38,2026-08-14T17:44:25.377691846
INV_103554,STR_129,PRD_1465,55,48,2026-08-14 17:49:59
INV_103555,STR_103,PRD_2172,176,17,2026-08-14 17:55:33
INV_103556,STR_129,PRD_2470,165,31,2026-08-14T18:01:07.684512300
INV_103557,STR_104,PRD_2197,78,10,14/08/2026 18:06
INV_103558,STR_115,PRD_1310,190,40,2026-08-14 18:12:15
INV_103559,STR_126,PRD_2085,167,29,2026-08-14 18:17:49
INV_103560,STR_103,PRD_2190,127,45,2026-08-14 18:23:24
INV_103561,STR_107,PRD_1815,41,32,2026-08-14T18:28:58.195879725
INV_103562,STR_147,PRD_1102,185,26,2026-08-14 18:34:32
INV_103563,STR_107,PRD_1027,147,19,2026-08-14 18:40:06
INV_103564,STR_116,PRD_1507,23,18,2026-08-14 18:45:40
INV_103565,STR_145,PRD_1133,83,26,14/08/2026 18:51
INV_103566,STR_143,PRD_1058,195,12,2026-08-14 18:56:48
INV_103567,STR_102,PRD_2113,75,42,2026-08-14 19:02:22
INV_103568,STR_126,PRD_1069,54,10,2026-08-14 19:07:56
INV_103569,STR_8888,PRD_1184,49,29,14/08/2026 19:13
INV_103570,STR_133,PRD_2461,125,11,2026-08-14T19:19:05.116341089
INV_103571,STR_144,PRD_1571,64,25,14/08/2026 19:24
INV_103572,STR_120,PRD_2497,182,18,2026-08-14 19:30:13
INV_103573,STR_142,PRD_1167,58,23,14/08/2026 19:35
INV_103574,STR_123,PRD_1577,174,10,2026-08-14 19:41:21
INV_103575,STR_143,PRD_2147,34,44,2026-08-14 19:46:55
INV_103576,STR_149,PRD_2236,38,27,2026-08-14 19:52:29
INV_103577,STR_140,PRD_1181,191,10,2026-08-14T19:58:03.832255483
INV_103578,STR_128,PRD_1070,51,14,14/08/2026 20:03
INV_103579,STR_138,PRD_1555,156,20,2026-08-14 20:09:12
INV_103580,STR_105,PRD_1851,194,47,2026-08-14 20:14:46
INV_103581,STR_113,PRD_2218,138,33,2026-08-14 20:20:20
INV_103582,STR_149,PRD_2315,110,48,2026-08-14 20:25:54
INV_103583,STR_113,PRD_2080,42,41,2026-08-14 20:31:28
INV_103584,STR_136,PRD_1682,162,25,2026-08-14 20:37:02
INV_103585,STR_8888,PRD_2323,86,12,2026-08-14 20:42:36
INV_103586,STR_123,PRD_1317,110,17,2026-08-14 20:48:10
INV_103587,STR_112,PRD_2394,145,41,2026-08-14 20:53:44
INV_103588,STR_100,PRD_2106,42,31,2026-08-14 20:59:18
INV_103589,STR_111,PRD_1828,-2,26,2026-08-14 21:04:53
INV_103590,STR_9999,PRD_1093,64,36,14/08/2026 21:10
INV_103591,STR_141,PRD_1266,93,12,2026-08-14T21:16:01.264084272
INV_103592,STR_123,PRD_2399,82,35,2026-08-14 21:21:35
INV_103593,STR_136,PRD_2184,113,44,2026-08-14 21:27:09
INV_103594,STR_119,PRD_1613,111,22,14/08/2026 21:32
INV_103595,STR_105,PRD_1501,188,26,2026-08-14 21:38:17
INV_103596,STR_111,PRD_2400,50,39,14/08/2026 21:43
INV_103597,STR_120,PRD_2135,144,38,14/08/2026 21:49
INV_103598,STR_102,PRD_1577,113,23,14/08/2026 21:54
INV_103599,STR_126,PRD_1631,139,39,2026-08-14 22:00:34
INV_103600,STR_145,PRD_1278,84,46,2026-08-14 22:06:08
INV_103601,STR_135,PRD_1753,19,47,2026-08-14 22:11:42
INV_103602,STR_116,PRD_2456,81,18,2026-08-14 22:17:16
INV_103603,STR_148,PRD_1241,73,41,14/08/2026 22:22
INV_103604,STR_145,PRD_2245,4,13,2026-08-14 22:28:24
INV_103605,STR_114,PRD_1782,132,15,2026-08-14 22:33:58
INV_103606,STR_138,PRD_1961,42,10,2026-08-14 22:39:32
INV_103607,STR_103,PRD_2309,193,34,2026-08-14T22:45:06.900460030
INV_103608,STR_116,PRD_1984,198,49,2026-08-14 22:50:41
INV_103609,STR_137,PRD_1003,12,47,2026-08-14 22:56:15
INV_103610,STR_110,PRD_1319,59,12,14/08/2026 23:01
INV_103611,STR_111,PRD_2344,98,30,2026-08-14 23:07:23
INV_103612,STR_146,PRD_2031,133,23,2026-08-14 23:12:57
INV_103613,STR_131,PRD_2075,76,39,2026-08-14 23:18:31
INV_103614,STR_126,PRD_2023,182,11,2026-08-14 23:24:05
INV_103615,STR_143,PRD_2165,162,31,2026-08-14 23:29:39
INV_103616,STR_142,PRD_1778,-4,22,2026-08-14 23:35:13
INV_103617,STR_126,PRD_1826,162,34,2026-08-14 23:40:47
INV_103618,STR_148,PRD_1279,28,20,14/08/2026 23:46
INV_103619,STR_139,PRD_2111,93,19,14/08/2026 23:51
INV_103620,STR_143,PRD_2183,39,46,2026-08-14 23:57:30
INV_103621,STR_128,PRD_1984,166,34,2026-08-15 00:03:04
INV_103622,STR_108,PRD_1027,37,44,15/08/2026 00:08
INV_103623,STR_142,PRD_1809,38,28,2026-08-15 00:14:12
INV_103624,STR_102,PRD_1271,157,37,2026-08-15 00:19:46
INV_103625,STR_138,PRD_2123,156,19,2026-08-15 00:25:20
INV_103626,STR_128,PRD_2227,174,24,2026-08-15 00:30:54
INV_103627,STR_120,PRD_1189,71,41,15/08/2026 00:36
INV_103628,STR_134,PRD_1545,52,12,15/08/2026 00:42
INV_103629,STR_147,PRD_1293,173,33,2026-08-15T00:47:37.150476698
INV_103630,STR_109,PRD_1847,119,19,2026-08-15 00:53:11
INV_103631,STR_122,PRD_2367,101,39,2026-08-15 00:58:45
INV_103632,STR_138,PRD_1770,143,42,2026-08-15 01:04:19
INV_103633,STR_124,PRD_1768,85,34,2026-08-15 01:09:53
INV_103634,STR_123,PRD_1052,140,48,2026-08-15 01:15:27
INV_103635,STR_119,PRD_1683,110,48,15/08/2026 01:21
INV_103636,STR_114,PRD_2070,7,34,2026-08-15 01:26:35
INV_103637,STR_120,PRD_2010,77,47,2026-08-15 01:32:09
INV_103638,STR_141,PRD_2445,57,21,2026-08-15T01:37:44.070938062
INV_103639,STR_111,PRD_1702,49,13,2026-08-15 01:43:18
INV_103640,STR_117,PRD_1882,119,37,15/08/2026 01:48
INV_103641,STR_122,PRD_1464,83,29,2026-08-15 01:54:26
INV_103642,STR_140,PRD_1552,38,19,2026-08-15 02:00:00
INV_103643,STR_128,PRD_1916,155,40,2026-08-15 02:05:34
INV_103644,STR_140,PRD_2452,148,28,2026-08-15 02:11:08
INV_103645,STR_135,PRD_2007,157,11,2026-08-15 02:16:42
INV_103646,STR_104,PRD_2420,69,13,2026-08-15 02:22:16
INV_103647,STR_138,PRD_1193,116,24,2026-08-15 02:27:50
INV_103648,STR_125,PRD_1065,42,47,2026-08-15 02:33:25
INV_103649,STR_138,PRD_1554,53,42,2026-08-15 02:38:59
INV_103650,STR_110,PRD_1600,22,27,2026-08-15 02:44:33
INV_103651,STR_141,PRD_2499,47,49,15/08/2026 02:50
INV_103652,STR_110,PRD_2049,39,41,2026-08-15T02:55:41.502766851
INV_103653,STR_117,PRD_2122,53,41,2026-08-15T03:01:15.605040336
INV_103654,STR_111,PRD_1475,120,22,15/08/2026 03:06
INV_103655,STR_115,PRD_1572,114,25,15/08/2026 03:12
INV_103656,STR_126,PRD_1761,50,42,2026-08-15T03:17:57.911860790
INV_103657,STR_135,PRD_1886,113,43,2026-08-15 03:23:32
INV_103658,STR_116,PRD_1829,199,23,2026-08-15 03:29:06
INV_103659,STR_148,PRD_1081,127,11,2026-08-15 03:34:40
INV_103660,STR_120,PRD_2421,55,22,2026-08-15T03:40:14.320954730
INV_103661,STR_136,PRD_1699,168,38,2026-08-15 03:45:48
INV_103662,STR_130,PRD_2416,19,43,15/08/2026 03:51
INV_103663,STR_144,PRD_1043,14,26,2026-08-15 03:56:56
INV_103664,STR_134,PRD_1823,160,12,2026-08-15 04:02:30
INV_103665,STR_126,PRD_1609,109,39,15/08/2026 04:08
INV_103666,STR_122,PRD_2114,77,13,2026-08-15 04:13:38
INV_103667,STR_131,PRD_2352,181,40,15/08/2026 04:19
INV_103668,STR_116,PRD_2437,176,14,15/08/2026 04:24
INV_103669,STR_110,PRD_1719,179,11,15/08/2026 04:30
INV_103670,STR_100,PRD_1690,-1,13,2026-08-15 04:35:55
INV_103671,STR_127,PRD_1698,181,47,2026-08-15T04:41:29.445963064
INV_103672,STR_117,PRD_1836,83,36,2026-08-15 04:47:03
INV_103673,STR_148,PRD_1109,115,36,2026-08-15 04:52:37
INV_103674,STR_140,PRD_1218,177,24,2026-08-15 04:58:11
INV_103675,STR_119,PRD_1462,88,48,2026-08-15 05:03:45
INV_103676,STR_106,PRD_1859,77,47,2026-08-15 05:09:19
INV_103677,STR_136,PRD_1514,9,23,2026-08-15 05:14:54
INV_103678,STR_115,PRD_1636,106,27,2026-08-15 05:20:28
INV_103679,STR_138,PRD_2280,92,38,15/08/2026 05:26
INV_103680,STR_144,PRD_2216,166,16,2026-08-15 05:31:36
INV_103681,STR_144,PRD_1626,88,47,2026-08-15 05:37:10
INV_103682,STR_146,PRD_1069,112,33,2026-08-15 05:42:44
INV_103683,STR_122,PRD_1458,63,47,2026-08-15 05:48:18
INV_103684,STR_131,PRD_2405,144,15,2026-08-15T05:53:52.775518367
INV_103685,STR_148,PRD_1096,40,29,2026-08-15 05:59:26
INV_103686,STR_116,PRD_1223,174,45,2026-08-15 06:05:00
INV_103687,STR_118,PRD_1830,68,19,2026-08-15 06:10:35
INV_103688,STR_141,PRD_2304,196,31,15/08/2026 06:16
INV_103689,STR_133,PRD_2356,154,42,2026-08-15 06:21:43
INV_103690,STR_113,PRD_1640,-8,32,2026-08-15T06:27:17.389159277
INV_103691,STR_102,PRD_2428,146,13,2026-08-15 06:32:51
INV_103692,STR_138,PRD_1495,185,30,2026-08-15T06:38:25.593706247
INV_103693,STR_124,PRD_2209,164,22,2026-08-15 06:43:59
INV_103694,STR_110,PRD_2061,69,22,2026-08-15 06:49:33
INV_103695,STR_148,PRD_1768,58,21,15/08/2026 06:55
INV_103696,STR_114,PRD_1759,10,33,15/08/2026 07:00
INV_103697,STR_118,PRD_1487,31,44,2026-08-15T07:06:16.105073671
INV_103698,STR_142,PRD_1555,107,28,2026-08-15T07:11:50.207347156
INV_103699,STR_114,PRD_1991,10,18,2026-08-15 07:17:24
INV_103700,STR_114,PRD_1488,119,22,2026-08-15 07:22:58
INV_103701,STR_137,PRD_1056,195,31,2026-08-15 07:28:32
INV_103702,STR_114,PRD_1511,186,49,2026-08-15T07:34:06.616441096
INV_103703,STR_108,PRD_2271,124,45,2026-08-15 07:39:40
INV_103704,STR_104,PRD_1103,192,37,2026-08-15 07:45:14
INV_103705,STR_118,PRD_1556,24,16,2026-08-15 07:50:48
INV_103706,STR_123,PRD_1059,19,39,15/08/2026 07:56
INV_103707,STR_128,PRD_1734,161,40,2026-08-15 08:01:57
INV_103708,STR_104,PRD_2261,163,20,2026-08-15 08:07:31
INV_103709,STR_121,PRD_1370,44,39,15/08/2026 08:13
INV_103710,STR_112,PRD_1025,-10,24,2026-08-15T08:18:39.434628975
INV_103711,STR_149,PRD_1392,114,22,2026-08-15 08:24:13
INV_103712,STR_8888,PRD_1605,171,44,15/08/2026 08:29
INV_103713,STR_148,PRD_1109,197,44,2026-08-15 08:35:21
INV_103714,STR_146,PRD_2415,100,29,15/08/2026 08:40
INV_103715,STR_145,PRD_1772,118,32,2026-08-15 08:46:29
INV_103716,STR_128,PRD_1253,52,46,2026-08-15 08:52:04
INV_103717,STR_115,PRD_1916,172,29,2026-08-15 08:57:38
INV_103718,STR_135,PRD_1765,75,28,2026-08-15T09:03:12.252816854
INV_103719,STR_116,PRD_2120,66,27,2026-08-15 09:08:46
INV_103720,STR_119,PRD_1537,111,13,2026-08-15 09:14:20
INV_103721,STR_113,PRD_2127,144,17,2026-08-15T09:19:54.559637309
INV_103722,STR_149,PRD_1614,4,39,2026-08-15 09:25:28
INV_103723,STR_105,PRD_1586,116,29,2026-08-15T09:31:02.764184279
INV_103724,STR_121,PRD_1596,198,17,2026-08-15 09:36:36
INV_103725,STR_139,PRD_2237,126,14,2026-08-15T09:42:10.968731248
INV_103726,STR_108,PRD_1112,58,43,2026-08-15 09:47:45
INV_103727,STR_131,PRD_2335,48,49,2026-08-15 09:53:19
INV_103728,STR_123,PRD_1568,140,16,2026-08-15 09:58:53
INV_103729,STR_132,PRD_1954,97,31,2026-08-15 10:04:27
INV_103730,STR_112,PRD_1895,102,18,2026-08-15T10:10:01.480098673
INV_103731,STR_134,PRD_2124,96,20,15/08/2026 10:15
INV_103732,STR_105,PRD_1761,128,21,2026-08-15 10:21:09
INV_103733,STR_148,PRD_1937,13,17,2026-08-15T10:26:43.786919128
INV_103734,STR_139,PRD_1652,61,41,15/08/2026 10:32
INV_103735,STR_129,PRD_1083,100,26,2026-08-15 10:37:51
INV_103736,STR_137,PRD_1718,171,35,2026-08-15 10:43:26
INV_103737,STR_115,PRD_1867,95,42,15/08/2026 10:49
INV_103738,STR_100,PRD_1948,148,35,2026-08-15T10:54:34.298286552
INV_103739,STR_141,PRD_1301,139,31,2026-08-15 11:00:08
INV_103740,STR_117,PRD_2240,3,12,2026-08-15 11:05:42
INV_103741,STR_121,PRD_1567,-6,40,2026-08-15 11:11:16
INV_103742,STR_125,PRD_1540,116,23,2026-08-15 11:16:50
INV_103743,STR_113,PRD_1091,6,27,2026-08-15T11:22:24.809653977
INV_103744,STR_136,PRD_1653,71,43,2026-08-15T11:27:58.911927461
INV_103745,STR_148,PRD_2475,60,49,2026-08-15T11:33:33.014200946
INV_103746,STR_113,PRD_1613,79,26,2026-08-15T11:39:07.116474431
INV_103747,STR_125,PRD_1070,199,21,15/08/2026 11:44
INV_103748,STR_149,PRD_2424,161,48,2026-08-15 11:50:15
INV_103749,STR_135,PRD_1668,68,42,2026-08-15 11:55:49
INV_103750,STR_8888,PRD_1080,82,41,2026-08-15 12:01:23
INV_103751,STR_122,PRD_2123,166,30,15/08/2026 12:06
INV_103752,STR_101,PRD_1594,54,23,2026-08-15 12:12:31
INV_103753,STR_138,PRD_1217,121,11,2026-08-15T12:18:05.832388826
INV_103754,STR_106,PRD_1883,-2,16,2026-08-15 12:23:39
INV_103755,STR_138,PRD_1748,25,24,2026-08-15 12:29:14
INV_103756,STR_144,PRD_1124,168,40,2026-08-15T12:34:48.139209280
INV_103757,STR_9999,PRD_1200,111,37,2026-08-15 12:40:22
INV_103758,STR_121,PRD_2025,149,17,2026-08-15 12:45:56
INV_103759,STR_127,PRD_1573,77,16,2026-08-15 12:51:30
INV_103760,STR_137,PRD_2043,110,45,2026-08-15 12:57:04
INV_103761,STR_119,PRD_1982,135,19,2026-08-15 13:02:38
INV_103762,STR_148,PRD_1721,132,48,2026-08-15 13:08:12
INV_103763,STR_117,PRD_1951,9,39,15/08/2026 13:13
INV_103764,STR_123,PRD_1179,47,49,15/08/2026 13:19
INV_103765,STR_132,PRD_2432,29,14,2026-08-15T13:24:55.059670644
INV_103766,STR_144,PRD_2085,55,30,2026-08-15 13:30:29
INV_103767,STR_125,PRD_1272,78,15,2026-08-15T13:36:03.264217614
INV_103768,STR_118,PRD_1806,130,25,2026-08-15 13:41:37
INV_103769,STR_147,PRD_1762,2,25,2026-08-15 13:47:11
INV_103770,STR_141,PRD_2033,51,33,2026-08-15 13:52:45
INV_103771,STR_112,PRD_1698,145,28,2026-08-15T13:58:19.673311554
INV_103772,STR_109,PRD_1920,35,28,2026-08-15 14:03:53
INV_103773,STR_113,PRD_1621,132,46,2026-08-15 14:09:27
INV_103774,STR_108,PRD_1539,82,42,15/08/2026 14:15
INV_103775,STR_110,PRD_1985,161,14,15/08/2026 14:20
INV_103776,STR_102,PRD_1459,12,18,2026-08-15 14:26:10
INV_103777,STR_139,PRD_2084,90,30,2026-08-15 14:31:44
INV_103778,STR_111,PRD_2081,56,16,2026-08-15 14:37:18
INV_103779,STR_134,PRD_1299,103,34,2026-08-15 14:42:52
INV_103780,STR_138,PRD_1496,195,30,2026-08-15 14:48:26
INV_103781,STR_145,PRD_2362,55,22,15/08/2026 14:54
INV_103782,STR_138,PRD_2275,39,30,2026-08-15 14:59:34
INV_103783,STR_131,PRD_2430,130,19,2026-08-15 15:05:08
INV_103784,STR_138,PRD_2279,-9,33,2026-08-15 15:10:43
INV_103785,STR_113,PRD_2404,193,36,2026-08-15 15:16:17
INV_103786,STR_143,PRD_2168,23,42,2026-08-15 15:21:51
INV_103787,STR_100,PRD_1590,29,35,2026-08-15T15:27:25.309687312
INV_103788,STR_126,PRD_1340,58,45,2026-08-15 15:32:59
INV_103789,STR_136,PRD_1402,178,26,2026-08-15 15:38:33
INV_103790,STR_142,PRD_1287,142,30,2026-08-15T15:44:07.616507767
INV_103791,STR_100,PRD_1988,192,11,2026-08-15T15:49:41.718781252
INV_103792,STR_144,PRD_1213,66,24,15/08/2026 15:55
INV_103793,STR_128,PRD_1531,180,11,2026-08-15 16:00:49
INV_103794,STR_123,PRD_1869,17,16,2026-08-15 16:06:24
INV_103795,STR_116,PRD_1741,102,45,2026-08-15T16:11:58.127875191
INV_103796,STR_134,PRD_1210,45,41,2026-08-15T16:17:32.230148676
INV_103797,STR_130,PRD_1170,101,12,15/08/2026 16:23
INV_103798,STR_141,PRD_1537,143,12,2026-08-15 16:28:40
INV_103799,STR_131,PRD_2286,144,42,2026-08-15 16:34:14
INV_103800,STR_118,PRD_1801,15,34,15/08/2026 16:39
INV_103801,STR_130,PRD_1675,4,46,15/08/2026 16:45
INV_103802,STR_138,PRD_1389,39,45,2026-08-15 16:50:56
INV_103803,STR_119,PRD_1420,123,44,2026-08-15 16:56:30
INV_103804,STR_127,PRD_1061,57,28,2026-08-15 17:02:05
INV_103805,STR_102,PRD_1085,121,28,2026-08-15 17:07:39
INV_103806,STR_131,PRD_2012,147,42,2026-08-15 17:13:13
INV_103807,STR_121,PRD_1490,66,27,2026-08-15 17:18:47
INV_103808,STR_143,PRD_1895,-2,36,2026-08-15 17:24:21
INV_103809,STR_141,PRD_1059,159,39,15/08/2026 17:29
INV_103810,STR_143,PRD_1476,3,40,2026-08-15 17:35:29
INV_103811,STR_114,PRD_1319,29,48,2026-08-15 17:41:03
INV_103812,STR_137,PRD_1689,120,12,2026-08-15 17:46:37
INV_103813,STR_118,PRD_1051,158,31,2026-08-15 17:52:11
INV_103814,STR_130,PRD_1656,22,19,2026-08-15T17:57:46.071071404
INV_103815,STR_125,PRD_1827,68,17,2026-08-15 18:03:20
INV_103816,STR_104,PRD_2100,49,43,2026-08-15 18:08:54
INV_103817,STR_119,PRD_1118,53,27,2026-08-15T18:14:28.377891859
INV_103818,STR_101,PRD_1720,51,21,2026-08-15T18:20:02.480165344
INV_103819,STR_120,PRD_2205,68,41,2026-08-15 18:25:36
INV_103820,STR_9999,PRD_1505,124,11,2026-08-15T18:31:10.684712314
INV_103821,STR_9999,PRD_1636,65,26,15/08/2026 18:36
INV_103822,STR_135,PRD_1152,39,21,2026-08-15 18:42:18
INV_103823,STR_127,PRD_2041,28,16,15/08/2026 18:47
INV_103824,STR_119,PRD_2087,188,24,2026-08-15 18:53:27
INV_103825,STR_136,PRD_1496,164,11,2026-08-15 18:59:01
INV_103826,STR_138,PRD_1078,94,36,2026-08-15 19:04:35
INV_103827,STR_135,PRD_1058,59,35,15/08/2026 19:10
INV_103828,STR_110,PRD_2434,15,34,2026-08-15T19:15:43.502900193
INV_103829,STR_102,PRD_1762,47,21,15/08/2026 19:21
INV_103830,STR_136,PRD_1825,62,26,2026-08-15 19:26:51
INV_103831,STR_119,PRD_2084,168,10,15/08/2026 19:32
INV_103832,STR_131,PRD_2490,41,40,2026-08-15 19:37:59
INV_103833,STR_146,PRD_2102,133,49,2026-08-15 19:43:34
INV_103834,STR_124,PRD_1243,37,14,2026-08-15 19:49:08
INV_103835,STR_120,PRD_1207,16,37,2026-08-15 19:54:42
INV_103836,STR_149,PRD_1855,150,37,2026-08-15T20:00:16.321088072
INV_103837,STR_115,PRD_2110,140,17,2026-08-15 20:05:50
INV_103838,STR_147,PRD_1599,162,23,2026-08-15 20:11:24
INV_103839,STR_141,PRD_1644,89,15,2026-08-15T20:16:58.627908527
INV_103840,STR_100,PRD_1038,11,27,15/08/2026 20:22
INV_103841,STR_122,PRD_2199,31,46,15/08/2026 20:28
INV_103842,STR_142,PRD_1477,98,19,2026-08-15 20:33:40
INV_103843,STR_148,PRD_1019,22,44,15/08/2026 20:39
INV_103844,STR_123,PRD_1220,98,44,2026-08-15 20:44:49
INV_103845,STR_146,PRD_1274,127,26,15/08/2026 20:50
INV_103846,STR_124,PRD_2177,36,36,2026-08-15 20:55:57
INV_103847,STR_106,PRD_1462,85,33,2026-08-15T21:01:31.446096406
INV_103848,STR_137,PRD_2432,114,19,2026-08-15 21:07:05
INV_103849,STR_146,PRD_1250,68,26,2026-08-15 21:12:39
INV_103850,STR_146,PRD_1211,28,42,2026-08-15T21:18:13.752916861
INV_103851,STR_138,PRD_1686,111,42,2026-08-15 21:23:47
INV_103852,STR_134,PRD_1418,35,26,15/08/2026 21:29
INV_103853,STR_113,PRD_2195,61,27,2026-08-15 21:34:56
INV_103854,STR_108,PRD_1506,40,47,2026-08-15 21:40:30
INV_103855,STR_102,PRD_1645,14,16,2026-08-15T21:46:04.264284285
INV_103856,STR_137,PRD_1868,71,35,2026-08-15 21:51:38
INV_103857,STR_119,PRD_2226,132,10,2026-08-15 21:57:12
INV_103858,STR_140,PRD_1491,47,20,2026-08-15 22:02:46
INV_103859,STR_132,PRD_1294,176,19,15/08/2026 22:08
INV_103860,STR_140,PRD_1456,15,40,2026-08-15 22:13:54
INV_103861,STR_143,PRD_2169,30,34,2026-08-15 22:19:28
INV_103862,STR_131,PRD_2261,33,10,2026-08-15 22:25:02
INV_103863,STR_135,PRD_1739,74,12,15/08/2026 22:30
INV_103864,STR_125,PRD_1423,11,10,15/08/2026 22:36
INV_103865,STR_147,PRD_2007,99,16,2026-08-15T22:41:45.287019134
INV_103866,STR_104,PRD_1291,26,23,2026-08-15 22:47:19
INV_103867,STR_148,PRD_1155,107,32,2026-08-15 22:52:53
INV_103868,STR_129,PRD_1349,90,26,15/08/2026 22:58
INV_103869,STR_116,PRD_2465,131,23,15/08/2026 23:04
INV_103870,STR_105,PRD_1242,-7,18,15/08/2026 23:09
INV_103871,STR_114,PRD_2230,13,30,2026-08-15T23:15:09.900660044
INV_103872,STR_100,PRD_2451,183,11,15/08/2026 23:20
INV_103873,STR_112,PRD_1971,180,41,2026-08-15 23:26:18
INV_103874,STR_147,PRD_1257,54,17,2026-08-15 23:31:52
INV_103875,STR_133,PRD_1584,55,45,2026-08-15 23:37:26
INV_103876,STR_129,PRD_1034,2,35,2026-08-15 23:43:00
INV_103877,STR_118,PRD_2152,16,46,2026-08-15T23:48:34.514300953
INV_103878,STR_101,PRD_1429,105,24,2026-08-15 23:54:08
INV_103879,STR_143,PRD_2342,70,43,2026-08-15T23:59:42.718847923
INV_103880,STR_111,PRD_1094,110,30,2026-08-16T00:05:16.821121408
INV_103881,STR_139,PRD_1219,98,32,2026-08-16 00:10:50
INV_103882,STR_143,PRD_1300,134,18,16/08/2026 00:16
INV_103883,STR_123,PRD_2208,58,49,2026-08-16 00:21:59
INV_103884,STR_110,PRD_2060,46,35,2026-08-16 00:27:33
INV_103885,STR_101,PRD_1774,61,31,2026-08-16 00:33:07
INV_103886,STR_100,PRD_1399,97,22,2026-08-16 00:38:41
INV_103887,STR_127,PRD_1689,62,34,16/08/2026 00:44
INV_103888,STR_103,PRD_2165,7,16,2026-08-16 00:49:49
INV_103889,STR_140,PRD_1992,5,36,2026-08-16 00:55:23
INV_103890,STR_129,PRD_1133,168,24,2026-08-16T01:00:57.843856257
INV_103891,STR_106,PRD_2468,85,21,2026-08-16 01:06:31
INV_103892,STR_121,PRD_1660,29,42,2026-08-16T01:12:06.048403226
INV_103893,STR_125,PRD_2311,28,30,16/08/2026 01:17
INV_103894,STR_128,PRD_1257,45,34,2026-08-16 01:23:14
INV_103895,STR_124,PRD_2062,106,49,2026-08-16 01:28:48
INV_103896,STR_109,PRD_1304,43,31,2026-08-16 01:34:22
INV_103897,STR_119,PRD_2306,161,23,2026-08-16 01:39:56
INV_103898,STR_113,PRD_1525,35,17,2026-08-16 01:45:30
INV_103899,STR_132,PRD_1406,149,33,2026-08-16 01:51:04
INV_103900,STR_104,PRD_2382,165,12,2026-08-16 01:56:38
INV_103901,STR_144,PRD_1885,178,21,2026-08-16T02:02:12.968864591
INV_103902,STR_105,PRD_1377,183,31,2026-08-16 02:07:47
INV_103903,STR_121,PRD_1468,155,25,2026-08-16 02:13:21
INV_103904,STR_116,PRD_1872,32,16,2026-08-16 02:18:55
INV_103905,STR_114,PRD_1989,-7,27,16/08/2026 02:24
INV_103906,STR_138,PRD_2304,-6,32,16/08/2026 02:30
INV_103907,STR_139,PRD_1010,102,35,2026-08-16T02:35:37.582505500
INV_103908,STR_127,PRD_1674,47,47,2026-08-16 02:41:11
INV_103909,STR_101,PRD_1694,26,11,2026-08-16 02:46:45
INV_103910,STR_117,PRD_2209,143,11,2026-08-16 02:52:19
INV_103911,STR_126,PRD_1972,-2,31,2026-08-16 02:57:53
INV_103912,STR_120,PRD_1008,4,47,2026-08-16T03:03:28.093872924
INV_103913,STR_122,PRD_1027,77,37,2026-08-16T03:09:02.196146409
INV_103914,STR_106,PRD_1822,88,26,2026-08-16 03:14:36
INV_103915,STR_8888,PRD_1685,94,27,16/08/2026 03:20
INV_103916,STR_147,PRD_2487,143,11,2026-08-16T03:25:44.502966864
INV_103917,STR_118,PRD_1510,180,44,2026-08-16T03:31:18.605240349
INV_103918,STR_108,PRD_1501,187,24,2026-08-16 03:36:52
INV_103919,STR_111,PRD_1581,94,24,2026-08-16 03:42:26
INV_103920,STR_145,PRD_1777,16,43,2026-08-16 03:48:00
INV_103921,STR_129,PRD_1660,171,24,2026-08-16 03:53:35
INV_103922,STR_106,PRD_2241,72,27,2026-08-16T03:59:09.116607773
INV_103923,STR_101,PRD_2452,148,22,16/08/2026 04:04
INV_103924,STR_116,PRD_1002,21,47,2026-08-16 04:10:17
INV_103925,STR_110,PRD_2210,119,17,2026-08-16T04:15:51.423428228
INV_103926,STR_149,PRD_1042,7,25,2026-08-16 04:21:25
INV_103927,STR_111,PRD_1774,17,29,2026-08-16 04:26:59
INV_103928,STR_102,PRD_2434,60,35,2026-08-16 04:32:33
INV_103929,STR_120,PRD_2213,106,44,2026-08-16T04:38:07.832522168
INV_103930,STR_113,PRD_1041,89,26,2026-08-16T04:43:41.934795653
INV_103931,STR_114,PRD_2120,77,35,16/08/2026 04:49
INV_103932,STR_9999,PRD_1729,81,27,2026-08-16T04:54:50.139342622
INV_103933,STR_141,PRD_1647,142,16,2026-08-16 05:00:24
INV_103934,STR_140,PRD_1656,28,44,2026-08-16 05:05:58
INV_103935,STR_109,PRD_1880,166,21,16/08/2026 05:11
INV_103936,STR_8888,PRD_2159,121,10,2026-08-16T05:17:06.548436562
INV_103937,STR_135,PRD_1509,41,34,2026-08-16 05:22:40
INV_103938,STR_9999,PRD_1036,111,25,2026-08-16 05:28:14
INV_103939,STR_109,PRD_1822,57,24,2026-08-16T05:33:48.855257017
INV_103940,STR_116,PRD_1578,46,20,2026-08-16T05:39:22.957530502
INV_103941,STR_143,PRD_1836,2,46,2026-08-16T05:44:57.059803987
INV_103942,STR_124,PRD_1516,182,48,2026-08-16 05:50:31
INV_103943,STR_126,PRD_1784,52,12,2026-08-16T05:56:05.264350956
INV_103944,STR_132,PRD_2020,60,48,2026-08-16 06:01:39
INV_103945,STR_110,PRD_1878,142,29,2026-08-16T06:07:13.468897926
INV_103946,STR_112,PRD_2081,12,32,16/08/2026 06:12
INV_103947,STR_100,PRD_1958,19,24,16/08/2026 06:18
INV_103948,STR_130,PRD_1154,102,27,2026-08-16 06:23:55
INV_103949,STR_132,PRD_1112,178,48,2026-08-16 06:29:29
INV_103950,STR_120,PRD_2483,124,44,2026-08-16 06:35:03
INV_103951,STR_115,PRD_1835,43,38,2026-08-16 06:40:38
INV_103952,STR_138,PRD_1600,98,29,2026-08-16 06:46:12
INV_103953,STR_122,PRD_1441,134,24,2026-08-16T06:51:46.287085805
INV_103954,STR_109,PRD_1227,86,41,2026-08-16 06:57:20
INV_103955,STR_147,PRD_1873,49,21,16/08/2026 07:02
INV_103956,STR_132,PRD_2145,55,21,2026-08-16 07:08:28
INV_103957,STR_121,PRD_1670,155,34,2026-08-16 07:14:02
INV_103958,STR_140,PRD_2380,130,43,2026-08-16 07:19:36
INV_103959,STR_105,PRD_2291,41,17,2026-08-16 07:25:10
INV_103960,STR_146,PRD_1694,169,33,2026-08-16T07:30:45.003000200
INV_103961,STR_135,PRD_1868,21,10,2026-08-16 07:36:19
INV_103962,STR_146,PRD_2027,-2,34,2026-08-16T07:41:53.207547169
INV_103963,STR_109,PRD_1120,6,43,2026-08-16 07:47:27
INV_103964,STR_115,PRD_1741,115,23,2026-08-16 07:53:01
INV_103965,STR_112,PRD_2242,71,45,2026-08-16 07:58:35
INV_103966,STR_9999,PRD_1693,29,15,2026-08-16 08:04:09
INV_103967,STR_119,PRD_2301,93,18,2026-08-16 08:09:43
INV_103968,STR_103,PRD_1256,192,10,2026-08-16T08:15:17.821188079
INV_103969,STR_119,PRD_2327,171,18,2026-08-16 08:20:51
INV_103970,STR_121,PRD_1042,117,33,2026-08-16 08:26:26
INV_103971,STR_128,PRD_1869,171,48,2026-08-16 08:32:00
INV_103972,STR_115,PRD_1915,145,27,2026-08-16 08:37:34
INV_103973,STR_142,PRD_1587,189,48,2026-08-16 08:43:08
INV_103974,STR_146,PRD_1912,167,27,2026-08-16 08:48:42
INV_103975,STR_142,PRD_2173,7,37,2026-08-16 08:54:16
INV_103976,STR_122,PRD_1593,130,11,2026-08-16 08:59:50
INV_103977,STR_129,PRD_2033,150,46,2026-08-16 09:05:24
INV_103978,STR_129,PRD_1791,132,45,2026-08-16 09:10:58
INV_103979,STR_142,PRD_1211,155,33,2026-08-16 09:16:32
INV_103980,STR_102,PRD_2283,-5,44,2026-08-16 09:22:07
INV_103981,STR_123,PRD_2405,34,15,2026-08-16 09:27:41
INV_103982,STR_148,PRD_2412,176,26,2026-08-16 09:33:15
INV_103983,STR_136,PRD_1921,87,39,2026-08-16 09:38:49
INV_103984,STR_112,PRD_1335,108,17,2026-08-16 09:44:23
INV_103985,STR_141,PRD_2028,67,19,2026-08-16 09:49:57
INV_103986,STR_131,PRD_1921,37,25,2026-08-16 09:55:31
INV_103987,STR_136,PRD_1082,100,47,2026-08-16 10:01:05
INV_103988,STR_111,PRD_2029,158,35,2026-08-16 10:06:39
INV_103989,STR_107,PRD_1151,72,40,2026-08-16 10:12:13
INV_103990,STR_123,PRD_2204,93,17,16/08/2026 10:17
INV_103991,STR_143,PRD_2190,196,44,2026-08-16 10:23:22
INV_103992,STR_115,PRD_2493,63,43,2026-08-16 10:28:56
INV_103993,STR_131,PRD_1077,44,19,16/08/2026 10:34
INV_103994,STR_133,PRD_1411,50,49,16/08/2026 10:40
INV_103995,STR_134,PRD_1380,-9,21,2026-08-16 10:45:38
INV_103996,STR_131,PRD_1947,105,36,16/08/2026 10:51
INV_103997,STR_149,PRD_1789,-9,28,2026-08-16T10:56:46.787119141
INV_103998,STR_116,PRD_1312,65,35,2026-08-16 11:02:20
INV_103999,STR_101,PRD_1863,-1,24,2026-08-16 11:07:54
INV_104000,STR_125,PRD_1394,65,40,2026-08-16 11:13:29
INV_104001,STR_143,PRD_1542,156,46,2026-08-16T11:19:03.196213080
INV_104002,STR_116,PRD_1003,-9,27,2026-08-16T11:24:37.298486565
INV_104003,STR_137,PRD_1108,110,38,2026-08-16T11:30:11.400760050
INV_104004,STR_148,PRD_1917,54,36,2026-08-16T11:35:45.503033535
INV_104005,STR_101,PRD_1885,183,47,2026-08-16T11:41:19.605307020
INV_104006,STR_107,PRD_1092,70,29,2026-08-16 11:46:53
INV_104007,STR_145,PRD_2122,169,30,16/08/2026 11:52
INV_104008,STR_105,PRD_1191,74,38,2026-08-16 11:58:01
INV_104009,STR_108,PRD_1332,33,24,16/08/2026 12:03
INV_104010,STR_100,PRD_2235,23,31,2026-08-16 12:09:10
INV_104011,STR_104,PRD_2230,62,32,2026-08-16 12:14:44
INV_104012,STR_138,PRD_1626,198,13,2026-08-16T12:20:18.321221414
INV_104013,STR_108,PRD_1985,95,33,2026-08-16T12:25:52.423494899
INV_104014,STR_113,PRD_1572,162,23,2026-08-16 12:31:26
INV_104015,STR_126,PRD_1355,149,46,2026-08-16 12:37:00
INV_104016,STR_108,PRD_2276,-6,30,2026-08-16 12:42:34
INV_104017,STR_135,PRD_1590,195,48,2026-08-16 12:48:08
INV_104018,STR_128,PRD_1195,99,22,2026-08-16 12:53:42
INV_104019,STR_119,PRD_1261,180,28,2026-08-16 12:59:17
INV_104020,STR_114,PRD_1321,58,35,2026-08-16 13:04:51
INV_104021,STR_135,PRD_1419,43,45,2026-08-16 13:10:25
INV_104022,STR_102,PRD_1331,27,42,16/08/2026 13:15
INV_104023,STR_122,PRD_2319,126,49,2026-08-16 13:21:33
INV_104024,STR_145,PRD_2259,50,25,2026-08-16T13:27:07.548503233
INV_104025,STR_108,PRD_1680,84,28,2026-08-16T13:32:41.650776718
INV_104026,STR_129,PRD_1006,10,46,2026-08-16 13:38:15
INV_104027,STR_118,PRD_1533,25,23,16/08/2026 13:43
INV_104028,STR_137,PRD_1071,-10,39,16/08/2026 13:49
INV_104029,STR_102,PRD_1617,139,40,2026-08-16 13:54:58
INV_104030,STR_149,PRD_1138,132,29,2026-08-16 14:00:32
INV_104031,STR_147,PRD_2409,35,16,16/08/2026 14:06
INV_104032,STR_102,PRD_1541,54,46,2026-08-16T14:11:40.366691112
INV_104033,STR_133,PRD_1323,-5,11,2026-08-16 14:17:14
INV_104034,STR_101,PRD_1948,157,31,2026-08-16 14:22:48
INV_104035,STR_126,PRD_1600,152,22,2026-08-16 14:28:22
INV_104036,STR_122,PRD_1072,70,47,16/08/2026 14:33
INV_104037,STR_141,PRD_1839,178,40,2026-08-16T14:39:30.878058537
INV_104038,STR_131,PRD_2412,140,10,16/08/2026 14:45
INV_104039,STR_146,PRD_2261,137,22,2026-08-16 14:50:39
INV_104040,STR_134,PRD_1987,17,26,16/08/2026 14:56
INV_104041,STR_139,PRD_2345,154,13,2026-08-16 15:01:47
INV_104042,STR_117,PRD_2364,199,40,2026-08-16 15:07:21
INV_104043,STR_126,PRD_2328,124,42,2026-08-16 15:12:55
INV_104044,STR_110,PRD_2031,38,23,2026-08-16T15:18:29.593972931
INV_104045,STR_138,PRD_2230,13,30,2026-08-16 15:24:03
INV_104046,STR_118,PRD_1410,69,31,2026-08-16 15:29:37
INV_104047,STR_124,PRD_1257,2,14,16/08/2026 15:35
INV_104048,STR_106,PRD_1650,81,46,2026-08-16T15:40:46.003066871
INV_104049,STR_130,PRD_2069,124,41,16/08/2026 15:46
INV_104050,STR_101,PRD_1125,4,12,2026-08-16 15:51:54
INV_104051,STR_137,PRD_2044,76,22,2026-08-16T15:57:28.309887325
INV_104052,STR_104,PRD_2193,140,20,16/08/2026 16:03
INV_104053,STR_113,PRD_1543,113,47,2026-08-16 16:08:36
INV_104054,STR_117,PRD_2439,58,33,2026-08-16 16:14:10
INV_104055,STR_135,PRD_1454,80,18,2026-08-16 16:19:44
INV_104056,STR_103,PRD_1661,49,22,2026-08-16 16:25:18
INV_104057,STR_123,PRD_2229,-1,31,2026-08-16 16:30:52
INV_104058,STR_112,PRD_2356,40,27,2026-08-16 16:36:27
INV_104059,STR_120,PRD_2044,53,19,2026-08-16 16:42:01
INV_104060,STR_132,PRD_1917,95,21,2026-08-16T16:47:35.230348690
INV_104061,STR_119,PRD_2088,188,39,2026-08-16 16:53:09
INV_104062,STR_104,PRD_1087,45,28,2026-08-16 16:58:43
INV_104063,STR_123,PRD_2066,149,28,16/08/2026 17:04
INV_104064,STR_134,PRD_2164,140,19,2026-08-16 17:09:51
INV_104065,STR_129,PRD_2397,171,10,16/08/2026 17:15
INV_104066,STR_127,PRD_1515,190,16,16/08/2026 17:20
INV_104067,STR_9999,PRD_1499,80,20,2026-08-16 17:26:33
INV_104068,STR_144,PRD_2302,74,13,2026-08-16T17:32:08.048536569
INV_104069,STR_106,PRD_1325,96,45,2026-08-16 17:37:42
INV_104070,STR_141,PRD_2441,187,30,2026-08-16 17:43:16
INV_104071,STR_134,PRD_1552,178,31,2026-08-16 17:48:50
INV_104072,STR_129,PRD_1887,68,19,2026-08-16T17:54:24.457630508
INV_104073,STR_133,PRD_1995,98,32,16/08/2026 17:59
INV_104074,STR_138,PRD_1992,91,14,2026-08-16 18:05:32
INV_104075,STR_108,PRD_1928,137,21,16/08/2026 18:11
INV_104076,STR_111,PRD_1920,170,39,2026-08-16 18:16:40
INV_104077,STR_128,PRD_1307,132,42,16/08/2026 18:22
INV_104078,STR_109,PRD_1656,18,46,16/08/2026 18:27
INV_104079,STR_126,PRD_2330,59,27,2026-08-16 18:33:23
INV_104080,STR_118,PRD_1469,69,13,2026-08-16 18:38:57
INV_104081,STR_112,PRD_2207,54,36,2026-08-16T18:44:31.378091872
INV_104082,STR_141,PRD_1624,179,32,2026-08-16 18:50:05
INV_104083,STR_136,PRD_1290,187,15,2026-08-16 18:55:39
INV_104084,STR_131,PRD_1248,5,16,2026-08-16 19:01:13
INV_104085,STR_114,PRD_1323,43,28,2026-08-16 19:06:47
INV_104086,STR_120,PRD_2466,86,24,16/08/2026 19:12
INV_104087,STR_102,PRD_1603,-4,31,2026-08-16T19:17:55.991732782
INV_104088,STR_107,PRD_1058,49,41,2026-08-16T19:23:30.094006267
INV_104089,STR_105,PRD_2020,-1,24,2026-08-16 19:29:04
INV_104090,STR_128,PRD_1268,42,15,2026-08-16 19:34:38
INV_104091,STR_118,PRD_2341,-3,15,2026-08-16 19:40:12
INV_104092,STR_116,PRD_1093,115,15,16/08/2026 19:45
INV_104093,STR_109,PRD_2277,74,21,2026-08-16 19:51:20
INV_104094,STR_132,PRD_1686,79,11,2026-08-16 19:56:54
INV_104095,STR_112,PRD_2483,26,34,2026-08-16 20:02:28
INV_104096,STR_126,PRD_1514,199,13,2026-08-16T20:08:02.912194146
INV_104097,STR_141,PRD_1532,121,15,16/08/2026 20:13
INV_104098,STR_111,PRD_2127,73,46,2026-08-16 20:19:11
INV_104099,STR_101,PRD_1401,93,47,16/08/2026 20:24
INV_104100,STR_109,PRD_1966,12,23,2026-08-16 20:30:19
INV_104101,STR_120,PRD_2356,126,28,2026-08-16 20:35:53
INV_104102,STR_122,PRD_1720,155,16,16/08/2026 20:41
INV_104103,STR_100,PRD_1876,34,27,2026-08-16 20:47:01
INV_104104,STR_132,PRD_1607,162,17,2026-08-16 20:52:35
INV_104105,STR_8888,PRD_1092,135,37,16/08/2026 20:58
INV_104106,STR_125,PRD_1573,35,30,16/08/2026 21:03
INV_104107,STR_114,PRD_1970,-9,44,2026-08-16 21:09:18
INV_104108,STR_121,PRD_1436,165,19,2026-08-16T21:14:52.139475965
INV_104109,STR_124,PRD_2033,6,37,2026-08-16 21:20:26
INV_104110,STR_100,PRD_1455,107,28,2026-08-16 21:26:00
INV_104111,STR_125,PRD_1414,5,44,2026-08-16T21:31:34.446296419
INV_104112,STR_120,PRD_2398,99,37,2026-08-16 21:37:08
INV_104113,STR_140,PRD_2396,162,12,2026-08-16 21:42:42
INV_104114,STR_123,PRD_1703,37,48,16/08/2026 21:48
INV_104115,STR_138,PRD_1881,141,36,2026-08-16T21:53:50.855390359
INV_104116,STR_115,PRD_1761,84,26,2026-08-16 21:59:24
INV_104117,STR_131,PRD_2462,182,24,2026-08-16 22:04:59
INV_104118,STR_115,PRD_2218,81,48,2026-08-16T22:10:33.162210814
INV_104119,STR_112,PRD_1264,150,31,2026-08-16 22:16:07
INV_104120,STR_141,PRD_1506,95,29,2026-08-16 22:21:41
INV_104121,STR_131,PRD_1645,92,36,16/08/2026 22:27
INV_104122,STR_149,PRD_1896,121,44,2026-08-16 22:32:49
INV_104123,STR_140,PRD_2449,-10,14,2026-08-16T22:38:23.673578238
INV_104124,STR_143,PRD_1860,22,11,2026-08-16 22:43:57
INV_104125,STR_123,PRD_1688,191,29,2026-08-16T22:49:31.878125208
INV_104126,STR_112,PRD_1866,179,16,16/08/2026 22:55
INV_104127,STR_110,PRD_2122,120,45,2026-08-16 23:00:40
INV_104128,STR_114,PRD_2053,90,17,2026-08-16 23:06:14
INV_104129,STR_109,PRD_2314,34,36,16/08/2026 23:11
INV_104130,STR_141,PRD_1486,10,15,2026-08-16T23:17:22.389492632
INV_104131,STR_140,PRD_2429,181,33,2026-08-16T23:22:56.491766117
INV_104132,STR_102,PRD_1027,62,45,2026-08-16 23:28:30
INV_104133,STR_115,PRD_2169,46,14,16/08/2026 23:34
INV_104134,STR_143,PRD_1287,157,29,2026-08-16 23:39:38
INV_104135,STR_116,PRD_1580,51,29,2026-08-16T23:45:12.900860057
INV_104136,STR_124,PRD_1949,160,49,16/08/2026 23:50
INV_104137,STR_129,PRD_1251,110,43,16/08/2026 23:56
INV_104138,STR_146,PRD_2185,163,48,17/08/2026 00:01
INV_104139,STR_134,PRD_1926,189,19,2026-08-17 00:07:29
INV_104140,STR_136,PRD_1109,13,12,17/08/2026 00:13
INV_104141,STR_112,PRD_1643,141,43,2026-08-17 00:18:37
INV_104142,STR_123,PRD_1397,127,44,2026-08-17 00:24:11
INV_104143,STR_137,PRD_2294,88,46,2026-08-17T00:29:45.719047936
INV_104144,STR_125,PRD_2211,57,47,2026-08-17 00:35:19
INV_104145,STR_108,PRD_1275,46,32,2026-08-17 00:40:53
INV_104146,STR_118,PRD_1688,161,46,2026-08-17 00:46:28
INV_104147,STR_127,PRD_1246,190,30,2026-08-17 00:52:02
INV_104148,STR_106,PRD_2347,64,36,2026-08-17 00:57:36
INV_104149,STR_144,PRD_2041,96,10,2026-08-17 01:03:10
INV_104150,STR_121,PRD_1407,37,18,2026-08-17 01:08:44
INV_104151,STR_129,PRD_2434,66,12,2026-08-17T01:14:18.537235815
INV_104152,STR_136,PRD_1124,144,47,17/08/2026 01:19
INV_104153,STR_115,PRD_2343,19,45,2026-08-17T01:25:26.741782785
INV_104154,STR_135,PRD_1152,35,43,17/08/2026 01:31
INV_104155,STR_104,PRD_1657,129,39,17/08/2026 01:36
INV_104156,STR_128,PRD_1019,109,40,2026-08-17 01:42:09
INV_104157,STR_8888,PRD_1246,49,39,2026-08-17 01:47:43
INV_104158,STR_9999,PRD_2413,136,25,2026-08-17 01:53:17
INV_104159,STR_122,PRD_2370,93,38,17/08/2026 01:58
INV_104160,STR_105,PRD_2499,57,15,2026-08-17 02:04:25
INV_104161,STR_135,PRD_2226,171,23,17/08/2026 02:09
INV_104162,STR_132,PRD_2032,151,19,2026-08-17 02:15:33
INV_104163,STR_148,PRD_1530,107,33,2026-08-17 02:21:07
INV_104164,STR_140,PRD_1102,113,45,2026-08-17 02:26:41
INV_104165,STR_115,PRD_2269,106,33,2026-08-17T02:32:15.969064604
INV_104166,STR_133,PRD_1596,-4,16,2026-08-17 02:37:50
INV_104167,STR_142,PRD_2342,71,46,2026-08-17 02:43:24
INV_104168,STR_125,PRD_1350,159,49,17/08/2026 02:48
INV_104169,STR_136,PRD_1233,185,47,2026-08-17 02:54:32
INV_104170,STR_112,PRD_1036,42,34,2026-08-17 03:00:06
INV_104171,STR_8888,PRD_2368,125,43,2026-08-17T03:05:40.582705513
INV_104172,STR_116,PRD_1291,139,10,2026-08-17 03:11:14
INV_104173,STR_131,PRD_1016,15,37,17/08/2026 03:16
INV_104174,STR_131,PRD_1089,194,38,2026-08-17 03:22:22
INV_104175,STR_127,PRD_2371,180,41,2026-08-17 03:27:56
INV_104176,STR_128,PRD_1676,163,14,2026-08-17 03:33:31
INV_104177,STR_124,PRD_1976,106,43,2026-08-17 03:39:05
INV_104178,STR_146,PRD_2467,70,35,2026-08-17 03:44:39
INV_104179,STR_121,PRD_1252,161,22,2026-08-17 03:50:13
INV_104180,STR_126,PRD_1816,179,21,2026-08-17 03:55:47
INV_104181,STR_143,PRD_1183,153,31,2026-08-17 04:01:21
INV_104182,STR_137,PRD_1289,30,18,2026-08-17 04:06:55
INV_104183,STR_119,PRD_1760,100,15,2026-08-17 04:12:29
INV_104184,STR_144,PRD_2238,196,45,2026-08-17T04:18:03.912260817
INV_104185,STR_149,PRD_1157,71,19,2026-08-17 04:23:38
INV_104186,STR_123,PRD_1922,144,46,2026-08-17 04:29:12
INV_104187,STR_146,PRD_1690,59,41,2026-08-17 04:34:46
INV_104188,STR_146,PRD_1392,87,13,2026-08-17 04:40:20
INV_104189,STR_107,PRD_2043,158,13,2026-08-17 04:45:54
INV_104190,STR_9999,PRD_2494,-6,22,2026-08-17 04:51:28
INV_104191,STR_113,PRD_1430,174,25,2026-08-17 04:57:02
INV_104192,STR_138,PRD_1996,193,35,2026-08-17T05:02:36.730448696
INV_104193,STR_113,PRD_2004,146,42,2026-08-17 05:08:10
INV_104194,STR_104,PRD_2091,111,13,2026-08-17 05:13:44
INV_104195,STR_146,PRD_2100,1,35,2026-08-17 05:19:19
INV_104196,STR_120,PRD_1101,142,18,2026-08-17 05:24:53
INV_104197,STR_114,PRD_1651,151,20,2026-08-17 05:30:27
INV_104198,STR_135,PRD_1892,64,14,17/08/2026 05:36
INV_104199,STR_132,PRD_1584,13,47,2026-08-17T05:41:35.446363090
INV_104200,STR_116,PRD_1206,104,41,2026-08-17 05:47:09
INV_104201,STR_119,PRD_1212,102,38,2026-08-17 05:52:43
INV_104202,STR_100,PRD_1078,199,47,2026-08-17 05:58:17
INV_104203,STR_115,PRD_2136,180,49,2026-08-17 06:03:51
INV_104204,STR_144,PRD_1132,52,37,2026-08-17 06:09:25
INV_104205,STR_117,PRD_2220,127,33,17/08/2026 06:15
INV_104206,STR_109,PRD_2048,122,28,2026-08-17T06:20:34.162277485
INV_104207,STR_122,PRD_1471,78,10,2026-08-17 06:26:08
INV_104208,STR_117,PRD_1289,170,14,17/08/2026 06:31
INV_104209,STR_148,PRD_2279,198,32,2026-08-17 06:37:16
INV_104210,STR_108,PRD_2229,17,28,2026-08-17T06:42:50.571371424
INV_104211,STR_145,PRD_2498,182,11,2026-08-17 06:48:24
INV_104212,STR_129,PRD_2006,34,11,2026-08-17 06:53:58
INV_104213,STR_112,PRD_2091,183,18,2026-08-17 06:59:32
INV_104214,STR_8888,PRD_2238,166,27,2026-08-17 07:05:06
INV_104215,STR_8888,PRD_1633,100,25,2026-08-17 07:10:41
INV_104216,STR_130,PRD_1421,157,48,2026-08-17 07:16:15
INV_104217,STR_145,PRD_1557,183,18,2026-08-17T07:21:49.287285819
INV_104218,STR_142,PRD_1580,113,32,17/08/2026 07:27
INV_104219,STR_112,PRD_1538,80,42,2026-08-17 07:32:57
INV_104220,STR_131,PRD_1461,125,47,2026-08-17 07:38:31
INV_104221,STR_116,PRD_2478,16,43,2026-08-17 07:44:05
INV_104222,STR_102,PRD_2005,134,35,17/08/2026 07:49
INV_104223,STR_100,PRD_1300,185,26,17/08/2026 07:55
INV_104224,STR_104,PRD_2311,161,23,2026-08-17 08:00:48
INV_104225,STR_131,PRD_2025,20,22,2026-08-17 08:06:22
INV_104226,STR_124,PRD_2043,-6,31,2026-08-17T08:11:56.207747183
INV_104227,STR_144,PRD_99999,49,27,2026-08-17 08:17:30
INV_104228,STR_104,PRD_1953,78,29,2026-08-17 08:23:04
INV_104229,STR_136,PRD_1985,136,39,2026-08-17 08:28:38
INV_104230,STR_122,PRD_1805,90,44,2026-08-17 08:34:12
INV_104231,STR_111,PRD_1256,31,42,17/08/2026 08:39
INV_104232,STR_133,PRD_1452,12,26,2026-08-17 08:45:20
INV_104233,STR_122,PRD_1437,110,44,2026-08-17 08:50:54
INV_104234,STR_115,PRD_1397,98,21,17/08/2026 08:56
INV_104235,STR_148,PRD_2176,66,11,2026-08-17 09:02:03
INV_104236,STR_104,PRD_1648,6,43,2026-08-17 09:07:37
INV_104237,STR_143,PRD_1221,103,21,2026-08-17T09:13:11.332755517
INV_104238,STR_146,PRD_2459,47,35,2026-08-17 09:18:45
INV_104239,STR_127,PRD_1135,166,41,2026-08-17 09:24:19
INV_104240,STR_105,PRD_1625,120,30,2026-08-17 09:29:53
INV_104241,STR_112,PRD_1775,194,14,17/08/2026 09:35
INV_104242,STR_142,PRD_2302,85,37,2026-08-17 09:41:01
INV_104243,STR_129,PRD_1584,34,32,2026-08-17 09:46:35
INV_104244,STR_125,PRD_1484,24,41,2026-08-17 09:52:10
INV_104245,STR_116,PRD_2268,-9,14,2026-08-17 09:57:44
INV_104246,STR_108,PRD_2041,36,44,17/08/2026 10:03
INV_104247,STR_115,PRD_1876,-8,15,2026-08-17 10:08:52
INV_104248,STR_148,PRD_2166,146,28,2026-08-17 10:14:26
INV_104249,STR_8888,PRD_1500,117,49,2026-08-17 10:20:00
INV_104250,STR_117,PRD_1092,191,15,2026-08-17 10:25:34
INV_104251,STR_112,PRD_2406,9,23,2026-08-17 10:31:08
INV_104252,STR_128,PRD_1278,151,12,17/08/2026 10:36
INV_104253,STR_142,PRD_2472,196,20,17/08/2026 10:42
INV_104254,STR_144,PRD_1981,29,48,2026-08-17 10:47:51
INV_104255,STR_123,PRD_1620,98,33,2026-08-17 10:53:25
INV_104256,STR_144,PRD_2311,54,27,2026-08-17T10:58:59.275951730
INV_104257,STR_143,PRD_1475,79,40,2026-08-17T11:04:33.378225215
INV_104258,STR_145,PRD_1881,52,19,2026-08-17 11:10:07
INV_104259,STR_112,PRD_1671,45,35,17/08/2026 11:15
INV_104260,STR_124,PRD_1800,149,38,2026-08-17 11:21:15
INV_104261,STR_140,PRD_1170,55,11,2026-08-17 11:26:49
INV_104262,STR_145,PRD_1371,85,39,2026-08-17 11:32:23
INV_104263,STR_100,PRD_1731,158,48,2026-08-17 11:37:57
INV_104264,STR_108,PRD_2416,146,19,17/08/2026 11:43
INV_104265,STR_103,PRD_1184,105,21,2026-08-17T11:49:06.196413094
INV_104266,STR_127,PRD_2455,76,29,2026-08-17 11:54:40
INV_104267,STR_111,PRD_1938,40,28,2026-08-17 12:00:14
INV_104268,STR_123,PRD_1834,1,15,2026-08-17 12:05:48
INV_104269,STR_145,PRD_1208,33,32,2026-08-17 12:11:22
INV_104270,STR_108,PRD_1993,127,28,2026-08-17 12:16:56
INV_104271,STR_134,PRD_1799,72,40,17/08/2026 12:22
INV_104272,STR_137,PRD_2352,191,42,17/08/2026 12:28
INV_104273,STR_134,PRD_2384,79,11,2026-08-17 12:33:39
INV_104274,STR_132,PRD_2467,-2,24,17/08/2026 12:39
INV_104275,STR_134,PRD_2464,146,20,2026-08-17 12:44:47
INV_104276,STR_145,PRD_1368,146,35,2026-08-17 12:50:21
INV_104277,STR_119,PRD_2129,81,27,2026-08-17 12:55:55
INV_104278,STR_101,PRD_1723,178,10,17/08/2026 13:01
INV_104279,STR_143,PRD_2348,114,41,2026-08-17 13:07:03
INV_104280,STR_125,PRD_2255,53,13,2026-08-17T13:12:37.730515367
INV_104281,STR_141,PRD_2004,120,31,2026-08-17T13:18:11.832788852
INV_104282,STR_112,PRD_1836,104,45,17/08/2026 13:23
INV_104283,STR_129,PRD_2272,112,38,2026-08-17 13:29:20
INV_104284,STR_8888,PRD_2340,121,45,2026-08-17 13:34:54
INV_104285,STR_131,PRD_1263,172,42,2026-08-17T13:40:28.241882792
INV_104286,STR_135,PRD_2286,131,48,2026-08-17 13:46:02
INV_104287,STR_118,PRD_1681,91,23,2026-08-17 13:51:36
INV_104288,STR_121,PRD_2439,66,46,2026-08-17T13:57:10.548703246
INV_104289,STR_100,PRD_1912,145,14,17/08/2026 14:02
INV_104290,STR_110,PRD_1069,52,31,2026-08-17T14:08:18.753250216
INV_104291,STR_125,PRD_2257,156,14,2026-08-17 14:13:52
INV_104292,STR_147,PRD_1431,97,46,2026-08-17 14:19:26
INV_104293,STR_118,PRD_2077,181,47,17/08/2026 14:25
INV_104294,STR_118,PRD_1169,177,43,2026-08-17 14:30:35
INV_104295,STR_111,PRD_1035,137,24,2026-08-17T14:36:09.264617641
INV_104296,STR_102,PRD_1258,17,46,17/08/2026 14:41
INV_104297,STR_117,PRD_1250,113,36,2026-08-17 14:47:17
INV_104298,STR_148,PRD_1012,131,10,2026-08-17 14:52:51
INV_104299,STR_104,PRD_1670,66,38,2026-08-17T14:58:25.673711580
INV_104300,STR_147,PRD_1540,64,17,2026-08-17 15:03:59
INV_104301,STR_123,PRD_1056,91,42,2026-08-17 15:09:33
INV_104302,STR_113,PRD_2003,175,16,2026-08-17 15:15:07
INV_104303,STR_9999,PRD_2184,28,38,2026-08-17 15:20:42
INV_104304,STR_137,PRD_1436,175,40,2026-08-17 15:26:16
INV_104305,STR_102,PRD_1777,132,47,2026-08-17T15:31:50.287352490
INV_104306,STR_105,PRD_1229,62,17,2026-08-17 15:37:24
INV_104307,STR_111,PRD_1830,120,40,17/08/2026 15:42
INV_104308,STR_8888,PRD_1840,-6,46,2026-08-17 15:48:32
INV_104309,STR_110,PRD_2216,81,24,2026-08-17 15:54:06
INV_104310,STR_138,PRD_1619,159,41,2026-08-17 15:59:40
INV_104311,STR_125,PRD_1356,132,35,2026-08-17 16:05:14
INV_104312,STR_100,PRD_1351,-8,20,17/08/2026 16:10
INV_104313,STR_115,PRD_1864,152,32,2026-08-17 16:16:23
INV_104314,STR_147,PRD_2281,124,43,2026-08-17 16:21:57
INV_104315,STR_148,PRD_1621,83,42,17/08/2026 16:27
INV_104316,STR_146,PRD_1634,141,26,2026-08-17 16:33:05
INV_104317,STR_108,PRD_1964,148,42,17/08/2026 16:38
INV_104318,STR_104,PRD_1627,67,11,2026-08-17 16:44:13
INV_104319,STR_8888,PRD_1292,69,13,2026-08-17T16:49:47.719181278
INV_104320,STR_107,PRD_2409,104,21,2026-08-17 16:55:21
INV_104321,STR_120,PRD_1828,-7,38,2026-08-17T17:00:55.923728248
INV_104322,STR_132,PRD_1233,120,48,17/08/2026 17:06
INV_104323,STR_138,PRD_2319,117,28,2026-08-17T17:12:04.128275218
INV_104324,STR_142,PRD_1536,-2,11,2026-08-17T17:17:38.230548703
INV_104325,STR_119,PRD_2402,57,16,2026-08-17 17:23:12
INV_104326,STR_144,PRD_1804,107,31,17/08/2026 17:28
INV_104327,STR_121,PRD_2233,77,20,2026-08-17 17:34:20
INV_104328,STR_112,PRD_1538,177,42,2026-08-17 17:39:54
INV_104329,STR_138,PRD_1851,128,29,2026-08-17 17:45:28
INV_104330,STR_110,PRD_1177,196,14,2026-08-17T17:51:02.844189612
INV_104331,STR_117,PRD_1555,153,13,17/08/2026 17:56
INV_104332,STR_129,PRD_2095,114,23,2026-08-17 18:02:11
INV_104333,STR_132,PRD_2245,61,12,2026-08-17 18:07:45
INV_104334,STR_143,PRD_1947,119,27,2026-08-17 18:13:19
INV_104335,STR_102,PRD_1822,39,36,2026-08-17 18:18:53
INV_104336,STR_100,PRD_1227,-8,13,2026-08-17 18:24:27
INV_104337,STR_135,PRD_2256,56,12,17/08/2026 18:30
INV_104338,STR_105,PRD_2291,74,36,2026-08-17T18:35:35.662377491
INV_104339,STR_136,PRD_1253,104,37,2026-08-17T18:41:09.764650976
INV_104340,STR_128,PRD_1674,51,31,2026-08-17 18:46:43
INV_104341,STR_110,PRD_1005,193,38,17/08/2026 18:52
INV_104342,STR_8888,PRD_1046,3,25,17/08/2026 18:57
INV_104343,STR_112,PRD_2430,111,44,2026-08-17T19:03:26.173744916
INV_104344,STR_110,PRD_1882,12,28,2026-08-17T19:09:00.276018401
INV_104345,STR_137,PRD_1579,112,39,2026-08-17 19:14:34
INV_104346,STR_9999,PRD_1253,66,24,2026-08-17 19:20:08
INV_104347,STR_124,PRD_2472,5,14,2026-08-17 19:25:42
INV_104348,STR_114,PRD_1058,198,40,2026-08-17 19:31:16
INV_104349,STR_112,PRD_2416,135,40,17/08/2026 19:36
INV_104350,STR_141,PRD_1559,2,18,2026-08-17 19:42:24
INV_104351,STR_132,PRD_2014,114,22,2026-08-17 19:47:58
INV_104352,STR_112,PRD_2214,45,30,2026-08-17 19:53:33
INV_104353,STR_137,PRD_1264,162,40,2026-08-17 19:59:07
INV_104354,STR_123,PRD_2166,29,10,2026-08-17 20:04:41
INV_104355,STR_119,PRD_1245,92,22,2026-08-17 20:10:15
INV_104356,STR_143,PRD_2239,148,43,2026-08-17T20:15:49.503300220
INV_104357,STR_116,PRD_1436,93,45,2026-08-17 20:21:23
INV_104358,STR_149,PRD_1687,198,25,2026-08-17 20:26:57
INV_104359,STR_123,PRD_1475,21,19,2026-08-17 20:32:31
INV_104360,STR_125,PRD_2407,118,47,2026-08-17 20:38:05
INV_104361,STR_139,PRD_1937,24,43,2026-08-17T20:43:40.014667644
INV_104362,STR_131,PRD_1877,25,34,2026-08-17 20:49:14
INV_104363,STR_128,PRD_1656,81,10,2026-08-17 20:54:48
INV_104364,STR_113,PRD_1546,55,21,2026-08-17 21:00:22
INV_104365,STR_136,PRD_1414,18,31,2026-08-17 21:05:56
INV_104366,STR_121,PRD_2155,160,31,17/08/2026 21:11
INV_104367,STR_133,PRD_1397,146,11,2026-08-17 21:17:04
INV_104368,STR_126,PRD_2176,32,17,2026-08-17 21:22:38
INV_104369,STR_127,PRD_1167,8,42,2026-08-17T21:28:12.832855523
INV_104370,STR_121,PRD_1802,110,14,2026-08-17T21:33:46.935129008
INV_104371,STR_142,PRD_1229,181,19,2026-08-17 21:39:21
INV_104372,STR_102,PRD_1702,87,12,17/08/2026 21:44
INV_104373,STR_121,PRD_2427,20,20,2026-08-17 21:50:29
INV_104374,STR_147,PRD_1143,90,39,2026-08-17T21:56:03.344222948
INV_104375,STR_120,PRD_1067,8,37,2026-08-17 22:01:37
INV_104376,STR_115,PRD_2017,18,14,2026-08-17 22:07:11
INV_104377,STR_108,PRD_1097,62,21,2026-08-17 22:12:45
INV_104378,STR_112,PRD_1006,124,38,2026-08-17 22:18:19
INV_104379,STR_109,PRD_1814,175,35,2026-08-17T22:23:53.855590372
INV_104380,STR_148,PRD_1176,65,38,2026-08-17 22:29:27
INV_104381,STR_120,PRD_2229,177,38,2026-08-17T22:35:02.060137342
INV_104382,STR_148,PRD_1298,168,23,2026-08-17T22:40:36.162410827
INV_104383,STR_141,PRD_1228,71,45,17/08/2026 22:46
INV_104384,STR_139,PRD_1895,39,44,2026-08-17 22:51:44
INV_104385,STR_106,PRD_1630,138,17,2026-08-17T22:57:18.469231282
INV_104386,STR_145,PRD_1269,126,25,2026-08-17 23:02:52
INV_104387,STR_121,PRD_1080,151,14,2026-08-17 23:08:26
INV_104388,STR_117,PRD_2211,23,25,2026-08-17 23:14:00
INV_104389,STR_120,PRD_1819,36,22,2026-08-17 23:19:34
INV_104390,STR_9999,PRD_1500,13,17,2026-08-17 23:25:08
INV_104391,STR_149,PRD_1705,69,35,2026-08-17T23:30:43.082872191
INV_104392,STR_113,PRD_1989,17,14,2026-08-17 23:36:17
INV_104393,STR_109,PRD_1702,163,18,2026-08-17 23:41:51
INV_104394,STR_132,PRD_2312,40,47,2026-08-17 23:47:25
INV_104395,STR_108,PRD_1105,100,11,2026-08-17 23:52:59
INV_104396,STR_117,PRD_1640,-5,16,2026-08-17 23:58:33
INV_104397,STR_112,PRD_1608,180,39,2026-08-18 00:04:07
INV_104398,STR_116,PRD_1995,107,26,18/08/2026 00:09
INV_104399,STR_122,PRD_2008,42,40,2026-08-18T00:15:15.901060070
INV_104400,STR_124,PRD_2246,181,10,2026-08-18 00:20:50
INV_104401,STR_115,PRD_1381,169,37,2026-08-18 00:26:24
INV_104402,STR_123,PRD_1837,49,39,2026-08-18T00:31:58.207880525
INV_104403,STR_130,PRD_1103,158,40,2026-08-18 00:37:32
INV_104404,STR_110,PRD_1663,0,33,2026-08-18 00:43:06
INV_104405,STR_122,PRD_2137,-7,40,2026-08-18T00:48:40.514700980
INV_104406,STR_140,PRD_2078,3,20,2026-08-18 00:54:14
INV_104407,STR_138,PRD_1120,130,25,2026-08-18 00:59:48
INV_104408,STR_121,PRD_2240,132,18,2026-08-18T01:05:22.821521434
INV_104409,STR_132,PRD_2026,102,39,2026-08-18T01:10:56.923794919
INV_104410,STR_140,PRD_2115,-3,21,2026-08-18 01:16:31
INV_104411,STR_141,PRD_1406,77,25,18/08/2026 01:22
INV_104412,STR_147,PRD_1675,0,42,2026-08-18 01:27:39
INV_104413,STR_117,PRD_1440,101,15,18/08/2026 01:33
INV_104414,STR_113,PRD_1431,88,10,2026-08-18 01:38:47
INV_104415,STR_127,PRD_1908,12,22,18/08/2026 01:44
INV_104416,STR_110,PRD_1060,98,46,2026-08-18 01:49:55
INV_104417,STR_123,PRD_1725,-4,44,2026-08-18 01:55:29
INV_104418,STR_135,PRD_2496,58,35,2026-08-18 02:01:03
INV_104419,STR_118,PRD_2270,149,18,2026-08-18 02:06:37
INV_104420,STR_112,PRD_1938,161,26,18/08/2026 02:12
INV_104421,STR_132,PRD_1868,120,47,18/08/2026 02:17
INV_104422,STR_118,PRD_2395,83,44,18/08/2026 02:23
INV_104423,STR_146,PRD_2312,111,34,2026-08-18 02:28:54
INV_104424,STR_8888,PRD_2047,33,16,2026-08-18 02:34:28
INV_104425,STR_131,PRD_1405,186,40,2026-08-18 02:40:02
INV_104426,STR_114,PRD_2331,40,41,2026-08-18T02:45:36.662444163
INV_104427,STR_110,PRD_1612,50,28,18/08/2026 02:51
INV_104428,STR_122,PRD_2395,40,26,2026-08-18 02:56:44
INV_104429,STR_104,PRD_1214,150,15,2026-08-18 03:02:18
INV_104430,STR_121,PRD_1261,9,34,2026-08-18 03:07:53
INV_104431,STR_141,PRD_1914,19,42,2026-08-18 03:13:27
INV_104432,STR_117,PRD_2369,110,28,2026-08-18T03:19:01.276085072
INV_104433,STR_106,PRD_2436,33,24,2026-08-18 03:24:35
INV_104434,STR_132,PRD_1122,75,44,2026-08-18T03:30:09.480632042
INV_104435,STR_102,PRD_1763,146,41,2026-08-18T03:35:43.582905527
INV_104436,STR_127,PRD_1319,138,47,2026-08-18 03:41:17
INV_104437,STR_100,PRD_2360,199,45,2026-08-18 03:46:51
INV_104438,STR_148,PRD_1157,170,41,18/08/2026 03:52
INV_104439,STR_146,PRD_2350,101,41,2026-08-18 03:57:59
INV_104440,STR_136,PRD_2088,128,49,2026-08-18T04:03:34.094272951
INV_104441,STR_121,PRD_1368,-1,45,2026-08-18 04:09:08
INV_104442,STR_147,PRD_1869,24,43,18/08/2026 04:14
INV_104443,STR_143,PRD_2027,143,19,2026-08-18T04:20:16.401093406
INV_104444,STR_118,PRD_1685,112,42,2026-08-18 04:25:50
INV_104445,STR_113,PRD_1913,103,19,18/08/2026 04:31
INV_104446,STR_102,PRD_2083,161,44,2026-08-18T04:36:58.707913861
INV_104447,STR_118,PRD_2068,121,31,2026-08-18 04:42:32
INV_104448,STR_132,PRD_1583,63,32,18/08/2026 04:48
INV_104449,STR_120,PRD_1542,174,16,2026-08-18 04:53:41
INV_104450,STR_100,PRD_1155,28,30,2026-08-18 04:59:15
INV_104451,STR_125,PRD_1887,197,10,2026-08-18 05:04:49
INV_104452,STR_109,PRD_1751,158,22,2026-08-18 05:10:23
INV_104453,STR_134,PRD_1063,83,18,2026-08-18 05:15:57
INV_104454,STR_112,PRD_1420,56,29,2026-08-18 05:21:31
INV_104455,STR_105,PRD_1322,78,19,2026-08-18 05:27:05
INV_104456,STR_142,PRD_2132,91,35,2026-08-18T05:32:39.730648710
INV_104457,STR_105,PRD_2486,95,10,2026-08-18T05:38:13.832922194
INV_104458,STR_134,PRD_1546,25,26,2026-08-18 05:43:47
INV_104459,STR_115,PRD_1250,-7,26,2026-08-18 05:49:22
INV_104460,STR_140,PRD_1865,63,48,2026-08-18T05:54:56.139742649
INV_104461,STR_107,PRD_1509,2,21,2026-08-18 06:00:30
INV_104462,STR_102,PRD_1440,59,24,2026-08-18 06:06:04
INV_104463,STR_104,PRD_1453,-4,10,2026-08-18 06:11:38
INV_104464,STR_120,PRD_1643,145,41,18/08/2026 06:17
INV_104465,STR_130,PRD_1816,176,20,2026-08-18 06:22:46
INV_104466,STR_113,PRD_1678,111,14,2026-08-18 06:28:20
INV_104467,STR_136,PRD_1273,26,27,2026-08-18 06:33:54
INV_104468,STR_118,PRD_1059,132,27,2026-08-18T06:39:28.957930528
INV_104469,STR_136,PRD_1341,19,32,2026-08-18 06:45:03
INV_104470,STR_119,PRD_2417,93,16,2026-08-18 06:50:37
INV_104471,STR_8888,PRD_1112,63,35,2026-08-18 06:56:11
INV_104472,STR_101,PRD_2244,1,10,2026-08-18 07:01:45
INV_104473,STR_106,PRD_1067,70,37,18/08/2026 07:07
INV_104474,STR_132,PRD_2338,101,29,2026-08-18 07:12:53
INV_104475,STR_149,PRD_1466,19,32,2026-08-18 07:18:27
INV_104476,STR_141,PRD_1857,118,41,2026-08-18 07:24:01
INV_104477,STR_105,PRD_1262,25,47,2026-08-18 07:29:35
INV_104478,STR_106,PRD_2154,112,48,2026-08-18T07:35:09.980665377
INV_104479,STR_143,PRD_1423,77,27,2026-08-18T07:40:44.082938862
INV_104480,STR_117,PRD_2290,10,42,2026-08-18 07:46:18
INV_104481,STR_142,PRD_1719,95,34,2026-08-18T07:51:52.287485832
INV_104482,STR_128,PRD_2235,21,41,2026-08-18T07:57:26.389759317
INV_104483,STR_118,PRD_1562,52,37,2026-08-18T08:03:00.492032802
INV_104484,STR_124,PRD_1982,199,22,2026-08-18T08:08:34.594306287
INV_104485,STR_103,PRD_1918,130,28,2026-08-18 08:14:08
INV_104486,STR_9999,PRD_1287,154,12,18/08/2026 08:19
INV_104487,STR_112,PRD_1424,33,36,18/08/2026 08:25
INV_104488,STR_131,PRD_1553,138,26,18/08/2026 08:30
INV_104489,STR_126,PRD_1758,135,38,2026-08-18 08:36:25
INV_104490,STR_9999,PRD_1243,35,42,2026-08-18 08:41:59
INV_104491,STR_133,PRD_1999,164,37,2026-08-18 08:47:33
INV_104492,STR_127,PRD_2357,143,29,2026-08-18 08:53:07
INV_104493,STR_108,PRD_1327,-6,43,2026-08-18 08:58:41
INV_104494,STR_107,PRD_1714,122,25,2026-08-18 09:04:15
INV_104495,STR_120,PRD_2129,20,48,2026-08-18T09:09:49.719314621
INV_104496,STR_145,PRD_1800,145,11,2026-08-18 09:15:23
INV_104497,STR_129,PRD_2102,66,37,2026-08-18 09:20:57
INV_104498,STR_128,PRD_2188,64,26,18/08/2026 09:26
INV_104499,STR_108,PRD_1630,116,29,2026-08-18T09:32:06.128408560
INV_104500,STR_112,PRD_2080,182,27,2026-08-18T09:37:40.230682045
INV_104501,STR_117,PRD_1959,2,37,2026-08-18 09:43:14
INV_104502,STR_137,PRD_1959,111,37,18/08/2026 09:48
INV_104503,STR_121,PRD_2211,135,25,2026-08-18 09:54:22
INV_104504,STR_130,PRD_2075,141,42,18/08/2026 09:59
INV_104505,STR_134,PRD_2095,146,30,2026-08-18 10:05:30
INV_104506,STR_141,PRD_1752,145,14,2026-08-18 10:11:04
INV_104507,STR_141,PRD_1323,91,46,2026-08-18T10:16:38.946596439
INV_104508,STR_109,PRD_2361,162,27,2026-08-18 10:22:13
INV_104509,STR_108,PRD_1154,106,14,2026-08-18 10:27:47
INV_104510,STR_130,PRD_1058,73,20,2026-08-18 10:33:21
INV_104511,STR_143,PRD_2298,0,31,2026-08-18 10:38:55
INV_104512,STR_139,PRD_1200,40,32,18/08/2026 10:44
INV_104513,STR_123,PRD_1294,48,35,2026-08-18 10:50:03
INV_104514,STR_140,PRD_2345,73,36,2026-08-18T10:55:37.662510834
INV_104515,STR_148,PRD_2352,94,12,2026-08-18T11:01:11.764784319
INV_104516,STR_107,PRD_2413,2,11,2026-08-18 11:06:45
INV_104517,STR_149,PRD_1997,36,26,18/08/2026 11:12
INV_104518,STR_119,PRD_2307,77,12,18/08/2026 11:17
INV_104519,STR_116,PRD_2199,160,12,2026-08-18 11:23:28
INV_104520,STR_127,PRD_1609,141,49,2026-08-18 11:29:02
INV_104521,STR_105,PRD_1348,165,25,2026-08-18 11:34:36
INV_104522,STR_141,PRD_2455,52,21,2026-08-18T11:40:10.480698713
INV_104523,STR_132,PRD_1962,134,10,2026-08-18 11:45:44
INV_104524,STR_127,PRD_1381,58,13,2026-08-18T11:51:18.685245683
INV_104525,STR_100,PRD_2295,43,26,2026-08-18T11:56:52.787519168
INV_104526,STR_140,PRD_1491,131,28,2026-08-18 12:02:26
INV_104527,STR_8888,PRD_1330,4,13,18/08/2026 12:08
INV_104528,STR_134,PRD_1874,190,48,2026-08-18T12:13:35.094339622
INV_104529,STR_123,PRD_1157,195,29,2026-08-18 12:19:09
INV_104530,STR_105,PRD_1431,127,48,2026-08-18 12:24:43
INV_104531,STR_106,PRD_2348,139,13,2026-08-18 12:30:17
INV_104532,STR_108,PRD_2139,84,26,2026-08-18 12:35:51
INV_104533,STR_136,PRD_1618,2,24,2026-08-18 12:41:25
INV_104534,STR_115,PRD_1618,70,37,2026-08-18 12:46:59
INV_104535,STR_133,PRD_1625,54,25,2026-08-18T12:52:33.810254017
INV_104536,STR_134,PRD_1434,131,15,2026-08-18T12:58:07.912527501
INV_104537,STR_134,PRD_1795,33,37,2026-08-18 13:03:42
INV_104538,STR_119,PRD_1931,156,41,2026-08-18 13:09:16
INV_104539,STR_122,PRD_1571,152,26,2026-08-18 13:14:50
INV_104540,STR_141,PRD_1265,106,34,18/08/2026 13:20
INV_104541,STR_134,PRD_2421,182,48,2026-08-18 13:25:58
INV_104542,STR_146,PRD_1101,16,26,18/08/2026 13:31
INV_104543,STR_145,PRD_2086,162,24,2026-08-18 13:37:06
INV_104544,STR_122,PRD_1996,46,27,2026-08-18T13:42:40.730715381
INV_104545,STR_103,PRD_1708,11,29,2026-08-18 13:48:14
INV_104546,STR_109,PRD_2014,23,32,2026-08-18 13:53:48
INV_104547,STR_142,PRD_1823,126,14,2026-08-18T13:59:23.037535835
INV_104548,STR_110,PRD_1221,39,48,2026-08-18 14:04:57
INV_104549,STR_139,PRD_1914,43,21,2026-08-18 14:10:31
INV_104550,STR_108,PRD_1435,175,26,2026-08-18T14:16:05.344356290
INV_104551,STR_139,PRD_2213,89,39,2026-08-18 14:21:39
INV_104552,STR_111,PRD_1639,51,28,2026-08-18T14:27:13.548903260
INV_104553,STR_116,PRD_1944,155,41,2026-08-18 14:32:47
INV_104554,STR_131,PRD_1333,73,25,2026-08-18 14:38:21
INV_104555,STR_122,PRD_1906,16,11,2026-08-18T14:43:55.855723715
INV_104556,STR_114,PRD_2324,114,21,2026-08-18T14:49:29.957997199
INV_104557,STR_9999,PRD_1350,53,12,2026-08-18 14:55:04
INV_104558,STR_127,PRD_1569,120,17,2026-08-18 15:00:38
INV_104559,STR_8888,PRD_1727,116,46,2026-08-18 15:06:12
INV_104560,STR_137,PRD_1114,0,33,18/08/2026 15:11
INV_104561,STR_104,PRD_1908,13,34,2026-08-18 15:17:20
INV_104562,STR_139,PRD_1366,18,34,2026-08-18 15:22:54
INV_104563,STR_117,PRD_2292,186,23,18/08/2026 15:28
INV_104564,STR_120,PRD_1803,-3,45,18/08/2026 15:34
INV_104565,STR_114,PRD_2109,8,24,2026-08-18 15:39:36
INV_104566,STR_102,PRD_1895,57,41,2026-08-18 15:45:10
INV_104567,STR_145,PRD_1968,88,11,18/08/2026 15:50
INV_104568,STR_125,PRD_1377,186,30,2026-08-18T15:56:19.185279018
INV_104569,STR_114,PRD_2170,113,13,2026-08-18T16:01:53.287552503
INV_104570,STR_144,PRD_2011,37,38,2026-08-18 16:07:27
INV_104571,STR_119,PRD_1117,157,38,2026-08-18 16:13:01
INV_104572,STR_120,PRD_2013,91,32,2026-08-18 16:18:35
INV_104573,STR_125,PRD_2158,184,12,2026-08-18T16:24:09.696646443
INV_104574,STR_140,PRD_1526,133,30,2026-08-18 16:29:43
INV_104575,STR_122,PRD_1813,53,25,2026-08-18T16:35:17.901193412
INV_104576,STR_148,PRD_1205,-3,29,2026-08-18 16:40:52
INV_104577,STR_9999,PRD_2256,98,44,2026-08-18 16:46:26
INV_104578,STR_124,PRD_1815,122,14,2026-08-18 16:52:00
INV_104579,STR_103,PRD_1065,112,35,2026-08-18 16:57:34
INV_104580,STR_8888,PRD_1003,189,16,2026-08-18 17:03:08
INV_104581,STR_109,PRD_1002,142,25,2026-08-18 17:08:42
INV_104582,STR_121,PRD_2282,42,26,18/08/2026 17:14
INV_104583,STR_102,PRD_1324,38,11,2026-08-18 17:19:50
INV_104584,STR_118,PRD_2263,61,21,18/08/2026 17:25
INV_104585,STR_130,PRD_1604,138,22,2026-08-18T17:30:58.923928261
INV_104586,STR_108,PRD_1795,40,14,2026-08-18 17:36:33
INV_104587,STR_128,PRD_1534,163,25,18/08/2026 17:42
INV_104588,STR_136,PRD_2341,-2,37,2026-08-18T17:47:41.230748716
INV_104589,STR_145,PRD_1598,53,17,2026-08-18 17:53:15
INV_104590,STR_106,PRD_2074,194,37,2026-08-18 17:58:49
INV_104591,STR_137,PRD_2493,12,17,2026-08-18 18:04:23
INV_104592,STR_123,PRD_1831,177,38,2026-08-18 18:09:57
INV_104593,STR_107,PRD_2066,176,27,2026-08-18 18:15:31
INV_104594,STR_133,PRD_2227,125,25,2026-08-18 18:21:05
INV_104595,STR_125,PRD_1346,181,35,2026-08-18 18:26:39
INV_104596,STR_127,PRD_2081,43,31,18/08/2026 18:32
INV_104597,STR_127,PRD_1058,81,24,18/08/2026 18:37
INV_104598,STR_145,PRD_1679,4,22,2026-08-18T18:43:22.253483565
INV_104599,STR_106,PRD_1510,41,31,2026-08-18 18:48:56
INV_104600,STR_102,PRD_2341,168,30,2026-08-18 18:54:30
INV_104601,STR_8888,PRD_2456,-7,33,2026-08-18 19:00:04
INV_104602,STR_121,PRD_2395,151,10,2026-08-18 19:05:38
INV_104603,STR_137,PRD_1206,90,38,2026-08-18T19:11:12.764850990
INV_104604,STR_145,PRD_1110,141,10,2026-08-18 19:16:46
INV_104605,STR_143,PRD_1022,138,10,2026-08-18 19:22:20
INV_104606,STR_117,PRD_2451,119,18,2026-08-18 19:27:55
INV_104607,STR_111,PRD_1786,-4,30,2026-08-18T19:33:29.173944929
INV_104608,STR_130,PRD_2034,173,23,2026-08-18 19:39:03
INV_104609,STR_138,PRD_1571,64,37,2026-08-18T19:44:37.378491899
INV_104610,STR_104,PRD_1746,65,27,2026-08-18T19:50:11.480765384
INV_104611,STR_143,PRD_1514,185,42,2026-08-18 19:55:45
INV_104612,STR_140,PRD_1143,24,11,2026-08-18 20:01:19
INV_104613,STR_128,PRD_1991,143,43,2026-08-18T20:06:53.787585839
INV_104614,STR_142,PRD_1808,135,33,2026-08-18 20:12:27
INV_104615,STR_135,PRD_1293,53,28,18/08/2026 20:18
INV_104616,STR_113,PRD_1324,111,11,18/08/2026 20:23
INV_104617,STR_143,PRD_1192,45,15,2026-08-18 20:29:10
INV_104618,STR_117,PRD_2314,197,24,2026-08-18 20:34:44
INV_104619,STR_106,PRD_2442,44,20,18/08/2026 20:40
INV_104620,STR_122,PRD_1459,129,25,2026-08-18 20:45:52
INV_104621,STR_132,PRD_2071,26,30,2026-08-18 20:51:26
INV_104622,STR_144,PRD_2130,41,36,2026-08-18 20:57:00
INV_104623,STR_115,PRD_2287,136,31,2026-08-18 21:02:34
INV_104624,STR_136,PRD_2276,4,12,2026-08-18 21:08:08
INV_104625,STR_9999,PRD_2181,116,12,2026-08-18 21:13:43
INV_104626,STR_124,PRD_1525,75,30,2026-08-18T21:19:17.117141142
INV_104627,STR_108,PRD_1918,73,15,2026-08-18 21:24:51
INV_104628,STR_127,PRD_1028,96,34,2026-08-18 21:30:25
INV_104629,STR_108,PRD_1537,169,46,2026-08-18 21:35:59
INV_104630,STR_111,PRD_1142,66,39,18/08/2026 21:41
INV_104631,STR_117,PRD_1626,143,48,2026-08-18 21:47:07
INV_104632,STR_126,PRD_1840,34,29,2026-08-18 21:52:41
INV_104633,STR_125,PRD_1217,85,10,2026-08-18T21:58:15.833055537
INV_104634,STR_125,PRD_1592,10,44,2026-08-18 22:03:49
INV_104635,STR_109,PRD_1712,70,35,2026-08-18 22:09:24
INV_104636,STR_116,PRD_1066,42,30,18/08/2026 22:14
INV_104637,STR_9999,PRD_1760,146,19,18/08/2026 22:20
INV_104638,STR_131,PRD_1143,165,38,2026-08-18T22:26:06.344422961
INV_104639,STR_123,PRD_2164,102,12,2026-08-18 22:31:40
INV_104640,STR_142,PRD_2369,136,22,2026-08-18 22:37:14
INV_104641,STR_147,PRD_1464,171,18,2026-08-18 22:42:48
INV_104642,STR_107,PRD_1095,67,25,2026-08-18T22:48:22.753516901
INV_104643,STR_129,PRD_1407,116,37,2026-08-18 22:53:56
INV_104644,STR_125,PRD_2141,108,37,18/08/2026 22:59
INV_104645,STR_123,PRD_1803,92,20,2026-08-18 23:05:05
INV_104646,STR_126,PRD_2467,76,39,18/08/2026 23:10
INV_104647,STR_114,PRD_1756,94,20,2026-08-18 23:16:13
INV_104648,STR_127,PRD_2403,-9,38,2026-08-18 23:21:47
INV_104649,STR_110,PRD_1712,104,21,2026-08-18T23:27:21.469431295
INV_104650,STR_138,PRD_1277,21,17,2026-08-18 23:32:55
INV_104651,STR_101,PRD_1360,91,19,2026-08-18 23:38:29
INV_104652,STR_9999,PRD_2393,51,44,2026-08-18T23:44:03.776251750
INV_104653,STR_108,PRD_1211,86,45,2026-08-18 23:49:37
INV_104654,STR_149,PRD_2282,111,22,18/08/2026 23:55
INV_104655,STR_144,PRD_2120,124,36,19/08/2026 00:00
INV_104656,STR_122,PRD_2233,87,49,19/08/2026 00:06
INV_104657,STR_132,PRD_1777,185,11,2026-08-19 00:11:54
INV_104658,STR_118,PRD_1020,73,37,2026-08-19 00:17:28
INV_104659,STR_112,PRD_1728,139,43,2026-08-19 00:23:02
INV_104660,STR_113,PRD_2456,146,30,2026-08-19 00:28:36
INV_104661,STR_131,PRD_1615,96,15,2026-08-19 00:34:10
INV_104662,STR_148,PRD_1370,90,48,2026-08-19T00:39:44.798986599
INV_104663,STR_121,PRD_2416,120,35,2026-08-19 00:45:18
INV_104664,STR_119,PRD_1623,11,45,2026-08-19 00:50:53
INV_104665,STR_132,PRD_2242,73,49,2026-08-19 00:56:27
INV_104666,STR_104,PRD_1631,78,27,19/08/2026 01:02
INV_104667,STR_119,PRD_1760,95,48,2026-08-19T01:07:35.310354023
INV_104668,STR_113,PRD_1846,170,14,2026-08-19T01:13:09.412627508
INV_104669,STR_126,PRD_1947,82,35,2026-08-19 01:18:43
INV_104670,STR_125,PRD_2119,174,20,19/08/2026 01:24
INV_104671,STR_131,PRD_2455,127,25,2026-08-19 01:29:51
INV_104672,STR_129,PRD_1187,92,28,2026-08-19 01:35:25
INV_104673,STR_126,PRD_1500,90,14,2026-08-19 01:40:59
INV_104674,STR_125,PRD_1875,29,16,2026-08-19T01:46:34.026268417
INV_104675,STR_117,PRD_1374,103,12,19/08/2026 01:52
INV_104676,STR_144,PRD_1433,137,34,2026-08-19T01:57:42.230815387
INV_104677,STR_122,PRD_2446,114,19,2026-08-19T02:03:16.333088872
INV_104678,STR_143,PRD_2167,76,14,2026-08-19T02:08:50.435362357
INV_104679,STR_146,PRD_1498,0,41,2026-08-19 02:14:24
INV_104680,STR_123,PRD_1005,125,41,2026-08-19 02:19:58
INV_104681,STR_103,PRD_2340,82,14,2026-08-19 02:25:32
INV_104682,STR_140,PRD_2253,25,28,2026-08-19 02:31:06
INV_104683,STR_102,PRD_2145,142,21,2026-08-19 02:36:40
INV_104684,STR_142,PRD_1616,156,40,19/08/2026 02:42
INV_104685,STR_129,PRD_1710,87,26,2026-08-19 02:47:49
INV_104686,STR_146,PRD_1474,100,31,2026-08-19 02:53:23
INV_104687,STR_115,PRD_1573,85,31,2026-08-19 02:58:57
INV_104688,STR_106,PRD_1795,51,35,2026-08-19 03:04:31
INV_104689,STR_138,PRD_1507,94,40,2026-08-19T03:10:05.560370691
INV_104690,STR_121,PRD_1591,138,15,2026-08-19 03:15:39
INV_104691,STR_140,PRD_1174,136,21,2026-08-19 03:21:13
INV_104692,STR_130,PRD_1691,142,36,2026-08-19 03:26:47
INV_104693,STR_148,PRD_2294,76,26,2026-08-19 03:32:21
INV_104694,STR_112,PRD_1787,122,19,2026-08-19 03:37:56
INV_104695,STR_140,PRD_1571,116,14,2026-08-19 03:43:30
INV_104696,STR_140,PRD_1185,72,13,2026-08-19T03:49:04.276285085
INV_104697,STR_8888,PRD_1586,1,48,2026-08-19 03:54:38
INV_104698,STR_128,PRD_2117,92,24,2026-08-19T04:00:12.480832055
INV_104699,STR_127,PRD_1513,142,11,2026-08-19 04:05:46
INV_104700,STR_143,PRD_2201,-6,17,19/08/2026 04:11
INV_104701,STR_118,PRD_1653,65,25,2026-08-19T04:16:54.787652510
INV_104702,STR_122,PRD_1555,144,29,2026-08-19 04:22:28
INV_104703,STR_146,PRD_1294,-7,33,2026-08-19 04:28:02
INV_104704,STR_149,PRD_2254,105,44,19/08/2026 04:33
INV_104705,STR_107,PRD_2259,72,26,2026-08-19T04:39:11.196746449
INV_104706,STR_124,PRD_2116,162,14,2026-08-19 04:44:45
INV_104707,STR_137,PRD_1043,164,23,2026-08-19 04:50:19
INV_104708,STR_137,PRD_1538,95,23,2026-08-19 04:55:53
INV_104709,STR_134,PRD_2498,145,40,2026-08-19 05:01:27
INV_104710,STR_125,PRD_1038,24,29,2026-08-19T05:07:01.708113874
INV_104711,STR_102,PRD_2408,133,22,2026-08-19T05:12:35.810387359
INV_104712,STR_101,PRD_2458,129,18,2026-08-19 05:18:09
INV_104713,STR_104,PRD_1288,69,43,2026-08-19T05:23:44.014934329
INV_104714,STR_119,PRD_1247,64,21,2026-08-19T05:29:18.117207813
INV_104715,STR_111,PRD_1358,32,49,2026-08-19 05:34:52
INV_104716,STR_137,PRD_2461,17,25,2026-08-19 05:40:26
INV_104717,STR_115,PRD_1208,70,10,2026-08-19 05:46:00
INV_104718,STR_136,PRD_1123,8,25,2026-08-19 05:51:34
INV_104719,STR_137,PRD_1974,192,15,19/08/2026 05:57
INV_104720,STR_135,PRD_1402,185,29,2026-08-19 06:02:42
INV_104721,STR_145,PRD_1283,63,15,2026-08-19 06:08:16
INV_104722,STR_128,PRD_1662,112,44,2026-08-19 06:13:50
INV_104723,STR_134,PRD_1575,44,12,2026-08-19 06:19:25
INV_104724,STR_148,PRD_1240,72,30,2026-08-19 06:24:59
INV_104725,STR_136,PRD_1166,153,16,2026-08-19 06:30:33
INV_104726,STR_120,PRD_1560,51,23,2026-08-19 06:36:07
INV_104727,STR_120,PRD_1147,96,39,19/08/2026 06:41
INV_104728,STR_127,PRD_1700,156,31,19/08/2026 06:47
INV_104729,STR_105,PRD_1622,105,23,2026-08-19T06:52:49.651310087
INV_104730,STR_119,PRD_1264,30,34,2026-08-19T06:58:23.753583572
INV_104731,STR_135,PRD_1500,177,12,2026-08-19 07:03:57
INV_104732,STR_112,PRD_1278,75,14,2026-08-19 07:09:31
INV_104733,STR_139,PRD_1748,55,14,19/08/2026 07:15
INV_104734,STR_110,PRD_1902,176,18,2026-08-19T07:20:40.162677511
INV_104735,STR_123,PRD_1158,86,47,2026-08-19 07:26:14
INV_104736,STR_118,PRD_2083,157,46,2026-08-19 07:31:48
INV_104737,STR_122,PRD_1498,8,13,2026-08-19T07:37:22.469497966
INV_104738,STR_130,PRD_2340,44,29,2026-08-19T07:42:56.571771451
INV_104739,STR_136,PRD_1487,101,30,2026-08-19T07:48:30.674044936
INV_104740,STR_136,PRD_1464,35,33,19/08/2026 07:54
INV_104741,STR_102,PRD_1227,-7,16,2026-08-19 07:59:38
INV_104742,STR_133,PRD_1665,179,17,2026-08-19 08:05:12
INV_104743,STR_128,PRD_2379,14,20,2026-08-19 08:10:47
INV_104744,STR_102,PRD_2489,52,18,2026-08-19 08:16:21
INV_104745,STR_114,PRD_1821,187,15,2026-08-19 08:21:55
INV_104746,STR_106,PRD_1798,100,49,2026-08-19 08:27:29
INV_104747,STR_102,PRD_1752,2,26,2026-08-19 08:33:03
INV_104748,STR_146,PRD_2250,104,22,2026-08-19T08:38:37.594506300
INV_104749,STR_142,PRD_2192,75,26,2026-08-19 08:44:11
INV_104750,STR_115,PRD_2307,-7,11,19/08/2026 08:49
INV_104751,STR_144,PRD_1261,-9,39,2026-08-19 08:55:19
INV_104752,STR_133,PRD_1859,56,41,2026-08-19 09:00:54
INV_104753,STR_119,PRD_1363,99,45,2026-08-19T09:06:28.105873725
INV_104754,STR_143,PRD_1097,19,16,2026-08-19 09:12:02
INV_104755,STR_138,PRD_2035,121,25,2026-08-19T09:17:36.310420694
INV_104756,STR_132,PRD_1783,37,28,2026-08-19 09:23:10
INV_104757,STR_113,PRD_1582,32,24,2026-08-19T09:28:44.514967664
INV_104758,STR_141,PRD_1926,82,23,19/08/2026 09:34
INV_104759,STR_134,PRD_2440,162,16,2026-08-19 09:39:52
INV_104760,STR_110,PRD_1134,130,42,2026-08-19 09:45:26
INV_104761,STR_119,PRD_1258,36,43,2026-08-19 09:51:00
INV_104762,STR_129,PRD_1915,17,33,2026-08-19T09:56:35.026335089
INV_104763,STR_127,PRD_1516,26,44,19/08/2026 10:02
INV_104764,STR_114,PRD_2317,17,30,2026-08-19 10:07:43
INV_104765,STR_137,PRD_2463,144,33,2026-08-19T10:13:17.333155543
INV_104766,STR_149,PRD_1150,147,46,19/08/2026 10:18
INV_104767,STR_112,PRD_2281,123,25,2026-08-19 10:24:25
INV_104768,STR_146,PRD_1867,109,26,19/08/2026 10:29
INV_104769,STR_134,PRD_2172,-2,38,19/08/2026 10:35
INV_104770,STR_146,PRD_1973,123,27,2026-08-19 10:41:07
INV_104771,STR_123,PRD_1141,146,20,2026-08-19 10:46:41
INV_104772,STR_100,PRD_1250,59,12,19/08/2026 10:52
INV_104773,STR_141,PRD_1957,75,27,2026-08-19T10:57:50.151343422
INV_104774,STR_123,PRD_1906,55,25,2026-08-19 11:03:24
INV_104775,STR_126,PRD_1643,84,10,2026-08-19T11:08:58.355890392
INV_104776,STR_117,PRD_2070,170,36,2026-08-19 11:14:32
INV_104777,STR_125,PRD_2395,59,40,19/08/2026 11:20
INV_104778,STR_128,PRD_1093,-6,37,2026-08-19 11:25:40
INV_104779,STR_107,PRD_1760,9,49,19/08/2026 11:31
INV_104780,STR_143,PRD_1355,129,36,2026-08-19 11:36:48
INV_104781,STR_125,PRD_1531,91,18,2026-08-19 11:42:22
INV_104782,STR_104,PRD_1691,91,47,2026-08-19 11:47:57
INV_104783,STR_132,PRD_2295,125,45,2026-08-19 11:53:31
INV_104784,STR_139,PRD_2452,109,36,2026-08-19T11:59:05.276351756
INV_104785,STR_104,PRD_1647,175,35,2026-08-19 12:04:39
INV_104786,STR_148,PRD_1701,38,36,19/08/2026 12:10
INV_104787,STR_146,PRD_1723,53,13,2026-08-19 12:15:47
INV_104788,STR_135,PRD_1916,167,47,2026-08-19 12:21:21
INV_104789,STR_112,PRD_1063,86,21,2026-08-19 12:26:55
INV_104790,STR_116,PRD_1925,28,24,19/08/2026 12:32
INV_104791,STR_112,PRD_2187,29,39,2026-08-19 12:38:03
INV_104792,STR_124,PRD_2412,20,23,2026-08-19 12:43:38
INV_104793,STR_101,PRD_2492,-8,17,19/08/2026 12:49
INV_104794,STR_123,PRD_1726,61,37,2026-08-19 12:54:46
INV_104795,STR_135,PRD_1765,19,40,2026-08-19T13:00:20.401360090
INV_104796,STR_124,PRD_1922,84,11,2026-08-19T13:05:54.503633575
INV_104797,STR_133,PRD_1652,18,24,2026-08-19 13:11:28
INV_104798,STR_111,PRD_1904,187,49,2026-08-19 13:17:02
INV_104799,STR_118,PRD_2040,45,17,2026-08-19T13:22:36.810454030
INV_104800,STR_149,PRD_1606,183,14,19/08/2026 13:28
INV_104801,STR_141,PRD_1745,76,13,2026-08-19 13:33:45
INV_104802,STR_129,PRD_1939,97,21,2026-08-19 13:39:19
INV_104803,STR_136,PRD_2324,52,19,2026-08-19 13:44:53
INV_104804,STR_142,PRD_1087,19,13,2026-08-19 13:50:27
INV_104805,STR_100,PRD_1562,42,19,2026-08-19 13:56:01
INV_104806,STR_102,PRD_2268,35,38,19/08/2026 14:01
INV_104807,STR_148,PRD_2490,92,37,2026-08-19 14:07:09
INV_104808,STR_125,PRD_2465,126,38,2026-08-19 14:12:43
INV_104809,STR_114,PRD_2136,-4,28,19/08/2026 14:18
INV_104810,STR_145,PRD_1441,52,22,2026-08-19 14:23:51
INV_104811,STR_146,PRD_2031,164,43,2026-08-19 14:29:26
INV_104812,STR_147,PRD_1558,33,29,2026-08-19T14:35:00.140009334
INV_104813,STR_127,PRD_2123,166,27,2026-08-19 14:40:34
INV_104814,STR_103,PRD_2368,68,45,2026-08-19T14:46:08.344556303
INV_104815,STR_118,PRD_1752,196,10,2026-08-19 14:51:42
INV_104816,STR_123,PRD_1900,179,35,2026-08-19 14:57:16
INV_104817,STR_139,PRD_1480,48,12,2026-08-19T15:02:50.651376758
INV_104818,STR_105,PRD_1702,195,12,2026-08-19 15:08:24
INV_104819,STR_115,PRD_2365,192,30,2026-08-19 15:13:58
INV_104820,STR_131,PRD_1942,64,27,2026-08-19 15:19:32
INV_104821,STR_129,PRD_2257,73,40,2026-08-19 15:25:07
INV_104822,STR_134,PRD_1792,2,45,2026-08-19 15:30:41
INV_104823,STR_107,PRD_2258,147,40,2026-08-19 15:36:15
INV_104824,STR_104,PRD_1125,93,17,2026-08-19T15:41:49.367291152
INV_104825,STR_136,PRD_1689,92,34,2026-08-19 15:47:23
INV_104826,STR_111,PRD_1476,73,29,2026-08-19 15:52:57
INV_104827,STR_124,PRD_1684,98,20,2026-08-19T15:58:31.674111607
INV_104828,STR_132,PRD_1371,32,49,2026-08-19T16:04:05.776385092
INV_104829,STR_138,PRD_2143,168,10,2026-08-19 16:09:39
INV_104830,STR_123,PRD_1541,91,30,2026-08-19 16:15:13
INV_104831,STR_110,PRD_1559,-3,26,19/08/2026 16:20
INV_104832,STR_141,PRD_1178,26,37,2026-08-19 16:26:22
INV_104833,STR_134,PRD_2117,95,27,19/08/2026 16:31
INV_104834,STR_139,PRD_1566,86,38,2026-08-19T16:37:30.390026001
INV_104835,STR_100,PRD_1747,79,19,19/08/2026 16:43
INV_104836,STR_107,PRD_1950,97,18,19/08/2026 16:48
INV_104837,STR_122,PRD_1301,109,43,19/08/2026 16:54
INV_104838,STR_119,PRD_2441,181,29,2026-08-19T16:59:46.799119941
INV_104839,STR_131,PRD_1585,28,40,2026-08-19T17:05:20.901393426
INV_104840,STR_110,PRD_2475,125,12,19/08/2026 17:10
INV_104841,STR_106,PRD_2440,51,10,2026-08-19 17:16:29
INV_104842,STR_129,PRD_2145,199,42,2026-08-19 17:22:03
INV_104843,STR_147,PRD_1056,28,17,2026-08-19 17:27:37
INV_104844,STR_138,PRD_2023,131,27,19/08/2026 17:33
INV_104845,STR_112,PRD_2162,41,39,19/08/2026 17:38
INV_104846,STR_141,PRD_2222,199,42,2026-08-19 17:44:19
INV_104847,STR_148,PRD_1720,46,31,19/08/2026 17:49
INV_104848,STR_102,PRD_2384,138,26,2026-08-19T17:55:27.821854790
INV_104849,STR_106,PRD_1409,12,18,2026-08-19T18:01:01.924128275
INV_104850,STR_142,PRD_1645,121,31,2026-08-19 18:06:36
INV_104851,STR_112,PRD_2266,191,19,2026-08-19 18:12:10
INV_104852,STR_136,PRD_2113,160,42,19/08/2026 18:17
INV_104853,STR_124,PRD_1061,128,48,19/08/2026 18:23
INV_104854,STR_122,PRD_2235,73,12,2026-08-19 18:28:52
INV_104855,STR_9999,PRD_1247,8,26,2026-08-19T18:34:26.537769184
INV_104856,STR_146,PRD_1496,54,18,2026-08-19 18:40:00
INV_104857,STR_132,PRD_1055,84,49,19/08/2026 18:45
INV_104858,STR_104,PRD_1458,119,45,19/08/2026 18:51
INV_104859,STR_131,PRD_1918,94,28,2026-08-19 18:56:42
INV_104860,STR_129,PRD_2312,166,43,2026-08-19 19:02:17
INV_104861,STR_130,PRD_2493,186,11,2026-08-19 19:07:51
INV_104862,STR_112,PRD_2412,151,36,2026-08-19 19:13:25
INV_104863,STR_141,PRD_2444,-7,28,2026-08-19 19:18:59
INV_104864,STR_104,PRD_1556,28,42,2026-08-19 19:24:33
INV_104865,STR_122,PRD_1963,38,35,2026-08-19 19:30:07
INV_104866,STR_100,PRD_2104,120,43,2026-08-19 19:35:41
INV_104867,STR_109,PRD_1443,143,37,2026-08-19T19:41:15.765051003
INV_104868,STR_149,PRD_1791,30,25,19/08/2026 19:46
INV_104869,STR_126,PRD_2310,54,31,2026-08-19 19:52:23
INV_104870,STR_107,PRD_2307,111,37,2026-08-19 19:57:58
INV_104871,STR_8888,PRD_1490,133,23,2026-08-19 20:03:32
INV_104872,STR_102,PRD_2411,175,15,2026-08-19 20:09:06
INV_104873,STR_118,PRD_1594,24,20,2026-08-19 20:14:40
INV_104874,STR_9999,PRD_1407,133,29,2026-08-19T20:20:14.480965397
INV_104875,STR_101,PRD_1326,22,45,2026-08-19 20:25:48
INV_104876,STR_148,PRD_1941,148,25,19/08/2026 20:31
INV_104877,STR_130,PRD_1948,139,15,2026-08-19 20:36:56
INV_104878,STR_147,PRD_2199,50,17,2026-08-19 20:42:30
INV_104879,STR_109,PRD_1382,97,45,2026-08-19T20:48:04.992332822
INV_104880,STR_115,PRD_2013,181,13,2026-08-19T20:53:39.094606307
INV_104881,STR_136,PRD_2281,187,43,2026-08-19 20:59:13
INV_104882,STR_119,PRD_1346,152,29,2026-08-19 21:04:47
INV_104883,STR_102,PRD_1271,28,33,2026-08-19 21:10:21
INV_104884,STR_134,PRD_2284,120,12,2026-08-19T21:15:55.503700246
INV_104885,STR_133,PRD_1395,85,37,19/08/2026 21:21
INV_104886,STR_120,PRD_1153,130,39,2026-08-19T21:27:03.708247216
INV_104887,STR_135,PRD_2090,3,38,2026-08-19 21:32:37
INV_104888,STR_131,PRD_1840,158,30,2026-08-19 21:38:11
INV_104889,STR_117,PRD_1347,125,36,2026-08-19T21:43:46.015067671
INV_104890,STR_133,PRD_2086,100,34,19/08/2026 21:49
INV_104891,STR_137,PRD_1355,8,12,2026-08-19 21:54:54
INV_104892,STR_102,PRD_2304,98,10,2026-08-19 22:00:28
INV_104893,STR_102,PRD_2064,131,32,2026-08-19 22:06:02
INV_104894,STR_126,PRD_1366,192,14,2026-08-19T22:11:36.526435095
INV_104895,STR_101,PRD_2014,167,40,2026-08-19 22:17:10
INV_104896,STR_102,PRD_1276,88,34,2026-08-19 22:22:44
INV_104897,STR_116,PRD_1220,50,44,2026-08-19T22:28:18.833255550
INV_104898,STR_145,PRD_1060,153,10,2026-08-19 22:33:52
INV_104899,STR_138,PRD_2126,56,24,19/08/2026 22:39
INV_104900,STR_137,PRD_2208,66,48,2026-08-19 22:45:01
INV_104901,STR_139,PRD_2170,197,33,19/08/2026 22:50
INV_104902,STR_118,PRD_1074,81,43,2026-08-19 22:56:09
INV_104903,STR_118,PRD_1472,34,27,19/08/2026 23:01
INV_104904,STR_143,PRD_2024,80,34,2026-08-19T23:07:17.549169944
INV_104905,STR_104,PRD_1415,191,45,2026-08-19 23:12:51
INV_104906,STR_104,PRD_2492,199,10,2026-08-19T23:18:25.753716914
INV_104907,STR_113,PRD_2388,61,18,2026-08-19T23:23:59.855990399
INV_104908,STR_126,PRD_1016,124,40,19/08/2026 23:29
INV_104909,STR_148,PRD_2462,102,31,2026-08-19T23:35:08.060537369
INV_104910,STR_147,PRD_2082,11,47,2026-08-19 23:40:42
INV_104911,STR_135,PRD_2138,91,11,2026-08-19 23:46:16
INV_104912,STR_139,PRD_1202,126,29,2026-08-19 23:51:50
INV_104913,STR_134,PRD_2217,49,32,2026-08-19T23:57:24.469631308
INV_104914,STR_120,PRD_1471,31,21,20/08/2026 00:02
INV_104915,STR_104,PRD_2129,48,19,2026-08-20 00:08:32
INV_104916,STR_123,PRD_1878,157,41,2026-08-20T00:14:06.776451763
INV_104917,STR_138,PRD_1964,18,14,2026-08-20 00:19:40
INV_104918,STR_149,PRD_1817,172,38,2026-08-20T00:25:14.980998733
INV_104919,STR_123,PRD_2149,181,42,2026-08-20T00:30:49.083272218
INV_104920,STR_139,PRD_1413,90,32,2026-08-20 00:36:23
INV_104921,STR_142,PRD_1500,103,45,2026-08-20 00:41:57
INV_104922,STR_145,PRD_1120,101,22,2026-08-20 00:47:31
INV_104923,STR_149,PRD_1606,31,11,2026-08-20 00:53:05
INV_104924,STR_112,PRD_2231,18,20,2026-08-20 00:58:39
INV_104925,STR_137,PRD_1349,10,37,2026-08-20 01:04:13
INV_104926,STR_144,PRD_1819,86,34,2026-08-20T01:09:47.799186612
INV_104927,STR_100,PRD_2216,180,45,2026-08-20 01:15:21
INV_104928,STR_142,PRD_1653,112,27,2026-08-20 01:20:56
INV_104929,STR_138,PRD_1783,52,48,2026-08-20 01:26:30
INV_104930,STR_109,PRD_2416,27,18,2026-08-20 01:32:04
INV_104931,STR_101,PRD_1496,196,11,2026-08-20 01:37:38
INV_104932,STR_115,PRD_1391,183,45,20/08/2026 01:43
INV_104933,STR_136,PRD_2132,129,26,2026-08-20 01:48:46
INV_104934,STR_115,PRD_1928,22,42,2026-08-20T01:54:20.617374491
INV_104935,STR_122,PRD_1469,196,44,2026-08-20 01:59:54
INV_104936,STR_125,PRD_1349,-10,42,2026-08-20T02:05:28.821921461
INV_104937,STR_115,PRD_1774,185,41,2026-08-20 02:11:02
INV_104938,STR_126,PRD_1148,17,29,2026-08-20 02:16:37
INV_104939,STR_146,PRD_1255,179,39,2026-08-20 02:22:11
INV_104940,STR_140,PRD_2412,67,31,2026-08-20 02:27:45
INV_104941,STR_129,PRD_2222,106,34,2026-08-20T02:33:19.333288886
INV_104942,STR_132,PRD_2466,48,20,2026-08-20T02:38:53.435562370
INV_104943,STR_131,PRD_2209,38,43,2026-08-20 02:44:27
INV_104944,STR_108,PRD_1343,34,37,2026-08-20 02:50:01
INV_104945,STR_110,PRD_1676,193,44,2026-08-20 02:55:35
INV_104946,STR_136,PRD_1107,112,13,2026-08-20 03:01:09
INV_104947,STR_105,PRD_1594,123,18,2026-08-20 03:06:43
INV_104948,STR_129,PRD_2103,104,31,2026-08-20 03:12:18
INV_104949,STR_139,PRD_2276,9,34,20/08/2026 03:17
INV_104950,STR_114,PRD_1024,74,30,20/08/2026 03:23
INV_104951,STR_147,PRD_1282,133,34,2026-08-20 03:29:00
INV_104952,STR_129,PRD_1886,129,26,2026-08-20 03:34:34
INV_104953,STR_117,PRD_1937,41,24,2026-08-20 03:40:08
INV_104954,STR_111,PRD_1619,137,16,2026-08-20 03:45:42
INV_104955,STR_103,PRD_1237,175,41,2026-08-20T03:51:16.765117674
INV_104956,STR_115,PRD_1937,162,17,2026-08-20 03:56:50
INV_104957,STR_122,PRD_1315,86,12,2026-08-20 04:02:24
INV_104958,STR_110,PRD_1839,103,42,2026-08-20 04:07:59
INV_104959,STR_123,PRD_1462,-9,45,2026-08-20 04:13:33
INV_104960,STR_121,PRD_1591,23,26,2026-08-20T04:19:07.276485099
INV_104961,STR_138,PRD_1839,15,10,20/08/2026 04:24
INV_104962,STR_114,PRD_1995,150,45,2026-08-20 04:30:15
INV_104963,STR_148,PRD_2405,159,49,2026-08-20 04:35:49
INV_104964,STR_114,PRD_2488,83,26,2026-08-20 04:41:23
INV_104965,STR_109,PRD_1149,54,46,2026-08-20 04:46:57
INV_104966,STR_127,PRD_1351,99,34,2026-08-20 04:52:31
INV_104967,STR_135,PRD_1441,-3,34,2026-08-20T04:58:05.992399493
INV_104968,STR_116,PRD_1394,54,22,2026-08-20 05:03:40
INV_104969,STR_135,PRD_2388,99,22,2026-08-20 05:09:14
INV_104970,STR_121,PRD_1005,127,21,2026-08-20T05:14:48.299219948
INV_104971,STR_122,PRD_1533,21,41,2026-08-20 05:20:22
INV_104972,STR_128,PRD_1219,40,44,2026-08-20 05:25:56
INV_104973,STR_121,PRD_1870,174,37,2026-08-20 05:31:30
INV_104974,STR_110,PRD_1011,157,29,2026-08-20 05:37:04
INV_104975,STR_135,PRD_1794,55,37,2026-08-20 05:42:38
INV_104976,STR_143,PRD_2408,20,40,20/08/2026 05:48
INV_104977,STR_128,PRD_1703,180,33,2026-08-20 05:53:47
INV_104978,STR_141,PRD_1457,57,20,2026-08-20 05:59:21
INV_104979,STR_131,PRD_1224,173,25,2026-08-20 06:04:55
INV_104980,STR_113,PRD_1335,1,47,2026-08-20 06:10:29
INV_104981,STR_117,PRD_1166,20,26,2026-08-20 06:16:03
INV_104982,STR_137,PRD_2339,12,14,2026-08-20 06:21:37
INV_104983,STR_136,PRD_2139,150,29,2026-08-20T06:27:11.628775251
INV_104984,STR_133,PRD_1497,-3,44,2026-08-20 06:32:45
INV_104985,STR_144,PRD_1147,179,23,2026-08-20 06:38:19
INV_104986,STR_122,PRD_1035,113,35,2026-08-20T06:43:53.935595706
INV_104987,STR_131,PRD_2430,69,33,2026-08-20 06:49:28
INV_104988,STR_145,PRD_2408,4,40,2026-08-20 06:55:02
INV_104989,STR_102,PRD_1989,158,27,2026-08-20T07:00:36.242416161
INV_104990,STR_142,PRD_2434,93,48,20/08/2026 07:06
INV_104991,STR_121,PRD_1307,169,31,2026-08-20T07:11:44.446963130
INV_104992,STR_122,PRD_1641,143,30,20/08/2026 07:17
INV_104993,STR_103,PRD_1239,67,43,2026-08-20 07:22:52
INV_104994,STR_112,PRD_1916,1,34,2026-08-20 07:28:26
INV_104995,STR_131,PRD_1904,16,49,2026-08-20T07:34:00.856057070
INV_104996,STR_128,PRD_2390,100,39,2026-08-20 07:39:34
INV_104997,STR_139,PRD_1855,185,15,20/08/2026 07:45
INV_104998,STR_139,PRD_1303,147,34,2026-08-20 07:50:43
INV_104999,STR_144,PRD_1616,-7,14,2026-08-20T07:56:17.265151010
INV_105000,STR_109,PRD_2190,43,38,2026-08-20 08:01:51
INV_105001,STR_112,PRD_1553,84,31,20/08/2026 08:07
INV_105002,STR_144,PRD_1765,151,12,2026-08-20 08:12:59
INV_105003,STR_116,PRD_2324,185,39,2026-08-20 08:18:33
INV_105004,STR_137,PRD_1897,73,33,2026-08-20 08:24:07
INV_105005,STR_101,PRD_1971,173,26,2026-08-20T08:29:41.878791919
INV_105006,STR_116,PRD_2228,135,29,2026-08-20 08:35:15
INV_105007,STR_143,PRD_1194,164,35,2026-08-20T08:40:50.083338889
INV_105008,STR_125,PRD_2194,189,14,2026-08-20T08:46:24.185612374
INV_105009,STR_137,PRD_2425,177,22,2026-08-20 08:51:58
INV_105010,STR_136,PRD_2062,95,48,2026-08-20T08:57:32.390159344
INV_105011,STR_104,PRD_1645,176,13,20/08/2026 09:03
INV_105012,STR_124,PRD_1251,119,26,2026-08-20T09:08:40.594706313
INV_105013,STR_108,PRD_2306,110,49,2026-08-20 09:14:14
INV_105014,STR_127,PRD_1206,62,44,2026-08-20T09:19:48.799253283
INV_105015,STR_121,PRD_1499,5,40,2026-08-20 09:25:22
INV_105016,STR_128,PRD_2166,175,25,2026-08-20 09:30:57
INV_105017,STR_134,PRD_1018,129,43,2026-08-20 09:36:31
INV_105018,STR_119,PRD_1818,122,41,2026-08-20 09:42:05
INV_105019,STR_104,PRD_1686,156,42,2026-08-20 09:47:39
INV_105020,STR_138,PRD_1019,132,17,2026-08-20 09:53:13
INV_105021,STR_143,PRD_1447,61,39,2026-08-20 09:58:47
INV_105022,STR_131,PRD_2249,77,12,20/08/2026 10:04
INV_105023,STR_138,PRD_2124,136,26,2026-08-20 10:09:55
INV_105024,STR_109,PRD_1738,90,33,20/08/2026 10:15
INV_105025,STR_139,PRD_1293,71,25,20/08/2026 10:21
INV_105026,STR_116,PRD_1064,74,29,2026-08-20 10:26:38
INV_105027,STR_136,PRD_1498,38,19,2026-08-20 10:32:12
INV_105028,STR_114,PRD_1075,112,33,2026-08-20 10:37:46
INV_105029,STR_108,PRD_1900,28,16,2026-08-20 10:43:20
INV_105030,STR_131,PRD_1634,67,29,20/08/2026 10:48
INV_105031,STR_122,PRD_2148,132,22,2026-08-20 10:54:28
INV_105032,STR_110,PRD_1026,112,38,2026-08-20T11:00:02.640176011
INV_105033,STR_112,PRD_2299,44,19,2026-08-20 11:05:36
INV_105034,STR_117,PRD_1679,102,18,2026-08-20 11:11:10
INV_105035,STR_148,PRD_1082,184,16,2026-08-20 11:16:44
INV_105036,STR_108,PRD_1485,173,42,2026-08-20 11:22:19
INV_105037,STR_141,PRD_2486,34,33,2026-08-20 11:27:53
INV_105038,STR_104,PRD_1005,192,25,2026-08-20 11:33:27
INV_105039,STR_142,PRD_1968,174,41,2026-08-20T11:39:01.356090406
INV_105040,STR_121,PRD_1367,56,13,2026-08-20 11:44:35
INV_105041,STR_131,PRD_1470,-5,23,2026-08-20 11:50:09
INV_105042,STR_146,PRD_2472,59,38,2026-08-20 11:55:43
INV_105043,STR_101,PRD_1688,148,31,2026-08-20T12:01:17.765184345
INV_105044,STR_120,PRD_1369,11,32,2026-08-20 12:06:51
INV_105045,STR_127,PRD_2363,74,35,20/08/2026 12:12
INV_105046,STR_8888,PRD_1277,155,35,2026-08-20 12:18:00
INV_105047,STR_123,PRD_1339,91,31,2026-08-20 12:23:34
INV_105048,STR_123,PRD_1814,47,12,20/08/2026 12:29
INV_105049,STR_113,PRD_1613,187,26,2026-08-20 12:34:42
INV_105050,STR_136,PRD_2103,146,23,20/08/2026 12:40
INV_105051,STR_126,PRD_1792,173,39,2026-08-20T12:45:50.583372224
INV_105052,STR_123,PRD_1602,99,22,2026-08-20 12:51:24
INV_105053,STR_105,PRD_1066,128,35,2026-08-20T12:56:58.787919194
INV_105054,STR_125,PRD_1214,165,49,2026-08-20T13:02:32.890192679
INV_105055,STR_114,PRD_1415,75,41,2026-08-20 13:08:06
INV_105056,STR_128,PRD_2168,49,43,2026-08-20 13:13:41
INV_105057,STR_135,PRD_1551,168,32,2026-08-20 13:19:15
INV_105058,STR_109,PRD_2309,156,43,2026-08-20T13:24:49.299286619
INV_105059,STR_127,PRD_1570,123,21,2026-08-20T13:30:23.401560104
INV_105060,STR_9999,PRD_1539,19,32,2026-08-20 13:35:57
INV_105061,STR_108,PRD_2070,96,37,2026-08-20 13:41:31
INV_105062,STR_120,PRD_2260,118,28,2026-08-20T13:47:05.708380558
INV_105063,STR_109,PRD_1116,75,43,2026-08-20 13:52:39
INV_105064,STR_103,PRD_1150,-2,17,2026-08-20 13:58:13
INV_105065,STR_103,PRD_2106,162,43,2026-08-20T14:03:48.015201013
INV_105066,STR_105,PRD_2080,125,25,20/08/2026 14:09
INV_105067,STR_125,PRD_1983,23,16,2026-08-20 14:14:56
INV_105068,STR_139,PRD_2408,197,36,2026-08-20 14:20:30
INV_105069,STR_115,PRD_2243,125,29,2026-08-20 14:26:04
INV_105070,STR_107,PRD_2308,129,44,2026-08-20 14:31:38
INV_105071,STR_127,PRD_2003,32,26,2026-08-20 14:37:12
INV_105072,STR_115,PRD_1433,94,37,2026-08-20 14:42:46
INV_105073,STR_137,PRD_1319,45,17,20/08/2026 14:48
INV_105074,STR_148,PRD_1241,20,13,20/08/2026 14:53
INV_105075,STR_100,PRD_1464,159,42,2026-08-20T14:59:29.037935862
INV_105076,STR_118,PRD_1202,150,31,20/08/2026 15:05
INV_105077,STR_149,PRD_1548,8,40,2026-08-20T15:10:37.242482832
INV_105078,STR_116,PRD_1757,102,10,2026-08-20 15:16:11
INV_105079,STR_148,PRD_2468,172,23,2026-08-20 15:21:45
INV_105080,STR_127,PRD_2158,-7,16,20/08/2026 15:27
INV_105081,STR_143,PRD_1857,1,17,2026-08-20 15:32:53
INV_105082,STR_111,PRD_1785,73,17,2026-08-20 15:38:27
INV_105083,STR_105,PRD_1540,93,33,2026-08-20T15:44:01.856123741
INV_105084,STR_106,PRD_1486,145,10,2026-08-20 15:49:35
INV_105085,STR_107,PRD_1571,47,44,2026-08-20T15:55:10.060670711
INV_105086,STR_102,PRD_1839,37,17,2026-08-20 16:00:44
INV_105087,STR_148,PRD_1660,109,14,2026-08-20 16:06:18
INV_105088,STR_120,PRD_1404,113,41,20/08/2026 16:11
INV_105089,STR_107,PRD_2456,-10,10,2026-08-20T16:17:26.469764651
INV_105090,STR_127,PRD_1656,94,11,2026-08-20 16:23:00
INV_105091,STR_129,PRD_2273,192,24,2026-08-20 16:28:34
INV_105092,STR_131,PRD_2103,33,18,2026-08-20 16:34:08
INV_105093,STR_110,PRD_1948,52,21,2026-08-20 16:39:42
INV_105094,STR_119,PRD_1014,84,19,2026-08-20 16:45:16
INV_105095,STR_149,PRD_1974,27,33,2026-08-20 16:50:51
INV_105096,STR_115,PRD_2063,-2,28,20/08/2026 16:56
INV_105097,STR_124,PRD_2104,-5,26,20/08/2026 17:01
INV_105098,STR_144,PRD_1306,59,11,2026-08-20 17:07:33
INV_105099,STR_108,PRD_1704,41,19,2026-08-20 17:13:07
INV_105100,STR_9999,PRD_1396,56,14,2026-08-20 17:18:41
INV_105101,STR_138,PRD_1677,85,48,2026-08-20 17:24:15
INV_105102,STR_148,PRD_1969,88,15,2026-08-20 17:29:49
INV_105103,STR_139,PRD_1864,133,11,2026-08-20 17:35:23
INV_105104,STR_139,PRD_2227,119,17,2026-08-20 17:40:58
INV_105105,STR_102,PRD_1210,25,13,20/08/2026 17:46
INV_105106,STR_115,PRD_1398,94,40,2026-08-20T17:52:06.208413894
INV_105107,STR_111,PRD_2396,188,45,2026-08-20 17:57:40
INV_105108,STR_114,PRD_2412,24,17,2026-08-20 18:03:14
INV_105109,STR_103,PRD_1257,109,40,2026-08-20 18:08:48
INV_105110,STR_122,PRD_1114,19,26,20/08/2026 18:14
INV_105111,STR_126,PRD_1333,162,49,2026-08-20T18:19:56.719781318
INV_105112,STR_138,PRD_1348,163,23,2026-08-20 18:25:30
INV_105113,STR_142,PRD_1232,82,17,2026-08-20 18:31:04
INV_105114,STR_136,PRD_1448,182,34,20/08/2026 18:36
INV_105115,STR_112,PRD_2100,118,23,20/08/2026 18:42
INV_105116,STR_142,PRD_1827,94,32,2026-08-20 18:47:47
INV_105117,STR_136,PRD_1607,174,26,20/08/2026 18:53
INV_105118,STR_139,PRD_1097,188,21,2026-08-20 18:58:55
INV_105119,STR_120,PRD_1567,184,29,2026-08-20 19:04:29
INV_105120,STR_128,PRD_1461,89,43,2026-08-20 19:10:03
INV_105121,STR_128,PRD_1499,92,20,2026-08-20 19:15:37
INV_105122,STR_148,PRD_1630,20,36,20/08/2026 19:21
INV_105123,STR_110,PRD_2061,14,18,2026-08-20 19:26:45
INV_105124,STR_9999,PRD_2381,36,27,2026-08-20 19:32:20
INV_105125,STR_149,PRD_2265,173,47,2026-08-20 19:37:54
INV_105126,STR_127,PRD_2074,-10,45,2026-08-20 19:43:28
INV_105127,STR_109,PRD_2448,91,37,2026-08-20 19:49:02
INV_105128,STR_104,PRD_1126,107,29,2026-08-20T19:54:36.458430562
INV_105129,STR_124,PRD_2126,154,38,2026-08-20 20:00:10
INV_105130,STR_132,PRD_1476,192,13,2026-08-20 20:05:44
INV_105131,STR_116,PRD_2252,102,24,2026-08-20T20:11:18.765251016
INV_105132,STR_148,PRD_1722,184,37,2026-08-20 20:16:52
INV_105133,STR_132,PRD_1435,129,49,2026-08-20 20:22:26
INV_105134,STR_124,PRD_2408,9,33,2026-08-20 20:28:01
INV_105135,STR_132,PRD_1084,19,46,20/08/2026 20:33
INV_105136,STR_108,PRD_2382,191,25,2026-08-20 20:39:09
INV_105137,STR_126,PRD_1785,181,31,2026-08-20 20:44:43
INV_105138,STR_124,PRD_1026,68,26,2026-08-20T20:50:17.481165411
INV_105139,STR_103,PRD_1859,117,10,2026-08-20 20:55:51
INV_105140,STR_108,PRD_1071,74,40,2026-08-20 21:01:25
INV_105141,STR_145,PRD_2118,53,34,2026-08-20 21:06:59
INV_105142,STR_114,PRD_1587,7,21,2026-08-20 21:12:33
INV_105143,STR_115,PRD_2449,21,29,2026-08-20 21:18:07
INV_105144,STR_115,PRD_2029,136,28,2026-08-20T21:23:42.094806320
INV_105145,STR_112,PRD_2113,83,14,2026-08-20 21:29:16
INV_105146,STR_113,PRD_2245,22,24,20/08/2026 21:34
INV_105147,STR_121,PRD_1151,179,34,2026-08-20 21:40:24
INV_105148,STR_120,PRD_2235,139,44,2026-08-20 21:45:58
INV_105149,STR_108,PRD_1582,98,12,2026-08-20 21:51:32
INV_105150,STR_140,PRD_2286,146,27,2026-08-20 21:57:06
INV_105151,STR_103,PRD_2405,-7,31,2026-08-20 22:02:40
INV_105152,STR_109,PRD_1056,167,25,20/08/2026 22:08
INV_105153,STR_134,PRD_1425,193,24,20/08/2026 22:13
INV_105154,STR_108,PRD_1141,89,14,2026-08-20 22:19:23
INV_105155,STR_9999,PRD_1567,111,22,2026-08-20T22:24:57.219814654
INV_105156,STR_147,PRD_2038,121,37,2026-08-20T22:30:31.322088139
INV_105157,STR_115,PRD_2031,-6,19,2026-08-20 22:36:05
INV_105158,STR_148,PRD_2254,156,25,2026-08-20 22:41:39
INV_105159,STR_117,PRD_2209,46,11,2026-08-20T22:47:13.628908593
INV_105160,STR_109,PRD_2076,20,45,2026-08-20 22:52:47
INV_105161,STR_120,PRD_1136,-4,34,2026-08-20T22:58:21.833455563
INV_105162,STR_9999,PRD_1173,1,14,2026-08-20 23:03:55
INV_105163,STR_114,PRD_1859,-1,37,2026-08-20T23:09:30.038002533
INV_105164,STR_114,PRD_1218,146,26,2026-08-20 23:15:04
INV_105165,STR_110,PRD_2286,130,11,2026-08-20 23:20:38
INV_105166,STR_139,PRD_1254,116,24,2026-08-20 23:26:12
INV_105167,STR_147,PRD_1811,187,47,2026-08-20T23:31:46.447096473
INV_105168,STR_141,PRD_1269,148,38,2026-08-20T23:37:20.549369958
INV_105169,STR_140,PRD_1223,126,32,2026-08-20 23:42:54
INV_105170,STR_146,PRD_1882,168,27,2026-08-20 23:48:28
INV_105171,STR_136,PRD_1603,77,23,2026-08-20 23:54:02
INV_105172,STR_119,PRD_2157,133,41,2026-08-20 23:59:36
INV_105173,STR_133,PRD_2186,176,15,2026-08-21 00:05:11
INV_105174,STR_121,PRD_1700,175,37,2026-08-21 00:10:45
INV_105175,STR_147,PRD_1919,0,27,2026-08-21 00:16:19
INV_105176,STR_117,PRD_1072,153,44,21/08/2026 00:21
INV_105177,STR_115,PRD_1897,-10,47,2026-08-21 00:27:27
INV_105178,STR_104,PRD_1946,10,13,2026-08-21 00:33:01
INV_105179,STR_100,PRD_1542,161,40,21/08/2026 00:38
INV_105180,STR_118,PRD_1630,89,20,21/08/2026 00:44
INV_105181,STR_109,PRD_1794,154,20,2026-08-21T00:49:43.878925261
INV_105182,STR_120,PRD_1877,-5,38,2026-08-21T00:55:17.981198746
INV_105183,STR_112,PRD_2278,131,28,21/08/2026 01:00
INV_105184,STR_123,PRD_1756,82,26,21/08/2026 01:06
INV_105185,STR_122,PRD_1617,118,13,2026-08-21 01:12:00
INV_105186,STR_122,PRD_1197,125,13,2026-08-21T01:17:34.390292686
INV_105187,STR_110,PRD_2450,100,21,2026-08-21 01:23:08
INV_105188,STR_146,PRD_1492,33,16,2026-08-21 01:28:42
INV_105189,STR_101,PRD_1081,112,30,2026-08-21 01:34:16
INV_105190,STR_105,PRD_2331,76,42,21/08/2026 01:39
INV_105191,STR_110,PRD_1373,92,46,2026-08-21 01:45:24
INV_105192,STR_114,PRD_2482,94,21,21/08/2026 01:50
INV_105193,STR_108,PRD_1500,64,16,2026-08-21 01:56:33
INV_105194,STR_111,PRD_1356,144,24,2026-08-21T02:02:07.208480565
INV_105195,STR_135,PRD_2319,25,46,2026-08-21 02:07:41
INV_105196,STR_127,PRD_1579,159,18,2026-08-21 02:13:15
INV_105197,STR_122,PRD_1299,137,42,21/08/2026 02:18
INV_105198,STR_126,PRD_1645,-3,47,2026-08-21T02:24:23.617574505
INV_105199,STR_123,PRD_2366,35,25,2026-08-21 02:29:57
INV_105200,STR_113,PRD_1119,89,40,2026-08-21 02:35:31
INV_105201,STR_134,PRD_1185,41,24,2026-08-21 02:41:05
INV_105202,STR_126,PRD_1583,15,11,2026-08-21T02:46:40.026668444
INV_105203,STR_120,PRD_2181,24,22,2026-08-21T02:52:14.128941929
INV_105204,STR_148,PRD_2251,177,14,2026-08-21 02:57:48
INV_105205,STR_112,PRD_1307,120,42,2026-08-21 03:03:22
INV_105206,STR_107,PRD_1233,112,41,2026-08-21 03:08:56
INV_105207,STR_143,PRD_2034,121,30,2026-08-21 03:14:30
INV_105208,STR_143,PRD_1174,51,11,2026-08-21 03:20:04
INV_105209,STR_143,PRD_1772,53,45,21/08/2026 03:25
INV_105210,STR_133,PRD_1642,167,42,2026-08-21 03:31:12
INV_105211,STR_141,PRD_1910,136,20,21/08/2026 03:36
INV_105212,STR_122,PRD_2025,160,32,2026-08-21 03:42:21
INV_105213,STR_108,PRD_1760,71,47,2026-08-21 03:47:55
INV_105214,STR_100,PRD_1181,3,42,21/08/2026 03:53
INV_105215,STR_135,PRD_1941,3,49,2026-08-21 03:59:03
INV_105216,STR_145,PRD_1349,43,17,2026-08-21T04:04:37.458497233
INV_105217,STR_115,PRD_1638,146,45,2026-08-21 04:10:11
INV_105218,STR_124,PRD_2405,120,45,2026-08-21 04:15:45
INV_105219,STR_117,PRD_2320,87,42,2026-08-21 04:21:19
INV_105220,STR_133,PRD_2220,190,38,21/08/2026 04:26
INV_105221,STR_137,PRD_2309,93,40,2026-08-21 04:32:27
INV_105222,STR_102,PRD_1224,-6,39,2026-08-21 04:38:02
INV_105223,STR_119,PRD_1285,-6,17,2026-08-21 04:43:36
INV_105224,STR_118,PRD_2354,106,35,2026-08-21 04:49:10
INV_105225,STR_112,PRD_2186,34,32,2026-08-21T04:54:44.378958597
INV_105226,STR_116,PRD_1192,181,35,21/08/2026 05:00
INV_105227,STR_113,PRD_2168,181,47,2026-08-21T05:05:52.583505567
INV_105228,STR_129,PRD_1670,160,48,2026-08-21 05:11:26
INV_105229,STR_121,PRD_1691,160,11,2026-08-21 05:17:00
INV_105230,STR_142,PRD_1537,105,35,2026-08-21 05:22:34
INV_105231,STR_147,PRD_1611,40,27,2026-08-21 05:28:08
INV_105232,STR_142,PRD_1900,2,36,2026-08-21 05:33:43
INV_105233,STR_128,PRD_2293,62,26,2026-08-21 05:39:17
INV_105234,STR_149,PRD_1050,57,24,2026-08-21 05:44:51
INV_105235,STR_101,PRD_1127,58,16,2026-08-21 05:50:25
INV_105236,STR_107,PRD_2069,124,26,2026-08-21T05:55:59.503966931
INV_105237,STR_113,PRD_1233,81,28,2026-08-21 06:01:33
INV_105238,STR_133,PRD_1447,93,36,2026-08-21 06:07:07
INV_105239,STR_112,PRD_1583,67,49,2026-08-21 06:12:41
INV_105240,STR_109,PRD_2466,159,26,2026-08-21 06:18:15
INV_105241,STR_107,PRD_1502,91,41,2026-08-21 06:23:50
INV_105242,STR_106,PRD_1606,-6,25,2026-08-21 06:29:24
INV_105243,STR_112,PRD_1921,164,39,2026-08-21 06:34:58
INV_105244,STR_125,PRD_1284,37,23,21/08/2026 06:40
INV_105245,STR_131,PRD_2155,112,27,21/08/2026 06:46
INV_105246,STR_118,PRD_2499,81,31,2026-08-21 06:51:40
INV_105247,STR_114,PRD_1935,164,25,2026-08-21 06:57:14
INV_105248,STR_101,PRD_1543,125,25,2026-08-21 07:02:48
INV_105249,STR_136,PRD_1355,138,35,2026-08-21 07:08:22
INV_105250,STR_118,PRD_2060,77,15,2026-08-21T07:13:56.935795719
INV_105251,STR_132,PRD_1137,107,16,2026-08-21 07:19:31
INV_105252,STR_138,PRD_2445,13,18,2026-08-21T07:25:05.140342689
INV_105253,STR_149,PRD_2468,130,35,2026-08-21 07:30:39
INV_105254,STR_132,PRD_1611,102,11,2026-08-21T07:36:13.344889659
INV_105255,STR_100,PRD_2265,132,45,2026-08-21 07:41:47
INV_105256,STR_138,PRD_2268,99,12,2026-08-21 07:47:21
INV_105257,STR_127,PRD_2232,78,30,2026-08-21 07:52:55
INV_105258,STR_116,PRD_1456,98,12,21/08/2026 07:58
INV_105259,STR_105,PRD_1098,42,18,2026-08-21T08:04:03.856257083
INV_105260,STR_8888,PRD_2160,189,21,2026-08-21 08:09:37
INV_105261,STR_143,PRD_2210,148,17,2026-08-21 08:15:12
INV_105262,STR_119,PRD_1035,188,46,2026-08-21 08:20:46
INV_105263,STR_146,PRD_1629,40,30,2026-08-21 08:26:20
INV_105264,STR_112,PRD_1669,164,46,2026-08-21 08:31:54
INV_105265,STR_111,PRD_1786,156,49,2026-08-21 08:37:28
INV_105266,STR_129,PRD_1680,198,12,2026-08-21 08:43:02
INV_105267,STR_120,PRD_1054,106,30,2026-08-21 08:48:36
INV_105268,STR_101,PRD_2494,46,35,2026-08-21 08:54:10
INV_105269,STR_117,PRD_2107,167,33,2026-08-21 08:59:44
INV_105270,STR_127,PRD_2029,104,43,2026-08-21T09:05:18.981265417
INV_105271,STR_103,PRD_1890,46,41,2026-08-21 09:10:53
INV_105272,STR_141,PRD_2386,24,36,2026-08-21 09:16:27
INV_105273,STR_142,PRD_2006,75,39,2026-08-21 09:22:01
INV_105274,STR_105,PRD_1767,124,13,2026-08-21 09:27:35
INV_105275,STR_137,PRD_1917,42,11,2026-08-21 09:33:09
INV_105276,STR_108,PRD_1663,-1,32,2026-08-21 09:38:43
INV_105277,STR_119,PRD_1829,28,13,2026-08-21 09:44:17
INV_105278,STR_144,PRD_1169,175,46,21/08/2026 09:49
INV_105279,STR_129,PRD_1248,152,20,2026-08-21 09:55:25
INV_105280,STR_136,PRD_1661,116,45,2026-08-21 10:01:00
INV_105281,STR_137,PRD_1209,48,45,2026-08-21 10:06:34
INV_105282,STR_103,PRD_1911,106,24,2026-08-21 10:12:08
INV_105283,STR_137,PRD_1739,139,46,21/08/2026 10:17
INV_105284,STR_149,PRD_2267,126,12,2026-08-21 10:23:16
INV_105285,STR_112,PRD_1140,89,39,2026-08-21 10:28:50
INV_105286,STR_134,PRD_1631,-3,32,2026-08-21 10:34:24
INV_105287,STR_129,PRD_1804,109,42,2026-08-21 10:39:58
INV_105288,STR_141,PRD_1179,47,10,21/08/2026 10:45
INV_105289,STR_103,PRD_1919,116,10,2026-08-21 10:51:06
INV_105290,STR_124,PRD_1636,84,12,2026-08-21 10:56:41
INV_105291,STR_130,PRD_1753,139,18,2026-08-21T11:02:15.129008600
INV_105292,STR_146,PRD_1986,84,41,2026-08-21 11:07:49
INV_105293,STR_111,PRD_2040,157,22,2026-08-21 11:13:23
INV_105294,STR_114,PRD_2039,145,40,2026-08-21 11:18:57
INV_105295,STR_125,PRD_1384,163,30,2026-08-21 11:24:31
INV_105296,STR_109,PRD_2364,58,32,2026-08-21T11:30:05.640376025
INV_105297,STR_111,PRD_1892,198,22,2026-08-21 11:35:39
INV_105298,STR_121,PRD_1986,41,35,2026-08-21 11:41:13
INV_105299,STR_139,PRD_1768,0,34,21/08/2026 11:46
INV_105300,STR_120,PRD_1791,139,17,21/08/2026 11:52
INV_105301,STR_134,PRD_1045,36,49,2026-08-21 11:57:56
INV_105302,STR_106,PRD_1503,78,39,2026-08-21 12:03:30
INV_105303,STR_117,PRD_2166,2,14,2026-08-21T12:09:04.356290419
INV_105304,STR_126,PRD_2308,115,33,2026-08-21 12:14:38
INV_105305,STR_134,PRD_2378,89,19,2026-08-21 12:20:12
INV_105306,STR_146,PRD_1829,107,28,2026-08-21 12:25:46
INV_105307,STR_101,PRD_1524,162,44,2026-08-21 12:31:20
INV_105308,STR_131,PRD_1978,64,31,21/08/2026 12:36
INV_105309,STR_114,PRD_1556,58,48,2026-08-21 12:42:28
INV_105310,STR_144,PRD_1046,110,47,2026-08-21 12:48:03
INV_105311,STR_123,PRD_1527,67,16,2026-08-21 12:53:37
INV_105312,STR_119,PRD_1106,11,48,2026-08-21 12:59:11
INV_105313,STR_109,PRD_2026,184,29,21/08/2026 13:04
INV_105314,STR_123,PRD_1615,152,49,21/08/2026 13:10
INV_105315,STR_123,PRD_1965,149,41,2026-08-21 13:15:53
INV_105316,STR_123,PRD_2118,155,11,2026-08-21 13:21:27
INV_105317,STR_139,PRD_2156,47,24,2026-08-21 13:27:01
INV_105318,STR_147,PRD_1859,157,19,2026-08-21 13:32:35
INV_105319,STR_147,PRD_1200,10,30,2026-08-21 13:38:09
INV_105320,STR_133,PRD_1253,38,24,2026-08-21 13:43:44
INV_105321,STR_140,PRD_1182,86,43,2026-08-21 13:49:18
INV_105322,STR_139,PRD_2173,81,44,2026-08-21T13:54:52.299486632
INV_105323,STR_110,PRD_1980,28,14,2026-08-21 14:00:26
INV_105324,STR_125,PRD_1489,178,28,2026-08-21 14:06:00
INV_105325,STR_100,PRD_1504,89,16,21/08/2026 14:11
INV_105326,STR_129,PRD_1412,-1,45,2026-08-21 14:17:08
INV_105327,STR_142,PRD_1403,157,27,2026-08-21 14:22:42
INV_105328,STR_117,PRD_1235,47,15,2026-08-21T14:28:16.913127541
INV_105329,STR_125,PRD_1858,78,13,2026-08-21T14:33:51.015401026
INV_105330,STR_146,PRD_1965,162,14,2026-08-21 14:39:25
INV_105331,STR_108,PRD_1632,134,23,2026-08-21 14:44:59
INV_105332,STR_108,PRD_2457,110,42,2026-08-21 14:50:33
INV_105333,STR_100,PRD_1207,57,30,2026-08-21 14:56:07
INV_105334,STR_106,PRD_1139,-1,22,21/08/2026 15:01
INV_105335,STR_143,PRD_1587,106,11,2026-08-21T15:07:15.629041936
INV_105336,STR_141,PRD_1586,51,24,2026-08-21 15:12:49
INV_105337,STR_9999,PRD_2330,78,25,2026-08-21 15:18:23
INV_105338,STR_115,PRD_1916,149,44,2026-08-21 15:23:57
INV_105339,STR_137,PRD_1966,61,29,2026-08-21 15:29:32
INV_105340,STR_110,PRD_1569,159,10,2026-08-21 15:35:06
INV_105341,STR_9999,PRD_2121,162,12,2026-08-21T15:40:40.242682845
INV_105342,STR_124,PRD_1124,65,26,21/08/2026 15:46
INV_105343,STR_128,PRD_2372,138,26,2026-08-21T15:51:48.447229815
INV_105344,STR_118,PRD_1133,98,29,2026-08-21 15:57:22
INV_105345,STR_117,PRD_1995,144,29,2026-08-21 16:02:56
INV_105346,STR_146,PRD_2249,117,13,2026-08-21 16:08:30
INV_105347,STR_128,PRD_1649,147,20,21/08/2026 16:14
INV_105348,STR_115,PRD_1705,63,24,2026-08-21 16:19:38
INV_105349,STR_145,PRD_1567,118,36,2026-08-21 16:25:13
INV_105350,STR_139,PRD_1338,-2,33,2026-08-21 16:30:47
INV_105351,STR_107,PRD_1838,-8,29,2026-08-21 16:36:21
INV_105352,STR_133,PRD_1321,102,24,2026-08-21T16:41:55.367691179
INV_105353,STR_105,PRD_2110,42,15,21/08/2026 16:47
INV_105354,STR_144,PRD_1094,159,27,21/08/2026 16:53
INV_105355,STR_144,PRD_1195,136,31,2026-08-21 16:58:37
INV_105356,STR_129,PRD_1191,-5,30,2026-08-21T17:04:11.776785119
INV_105357,STR_143,PRD_1655,124,33,2026-08-21 17:09:45
INV_105358,STR_133,PRD_1521,160,26,2026-08-21T17:15:19.981332088
INV_105359,STR_120,PRD_1752,69,20,2026-08-21 17:20:54
INV_105360,STR_8888,PRD_1987,25,27,2026-08-21 17:26:28
INV_105361,STR_111,PRD_2005,185,44,2026-08-21T17:32:02.288152543
INV_105362,STR_148,PRD_1012,199,40,21/08/2026 17:37
INV_105363,STR_105,PRD_1253,85,37,2026-08-21 17:43:10
INV_105364,STR_138,PRD_1080,199,33,2026-08-21T17:48:44.594972998
INV_105365,STR_105,PRD_1372,28,45,21/08/2026 17:54
INV_105366,STR_103,PRD_1393,32,33,2026-08-21 17:59:52
INV_105367,STR_108,PRD_1417,154,42,21/08/2026 18:05
INV_105368,STR_104,PRD_2082,145,39,21/08/2026 18:11
INV_105369,STR_109,PRD_1127,39,46,21/08/2026 18:16
INV_105370,STR_146,PRD_1816,28,22,2026-08-21T18:22:09.208613907
INV_105371,STR_107,PRD_1773,119,25,2026-08-21 18:27:43
INV_105372,STR_122,PRD_2356,114,18,2026-08-21T18:33:17.413160877
INV_105373,STR_103,PRD_1891,154,22,2026-08-21T18:38:51.515434362
INV_105374,STR_136,PRD_1281,90,16,21/08/2026 18:44
INV_105375,STR_106,PRD_1206,104,44,2026-08-21 18:49:59
INV_105376,STR_105,PRD_2295,183,35,2026-08-21 18:55:33
INV_105377,STR_144,PRD_2332,8,18,21/08/2026 19:01
INV_105378,STR_9999,PRD_1402,58,44,2026-08-21 19:06:42
INV_105379,STR_141,PRD_2198,33,33,2026-08-21 19:12:16
INV_105380,STR_114,PRD_1217,130,42,2026-08-21 19:17:50
INV_105381,STR_134,PRD_1325,139,30,2026-08-21T19:23:24.333622241
INV_105382,STR_149,PRD_1755,124,31,2026-08-21 19:28:58
INV_105383,STR_131,PRD_2276,119,48,2026-08-21 19:34:32
INV_105384,STR_113,PRD_2477,51,28,2026-08-21 19:40:06
INV_105385,STR_134,PRD_2212,195,41,2026-08-21 19:45:40
INV_105386,STR_110,PRD_2466,78,14,2026-08-21T19:51:14.844989666
INV_105387,STR_109,PRD_2011,122,21,2026-08-21 19:56:48
INV_105388,STR_116,PRD_1129,137,49,2026-08-21 20:02:23
INV_105389,STR_112,PRD_1002,115,15,2026-08-21 20:07:57
INV_105390,STR_133,PRD_2374,43,27,2026-08-21 20:13:31
INV_105391,STR_144,PRD_1554,65,16,21/08/2026 20:19
INV_105392,STR_9999,PRD_2156,180,28,2026-08-21T20:24:39.458630575
INV_105393,STR_104,PRD_1265,153,24,2026-08-21 20:30:13
INV_105394,STR_147,PRD_1922,198,18,2026-08-21 20:35:47
INV_105395,STR_109,PRD_1023,133,29,21/08/2026 20:41
INV_105396,STR_131,PRD_1533,46,29,2026-08-21 20:46:55
INV_105397,STR_111,PRD_1002,53,13,2026-08-21 20:52:29
INV_105398,STR_8888,PRD_1879,127,19,21/08/2026 20:58
INV_105399,STR_112,PRD_1426,88,49,2026-08-21 21:03:38
INV_105400,STR_120,PRD_1003,91,10,2026-08-21 21:09:12
INV_105401,STR_147,PRD_1807,88,44,2026-08-21 21:14:46
INV_105402,STR_132,PRD_1783,40,33,2026-08-21 21:20:20
INV_105403,STR_140,PRD_1502,16,16,2026-08-21T21:25:54.583638909
INV_105404,STR_147,PRD_1231,124,31,21/08/2026 21:31
INV_105405,STR_9999,PRD_1872,80,32,2026-08-21T21:37:02.788185879
INV_105406,STR_146,PRD_1749,30,10,2026-08-21 21:42:36
INV_105407,STR_149,PRD_1071,107,33,21/08/2026 21:48
INV_105408,STR_131,PRD_1087,193,29,2026-08-21 21:53:45
INV_105409,STR_111,PRD_1527,115,41,2026-08-21T21:59:19.197279818
INV_105410,STR_145,PRD_1885,86,40,2026-08-21T22:04:53.299553303
INV_105411,STR_134,PRD_1602,110,42,2026-08-21 22:10:27
INV_105412,STR_135,PRD_1449,130,45,2026-08-21T22:16:01.504100273
INV_105413,STR_137,PRD_1438,106,27,2026-08-21T22:21:35.606373758
INV_105414,STR_147,PRD_2458,55,46,2026-08-21T22:27:09.708647243
INV_105415,STR_127,PRD_2107,120,42,21/08/2026 22:32
INV_105416,STR_112,PRD_2362,0,42,2026-08-21T22:38:17.913194213
INV_105417,STR_111,PRD_1125,122,14,21/08/2026 22:43
INV_105418,STR_121,PRD_1562,49,27,2026-08-21T22:49:26.117741182
INV_105419,STR_143,PRD_2041,119,18,2026-08-21 22:55:00
INV_105420,STR_101,PRD_1848,81,40,2026-08-21 23:00:34
INV_105421,STR_128,PRD_1864,66,16,2026-08-21 23:06:08
INV_105422,STR_112,PRD_1923,93,24,21/08/2026 23:11
INV_105423,STR_134,PRD_1344,53,13,2026-08-21 23:17:16
INV_105424,STR_112,PRD_1467,130,48,2026-08-21 23:22:50
INV_105425,STR_133,PRD_1980,43,17,2026-08-21T23:28:24.833655577
INV_105426,STR_118,PRD_1140,129,33,2026-08-21 23:33:58
INV_105427,STR_108,PRD_2029,135,17,21/08/2026 23:39
INV_105428,STR_8888,PRD_1668,7,14,2026-08-21 23:45:07
INV_105429,STR_130,PRD_1630,134,32,21/08/2026 23:50
INV_105430,STR_132,PRD_2088,156,43,2026-08-21 23:56:15
INV_105431,STR_126,PRD_2079,75,24,22/08/2026 00:01
INV_105432,STR_144,PRD_1797,130,28,2026-08-22 00:07:23
INV_105433,STR_101,PRD_2119,34,34,2026-08-22 00:12:57
INV_105434,STR_114,PRD_1954,117,48,2026-08-22 00:18:31
INV_105435,STR_118,PRD_1214,91,13,2026-08-22 00:24:05
INV_105436,STR_130,PRD_1742,106,17,2026-08-22T00:29:39.958663911
INV_105437,STR_115,PRD_1057,136,38,2026-08-22T00:35:14.060937395
INV_105438,STR_142,PRD_1905,136,22,2026-08-22T00:40:48.163210880
INV_105439,STR_114,PRD_1404,10,47,22/08/2026 00:46
INV_105440,STR_105,PRD_2207,13,45,2026-08-22T00:51:56.367757850
INV_105441,STR_113,PRD_2305,147,46,2026-08-22 00:57:30
INV_105442,STR_126,PRD_1720,37,40,2026-08-22T01:03:04.572304820
INV_105443,STR_137,PRD_2186,152,28,2026-08-22 01:08:38
INV_105444,STR_118,PRD_2112,99,46,2026-08-22T01:14:12.776851790
INV_105445,STR_136,PRD_1782,48,34,2026-08-22 01:19:46
INV_105446,STR_142,PRD_1096,6,46,22/08/2026 01:25
INV_105447,STR_103,PRD_1586,37,10,2026-08-22 01:30:55
INV_105448,STR_125,PRD_2111,44,30,2026-08-22T01:36:29.185945729
INV_105449,STR_108,PRD_1517,126,48,2026-08-22T01:42:03.288219214
INV_105450,STR_140,PRD_1667,66,35,2026-08-22T01:47:37.390492699
INV_105451,STR_148,PRD_2086,3,12,2026-08-22 01:53:11
INV_105452,STR_139,PRD_1540,143,14,2026-08-22 01:58:45
INV_105453,STR_114,PRD_1815,169,38,2026-08-22 02:04:19
INV_105454,STR_140,PRD_1190,74,42,2026-08-22 02:09:53
INV_105455,STR_136,PRD_1916,33,11,2026-08-22T02:15:27.901860124
INV_105456,STR_103,PRD_1715,128,27,22/08/2026 02:21
INV_105457,STR_125,PRD_2301,40,23,2026-08-22T02:26:36.106407093
INV_105458,STR_8888,PRD_1538,159,49,2026-08-22 02:32:10
INV_105459,STR_117,PRD_1084,179,39,2026-08-22 02:37:44
INV_105460,STR_140,PRD_2358,152,38,2026-08-22 02:43:18
INV_105461,STR_134,PRD_1440,53,38,22/08/2026 02:48
INV_105462,STR_140,PRD_1789,84,28,22/08/2026 02:54
INV_105463,STR_140,PRD_2195,135,35,2026-08-22 03:00:00
INV_105464,STR_128,PRD_1338,131,49,2026-08-22T03:05:34.822321488
INV_105465,STR_123,PRD_2252,109,18,22/08/2026 03:11
INV_105466,STR_103,PRD_2202,38,22,2026-08-22 03:16:43
INV_105467,STR_120,PRD_2270,186,47,2026-08-22 03:22:17
INV_105468,STR_138,PRD_2003,134,40,2026-08-22T03:27:51.231415427
INV_105469,STR_106,PRD_1673,138,23,2026-08-22 03:33:25
INV_105470,STR_122,PRD_1729,131,40,2026-08-22 03:38:59
INV_105471,STR_139,PRD_1316,-8,24,22/08/2026 03:44
INV_105472,STR_120,PRD_2309,148,43,2026-08-22 03:50:07
INV_105473,STR_100,PRD_1075,36,19,2026-08-22 03:55:41
INV_105474,STR_140,PRD_1973,161,30,2026-08-22 04:01:15
INV_105475,STR_124,PRD_1998,6,48,2026-08-22 04:06:49
INV_105476,STR_130,PRD_2475,70,34,2026-08-22 04:12:24
INV_105477,STR_143,PRD_1203,173,46,2026-08-22T04:17:58.151876791
INV_105478,STR_137,PRD_1423,16,49,2026-08-22T04:23:32.254150276
INV_105479,STR_144,PRD_1192,60,29,2026-08-22 04:29:06
INV_105480,STR_104,PRD_2316,79,16,22/08/2026 04:34
INV_105481,STR_130,PRD_1896,186,27,2026-08-22 04:40:14
INV_105482,STR_9999,PRD_1780,119,35,22/08/2026 04:45
INV_105483,STR_100,PRD_2436,69,26,2026-08-22 04:51:22
INV_105484,STR_129,PRD_2462,179,16,2026-08-22T04:56:56.867791186
INV_105485,STR_117,PRD_1300,98,37,2026-08-22 05:02:30
INV_105486,STR_107,PRD_1259,192,30,2026-08-22 05:08:05
INV_105487,STR_125,PRD_2215,76,46,2026-08-22 05:13:39
INV_105488,STR_139,PRD_2294,-5,32,22/08/2026 05:19
INV_105489,STR_114,PRD_2003,90,19,2026-08-22 05:24:47
INV_105490,STR_118,PRD_1615,182,26,2026-08-22T05:30:21.481432095
INV_105491,STR_109,PRD_1431,135,47,22/08/2026 05:35
INV_105492,STR_123,PRD_1715,44,10,2026-08-22 05:41:29
INV_105493,STR_115,PRD_1695,56,20,2026-08-22 05:47:03
INV_105494,STR_142,PRD_2240,174,42,2026-08-22 05:52:37
INV_105495,STR_130,PRD_2114,136,40,2026-08-22T05:58:11.992799520
INV_105496,STR_143,PRD_1197,63,33,2026-08-22 06:03:46
INV_105497,STR_115,PRD_1982,128,29,2026-08-22 06:09:20
INV_105498,STR_115,PRD_2422,172,14,2026-08-22 06:14:54
INV_105499,STR_127,PRD_1038,85,35,2026-08-22T06:20:28.401893459
INV_105500,STR_119,PRD_1708,154,16,2026-08-22 06:26:02
INV_105501,STR_134,PRD_1470,75,36,2026-08-22 06:31:36
INV_105502,STR_108,PRD_1078,121,27,2026-08-22T06:37:10.708713914
INV_105503,STR_139,PRD_1728,2,47,22/08/2026 06:42
INV_105504,STR_109,PRD_2117,59,40,2026-08-22T06:48:18.913260884
INV_105505,STR_144,PRD_1683,82,18,2026-08-22 06:53:53
INV_105506,STR_117,PRD_1042,175,11,2026-08-22 06:59:27
INV_105507,STR_144,PRD_1131,119,46,2026-08-22 07:05:01
INV_105508,STR_144,PRD_1076,177,38,22/08/2026 07:10
INV_105509,STR_114,PRD_2255,78,43,2026-08-22 07:16:09
INV_105510,STR_144,PRD_1038,149,24,2026-08-22T07:21:43.526901793
INV_105511,STR_129,PRD_1150,52,18,2026-08-22T07:27:17.629175278
INV_105512,STR_147,PRD_1975,49,25,2026-08-22 07:32:51
INV_105513,STR_131,PRD_2442,143,11,2026-08-22T07:38:25.833722248
INV_105514,STR_139,PRD_2209,139,10,22/08/2026 07:43
INV_105515,STR_126,PRD_1317,63,18,22/08/2026 07:49
INV_105516,STR_126,PRD_2487,121,29,2026-08-22 07:55:08
INV_105517,STR_118,PRD_2455,133,11,2026-08-22 08:00:42
INV_105518,STR_109,PRD_2158,52,10,2026-08-22 08:06:16
INV_105519,STR_143,PRD_2292,159,19,2026-08-22T08:11:50.447363157
INV_105520,STR_145,PRD_1436,150,32,2026-08-22T08:17:24.549636642
INV_105521,STR_105,PRD_1626,130,28,22/08/2026 08:22
INV_105522,STR_123,PRD_1550,35,27,2026-08-22 08:28:32
INV_105523,STR_108,PRD_1339,130,33,2026-08-22T08:34:06.856457097
INV_105524,STR_126,PRD_2265,22,31,2026-08-22T08:39:40.958730582
INV_105525,STR_106,PRD_2244,112,29,2026-08-22 08:45:15
INV_105526,STR_105,PRD_1657,3,20,2026-08-22 08:50:49
INV_105527,STR_132,PRD_1917,-3,18,2026-08-22 08:56:23
INV_105528,STR_120,PRD_1360,75,24,22/08/2026 09:01
INV_105529,STR_145,PRD_1995,163,25,2026-08-22T09:07:31.470098006
INV_105530,STR_137,PRD_1770,115,22,22/08/2026 09:13
INV_105531,STR_143,PRD_1189,118,15,2026-08-22T09:18:39.674644976
INV_105532,STR_116,PRD_1412,48,34,22/08/2026 09:24
INV_105533,STR_130,PRD_1328,49,24,2026-08-22 09:29:47
INV_105534,STR_136,PRD_2245,38,27,22/08/2026 09:35
INV_105535,STR_110,PRD_1091,69,42,2026-08-22 09:40:56
INV_105536,STR_127,PRD_1439,82,23,2026-08-22 09:46:30
INV_105537,STR_104,PRD_2129,50,43,2026-08-22 09:52:04
INV_105538,STR_111,PRD_1244,105,11,2026-08-22T09:57:38.390559370
INV_105539,STR_102,PRD_2328,12,29,2026-08-22 10:03:12
INV_105540,STR_140,PRD_1908,122,25,2026-08-22 10:08:46
INV_105541,STR_137,PRD_1832,74,12,22/08/2026 10:14
INV_105542,STR_101,PRD_1096,109,39,2026-08-22 10:19:54
INV_105543,STR_125,PRD_1937,117,32,2026-08-22 10:25:28
INV_105544,STR_101,PRD_1953,39,48,22/08/2026 10:31
INV_105545,STR_111,PRD_99999,153,32,2026-08-22 10:36:37
INV_105546,STR_139,PRD_2289,137,12,2026-08-22 10:42:11
INV_105547,STR_101,PRD_1574,32,22,2026-08-22 10:47:45
INV_105548,STR_140,PRD_1102,125,49,2026-08-22 10:53:19
INV_105549,STR_115,PRD_2277,158,38,2026-08-22 10:58:53
INV_105550,STR_129,PRD_2478,14,32,22/08/2026 11:04
INV_105551,STR_146,PRD_1828,105,49,2026-08-22 11:10:01
INV_105552,STR_145,PRD_1512,-4,26,22/08/2026 11:15
INV_105553,STR_8888,PRD_1665,104,30,2026-08-22 11:21:09
INV_105554,STR_135,PRD_2284,75,38,2026-08-22T11:26:44.026935129
INV_105555,STR_103,PRD_1034,178,46,2026-08-22 11:32:18
INV_105556,STR_110,PRD_2404,150,14,2026-08-22 11:37:52
INV_105557,STR_123,PRD_1396,186,30,2026-08-22 11:43:26
INV_105558,STR_117,PRD_1026,27,11,2026-08-22T11:49:00.436029068
INV_105559,STR_126,PRD_1305,1,32,2026-08-22T11:54:34.538302553
INV_105560,STR_136,PRD_1698,113,20,2026-08-22 12:00:08
INV_105561,STR_101,PRD_1580,33,24,2026-08-22 12:05:42
INV_105562,STR_114,PRD_1164,42,32,2026-08-22 12:11:16
INV_105563,STR_110,PRD_2281,3,16,2026-08-22T12:16:50.947396493
INV_105564,STR_126,PRD_1101,188,43,2026-08-22 12:22:25
INV_105565,STR_148,PRD_1454,81,47,2026-08-22 12:27:59
INV_105566,STR_147,PRD_1192,41,15,2026-08-22 12:33:33
INV_105567,STR_146,PRD_1915,169,25,22/08/2026 12:39
INV_105568,STR_122,PRD_1897,35,11,2026-08-22 12:44:41
INV_105569,STR_134,PRD_1809,197,41,2026-08-22 12:50:15
INV_105570,STR_8888,PRD_1298,158,47,2026-08-22 12:55:49
INV_105571,STR_129,PRD_1020,119,37,2026-08-22 13:01:23
INV_105572,STR_146,PRD_1044,166,18,2026-08-22 13:06:57
INV_105573,STR_123,PRD_1495,89,34,2026-08-22 13:12:31
INV_105574,STR_118,PRD_1682,195,35,2026-08-22 13:18:06
INV_105575,STR_128,PRD_1222,99,35,2026-08-22 13:23:40
INV_105576,STR_112,PRD_1298,17,14,2026-08-22 13:29:14
INV_105577,STR_147,PRD_2047,100,26,2026-08-22 13:34:48
INV_105578,STR_122,PRD_2361,21,35,2026-08-22 13:40:22
INV_105579,STR_111,PRD_2107,81,35,2026-08-22 13:45:56
INV_105580,STR_148,PRD_2083,65,18,22/08/2026 13:51
INV_105581,STR_147,PRD_1287,194,32,2026-08-22 13:57:04
INV_105582,STR_140,PRD_1516,11,33,2026-08-22 14:02:38
INV_105583,STR_128,PRD_1897,159,18,2026-08-22 14:08:12
INV_105584,STR_105,PRD_1153,101,19,22/08/2026 14:13
INV_105585,STR_9999,PRD_1280,146,15,2026-08-22 14:19:21
INV_105586,STR_122,PRD_1433,196,13,22/08/2026 14:24
INV_105587,STR_130,PRD_1341,93,10,2026-08-22 14:30:29
INV_105588,STR_144,PRD_1085,57,15,2026-08-22T14:36:03.504233615
INV_105589,STR_120,PRD_1778,150,47,2026-08-22 14:41:37
INV_105590,STR_123,PRD_1190,163,38,2026-08-22 14:47:11
INV_105591,STR_107,PRD_2275,126,12,2026-08-22 14:52:45
INV_105592,STR_143,PRD_2091,27,33,2026-08-22 14:58:19
INV_105593,STR_108,PRD_2169,69,18,2026-08-22 15:03:54
INV_105594,STR_121,PRD_1990,15,26,2026-08-22T15:09:28.117874525
INV_105595,STR_103,PRD_1875,32,47,2026-08-22 15:15:02
INV_105596,STR_112,PRD_1661,170,23,2026-08-22T15:20:36.322421494
INV_105597,STR_133,PRD_1573,16,45,2026-08-22 15:26:10
INV_105598,STR_102,PRD_2278,0,42,22/08/2026 15:31
INV_105599,STR_136,PRD_1130,96,29,22/08/2026 15:37
INV_105600,STR_127,PRD_1838,143,43,2026-08-22 15:42:52
INV_105601,STR_125,PRD_1958,67,12,2026-08-22 15:48:26
INV_105602,STR_149,PRD_2400,46,29,2026-08-22 15:54:00
INV_105603,STR_145,PRD_2222,-10,12,22/08/2026 15:59
INV_105604,STR_133,PRD_1838,0,15,2026-08-22 16:05:09
INV_105605,STR_114,PRD_1220,147,38,2026-08-22 16:10:43
INV_105606,STR_107,PRD_2433,77,48,22/08/2026 16:16
INV_105607,STR_147,PRD_1642,121,40,2026-08-22 16:21:51
INV_105608,STR_134,PRD_2194,75,48,2026-08-22 16:27:25
INV_105609,STR_123,PRD_2168,99,30,2026-08-22 16:32:59
INV_105610,STR_8888,PRD_1487,61,10,2026-08-22 16:38:33
INV_105611,STR_8888,PRD_1851,100,42,2026-08-22 16:44:07
INV_105612,STR_136,PRD_1353,197,19,22/08/2026 16:49
INV_105613,STR_103,PRD_2204,22,35,2026-08-22 16:55:16
INV_105614,STR_111,PRD_1947,150,12,2026-08-22 17:00:50
INV_105615,STR_118,PRD_1160,63,23,2026-08-22 17:06:24
INV_105616,STR_114,PRD_1463,55,17,22/08/2026 17:11
INV_105617,STR_129,PRD_2083,97,41,2026-08-22 17:17:32
INV_105618,STR_144,PRD_1214,-7,45,2026-08-22 17:23:06
INV_105619,STR_136,PRD_1579,168,36,2026-08-22 17:28:40
INV_105620,STR_111,PRD_2215,144,42,22/08/2026 17:34
INV_105621,STR_118,PRD_1487,22,30,2026-08-22 17:39:48
INV_105622,STR_133,PRD_1224,94,35,2026-08-22 17:45:22
INV_105623,STR_106,PRD_2415,115,23,2026-08-22 17:50:57
INV_105624,STR_127,PRD_1708,73,45,22/08/2026 17:56
INV_105625,STR_127,PRD_1160,66,37,2026-08-22 18:02:05
INV_105626,STR_128,PRD_1454,192,37,2026-08-22 18:07:39
INV_105627,STR_136,PRD_2134,72,30,2026-08-22 18:13:13
INV_105628,STR_119,PRD_2082,21,38,2026-08-22 18:18:47
INV_105629,STR_110,PRD_1544,184,47,2026-08-22 18:24:21
INV_105630,STR_149,PRD_1028,105,43,2026-08-22 18:29:55
INV_105631,STR_149,PRD_1766,194,10,22/08/2026 18:35
INV_105632,STR_138,PRD_1184,145,29,22/08/2026 18:41
INV_105633,STR_141,PRD_2247,174,35,22/08/2026 18:46
INV_105634,STR_122,PRD_1356,8,36,2026-08-22 18:52:12
INV_105635,STR_8888,PRD_1491,148,32,22/08/2026 18:57
INV_105636,STR_145,PRD_1732,42,16,2026-08-22 19:03:20
INV_105637,STR_119,PRD_1577,77,31,2026-08-22 19:08:54
INV_105638,STR_119,PRD_1113,149,46,2026-08-22 19:14:28
INV_105639,STR_110,PRD_1377,-2,44,2026-08-22 19:20:02
INV_105640,STR_101,PRD_2308,168,13,2026-08-22 19:25:36
INV_105641,STR_112,PRD_1096,72,38,22/08/2026 19:31
INV_105642,STR_112,PRD_1841,140,46,2026-08-22 19:36:45
INV_105643,STR_140,PRD_1123,14,45,2026-08-22 19:42:19
INV_105644,STR_148,PRD_1155,163,12,2026-08-22T19:47:53.231548770
INV_105645,STR_114,PRD_1109,161,11,2026-08-22 19:53:27
INV_105646,STR_130,PRD_1052,183,14,2026-08-22 19:59:01
INV_105647,STR_122,PRD_2197,107,27,2026-08-22 20:04:35
INV_105648,STR_121,PRD_1587,56,43,2026-08-22 20:10:09
INV_105649,STR_115,PRD_2337,116,24,22/08/2026 20:15
INV_105650,STR_141,PRD_1725,145,49,22/08/2026 20:21
INV_105651,STR_128,PRD_2413,67,10,2026-08-22 20:26:51
INV_105652,STR_119,PRD_1044,141,31,22/08/2026 20:32
INV_105653,STR_127,PRD_1935,45,34,2026-08-22T20:38:00.152010134
INV_105654,STR_126,PRD_2140,39,26,2026-08-22 20:43:34
INV_105655,STR_143,PRD_1121,90,42,22/08/2026 20:49
INV_105656,STR_128,PRD_1481,-8,26,2026-08-22 20:54:42
INV_105657,STR_104,PRD_2193,12,47,2026-08-22 21:00:16
INV_105658,STR_8888,PRD_1677,151,14,22/08/2026 21:05
INV_105659,STR_148,PRD_2423,-2,46,22/08/2026 21:11
INV_105660,STR_141,PRD_1499,71,20,2026-08-22 21:16:58
INV_105661,STR_137,PRD_1073,48,21,2026-08-22 21:22:32
INV_105662,STR_8888,PRD_1970,55,43,2026-08-22 21:28:07
INV_105663,STR_137,PRD_1148,139,44,2026-08-22 21:33:41
INV_105664,STR_143,PRD_1891,104,48,2026-08-22 21:39:15
INV_105665,STR_9999,PRD_2084,24,25,2026-08-22 21:44:49
INV_105666,STR_101,PRD_2077,148,33,2026-08-22 21:50:23
INV_105667,STR_144,PRD_2246,67,40,2026-08-22 21:55:57
INV_105668,STR_119,PRD_1472,98,23,22/08/2026 22:01
INV_105669,STR_142,PRD_2339,37,41,22/08/2026 22:07
INV_105670,STR_146,PRD_1169,42,22,22/08/2026 22:12
INV_105671,STR_112,PRD_1700,64,47,2026-08-22T22:18:13.992932862
INV_105672,STR_125,PRD_1031,21,26,22/08/2026 22:23
INV_105673,STR_134,PRD_1052,77,45,2026-08-22 22:29:22
INV_105674,STR_145,PRD_1939,129,27,2026-08-22 22:34:56
INV_105675,STR_107,PRD_1138,51,28,2026-08-22 22:40:30
INV_105676,STR_127,PRD_2397,-8,16,2026-08-22T22:46:04.504300286
INV_105677,STR_140,PRD_2070,-5,39,22/08/2026 22:51
INV_105678,STR_114,PRD_1089,116,21,2026-08-22 22:57:12
INV_105679,STR_149,PRD_1827,101,20,22/08/2026 23:02
INV_105680,STR_107,PRD_1035,1,38,22/08/2026 23:08
INV_105681,STR_110,PRD_2015,42,12,2026-08-22 23:13:55
INV_105682,STR_128,PRD_1928,137,43,2026-08-22T23:19:29.117941196
INV_105683,STR_104,PRD_2248,123,43,22/08/2026 23:25
INV_105684,STR_146,PRD_1553,73,40,2026-08-22 23:30:37
INV_105685,STR_146,PRD_1739,131,31,2026-08-22 23:36:11
INV_105686,STR_106,PRD_1268,173,11,2026-08-22 23:41:45
INV_105687,STR_117,PRD_1909,158,36,22/08/2026 23:47
INV_105688,STR_127,PRD_1185,38,45,2026-08-22 23:52:53
INV_105689,STR_111,PRD_2394,97,41,22/08/2026 23:58
INV_105690,STR_111,PRD_1868,182,44,2026-08-23 00:04:01
INV_105691,STR_135,PRD_2258,73,26,2026-08-23 00:09:36
INV_105692,STR_128,PRD_2145,93,43,23/08/2026 00:15
INV_105693,STR_110,PRD_1423,84,35,2026-08-23 00:20:44
INV_105694,STR_105,PRD_1832,20,19,2026-08-23 00:26:18
INV_105695,STR_120,PRD_2412,145,48,2026-08-23T00:31:52.447496499
INV_105696,STR_109,PRD_1925,1,18,23/08/2026 00:37
INV_105697,STR_131,PRD_2140,5,34,2026-08-23 00:43:00
INV_105698,STR_146,PRD_2489,152,29,23/08/2026 00:48
INV_105699,STR_132,PRD_2452,33,24,2026-08-23 00:54:08
INV_105700,STR_116,PRD_1868,57,49,2026-08-23 00:59:42
INV_105701,STR_102,PRD_2015,127,36,2026-08-23T01:05:17.061137409
INV_105702,STR_142,PRD_1441,-8,20,2026-08-23 01:10:51
INV_105703,STR_117,PRD_1038,20,25,2026-08-23T01:16:25.265684379
INV_105704,STR_109,PRD_1907,169,39,23/08/2026 01:21
INV_105705,STR_140,PRD_2185,105,31,23/08/2026 01:27
INV_105706,STR_138,PRD_1165,182,33,2026-08-23 01:33:07
INV_105707,STR_142,PRD_2468,-6,33,23/08/2026 01:38
INV_105708,STR_107,PRD_1442,-6,45,23/08/2026 01:44
INV_105709,STR_133,PRD_1330,55,27,2026-08-23 01:49:49
INV_105710,STR_136,PRD_1992,4,29,2026-08-23 01:55:23
INV_105711,STR_140,PRD_2358,182,17,2026-08-23 02:00:58
INV_105712,STR_132,PRD_2135,138,24,2026-08-23 02:06:32
INV_105713,STR_148,PRD_1713,90,22,2026-08-23T02:12:06.288419228
INV_105714,STR_109,PRD_1834,188,45,2026-08-23 02:17:40
INV_105715,STR_139,PRD_1138,0,23,23/08/2026 02:23
INV_105716,STR_117,PRD_2189,31,33,2026-08-23 02:28:48
INV_105717,STR_124,PRD_2437,55,46,23/08/2026 02:34
INV_105718,STR_141,PRD_2192,83,33,2026-08-23 02:39:56
INV_105719,STR_140,PRD_1768,50,27,2026-08-23 02:45:30
INV_105720,STR_135,PRD_1123,49,41,2026-08-23T02:51:05.004333622
INV_105721,STR_101,PRD_1881,131,44,23/08/2026 02:56
INV_105722,STR_118,PRD_1760,109,29,2026-08-23 03:02:13
INV_105723,STR_109,PRD_2121,122,41,23/08/2026 03:07
INV_105724,STR_148,PRD_2083,20,46,2026-08-23 03:13:21
INV_105725,STR_102,PRD_2042,37,46,2026-08-23T03:18:55.515701046
INV_105726,STR_118,PRD_2147,21,42,2026-08-23 03:24:29
INV_105727,STR_9999,PRD_1225,46,10,2026-08-23 03:30:03
INV_105728,STR_125,PRD_1611,151,37,2026-08-23 03:35:37
INV_105729,STR_9999,PRD_1323,191,36,23/08/2026 03:41
INV_105730,STR_9999,PRD_2040,84,26,2026-08-23T03:46:46.027068471
INV_105731,STR_146,PRD_2103,144,24,2026-08-23T03:52:20.129341956
INV_105732,STR_124,PRD_1596,71,23,2026-08-23T03:57:54.231615441
INV_105733,STR_149,PRD_2479,-6,40,2026-08-23 04:03:28
INV_105734,STR_116,PRD_1540,6,43,2026-08-23 04:09:02
INV_105735,STR_109,PRD_1645,192,12,2026-08-23 04:14:36
INV_105736,STR_145,PRD_1989,186,21,2026-08-23 04:20:10
INV_105737,STR_9999,PRD_1705,106,35,2026-08-23T04:25:44.742982865
INV_105738,STR_149,PRD_1630,173,33,2026-08-23 04:31:18
INV_105739,STR_110,PRD_2401,155,43,23/08/2026 04:36
INV_105740,STR_110,PRD_1878,112,17,2026-08-23T04:42:27.049803320
INV_105741,STR_111,PRD_1190,171,21,2026-08-23T04:48:01.152076805
INV_105742,STR_139,PRD_1854,37,18,2026-08-23 04:53:35
INV_105743,STR_147,PRD_1490,197,35,2026-08-23 04:59:09
INV_105744,STR_107,PRD_1404,38,47,2026-08-23T05:04:43.458897259
INV_105745,STR_123,PRD_2295,158,28,2026-08-23 05:10:17
INV_105746,STR_113,PRD_1874,11,30,23/08/2026 05:15
INV_105747,STR_122,PRD_1429,174,22,23/08/2026 05:21
INV_105748,STR_149,PRD_1519,183,44,2026-08-23T05:26:59.867991199
INV_105749,STR_135,PRD_1892,8,12,2026-08-23T05:32:33.970264684
INV_105750,STR_116,PRD_2407,102,34,2026-08-23 05:38:08
INV_105751,STR_144,PRD_1820,90,41,23/08/2026 05:43
INV_105752,STR_104,PRD_1886,119,30,2026-08-23 05:49:16
INV_105753,STR_102,PRD_2215,192,23,2026-08-23 05:54:50
INV_105754,STR_108,PRD_1434,22,40,2026-08-23 06:00:24
INV_105755,STR_119,PRD_1062,190,17,2026-08-23 06:05:58
INV_105756,STR_149,PRD_2239,176,16,2026-08-23T06:11:32.686179078
INV_105757,STR_119,PRD_1133,78,45,2026-08-23 06:17:06
INV_105758,STR_9999,PRD_1957,123,44,2026-08-23 06:22:40
INV_105759,STR_118,PRD_1618,0,28,2026-08-23 06:28:14
INV_105760,STR_120,PRD_2184,16,11,2026-08-23 06:33:49
INV_105761,STR_115,PRD_2281,189,14,2026-08-23T06:39:23.197546503
INV_105762,STR_132,PRD_1424,162,11,2026-08-23T06:44:57.299819988
INV_105763,STR_104,PRD_1357,20,27,2026-08-23 06:50:31
INV_105764,STR_123,PRD_2398,80,24,2026-08-23 06:56:05
INV_105765,STR_114,PRD_2032,180,25,2026-08-23 07:01:39
INV_105766,STR_125,PRD_2010,161,21,23/08/2026 07:07
INV_105767,STR_143,PRD_1196,158,45,2026-08-23 07:12:47
INV_105768,STR_124,PRD_2140,36,31,23/08/2026 07:18
INV_105769,STR_127,PRD_2033,186,37,2026-08-23 07:23:56
INV_105770,STR_132,PRD_1861,68,49,23/08/2026 07:29
INV_105771,STR_145,PRD_1518,-9,31,2026-08-23 07:35:04
INV_105772,STR_117,PRD_1348,132,13,2026-08-23 07:40:38
INV_105773,STR_117,PRD_2427,9,21,2026-08-23T07:46:12.424828321
INV_105774,STR_137,PRD_1574,120,30,23/08/2026 07:51
INV_105775,STR_132,PRD_2027,95,36,2026-08-23 07:57:20
INV_105776,STR_126,PRD_1327,28,32,2026-08-23 08:02:54
INV_105777,STR_148,PRD_1511,63,36,2026-08-23T08:08:28.833922261
INV_105778,STR_149,PRD_1930,79,25,2026-08-23 08:14:02
INV_105779,STR_114,PRD_1129,127,41,2026-08-23 08:19:37
INV_105780,STR_143,PRD_1586,157,45,23/08/2026 08:25
INV_105781,STR_112,PRD_1483,130,26,2026-08-23 08:30:45
INV_105782,STR_8888,PRD_1357,33,27,2026-08-23T08:36:19.345289686
INV_105783,STR_133,PRD_1384,21,36,2026-08-23 08:41:53
INV_105784,STR_103,PRD_1253,190,16,2026-08-23 08:47:27
INV_105785,STR_134,PRD_1834,19,47,23/08/2026 08:53
INV_105786,STR_118,PRD_2190,118,29,2026-08-23 08:58:35
INV_105787,STR_130,PRD_1795,42,44,2026-08-23T09:04:09.856657110
INV_105788,STR_124,PRD_1468,65,42,2026-08-23 09:09:43
INV_105789,STR_139,PRD_1492,33,35,2026-08-23 09:15:18
INV_105790,STR_111,PRD_1919,24,33,2026-08-23 09:20:52
INV_105791,STR_111,PRD_2361,157,33,2026-08-23 09:26:26
INV_105792,STR_141,PRD_1050,34,40,2026-08-23 09:32:00
INV_105793,STR_124,PRD_2079,177,36,23/08/2026 09:37
INV_105794,STR_132,PRD_1072,113,18,2026-08-23 09:43:08
INV_105795,STR_136,PRD_1599,105,11,2026-08-23T09:48:42.674844989
INV_105796,STR_127,PRD_1051,113,15,2026-08-23 09:54:16
INV_105797,STR_8888,PRD_1124,180,40,2026-08-23T09:59:50.879391959
INV_105798,STR_142,PRD_1261,127,34,2026-08-23 10:05:24
INV_105799,STR_108,PRD_1954,36,25,23/08/2026 10:10
INV_105800,STR_113,PRD_1329,141,15,23/08/2026 10:16
INV_105801,STR_102,PRD_2346,174,32,2026-08-23T10:22:07.288485899
INV_105802,STR_104,PRD_1240,7,14,2026-08-23 10:27:41
INV_105803,STR_125,PRD_2308,174,26,2026-08-23T10:33:15.493032868
INV_105804,STR_140,PRD_2287,61,18,2026-08-23 10:38:49
INV_105805,STR_117,PRD_2322,112,35,2026-08-23 10:44:23
INV_105806,STR_137,PRD_2228,163,22,2026-08-23 10:49:57
INV_105807,STR_120,PRD_1290,160,16,23/08/2026 10:55
INV_105808,STR_138,PRD_1210,66,49,2026-08-23 11:01:06
INV_105809,STR_115,PRD_2389,133,27,2026-08-23 11:06:40
INV_105810,STR_139,PRD_2487,131,46,2026-08-23 11:12:14
INV_105811,STR_122,PRD_1718,-2,33,23/08/2026 11:17
INV_105812,STR_128,PRD_1321,190,41,2026-08-23 11:23:22
INV_105813,STR_109,PRD_1357,58,16,2026-08-23 11:28:56
INV_105814,STR_104,PRD_1916,50,29,2026-08-23 11:34:30
INV_105815,STR_110,PRD_1093,0,43,2026-08-23T11:40:04.720314687
INV_105816,STR_128,PRD_1710,136,28,23/08/2026 11:45
INV_105817,STR_144,PRD_1168,53,23,2026-08-23 11:51:12
INV_105818,STR_126,PRD_2320,27,41,2026-08-23 11:56:47
INV_105819,STR_8888,PRD_1515,-1,18,23/08/2026 12:02
INV_105820,STR_133,PRD_1097,5,45,2026-08-23 12:07:55
INV_105821,STR_113,PRD_1349,58,35,2026-08-23T12:13:29.333955597
INV_105822,STR_140,PRD_1735,199,29,2026-08-23 12:19:03
INV_105823,STR_141,PRD_1578,31,38,2026-08-23T12:24:37.538502566
INV_105824,STR_109,PRD_1840,33,25,23/08/2026 12:30
INV_105825,STR_141,PRD_1400,170,40,2026-08-23 12:35:45
INV_105826,STR_9999,PRD_1750,152,33,2026-08-23 12:41:19
INV_105827,STR_110,PRD_2474,153,39,23/08/2026 12:46
INV_105828,STR_110,PRD_2498,139,17,2026-08-23T12:52:28.049869991
INV_105829,STR_134,PRD_1820,13,35,2026-08-23T12:58:02.152143476
INV_105830,STR_118,PRD_2442,193,24,2026-08-23 13:03:36
INV_105831,STR_123,PRD_2027,129,19,2026-08-23T13:09:10.356690446
INV_105832,STR_100,PRD_2347,24,45,2026-08-23 13:14:44
INV_105833,STR_111,PRD_1368,39,48,2026-08-23 13:20:18
INV_105834,STR_146,PRD_2418,72,33,2026-08-23T13:25:52.663510900
INV_105835,STR_113,PRD_1555,67,17,23/08/2026 13:31
INV_105836,STR_102,PRD_2142,29,10,2026-08-23 13:37:00
INV_105837,STR_8888,PRD_2004,11,19,2026-08-23 13:42:34
INV_105838,STR_144,PRD_1965,164,32,2026-08-23T13:48:09.072604840
INV_105839,STR_149,PRD_2014,64,47,2026-08-23 13:53:43
INV_105840,STR_131,PRD_2213,55,19,2026-08-23 13:59:17
INV_105841,STR_115,PRD_2439,127,42,23/08/2026 14:04
INV_105842,STR_137,PRD_1813,160,40,2026-08-23 14:10:25
INV_105843,STR_109,PRD_1105,186,47,2026-08-23 14:15:59
INV_105844,STR_116,PRD_1164,83,22,2026-08-23 14:21:33
INV_105845,STR_148,PRD_1637,142,44,23/08/2026 14:27
INV_105846,STR_139,PRD_2369,99,41,2026-08-23 14:32:41
INV_105847,STR_103,PRD_2121,36,31,2026-08-23 14:38:15
INV_105848,STR_114,PRD_2023,124,16,2026-08-23 14:43:50
INV_105849,STR_132,PRD_1330,93,15,2026-08-23 14:49:24
INV_105850,STR_138,PRD_2393,145,25,2026-08-23T14:54:58.299886659
INV_105851,STR_109,PRD_2465,69,21,2026-08-23T15:00:32.402160144
INV_105852,STR_106,PRD_2143,34,18,23/08/2026 15:06
INV_105853,STR_132,PRD_1298,90,49,2026-08-23 15:11:40
INV_105854,STR_116,PRD_1855,184,14,2026-08-23 15:17:14
INV_105855,STR_111,PRD_2166,1,12,23/08/2026 15:22
INV_105856,STR_116,PRD_1706,72,45,2026-08-23 15:28:22
INV_105857,STR_146,PRD_2116,102,19,2026-08-23 15:33:57
INV_105858,STR_115,PRD_2320,0,17,2026-08-23 15:39:31
INV_105859,STR_113,PRD_1446,120,18,23/08/2026 15:45
INV_105860,STR_102,PRD_1479,50,22,2026-08-23 15:50:39
INV_105861,STR_9999,PRD_1733,183,28,2026-08-23 15:56:13
INV_105862,STR_143,PRD_1873,45,32,2026-08-23 16:01:47
INV_105863,STR_9999,PRD_2281,111,33,2026-08-23 16:07:21
INV_105864,STR_149,PRD_1521,15,12,2026-08-23 16:12:55
INV_105865,STR_129,PRD_2398,75,42,2026-08-23T16:18:29.833988932
INV_105866,STR_145,PRD_2450,198,32,23/08/2026 16:24
INV_105867,STR_8888,PRD_2124,23,23,2026-08-23T16:29:38.038535902
INV_105868,STR_140,PRD_1621,172,28,23/08/2026 16:35
INV_105869,STR_134,PRD_1758,196,42,2026-08-23 16:40:46
INV_105870,STR_125,PRD_1243,193,32,2026-08-23 16:46:20
INV_105871,STR_111,PRD_1022,133,36,2026-08-23 16:51:54
INV_105872,STR_130,PRD_2377,197,21,2026-08-23 16:57:28
INV_105873,STR_8888,PRD_1465,156,16,2026-08-23 17:03:02
INV_105874,STR_116,PRD_2248,123,45,23/08/2026 17:08
INV_105875,STR_136,PRD_1864,99,27,2026-08-23 17:14:10
INV_105876,STR_107,PRD_2467,61,25,2026-08-23 17:19:44
INV_105877,STR_118,PRD_1268,169,23,2026-08-23 17:25:19
INV_105878,STR_125,PRD_1532,142,30,2026-08-23 17:30:53
INV_105879,STR_103,PRD_1313,45,36,2026-08-23 17:36:27
INV_105880,STR_114,PRD_1119,72,34,2026-08-23 17:42:01
INV_105881,STR_9999,PRD_1980,136,47,2026-08-23 17:47:35
INV_105882,STR_146,PRD_2143,193,24,2026-08-23 17:53:09
INV_105883,STR_113,PRD_1709,190,19,2026-08-23T17:58:43.674911660
INV_105884,STR_129,PRD_1135,82,39,2026-08-23 18:04:17
INV_105885,STR_147,PRD_2100,144,18,2026-08-23 18:09:51
INV_105886,STR_141,PRD_2377,122,37,2026-08-23 18:15:25
INV_105887,STR_123,PRD_2081,15,27,2026-08-23 18:21:00
INV_105888,STR_145,PRD_1935,147,20,2026-08-23 18:26:34
INV_105889,STR_8888,PRD_2109,67,47,2026-08-23 18:32:08
INV_105890,STR_142,PRD_1000,86,11,23/08/2026 18:37
INV_105891,STR_133,PRD_1076,152,31,2026-08-23 18:43:16
INV_105892,STR_118,PRD_1960,64,32,2026-08-23 18:48:50
INV_105893,STR_102,PRD_2467,170,29,23/08/2026 18:54
INV_105894,STR_103,PRD_1580,185,38,2026-08-23 18:59:58
INV_105895,STR_110,PRD_1147,105,35,23/08/2026 19:05
INV_105896,STR_112,PRD_1573,150,21,2026-08-23T19:11:07.004466964
INV_105897,STR_149,PRD_1185,59,38,2026-08-23 19:16:41
INV_105898,STR_117,PRD_1521,145,28,2026-08-23 19:22:15
INV_105899,STR_118,PRD_1161,191,43,2026-08-23 19:27:49
INV_105900,STR_143,PRD_2313,25,36,2026-08-23T19:33:23.413560904
INV_105901,STR_132,PRD_2444,38,39,2026-08-23T19:38:57.515834389
INV_105902,STR_137,PRD_1195,42,46,2026-08-23T19:44:31.618107873
INV_105903,STR_102,PRD_1033,186,40,2026-08-23 19:50:05
INV_105904,STR_148,PRD_1407,119,37,23/08/2026 19:55
INV_105905,STR_134,PRD_2320,69,34,2026-08-23 20:01:13
INV_105906,STR_100,PRD_1536,60,15,23/08/2026 20:06
INV_105907,STR_134,PRD_1035,181,16,2026-08-23 20:12:22
INV_105908,STR_135,PRD_2287,10,15,23/08/2026 20:17
INV_105909,STR_137,PRD_2405,24,44,2026-08-23T20:23:30.334022268
INV_105910,STR_138,PRD_1113,163,34,2026-08-23T20:29:04.436295753
INV_105911,STR_124,PRD_1604,75,30,23/08/2026 20:34
INV_105912,STR_139,PRD_1442,104,26,2026-08-23 20:40:12
INV_105913,STR_112,PRD_2186,165,35,2026-08-23 20:45:46
INV_105914,STR_103,PRD_1037,11,26,2026-08-23 20:51:20
INV_105915,STR_105,PRD_1091,123,16,23/08/2026 20:56
INV_105916,STR_110,PRD_1630,109,34,2026-08-23 21:02:29
INV_105917,STR_100,PRD_1671,150,43,2026-08-23T21:08:03.152210147
INV_105918,STR_107,PRD_1100,28,35,2026-08-23 21:13:37
INV_105919,STR_133,PRD_1506,32,15,23/08/2026 21:19
INV_105920,STR_139,PRD_1178,142,19,2026-08-23 21:24:45
INV_105921,STR_8888,PRD_1283,135,26,2026-08-23 21:30:19
INV_105922,STR_108,PRD_1354,30,23,23/08/2026 21:35
INV_105923,STR_135,PRD_2320,117,12,2026-08-23T21:41:27.765851056
INV_105924,STR_148,PRD_1487,107,25,23/08/2026 21:47
INV_105925,STR_138,PRD_2005,24,14,2026-08-23 21:52:35
INV_105926,STR_141,PRD_1278,13,32,2026-08-23 21:58:10
INV_105927,STR_136,PRD_1543,172,36,23/08/2026 22:03
INV_105928,STR_141,PRD_1649,93,14,2026-08-23 22:09:18
INV_105929,STR_143,PRD_1930,29,46,23/08/2026 22:14
INV_105930,STR_120,PRD_1354,76,47,2026-08-23 22:20:26
INV_105931,STR_119,PRD_2342,18,27,2026-08-23 22:26:00
INV_105932,STR_137,PRD_1194,127,21,2026-08-23 22:31:34
INV_105933,STR_100,PRD_1803,68,30,2026-08-23T22:37:08.788585905
INV_105934,STR_134,PRD_1092,127,16,2026-08-23 22:42:42
INV_105935,STR_127,PRD_1432,53,26,23/08/2026 22:48
INV_105936,STR_106,PRD_1557,106,18,2026-08-23 22:53:51
INV_105937,STR_142,PRD_2050,146,33,2026-08-23 22:59:25
INV_105938,STR_143,PRD_2438,87,20,23/08/2026 23:04
INV_105939,STR_108,PRD_1161,135,34,23/08/2026 23:10
INV_105940,STR_100,PRD_1100,119,46,2026-08-23 23:16:07
INV_105941,STR_135,PRD_1698,142,16,23/08/2026 23:21
INV_105942,STR_133,PRD_2496,74,26,23/08/2026 23:27
INV_105943,STR_133,PRD_1157,40,28,2026-08-23 23:32:49
INV_105944,STR_116,PRD_1491,84,30,2026-08-23 23:38:23
INV_105945,STR_131,PRD_1918,11,18,2026-08-23T23:43:58.015867724
INV_105946,STR_101,PRD_2032,-2,17,23/08/2026 23:49
INV_105947,STR_135,PRD_2235,80,36,2026-08-23 23:55:06
INV_105948,STR_124,PRD_2462,78,32,2026-08-24 00:00:40
INV_105949,STR_142,PRD_1823,78,19,2026-08-24T00:06:14.424961664
INV_105950,STR_9999,PRD_1678,63,11,24/08/2026 00:11
INV_105951,STR_125,PRD_1785,83,16,24/08/2026 00:17
INV_105952,STR_144,PRD_1991,112,11,2026-08-24 00:22:56
INV_105953,STR_125,PRD_1110,121,25,2026-08-24 00:28:30
INV_105954,STR_120,PRD_1840,138,15,2026-08-24 00:34:04
INV_105955,STR_117,PRD_1202,113,25,2026-08-24 00:39:39
INV_105956,STR_128,PRD_2088,19,34,2026-08-24 00:45:13
INV_105957,STR_9999,PRD_2184,150,19,2026-08-24 00:50:47
INV_105958,STR_123,PRD_1413,32,18,24/08/2026 00:56
INV_105959,STR_146,PRD_1689,-9,41,2026-08-24T01:01:55.447696513
INV_105960,STR_127,PRD_1265,76,41,2026-08-24T01:07:29.549969998
INV_105961,STR_111,PRD_1571,148,11,24/08/2026 01:13
INV_105962,STR_110,PRD_1204,121,30,2026-08-24 01:18:37
INV_105963,STR_126,PRD_1583,36,12,24/08/2026 01:24
INV_105964,STR_122,PRD_2179,73,43,2026-08-24 01:29:45
INV_105965,STR_132,PRD_1172,78,38,2026-08-24 01:35:20
INV_105966,STR_115,PRD_1307,34,29,24/08/2026 01:40
INV_105967,STR_127,PRD_1449,54,32,2026-08-24 01:46:28
INV_105968,STR_127,PRD_1061,183,46,2026-08-24 01:52:02
INV_105969,STR_144,PRD_2396,-5,17,2026-08-24T01:57:36.470431362
INV_105970,STR_137,PRD_2483,-4,45,2026-08-24 02:03:10
INV_105971,STR_105,PRD_1474,168,23,2026-08-24 02:08:44
INV_105972,STR_141,PRD_2404,185,32,24/08/2026 02:14
INV_105973,STR_128,PRD_1085,7,36,24/08/2026 02:19
INV_105974,STR_133,PRD_2166,108,24,24/08/2026 02:25
INV_105975,STR_102,PRD_2030,30,44,24/08/2026 02:31
INV_105976,STR_105,PRD_1294,96,31,2026-08-24 02:36:35
INV_105977,STR_147,PRD_1738,58,45,2026-08-24 02:42:09
INV_105978,STR_137,PRD_1525,14,24,2026-08-24 02:47:43
INV_105979,STR_112,PRD_1033,45,41,2026-08-24 02:53:17
INV_105980,STR_135,PRD_1751,-10,27,2026-08-24 02:58:51
INV_105981,STR_114,PRD_2352,172,40,2026-08-24 03:04:25
INV_105982,STR_105,PRD_1779,120,45,24/08/2026 03:09
INV_105983,STR_132,PRD_1637,43,34,2026-08-24 03:15:33
INV_105984,STR_140,PRD_2057,70,19,2026-08-24 03:21:08
INV_105985,STR_111,PRD_1794,149,49,2026-08-24 03:26:42
INV_105986,STR_142,PRD_1405,119,23,2026-08-24 03:32:16
INV_105987,STR_112,PRD_2041,182,35,2026-08-24T03:37:50.311354090
INV_105988,STR_132,PRD_2453,-3,28,2026-08-24 03:43:24
INV_105989,STR_9999,PRD_1427,98,39,2026-08-24T03:48:58.515901060
INV_105990,STR_127,PRD_1913,175,48,2026-08-24 03:54:32
INV_105991,STR_135,PRD_1292,42,21,2026-08-24 04:00:06
INV_105992,STR_104,PRD_1579,33,40,2026-08-24 04:05:40
INV_105993,STR_124,PRD_2103,190,27,2026-08-24 04:11:14
INV_105994,STR_116,PRD_2109,17,11,2026-08-24 04:16:49
INV_105995,STR_136,PRD_1047,136,23,2026-08-24 04:22:23
INV_105996,STR_118,PRD_1083,173,29,2026-08-24T04:27:57.231815454
INV_105997,STR_134,PRD_1606,137,48,2026-08-24 04:33:31
INV_105998,STR_142,PRD_1307,188,29,2026-08-24 04:39:05
INV_105999,STR_133,PRD_1251,173,43,2026-08-24 04:44:39
INV_106000,STR_145,PRD_1179,24,43,2026-08-24T04:50:13.640909394
INV_106001,STR_105,PRD_2333,136,46,2026-08-24T04:55:47.743182878
INV_106002,STR_118,PRD_1425,198,12,2026-08-24 05:01:21
INV_106003,STR_100,PRD_1038,93,44,2026-08-24 05:06:55
INV_106004,STR_106,PRD_2302,52,42,2026-08-24 05:12:30
INV_106005,STR_133,PRD_1815,71,28,2026-08-24 05:18:04
INV_106006,STR_118,PRD_1624,-4,40,2026-08-24T05:23:38.254550303
INV_106007,STR_132,PRD_1375,144,31,2026-08-24 05:29:12
INV_106008,STR_125,PRD_1040,28,36,2026-08-24 05:34:46
INV_106009,STR_140,PRD_1046,19,47,2026-08-24 05:40:20
INV_106010,STR_148,PRD_1184,12,37,24/08/2026 05:45
INV_106011,STR_141,PRD_1071,73,30,2026-08-24T05:51:28.765917727
INV_106012,STR_126,PRD_1568,140,29,24/08/2026 05:57
INV_106013,STR_137,PRD_1573,36,47,2026-08-24 06:02:36
INV_106014,STR_125,PRD_1341,195,22,2026-08-24 06:08:11
INV_106015,STR_134,PRD_1568,165,38,2026-08-24 06:13:45
INV_106016,STR_119,PRD_1963,84,30,2026-08-24 06:19:19
INV_106017,STR_123,PRD_2266,52,42,2026-08-24 06:24:53
INV_106018,STR_146,PRD_1327,109,41,24/08/2026 06:30
INV_106019,STR_120,PRD_1152,126,37,2026-08-24T06:36:01.584105607
INV_106020,STR_125,PRD_2278,140,23,2026-08-24 06:41:35
INV_106021,STR_119,PRD_1728,106,31,24/08/2026 06:47
INV_106022,STR_105,PRD_2447,180,46,2026-08-24 06:52:43
INV_106023,STR_102,PRD_1231,191,43,2026-08-24 06:58:17
INV_106024,STR_109,PRD_1175,164,26,24/08/2026 07:03
INV_106025,STR_111,PRD_1550,76,42,2026-08-24 07:09:26
INV_106026,STR_132,PRD_1142,63,42,2026-08-24 07:15:00
INV_106027,STR_121,PRD_1016,55,47,24/08/2026 07:20
INV_106028,STR_115,PRD_1248,26,35,2026-08-24 07:26:08
INV_106029,STR_116,PRD_2058,114,48,2026-08-24T07:31:42.606840456
INV_106030,STR_109,PRD_1800,155,16,2026-08-24 07:37:16
INV_106031,STR_111,PRD_1999,-10,34,24/08/2026 07:42
INV_106032,STR_118,PRD_1998,165,39,2026-08-24 07:48:24
INV_106033,STR_139,PRD_1145,71,42,2026-08-24 07:53:59
INV_106034,STR_122,PRD_1925,24,48,2026-08-24 07:59:33
INV_106035,STR_139,PRD_1726,60,37,2026-08-24 08:05:07
INV_106036,STR_109,PRD_1164,97,27,2026-08-24 08:10:41
INV_106037,STR_109,PRD_2134,75,19,2026-08-24 08:16:15
INV_106038,STR_149,PRD_1646,170,11,2026-08-24 08:21:49
INV_106039,STR_109,PRD_2097,14,23,2026-08-24 08:27:23
INV_106040,STR_138,PRD_1667,31,22,2026-08-24 08:32:57
INV_106041,STR_129,PRD_1353,140,10,24/08/2026 08:38
INV_106042,STR_103,PRD_2297,-2,41,2026-08-24T08:44:05.936395759
INV_106043,STR_100,PRD_1942,144,34,2026-08-24 08:49:40
INV_106044,STR_142,PRD_2302,192,19,2026-08-24 08:55:14
INV_106045,STR_118,PRD_2054,40,24,2026-08-24T09:00:48.243216214
INV_106046,STR_104,PRD_1525,46,38,2026-08-24T09:06:22.345489699
INV_106047,STR_129,PRD_1509,71,26,24/08/2026 09:11
INV_106048,STR_125,PRD_1177,153,49,24/08/2026 09:17
INV_106049,STR_139,PRD_1328,151,32,2026-08-24 09:23:04
INV_106050,STR_133,PRD_1800,2,16,2026-08-24 09:28:38
INV_106051,STR_101,PRD_1687,172,45,24/08/2026 09:34
INV_106052,STR_123,PRD_2195,163,15,2026-08-24 09:39:46
INV_106053,STR_113,PRD_2419,169,11,2026-08-24 09:45:21
INV_106054,STR_140,PRD_1937,17,41,2026-08-24 09:50:55
INV_106055,STR_141,PRD_1979,75,14,2026-08-24 09:56:29
INV_106056,STR_112,PRD_1734,100,28,2026-08-24 10:02:03
INV_106057,STR_128,PRD_2058,147,11,2026-08-24T10:07:37.470498033
INV_106058,STR_100,PRD_1296,34,32,2026-08-24 10:13:11
INV_106059,STR_145,PRD_2492,27,49,2026-08-24T10:18:45.675045003
INV_106060,STR_133,PRD_1621,9,13,2026-08-24T10:24:19.777318487
INV_106061,STR_103,PRD_2258,187,13,24/08/2026 10:29
INV_106062,STR_127,PRD_1908,86,20,2026-08-24 10:35:27
INV_106063,STR_118,PRD_2062,164,29,2026-08-24T10:41:02.084138942
INV_106064,STR_100,PRD_2242,91,23,2026-08-24 10:46:36
INV_106065,STR_135,PRD_2240,48,44,2026-08-24T10:52:10.288685912
INV_106066,STR_142,PRD_1705,196,23,2026-08-24 10:57:44
INV_106067,STR_112,PRD_1627,196,12,24/08/2026 11:03
INV_106068,STR_149,PRD_1672,131,24,2026-08-24 11:08:52
INV_106069,STR_141,PRD_1419,31,30,2026-08-24 11:14:26
INV_106070,STR_104,PRD_1652,178,11,2026-08-24 11:20:00
INV_106071,STR_132,PRD_1823,48,30,2026-08-24 11:25:34
INV_106072,STR_113,PRD_2197,-3,19,2026-08-24T11:31:09.004600306
INV_106073,STR_115,PRD_1712,46,36,2026-08-24 11:36:43
INV_106074,STR_131,PRD_1866,139,28,2026-08-24T11:42:17.209147276
INV_106075,STR_149,PRD_1813,91,21,2026-08-24 11:47:51
INV_106076,STR_126,PRD_1867,73,25,2026-08-24 11:53:25
INV_106077,STR_134,PRD_1112,10,17,2026-08-24 11:58:59
INV_106078,STR_102,PRD_1939,117,46,2026-08-24 12:04:33
INV_106079,STR_103,PRD_1173,145,34,2026-08-24 12:10:07
INV_106080,STR_106,PRD_2010,38,33,2026-08-24 12:15:41
INV_106081,STR_112,PRD_1073,140,49,2026-08-24T12:21:15.925061670
INV_106082,STR_140,PRD_1636,43,27,24/08/2026 12:26
INV_106083,STR_102,PRD_1031,140,30,2026-08-24 12:32:24
INV_106084,STR_116,PRD_2277,57,17,2026-08-24 12:37:58
INV_106085,STR_146,PRD_1496,35,28,2026-08-24 12:43:32
INV_106086,STR_109,PRD_2136,185,39,2026-08-24 12:49:06
INV_106087,STR_146,PRD_1194,145,36,2026-08-24T12:54:40.538702580
INV_106088,STR_100,PRD_1527,84,45,2026-08-24T13:00:14.640976065
INV_106089,STR_127,PRD_1440,86,45,2026-08-24 13:05:48
INV_106090,STR_109,PRD_1723,39,35,24/08/2026 13:11
INV_106091,STR_106,PRD_1023,72,29,24/08/2026 13:16
INV_106092,STR_138,PRD_1289,52,23,2026-08-24T13:22:31.050070004
INV_106093,STR_102,PRD_1895,-1,42,2026-08-24 13:28:05
INV_106094,STR_106,PRD_1307,78,18,24/08/2026 13:33
INV_106095,STR_108,PRD_1303,154,32,2026-08-24 13:39:13
INV_106096,STR_139,PRD_1630,130,39,2026-08-24 13:44:47
INV_106097,STR_134,PRD_1950,59,37,24/08/2026 13:50
INV_106098,STR_125,PRD_1037,19,40,2026-08-24 13:55:55
INV_106099,STR_104,PRD_1385,69,35,2026-08-24 14:01:29
INV_106100,STR_112,PRD_1744,61,45,24/08/2026 14:07
INV_106101,STR_144,PRD_1081,197,45,2026-08-24 14:12:37
INV_106102,STR_129,PRD_2141,128,20,2026-08-24 14:18:12
INV_106103,STR_139,PRD_1049,112,21,2026-08-24T14:23:46.175078338
INV_106104,STR_149,PRD_1668,118,11,2026-08-24 14:29:20
INV_106105,STR_138,PRD_1073,135,49,2026-08-24 14:34:54
INV_106106,STR_109,PRD_2001,89,13,2026-08-24 14:40:28
INV_106107,STR_141,PRD_1694,0,41,24/08/2026 14:46
INV_106108,STR_122,PRD_2129,73,43,2026-08-24T14:51:36.686445763
INV_106109,STR_110,PRD_2349,127,14,24/08/2026 14:57
INV_106110,STR_111,PRD_1683,165,14,2026-08-24 15:02:44
INV_106111,STR_112,PRD_1355,50,13,2026-08-24 15:08:18
INV_106112,STR_139,PRD_2491,127,21,24/08/2026 15:13
INV_106113,STR_148,PRD_2307,90,44,2026-08-24T15:19:27.197813187
INV_106114,STR_145,PRD_2013,111,46,24/08/2026 15:25
INV_106115,STR_148,PRD_1184,49,43,24/08/2026 15:30
INV_106116,STR_9999,PRD_1153,103,37,2026-08-24T15:36:09.504633642
INV_106117,STR_115,PRD_1853,139,16,2026-08-24 15:41:43
INV_106118,STR_108,PRD_1117,64,49,2026-08-24 15:47:17
INV_106119,STR_8888,PRD_1266,88,20,24/08/2026 15:52
INV_106120,STR_109,PRD_2408,-2,41,2026-08-24T15:58:25.913727581
INV_106121,STR_128,PRD_1836,132,41,24/08/2026 16:04
INV_106122,STR_108,PRD_1254,72,40,2026-08-24 16:09:34
INV_106123,STR_132,PRD_2264,26,29,24/08/2026 16:15
INV_106124,STR_123,PRD_1170,59,15,24/08/2026 16:20
INV_106125,STR_134,PRD_1616,161,27,2026-08-24 16:26:16
INV_106126,STR_110,PRD_2001,186,30,2026-08-24 16:31:50
INV_106127,STR_138,PRD_1547,120,12,2026-08-24 16:37:24
INV_106128,STR_149,PRD_2208,-1,37,2026-08-24 16:42:58
INV_106129,STR_112,PRD_1701,194,37,2026-08-24T16:48:32.834188946
INV_106130,STR_122,PRD_1666,121,41,2026-08-24 16:54:06
INV_106131,STR_124,PRD_1892,45,48,2026-08-24 16:59:41
INV_106132,STR_149,PRD_1409,157,33,24/08/2026 17:05
INV_106133,STR_115,PRD_1738,22,16,24/08/2026 17:10
INV_106134,STR_147,PRD_1145,150,28,2026-08-24 17:16:23
INV_106135,STR_120,PRD_2061,177,10,2026-08-24 17:21:57
INV_106136,STR_109,PRD_1489,138,42,24/08/2026 17:27
INV_106137,STR_140,PRD_1261,92,42,24/08/2026 17:33
INV_106138,STR_139,PRD_2149,186,20,2026-08-24 17:38:39
INV_106139,STR_118,PRD_1344,108,32,2026-08-24T17:44:13.856923795
INV_106140,STR_134,PRD_2284,34,37,2026-08-24 17:49:47
INV_106141,STR_127,PRD_2466,46,26,24/08/2026 17:55
INV_106142,STR_140,PRD_1878,194,19,2026-08-24T18:00:56.163744249
INV_106143,STR_101,PRD_2131,157,17,2026-08-24 18:06:30
INV_106144,STR_9999,PRD_2460,198,18,2026-08-24 18:12:04
INV_106145,STR_129,PRD_1513,115,28,24/08/2026 18:17
INV_106146,STR_139,PRD_1944,181,17,24/08/2026 18:23
INV_106147,STR_149,PRD_1712,116,14,24/08/2026 18:28
INV_106148,STR_139,PRD_2113,-1,23,2026-08-24 18:34:20
INV_106149,STR_104,PRD_1214,63,42,2026-08-24 18:39:54
INV_106150,STR_137,PRD_2342,55,47,2026-08-24 18:45:28
INV_106151,STR_141,PRD_1603,91,21,2026-08-24 18:51:03
INV_106152,STR_114,PRD_1837,74,12,2026-08-24T18:56:37.186479098
INV_106153,STR_135,PRD_1771,182,49,2026-08-24T19:02:11.288752583
INV_106154,STR_102,PRD_1669,147,38,2026-08-24 19:07:45
INV_106155,STR_123,PRD_2080,71,31,2026-08-24 19:13:19
INV_106156,STR_140,PRD_1558,24,43,2026-08-24 19:18:53
INV_106157,STR_147,PRD_2425,42,15,2026-08-24 19:24:27
INV_106158,STR_147,PRD_1221,156,44,24/08/2026 19:30
INV_106159,STR_146,PRD_1474,101,48,2026-08-24T19:35:35.902393492
INV_106160,STR_140,PRD_2131,11,25,2026-08-24 19:41:10
INV_106161,STR_148,PRD_1862,56,40,24/08/2026 19:46
INV_106162,STR_111,PRD_1811,187,24,2026-08-24 19:52:18
INV_106163,STR_107,PRD_1179,89,10,24/08/2026 19:57
INV_106164,STR_113,PRD_1176,69,29,2026-08-24 20:03:26
INV_106165,STR_117,PRD_1486,184,32,2026-08-24T20:09:00.516034402
INV_106166,STR_143,PRD_1413,89,29,2026-08-24 20:14:34
INV_106167,STR_145,PRD_1691,64,41,2026-08-24 20:20:08
INV_106168,STR_119,PRD_2060,109,34,2026-08-24 20:25:42
INV_106169,STR_122,PRD_1574,6,17,2026-08-24 20:31:16
INV_106170,STR_104,PRD_1267,136,42,24/08/2026 20:36
INV_106171,STR_100,PRD_1784,177,39,2026-08-24 20:42:25
INV_106172,STR_144,PRD_1923,61,12,24/08/2026 20:47
INV_106173,STR_145,PRD_1387,113,33,2026-08-24 20:53:33
INV_106174,STR_101,PRD_1353,195,21,2026-08-24 20:59:07
INV_106175,STR_115,PRD_1813,79,40,24/08/2026 21:04
INV_106176,STR_104,PRD_2293,40,16,2026-08-24 21:10:15
INV_106177,STR_121,PRD_2023,165,49,2026-08-24 21:15:49
INV_106178,STR_100,PRD_1268,46,26,2026-08-24 21:21:23
INV_106179,STR_111,PRD_2465,127,19,2026-08-24 21:26:57
INV_106180,STR_118,PRD_2328,21,24,2026-08-24 21:32:32
INV_106181,STR_121,PRD_2269,68,30,2026-08-24T21:38:06.152410160
INV_106182,STR_141,PRD_2201,112,30,2026-08-24T21:43:40.254683645
INV_106183,STR_143,PRD_2090,111,38,2026-08-24 21:49:14
INV_106184,STR_9999,PRD_1276,57,10,2026-08-24 21:54:48
INV_106185,STR_147,PRD_2231,17,30,24/08/2026 22:00
INV_106186,STR_116,PRD_1306,121,14,2026-08-24 22:05:56
INV_106187,STR_112,PRD_1630,178,24,2026-08-24 22:11:30
INV_106188,STR_138,PRD_1537,66,35,2026-08-24 22:17:04
INV_106189,STR_127,PRD_1517,129,20,2026-08-24 22:22:38
INV_106190,STR_102,PRD_2297,4,30,2026-08-24T22:28:13.072871524
INV_106191,STR_104,PRD_2256,18,15,24/08/2026 22:33
INV_106192,STR_135,PRD_2137,76,13,2026-08-24 22:39:21
INV_106193,STR_114,PRD_1133,2,30,2026-08-24 22:44:55
INV_106194,STR_116,PRD_2448,27,26,2026-08-24 22:50:29
INV_106195,STR_143,PRD_1824,175,40,2026-08-24T22:56:03.584238949
INV_106196,STR_145,PRD_2048,99,32,24/08/2026 23:01
INV_106197,STR_128,PRD_2303,24,41,2026-08-24 23:07:11
INV_106198,STR_103,PRD_2366,157,45,2026-08-24T23:12:45.891059404
INV_106199,STR_131,PRD_1812,65,43,24/08/2026 23:18
INV_106200,STR_148,PRD_1071,99,15,2026-08-24 23:23:54
INV_106201,STR_142,PRD_2017,-6,47,2026-08-24 23:29:28
INV_106202,STR_137,PRD_1951,-9,31,2026-08-24 23:35:02
INV_106203,STR_103,PRD_2224,19,42,2026-08-24T23:40:36.402426828
INV_106204,STR_112,PRD_2349,88,20,2026-08-24 23:46:10
INV_106205,STR_119,PRD_1032,108,32,2026-08-24 23:51:44
INV_106206,STR_146,PRD_1096,-1,45,2026-08-24 23:57:18
INV_106207,STR_117,PRD_1262,62,37,2026-08-25 00:02:52
INV_106208,STR_148,PRD_1873,198,28,2026-08-25 00:08:26
INV_106209,STR_9999,PRD_1913,113,22,2026-08-25 00:14:01
INV_106210,STR_141,PRD_2093,27,22,25/08/2026 00:19
INV_106211,STR_136,PRD_1292,176,17,25/08/2026 00:25
INV_106212,STR_111,PRD_1916,83,22,2026-08-25 00:30:43
INV_106213,STR_124,PRD_1729,108,44,2026-08-25 00:36:17
INV_106214,STR_129,PRD_2230,152,36,25/08/2026 00:41
INV_106215,STR_114,PRD_1171,60,20,2026-08-25 00:47:25
INV_106216,STR_135,PRD_1757,129,30,2026-08-25 00:52:59
INV_106217,STR_107,PRD_1925,159,17,2026-08-25T00:58:33.834255617
INV_106218,STR_127,PRD_2418,87,35,2026-08-25 01:04:07
INV_106219,STR_8888,PRD_2279,166,39,2026-08-25 01:09:42
INV_106220,STR_121,PRD_2287,116,31,2026-08-25 01:15:16
INV_106221,STR_148,PRD_1900,56,48,2026-08-25T01:20:50.243349556
INV_106222,STR_137,PRD_2287,22,19,25/08/2026 01:26
INV_106223,STR_115,PRD_1516,93,35,2026-08-25 01:31:58
INV_106224,STR_104,PRD_2033,130,36,25/08/2026 01:37
INV_106225,STR_145,PRD_1270,192,31,2026-08-25T01:43:06.652443496
INV_106226,STR_133,PRD_1741,137,22,2026-08-25 01:48:40
INV_106227,STR_148,PRD_2335,150,48,25/08/2026 01:54
INV_106228,STR_137,PRD_2393,23,16,2026-08-25 01:59:48
INV_106229,STR_110,PRD_1566,39,21,2026-08-25 02:05:23
INV_106230,STR_101,PRD_1552,167,22,2026-08-25T02:10:57.163810920
INV_106231,STR_124,PRD_1649,126,21,2026-08-25 02:16:31
INV_106232,STR_124,PRD_1390,-4,21,2026-08-25 02:22:05
INV_106233,STR_100,PRD_1958,126,47,2026-08-25T02:27:39.470631375
INV_106234,STR_130,PRD_2138,95,12,2026-08-25T02:33:13.572904860
INV_106235,STR_104,PRD_1574,143,17,2026-08-25 02:38:47
INV_106236,STR_139,PRD_1343,119,40,2026-08-25 02:44:21
INV_106237,STR_103,PRD_2433,-6,22,2026-08-25 02:49:55
INV_106238,STR_9999,PRD_2401,102,17,2026-08-25 02:55:29
INV_106239,STR_104,PRD_1455,55,46,25/08/2026 03:01
INV_106240,STR_104,PRD_2446,105,33,25/08/2026 03:06
INV_106241,STR_115,PRD_1443,127,37,2026-08-25 03:12:12
INV_106242,STR_117,PRD_1196,148,13,2026-08-25 03:17:46
INV_106243,STR_142,PRD_1867,150,25,25/08/2026 03:23
INV_106244,STR_116,PRD_1362,97,27,2026-08-25 03:28:54
INV_106245,STR_134,PRD_2433,100,13,2026-08-25 03:34:28
INV_106246,STR_117,PRD_2417,123,49,2026-08-25T03:40:02.800186679
INV_106247,STR_103,PRD_1867,3,42,2026-08-25 03:45:36
INV_106248,STR_9999,PRD_1565,67,36,2026-08-25T03:51:11.004733648
INV_106249,STR_130,PRD_1670,4,45,2026-08-25T03:56:45.107007133
INV_106250,STR_130,PRD_2317,110,13,2026-08-25 04:02:19
INV_106251,STR_108,PRD_1024,198,45,2026-08-25 04:07:53
INV_106252,STR_130,PRD_1236,160,22,2026-08-25 04:13:27
INV_106253,STR_104,PRD_1460,196,23,2026-08-25 04:19:01
INV_106254,STR_135,PRD_2344,137,46,2026-08-25 04:24:35
INV_106255,STR_115,PRD_1099,10,15,25/08/2026 04:30
INV_106256,STR_141,PRD_1739,181,23,2026-08-25 04:35:43
INV_106257,STR_140,PRD_1407,18,12,2026-08-25 04:41:17
INV_106258,STR_115,PRD_2178,176,34,2026-08-25 04:46:52
INV_106259,STR_119,PRD_1977,62,43,2026-08-25 04:52:26
INV_106260,STR_129,PRD_2457,181,15,2026-08-25 04:58:00
INV_106261,STR_125,PRD_1750,82,49,2026-08-25 05:03:34
INV_106262,STR_148,PRD_2457,161,10,2026-08-25T05:09:08.436562437
INV_106263,STR_130,PRD_1142,151,17,2026-08-25 05:14:42
INV_106264,STR_149,PRD_1528,36,26,2026-08-25T05:20:16.641109407
INV_106265,STR_114,PRD_2308,-2,22,2026-08-25 05:25:50
INV_106266,STR_8888,PRD_2028,177,28,2026-08-25 05:31:24
INV_106267,STR_140,PRD_1522,101,44,2026-08-25 05:36:58
INV_106268,STR_137,PRD_1719,19,42,2026-08-25 05:42:33
INV_106269,STR_137,PRD_2459,6,42,2026-08-25 05:48:07
INV_106270,STR_142,PRD_1417,169,48,2026-08-25 05:53:41
INV_106271,STR_119,PRD_2104,48,47,2026-08-25T05:59:15.357023801
INV_106272,STR_134,PRD_1544,108,47,2026-08-25 06:04:49
INV_106273,STR_122,PRD_2009,121,18,2026-08-25 06:10:23
INV_106274,STR_143,PRD_1816,157,46,2026-08-25 06:15:57
INV_106275,STR_146,PRD_2400,85,10,25/08/2026 06:21
INV_106276,STR_138,PRD_1158,124,45,2026-08-25 06:27:05
INV_106277,STR_124,PRD_1626,27,47,2026-08-25 06:32:39
INV_106278,STR_149,PRD_2240,21,11,2026-08-25 06:38:14
INV_106279,STR_121,PRD_1772,58,19,2026-08-25 06:43:48
INV_106280,STR_146,PRD_2068,56,32,2026-08-25 06:49:22
INV_106281,STR_107,PRD_2238,45,18,25/08/2026 06:54
INV_106282,STR_108,PRD_1127,9,20,25/08/2026 07:00
INV_106283,STR_114,PRD_2277,181,45,25/08/2026 07:06
INV_106284,STR_147,PRD_1876,109,47,2026-08-25 07:11:38
INV_106285,STR_119,PRD_2375,134,44,2026-08-25T07:17:12.788852590
INV_106286,STR_134,PRD_1605,133,22,2026-08-25 07:22:46
INV_106287,STR_136,PRD_1540,0,28,2026-08-25 07:28:20
INV_106288,STR_102,PRD_1163,130,44,2026-08-25 07:33:55
INV_106289,STR_133,PRD_1648,135,39,25/08/2026 07:39
INV_106290,STR_133,PRD_1130,3,27,2026-08-25 07:45:03
INV_106291,STR_135,PRD_1695,23,21,2026-08-25T07:50:37.402493499
INV_106292,STR_134,PRD_1503,193,21,2026-08-25 07:56:11
INV_106293,STR_108,PRD_2447,75,30,2026-08-25 08:01:45
INV_106294,STR_129,PRD_1183,114,21,2026-08-25 08:07:19
INV_106295,STR_125,PRD_1825,143,37,25/08/2026 08:12
INV_106296,STR_111,PRD_1670,159,38,2026-08-25T08:18:27.913860924
INV_106297,STR_123,PRD_1981,178,48,2026-08-25 08:24:02
INV_106298,STR_140,PRD_2022,156,13,25/08/2026 08:29
INV_106299,STR_118,PRD_1553,119,40,25/08/2026 08:35
INV_106300,STR_143,PRD_2258,174,33,2026-08-25T08:40:44.322954863
INV_106301,STR_115,PRD_1130,39,27,25/08/2026 08:46
INV_106302,STR_125,PRD_1696,102,35,2026-08-25T08:51:52.527501833
INV_106303,STR_122,PRD_2037,133,29,2026-08-25T08:57:26.629775318
INV_106304,STR_132,PRD_1813,51,17,2026-08-25 09:03:00
INV_106305,STR_141,PRD_1658,87,42,2026-08-25T09:08:34.834322288
INV_106306,STR_129,PRD_1379,128,13,2026-08-25 09:14:08
INV_106307,STR_122,PRD_2083,116,47,25/08/2026 09:19
INV_106308,STR_109,PRD_1926,180,31,25/08/2026 09:25
INV_106309,STR_135,PRD_2315,19,45,2026-08-25T09:30:51.243416227
INV_106310,STR_130,PRD_2183,171,40,25/08/2026 09:36
INV_106311,STR_142,PRD_2470,188,17,2026-08-25T09:41:59.447963197
INV_106312,STR_121,PRD_1537,144,18,2026-08-25 09:47:33
INV_106313,STR_142,PRD_1576,75,27,25/08/2026 09:53
INV_106314,STR_142,PRD_2409,181,44,2026-08-25 09:58:41
INV_106315,STR_137,PRD_2093,70,33,2026-08-25T10:04:15.857057137
INV_106316,STR_146,PRD_2405,68,26,2026-08-25T10:09:49.959330622
INV_106317,STR_101,PRD_1684,126,10,2026-08-25 10:15:24
INV_106318,STR_122,PRD_2248,65,48,2026-08-25T10:20:58.163877591
INV_106319,STR_134,PRD_1039,189,24,2026-08-25 10:26:32
INV_106320,STR_136,PRD_2169,119,22,2026-08-25T10:32:06.368424561
INV_106321,STR_131,PRD_1365,38,32,25/08/2026 10:37
INV_106322,STR_142,PRD_1247,37,38,2026-08-25 10:43:14
INV_106323,STR_111,PRD_1011,44,40,2026-08-25 10:48:48
INV_106324,STR_134,PRD_1736,69,46,25/08/2026 10:54
INV_106325,STR_140,PRD_1509,56,37,2026-08-25 10:59:56
INV_106326,STR_102,PRD_2268,104,41,2026-08-25T11:05:30.982065471
INV_106327,STR_133,PRD_1170,101,16,25/08/2026 11:11
INV_106328,STR_137,PRD_2055,148,23,2026-08-25 11:16:39
INV_106329,STR_123,PRD_1720,96,23,2026-08-25 11:22:13
INV_106330,STR_137,PRD_1994,15,41,2026-08-25 11:27:47
INV_106331,STR_116,PRD_1814,99,18,2026-08-25 11:33:21
INV_106332,STR_139,PRD_1428,55,15,2026-08-25T11:38:55.595706380
INV_106333,STR_100,PRD_2058,147,24,2026-08-25 11:44:29
INV_106334,STR_107,PRD_1204,194,39,2026-08-25 11:50:03
INV_106335,STR_114,PRD_1889,90,39,2026-08-25 11:55:37
INV_106336,STR_149,PRD_2407,195,25,2026-08-25 12:01:12
INV_106337,STR_144,PRD_1904,-10,32,2026-08-25 12:06:46
INV_106338,STR_124,PRD_2289,59,40,25/08/2026 12:12
INV_106339,STR_107,PRD_2466,139,21,2026-08-25 12:17:54
INV_106340,STR_8888,PRD_1696,192,30,2026-08-25 12:23:28
INV_106341,STR_131,PRD_1749,102,12,2026-08-25 12:29:02
INV_106342,STR_149,PRD_1984,43,12,2026-08-25T12:34:36.618441229
INV_106343,STR_112,PRD_2493,131,47,2026-08-25 12:40:10
INV_106344,STR_145,PRD_2289,3,31,25/08/2026 12:45
INV_106345,STR_114,PRD_1985,188,30,2026-08-25 12:51:18
INV_106346,STR_105,PRD_2132,8,25,2026-08-25T12:56:53.027535169
INV_106347,STR_132,PRD_2201,143,27,2026-08-25 13:02:27
INV_106348,STR_106,PRD_1248,48,13,2026-08-25T13:08:01.232082138
INV_106349,STR_132,PRD_2028,139,29,2026-08-25 13:13:35
INV_106350,STR_146,PRD_2180,-5,22,2026-08-25 13:19:09
INV_106351,STR_128,PRD_1229,52,40,2026-08-25T13:24:43.538902593
INV_106352,STR_137,PRD_1627,66,11,25/08/2026 13:30
INV_106353,STR_136,PRD_2284,63,39,2026-08-25T13:35:51.743449563
INV_106354,STR_143,PRD_1827,171,40,2026-08-25 13:41:25
INV_106355,STR_131,PRD_1320,116,37,25/08/2026 13:46
INV_106356,STR_102,PRD_2150,136,18,2026-08-25 13:52:34
INV_106357,STR_119,PRD_1027,84,20,2026-08-25 13:58:08
INV_106358,STR_113,PRD_1850,-1,44,2026-08-25T14:03:42.254816987
INV_106359,STR_127,PRD_1509,26,46,2026-08-25 14:09:16
INV_106360,STR_137,PRD_1227,194,26,25/08/2026 14:14
INV_106361,STR_103,PRD_1640,134,35,2026-08-25T14:20:24.561637442
INV_106362,STR_114,PRD_1540,172,13,2026-08-25 14:25:58
INV_106363,STR_116,PRD_2202,122,42,2026-08-25T14:31:32.766184412
INV_106364,STR_136,PRD_1671,138,26,2026-08-25 14:37:06
INV_106365,STR_123,PRD_1909,107,17,2026-08-25 14:42:40
INV_106366,STR_137,PRD_2311,156,35,25/08/2026 14:48
INV_106367,STR_141,PRD_2288,137,29,2026-08-25 14:53:49
INV_106368,STR_140,PRD_2490,188,47,2026-08-25 14:59:23
INV_106369,STR_135,PRD_2418,132,42,25/08/2026 15:04
INV_106370,STR_140,PRD_2455,68,49,2026-08-25 15:10:31
INV_106371,STR_107,PRD_2458,42,26,2026-08-25 15:16:05
INV_106372,STR_102,PRD_2411,22,18,2026-08-25T15:21:39.686645776
INV_106373,STR_129,PRD_1808,111,29,2026-08-25 15:27:13
INV_106374,STR_121,PRD_2168,161,17,25/08/2026 15:32
INV_106375,STR_8888,PRD_2198,183,15,2026-08-25T15:38:21.993466231
INV_106376,STR_132,PRD_1519,167,18,2026-08-25 15:43:56
INV_106377,STR_124,PRD_2337,21,20,2026-08-25 15:49:30
INV_106378,STR_8888,PRD_2152,68,14,2026-08-25 15:55:04
INV_106379,STR_129,PRD_1513,188,17,25/08/2026 16:00
INV_106380,STR_136,PRD_2033,190,44,25/08/2026 16:06
INV_106381,STR_102,PRD_1346,172,34,2026-08-25 16:11:46
INV_106382,STR_103,PRD_1116,145,45,2026-08-25T16:17:20.709380625
INV_106383,STR_128,PRD_1410,-8,48,2026-08-25 16:22:54
INV_106384,STR_131,PRD_2420,42,15,2026-08-25 16:28:28
INV_106385,STR_122,PRD_2034,159,33,2026-08-25 16:34:03
INV_106386,STR_118,PRD_2421,-9,30,2026-08-25T16:39:37.118474565
INV_106387,STR_114,PRD_2116,110,45,2026-08-25T16:45:11.220748049
INV_106388,STR_9999,PRD_2125,139,27,2026-08-25 16:50:45
INV_106389,STR_115,PRD_1097,142,10,2026-08-25 16:56:19
INV_106390,STR_122,PRD_1281,149,38,25/08/2026 17:01
INV_106391,STR_139,PRD_1806,124,26,2026-08-25 17:07:27
INV_106392,STR_145,PRD_1859,51,14,25/08/2026 17:13
INV_106393,STR_136,PRD_1656,20,15,2026-08-25 17:18:35
INV_106394,STR_100,PRD_2444,52,17,2026-08-25 17:24:09
INV_106395,STR_118,PRD_2387,26,34,2026-08-25 17:29:44
INV_106396,STR_136,PRD_1210,57,28,25/08/2026 17:35
INV_106397,STR_134,PRD_1507,68,48,2026-08-25 17:40:52
INV_106398,STR_129,PRD_2099,126,18,2026-08-25 17:46:26
INV_106399,STR_116,PRD_2346,187,37,2026-08-25 17:52:00
INV_106400,STR_138,PRD_1451,35,40,2026-08-25 17:57:34
INV_106401,STR_148,PRD_1686,84,10,2026-08-25 18:03:08
INV_106402,STR_125,PRD_1622,23,19,25/08/2026 18:08
INV_106403,STR_112,PRD_1970,97,31,2026-08-25 18:14:16
INV_106404,STR_121,PRD_1929,49,10,2026-08-25 18:19:50
INV_106405,STR_145,PRD_1017,130,22,25/08/2026 18:25
INV_106406,STR_122,PRD_2314,25,23,25/08/2026 18:30
INV_106407,STR_143,PRD_1785,37,32,2026-08-25 18:36:33
INV_106408,STR_142,PRD_1197,82,48,2026-08-25 18:42:07
INV_106409,STR_132,PRD_2185,192,37,2026-08-25 18:47:41
INV_106410,STR_126,PRD_1416,-5,38,2026-08-25T18:53:15.573038202
INV_106411,STR_134,PRD_1383,122,49,2026-08-25 18:58:49
INV_106412,STR_111,PRD_1199,182,42,2026-08-25T19:04:23.777585172
INV_106413,STR_108,PRD_1894,92,11,25/08/2026 19:09
INV_106414,STR_133,PRD_1979,167,42,2026-08-25 19:15:31
INV_106415,STR_113,PRD_2066,63,33,2026-08-25T19:21:06.084405627
INV_106416,STR_136,PRD_1081,63,21,25/08/2026 19:26
INV_106417,STR_102,PRD_2327,102,49,2026-08-25 19:32:14
INV_106418,STR_143,PRD_2222,141,37,2026-08-25 19:37:48
INV_106419,STR_143,PRD_2429,-4,44,2026-08-25 19:43:22
INV_106420,STR_120,PRD_2450,75,19,2026-08-25 19:48:56
INV_106421,STR_106,PRD_2484,47,43,25/08/2026 19:54
INV_106422,STR_132,PRD_1883,138,14,25/08/2026 20:00
INV_106423,STR_134,PRD_1479,150,27,2026-08-25 20:05:38
INV_106424,STR_110,PRD_1727,33,15,25/08/2026 20:11
INV_106425,STR_144,PRD_1123,14,20,2026-08-25T20:16:47.107140476
INV_106426,STR_131,PRD_1527,84,10,2026-08-25 20:22:21
INV_106427,STR_121,PRD_1525,197,32,2026-08-25 20:27:55
INV_106428,STR_141,PRD_1038,105,13,2026-08-25 20:33:29
INV_106429,STR_118,PRD_2222,132,16,2026-08-25T20:39:03.516234415
INV_106430,STR_135,PRD_1107,146,26,2026-08-25T20:44:37.618507900
INV_106431,STR_136,PRD_1267,72,20,2026-08-25T20:50:11.720781385
INV_106432,STR_110,PRD_2376,41,36,2026-08-25 20:55:45
INV_106433,STR_140,PRD_1310,6,21,2026-08-25T21:01:19.925328355
INV_106434,STR_112,PRD_2413,25,43,2026-08-25T21:06:54.027601840
INV_106435,STR_127,PRD_1039,152,17,2026-08-25T21:12:28.129875325
INV_106436,STR_148,PRD_1780,157,32,2026-08-25 21:18:02
INV_106437,STR_114,PRD_1580,140,35,2026-08-25 21:23:36
INV_106438,STR_112,PRD_1151,190,43,2026-08-25 21:29:10
INV_106439,STR_142,PRD_1186,151,41,2026-08-25 21:34:44
INV_106440,STR_132,PRD_1429,175,15,2026-08-25 21:40:18
INV_106441,STR_107,PRD_1456,71,10,2026-08-25 21:45:52
INV_106442,STR_131,PRD_1752,117,13,25/08/2026 21:51
INV_106443,STR_136,PRD_2250,69,34,2026-08-25 21:57:00
INV_106444,STR_147,PRD_2451,178,17,2026-08-25T22:02:35.050336689
INV_106445,STR_103,PRD_1203,145,49,2026-08-25 22:08:09
INV_106446,STR_9999,PRD_1778,49,29,2026-08-25 22:13:43
INV_106447,STR_117,PRD_1117,149,23,2026-08-25T22:19:17.357157143
INV_106448,STR_122,PRD_2417,47,42,2026-08-25 22:24:51
INV_106449,STR_128,PRD_1221,71,12,2026-08-25T22:30:25.561704113
INV_106450,STR_101,PRD_1896,33,24,2026-08-25 22:35:59
INV_106451,STR_112,PRD_1062,151,36,2026-08-25 22:41:33
INV_106452,STR_115,PRD_1395,138,28,2026-08-25 22:47:07
INV_106453,STR_107,PRD_1004,113,10,2026-08-25 22:52:41
INV_106454,STR_118,PRD_2357,-10,44,2026-08-25 22:58:16
INV_106455,STR_131,PRD_2315,172,42,2026-08-25T23:03:50.175345023
INV_106456,STR_102,PRD_1507,197,26,2026-08-25T23:09:24.277618507
INV_106457,STR_9999,PRD_1144,166,22,2026-08-25 23:14:58
INV_106458,STR_148,PRD_1953,86,21,2026-08-25 23:20:32
INV_106459,STR_131,PRD_1661,10,48,25/08/2026 23:26
INV_106460,STR_140,PRD_2182,88,35,2026-08-25 23:31:40
INV_106461,STR_120,PRD_1780,172,36,2026-08-25 23:37:14
INV_106462,STR_124,PRD_1958,144,33,2026-08-25T23:42:48.891259417
INV_106463,STR_116,PRD_1962,137,26,25/08/2026 23:48
INV_106464,STR_124,PRD_1010,133,20,2026-08-25 23:53:57
INV_106465,STR_132,PRD_1068,195,31,2026-08-25 23:59:31
INV_106466,STR_130,PRD_1963,37,17,2026-08-26T00:05:05.300353356
INV_106467,STR_135,PRD_1201,21,41,2026-08-26T00:10:39.402626841
INV_106468,STR_122,PRD_1265,21,38,2026-08-26 00:16:13
INV_106469,STR_146,PRD_1107,170,41,2026-08-26T00:21:47.607173811
INV_106470,STR_143,PRD_2077,113,49,2026-08-26 00:27:21
INV_106471,STR_124,PRD_1950,170,14,2026-08-26 00:32:55
INV_106472,STR_148,PRD_2361,119,22,26/08/2026 00:38
INV_106473,STR_143,PRD_1189,174,34,2026-08-26 00:44:04
INV_106474,STR_147,PRD_1238,11,19,2026-08-26 00:49:38
INV_106475,STR_129,PRD_1950,41,35,2026-08-26 00:55:12
INV_106476,STR_112,PRD_1342,198,35,2026-08-26T01:00:46.323088205
INV_106477,STR_142,PRD_1290,85,30,2026-08-26 01:06:20
INV_106478,STR_146,PRD_2346,198,32,2026-08-26 01:11:54
INV_106479,STR_128,PRD_1320,175,21,2026-08-26T01:17:28.629908660
INV_106480,STR_115,PRD_1041,151,48,2026-08-26T01:23:02.732182145
INV_106481,STR_137,PRD_1954,188,34,2026-08-26 01:28:36
INV_106482,STR_126,PRD_2221,134,21,2026-08-26T01:34:10.936729115
INV_106483,STR_125,PRD_1888,189,45,2026-08-26T01:39:45.039002600
INV_106484,STR_110,PRD_1632,12,41,2026-08-26 01:45:19
INV_106485,STR_146,PRD_1845,22,27,2026-08-26 01:50:53
INV_106486,STR_136,PRD_1283,146,29,2026-08-26T01:56:27.345823054
INV_106487,STR_102,PRD_1806,8,11,26/08/2026 02:02
INV_106488,STR_125,PRD_1181,110,42,2026-08-26T02:07:35.550370024
INV_106489,STR_133,PRD_2034,58,26,2026-08-26 02:13:09
INV_106490,STR_132,PRD_1744,26,45,2026-08-26T02:18:43.754916994
INV_106491,STR_114,PRD_1441,112,39,2026-08-26 02:24:17
INV_106492,STR_101,PRD_1628,143,18,26/08/2026 02:29
INV_106493,STR_127,PRD_2447,13,40,2026-08-26 02:35:26
INV_106494,STR_119,PRD_1387,43,48,2026-08-26 02:41:00
INV_106495,STR_137,PRD_1575,10,30,26/08/2026 02:46
INV_106496,STR_143,PRD_1453,86,31,2026-08-26 02:52:08
INV_106497,STR_115,PRD_1926,79,26,2026-08-26 02:57:42
INV_106498,STR_145,PRD_2025,127,12,2026-08-26 03:03:16
INV_106499,STR_103,PRD_1810,31,41,26/08/2026 03:08
INV_106500,STR_107,PRD_2265,146,42,2026-08-26 03:14:24
INV_106501,STR_143,PRD_1808,174,19,2026-08-26 03:19:58
INV_106502,STR_145,PRD_2083,152,14,26/08/2026 03:25
INV_106503,STR_119,PRD_1367,17,13,26/08/2026 03:31
INV_106504,STR_125,PRD_1941,129,47,2026-08-26 03:36:41
INV_106505,STR_131,PRD_1039,47,41,2026-08-26 03:42:15
INV_106506,STR_112,PRD_2338,116,47,2026-08-26 03:47:49
INV_106507,STR_104,PRD_1556,161,29,2026-08-26 03:53:23
INV_106508,STR_143,PRD_2321,-4,18,26/08/2026 03:58
INV_106509,STR_141,PRD_1916,133,24,26/08/2026 04:04
INV_106510,STR_9999,PRD_2020,82,17,2026-08-26 04:10:05
INV_106511,STR_112,PRD_1642,24,43,2026-08-26 04:15:39
INV_106512,STR_140,PRD_1449,81,39,2026-08-26 04:21:14
INV_106513,STR_110,PRD_1394,-4,19,2026-08-26T04:26:48.107207147
INV_106514,STR_136,PRD_1791,3,23,2026-08-26T04:32:22.209480632
INV_106515,STR_131,PRD_1087,48,43,2026-08-26 04:37:56
INV_106516,STR_144,PRD_1532,51,31,2026-08-26 04:43:30
INV_106517,STR_141,PRD_2411,191,22,2026-08-26 04:49:04
INV_106518,STR_117,PRD_1743,109,38,2026-08-26 04:54:38
INV_106519,STR_128,PRD_1380,55,38,2026-08-26 05:00:12
INV_106520,STR_114,PRD_1430,11,16,26/08/2026 05:05
INV_106521,STR_119,PRD_2239,133,15,2026-08-26 05:11:20
INV_106522,STR_143,PRD_1276,88,44,2026-08-26 05:16:55
INV_106523,STR_135,PRD_1193,192,46,2026-08-26 05:22:29
INV_106524,STR_104,PRD_1178,109,13,2026-08-26 05:28:03
INV_106525,STR_139,PRD_2166,32,23,2026-08-26 05:33:37
INV_106526,STR_136,PRD_1217,86,15,2026-08-26 05:39:11
INV_106527,STR_132,PRD_1987,87,26,2026-08-26 05:44:45
INV_106528,STR_117,PRD_2082,105,33,2026-08-26 05:50:19
INV_106529,STR_118,PRD_2369,137,22,2026-08-26 05:55:53
INV_106530,STR_9999,PRD_1556,127,21,2026-08-26 06:01:27
INV_106531,STR_131,PRD_2442,136,38,2026-08-26 06:07:01
INV_106532,STR_141,PRD_2247,1,33,2026-08-26 06:12:36
INV_106533,STR_121,PRD_2373,127,43,2026-08-26 06:18:10
INV_106534,STR_140,PRD_1767,60,23,26/08/2026 06:23
INV_106535,STR_100,PRD_1076,173,36,26/08/2026 06:29
INV_106536,STR_124,PRD_1598,93,14,2026-08-26 06:34:52
INV_106537,STR_119,PRD_2231,0,49,2026-08-26T06:40:26.561770784
INV_106538,STR_134,PRD_2182,197,18,2026-08-26 06:46:00
INV_106539,STR_144,PRD_1523,50,25,26/08/2026 06:51
INV_106540,STR_105,PRD_2248,115,22,2026-08-26 06:57:08
INV_106541,STR_105,PRD_2381,155,24,26/08/2026 07:02
INV_106542,STR_149,PRD_1812,6,45,2026-08-26 07:08:17
INV_106543,STR_136,PRD_1383,43,34,2026-08-26T07:13:51.175411694
INV_106544,STR_148,PRD_1503,162,25,2026-08-26 07:19:25
INV_106545,STR_102,PRD_2473,142,40,2026-08-26 07:24:59
INV_106546,STR_136,PRD_1241,95,46,26/08/2026 07:30
INV_106547,STR_130,PRD_1368,148,42,26/08/2026 07:36
INV_106548,STR_134,PRD_2494,95,29,2026-08-26 07:41:41
INV_106549,STR_144,PRD_1287,182,35,26/08/2026 07:47
INV_106550,STR_114,PRD_1398,28,44,2026-08-26 07:52:49
INV_106551,STR_116,PRD_1103,9,49,26/08/2026 07:58
INV_106552,STR_114,PRD_2334,62,16,2026-08-26 08:03:58
INV_106553,STR_104,PRD_1126,32,40,2026-08-26T08:09:32.198146543
INV_106554,STR_121,PRD_1039,105,26,2026-08-26T08:15:06.300420028
INV_106555,STR_145,PRD_2095,183,17,2026-08-26 08:20:40
INV_106556,STR_110,PRD_1881,118,32,2026-08-26T08:26:14.504966997
INV_106557,STR_127,PRD_1944,44,27,2026-08-26 08:31:48
INV_106558,STR_113,PRD_1246,97,21,2026-08-26 08:37:22
INV_106559,STR_138,PRD_2270,92,39,26/08/2026 08:42
INV_106560,STR_102,PRD_1311,168,45,2026-08-26 08:48:30
INV_106561,STR_8888,PRD_1033,122,24,2026-08-26 08:54:05
INV_106562,STR_141,PRD_1128,129,27,2026-08-26 08:59:39
INV_106563,STR_110,PRD_1009,3,34,2026-08-26 09:05:13
INV_106564,STR_129,PRD_2191,177,22,2026-08-26 09:10:47
INV_106565,STR_137,PRD_2239,92,33,2026-08-26 09:16:21
INV_106566,STR_104,PRD_1941,29,26,2026-08-26 09:21:55
INV_106567,STR_8888,PRD_2431,97,10,2026-08-26T09:27:29.629975331
INV_106568,STR_121,PRD_1934,126,46,2026-08-26T09:33:03.732248816
INV_106569,STR_112,PRD_2041,159,36,2026-08-26 09:38:37
INV_106570,STR_143,PRD_1339,31,29,2026-08-26T09:44:11.936795786
INV_106571,STR_9999,PRD_1680,22,27,2026-08-26 09:49:46
INV_106572,STR_9999,PRD_2113,14,18,2026-08-26 09:55:20
INV_106573,STR_120,PRD_2308,107,19,2026-08-26 10:00:54
INV_106574,STR_136,PRD_1533,67,34,2026-08-26 10:06:28
INV_106575,STR_124,PRD_2290,-2,10,2026-08-26T10:12:02.448163210
INV_106576,STR_8888,PRD_1808,108,45,2026-08-26T10:17:36.550436695
INV_106577,STR_120,PRD_1432,108,27,2026-08-26 10:23:10
INV_106578,STR_127,PRD_1757,80,24,26/08/2026 10:28
INV_106579,STR_140,PRD_1650,161,42,26/08/2026 10:34
INV_106580,STR_103,PRD_2075,47,31,26/08/2026 10:39
INV_106581,STR_128,PRD_2090,142,33,2026-08-26 10:45:27
INV_106582,STR_146,PRD_1596,105,10,2026-08-26T10:51:01.164077605
INV_106583,STR_134,PRD_1249,21,20,2026-08-26 10:56:35
INV_106584,STR_122,PRD_2354,11,35,2026-08-26 11:02:09
INV_106585,STR_106,PRD_1903,82,35,2026-08-26T11:07:43.470898059
INV_106586,STR_8888,PRD_1414,44,15,2026-08-26 11:13:17
INV_106587,STR_8888,PRD_2146,178,42,2026-08-26T11:18:51.675445029
INV_106588,STR_145,PRD_2225,97,23,2026-08-26 11:24:25
INV_106589,STR_145,PRD_1005,174,33,26/08/2026 11:29
INV_106590,STR_108,PRD_1848,66,47,2026-08-26 11:35:33
INV_106591,STR_122,PRD_2222,50,26,2026-08-26T11:41:08.084538969
INV_106592,STR_102,PRD_1012,111,23,2026-08-26 11:46:42
INV_106593,STR_108,PRD_1005,81,28,2026-08-26 11:52:16
INV_106594,STR_103,PRD_2434,56,17,26/08/2026 11:57
INV_106595,STR_148,PRD_2144,192,32,2026-08-26 12:03:24
INV_106596,STR_124,PRD_2385,119,11,26/08/2026 12:08
INV_106597,STR_105,PRD_1537,103,12,26/08/2026 12:14
INV_106598,STR_147,PRD_1003,174,22,2026-08-26T12:20:06.800453363
INV_106599,STR_117,PRD_1283,110,14,26/08/2026 12:25
INV_106600,STR_144,PRD_1721,190,27,26/08/2026 12:31
INV_106601,STR_106,PRD_2015,150,10,2026-08-26 12:36:49
INV_106602,STR_134,PRD_2382,52,46,2026-08-26 12:42:23
INV_106603,STR_130,PRD_1692,133,30,2026-08-26 12:47:57
INV_106604,STR_137,PRD_2305,118,28,2026-08-26 12:53:31
INV_106605,STR_131,PRD_1656,74,47,2026-08-26 12:59:05
INV_106606,STR_134,PRD_1951,53,43,2026-08-26T13:04:39.618641242
INV_106607,STR_127,PRD_1627,109,11,2026-08-26 13:10:13
INV_106608,STR_143,PRD_2372,58,29,26/08/2026 13:15
INV_106609,STR_104,PRD_1979,113,40,2026-08-26 13:21:21
INV_106610,STR_129,PRD_2053,110,22,2026-08-26T13:26:56.027735182
INV_106611,STR_121,PRD_1373,134,23,2026-08-26 13:32:30
INV_106612,STR_116,PRD_2147,29,47,2026-08-26 13:38:04
INV_106613,STR_109,PRD_2469,91,21,2026-08-26T13:43:38.334555637
INV_106614,STR_106,PRD_2010,118,22,2026-08-26 13:49:12
INV_106615,STR_103,PRD_2417,2,33,2026-08-26 13:54:46
INV_106616,STR_141,PRD_1649,7,49,2026-08-26 14:00:20
INV_106617,STR_126,PRD_1724,57,40,2026-08-26T14:05:54.743649576
INV_106618,STR_106,PRD_1811,100,23,2026-08-26 14:11:28
INV_106619,STR_122,PRD_2079,3,39,2026-08-26 14:17:02
INV_106620,STR_110,PRD_1131,122,36,2026-08-26 14:22:37
INV_106621,STR_107,PRD_1780,51,45,26/08/2026 14:28
INV_106622,STR_107,PRD_1121,150,15,26/08/2026 14:33
INV_106623,STR_136,PRD_1201,15,15,2026-08-26 14:39:19
INV_106624,STR_104,PRD_1701,178,24,2026-08-26T14:44:53.459563971
INV_106625,STR_106,PRD_2288,185,33,2026-08-26 14:50:27
INV_106626,STR_121,PRD_1557,19,22,2026-08-26T14:56:01.664110940
INV_106627,STR_135,PRD_2063,179,16,2026-08-26 15:01:35
INV_106628,STR_101,PRD_1578,51,30,2026-08-26 15:07:09
INV_106629,STR_123,PRD_2136,70,47,26/08/2026 15:12
INV_106630,STR_9999,PRD_2362,59,47,2026-08-26 15:18:18
INV_106631,STR_101,PRD_2085,174,23,26/08/2026 15:23
INV_106632,STR_147,PRD_1226,80,12,26/08/2026 15:29
INV_106633,STR_111,PRD_1173,25,44,26/08/2026 15:35
INV_106634,STR_146,PRD_2019,-4,21,2026-08-26 15:40:34
INV_106635,STR_141,PRD_2157,54,30,2026-08-26 15:46:08
INV_106636,STR_125,PRD_2308,191,29,2026-08-26 15:51:42
INV_106637,STR_137,PRD_2131,66,36,2026-08-26 15:57:16
INV_106638,STR_144,PRD_1142,30,14,2026-08-26 16:02:50
INV_106639,STR_105,PRD_1568,21,20,2026-08-26 16:08:24
INV_106640,STR_122,PRD_2317,131,15,2026-08-26 16:13:59
INV_106641,STR_101,PRD_1276,150,14,2026-08-26 16:19:33
INV_106642,STR_125,PRD_2494,19,31,26/08/2026 16:25
INV_106643,STR_113,PRD_1275,190,10,26/08/2026 16:30
INV_106644,STR_117,PRD_1233,-5,29,2026-08-26 16:36:15
INV_106645,STR_137,PRD_2265,-1,33,2026-08-26 16:41:49
INV_106646,STR_131,PRD_2281,192,29,26/08/2026 16:47
INV_106647,STR_9999,PRD_1031,92,38,2026-08-26 16:52:57
INV_106648,STR_113,PRD_2390,9,33,2026-08-26 16:58:31
INV_106649,STR_129,PRD_2371,78,17,26/08/2026 17:04
INV_106650,STR_112,PRD_1759,113,43,2026-08-26 17:09:40
INV_106651,STR_139,PRD_2155,107,31,26/08/2026 17:15
INV_106652,STR_130,PRD_1792,1,48,2026-08-26 17:20:48
INV_106653,STR_136,PRD_2391,11,42,2026-08-26 17:26:22
INV_106654,STR_144,PRD_1761,65,39,2026-08-26 17:31:56
INV_106655,STR_137,PRD_1264,3,15,2026-08-26 17:37:30
INV_106656,STR_121,PRD_1214,95,22,2026-08-26 17:43:04
INV_106657,STR_127,PRD_2238,165,28,2026-08-26T17:48:38.834588972
INV_106658,STR_118,PRD_1281,171,35,2026-08-26 17:54:12
INV_106659,STR_142,PRD_1529,25,26,26/08/2026 17:59
INV_106660,STR_115,PRD_1001,178,46,26/08/2026 18:05
INV_106661,STR_104,PRD_1512,44,36,2026-08-26 18:10:55
INV_106662,STR_143,PRD_1815,3,33,2026-08-26 18:16:29
INV_106663,STR_148,PRD_1463,-9,23,2026-08-26 18:22:03
INV_106664,STR_101,PRD_2470,-9,12,2026-08-26 18:27:37
INV_106665,STR_109,PRD_2386,50,14,2026-08-26 18:33:11
INV_106666,STR_146,PRD_2239,96,23,2026-08-26 18:38:45
INV_106667,STR_118,PRD_1163,96,17,2026-08-26 18:44:19
INV_106668,STR_119,PRD_1537,123,34,26/08/2026 18:49
INV_106669,STR_128,PRD_1510,142,24,26/08/2026 18:55
INV_106670,STR_124,PRD_2244,184,46,2026-08-26 19:01:02
INV_106671,STR_116,PRD_1554,12,12,2026-08-26T19:06:36.266417761
INV_106672,STR_9999,PRD_1640,62,20,2026-08-26T19:12:10.368691246
INV_106673,STR_9999,PRD_2306,84,18,2026-08-26 19:17:44
INV_106674,STR_112,PRD_2094,17,13,2026-08-26 19:23:18
INV_106675,STR_144,PRD_2397,14,24,2026-08-26 19:28:52
INV_106676,STR_115,PRD_1258,88,36,2026-08-26 19:34:26
INV_106677,STR_134,PRD_1444,54,40,26/08/2026 19:40
INV_106678,STR_135,PRD_2224,183,25,2026-08-26 19:45:34
INV_106679,STR_138,PRD_2403,196,41,2026-08-26T19:51:09.084605640
INV_106680,STR_102,PRD_1765,32,43,2026-08-26 19:56:43
INV_106681,STR_108,PRD_2438,29,15,2026-08-26T20:02:17.289152610
INV_106682,STR_139,PRD_1064,197,14,2026-08-26 20:07:51
INV_106683,STR_149,PRD_2401,12,33,2026-08-26T20:13:25.493699580
INV_106684,STR_145,PRD_1657,166,28,2026-08-26 20:18:59
INV_106685,STR_8888,PRD_2125,-3,39,2026-08-26 20:24:33
INV_106686,STR_128,PRD_2000,117,21,26/08/2026 20:30
INV_106687,STR_104,PRD_1041,-4,14,2026-08-26 20:35:41
INV_106688,STR_102,PRD_1878,10,37,26/08/2026 20:41
INV_106689,STR_109,PRD_1195,24,48,2026-08-26 20:46:50
INV_106690,STR_130,PRD_2383,90,43,2026-08-26 20:52:24
INV_106691,STR_110,PRD_2122,88,21,26/08/2026 20:57
INV_106692,STR_116,PRD_1387,71,32,2026-08-26 21:03:32
INV_106693,STR_139,PRD_1064,50,14,2026-08-26 21:09:06
INV_106694,STR_140,PRD_2320,63,49,2026-08-26 21:14:40
INV_106695,STR_107,PRD_2450,185,46,2026-08-26 21:20:14
INV_106696,STR_8888,PRD_1222,147,25,26/08/2026 21:25
INV_106697,STR_101,PRD_1914,98,18,2026-08-26 21:31:22
INV_106698,STR_103,PRD_2172,57,42,2026-08-26 21:36:57
INV_106699,STR_115,PRD_1441,126,46,2026-08-26 21:42:31
INV_106700,STR_140,PRD_2437,6,42,2026-08-26 21:48:05
INV_106701,STR_140,PRD_2139,32,10,2026-08-26 21:53:39
INV_106702,STR_120,PRD_1902,92,46,26/08/2026 21:59
INV_106703,STR_104,PRD_1452,77,18,2026-08-26 22:04:47
INV_106704,STR_134,PRD_1319,174,27,2026-08-26 22:10:21
INV_106705,STR_113,PRD_1769,92,47,2026-08-26 22:15:55
INV_106706,STR_114,PRD_1882,130,30,2026-08-26 22:21:29
INV_106707,STR_105,PRD_2015,174,23,2026-08-26 22:27:03
INV_106708,STR_115,PRD_1450,143,48,2026-08-26 22:32:38
INV_106709,STR_122,PRD_1895,178,48,2026-08-26T22:38:12.152810187
INV_106710,STR_130,PRD_2102,51,15,2026-08-26 22:43:46
INV_106711,STR_141,PRD_1742,8,12,2026-08-26 22:49:20
INV_106712,STR_145,PRD_1356,70,27,26/08/2026 22:54
INV_106713,STR_111,PRD_2142,19,46,26/08/2026 23:00
INV_106714,STR_140,PRD_2302,116,29,2026-08-26 23:06:02
INV_106715,STR_118,PRD_1781,2,38,2026-08-26 23:11:36
INV_106716,STR_111,PRD_1565,166,45,2026-08-26 23:17:10
INV_106717,STR_144,PRD_2068,71,25,2026-08-26 23:22:44
INV_106718,STR_112,PRD_2248,110,13,2026-08-26T23:28:19.073271551
INV_106719,STR_148,PRD_1527,105,23,2026-08-26 23:33:53
INV_106720,STR_101,PRD_1723,168,26,2026-08-26 23:39:27
INV_106721,STR_119,PRD_1240,100,44,2026-08-26T23:45:01.380092006
INV_106722,STR_130,PRD_1613,-2,44,26/08/2026 23:50
INV_106723,STR_108,PRD_1094,18,41,2026-08-26 23:56:09
INV_106724,STR_120,PRD_1364,82,19,2026-08-27 00:01:43
INV_106725,STR_107,PRD_2208,99,38,2026-08-27 00:07:17
INV_106726,STR_138,PRD_2159,125,21,2026-08-27 00:12:51
INV_106727,STR_136,PRD_1024,97,18,2026-08-27 00:18:25
INV_106728,STR_128,PRD_1317,70,35,2026-08-27 00:24:00
INV_106729,STR_118,PRD_1332,193,30,2026-08-27 00:29:34
INV_106730,STR_134,PRD_1913,4,10,2026-08-27 00:35:08
INV_106731,STR_144,PRD_1561,186,45,27/08/2026 00:40
INV_106732,STR_137,PRD_1680,151,28,2026-08-27 00:46:16
INV_106733,STR_125,PRD_1099,169,15,2026-08-27 00:51:50
INV_106734,STR_110,PRD_1369,167,27,2026-08-27 00:57:24
INV_106735,STR_135,PRD_2035,184,46,2026-08-27 01:02:58
INV_106736,STR_134,PRD_1719,-6,17,27/08/2026 01:08
INV_106737,STR_103,PRD_1076,87,20,2026-08-27 01:14:07
INV_106738,STR_102,PRD_1586,-2,14,2026-08-27 01:19:41
INV_106739,STR_144,PRD_1973,-6,30,2026-08-27 01:25:15
INV_106740,STR_146,PRD_1681,144,49,27/08/2026 01:30
INV_106741,STR_111,PRD_2371,102,30,2026-08-27 01:36:23
INV_106742,STR_131,PRD_2466,106,29,2026-08-27T01:41:57.527835189
INV_106743,STR_146,PRD_1690,73,18,2026-08-27 01:47:31
INV_106744,STR_125,PRD_1087,36,11,2026-08-27 01:53:05
INV_106745,STR_142,PRD_1464,51,13,2026-08-27 01:58:39
INV_106746,STR_142,PRD_1493,34,35,2026-08-27 02:04:13
INV_106747,STR_112,PRD_2245,55,21,2026-08-27 02:09:48
INV_106748,STR_143,PRD_2141,12,28,2026-08-27 02:15:22
INV_106749,STR_137,PRD_1135,87,28,27/08/2026 02:20
INV_106750,STR_128,PRD_1977,178,28,2026-08-27T02:26:30.346023068
INV_106751,STR_8888,PRD_1186,82,38,2026-08-27 02:32:04
INV_106752,STR_9999,PRD_1541,32,48,2026-08-27 02:37:38
INV_106753,STR_118,PRD_1578,152,43,2026-08-27T02:43:12.652843523
INV_106754,STR_134,PRD_2334,147,17,2026-08-27T02:48:46.755117008
INV_106755,STR_147,PRD_1929,56,15,2026-08-27 02:54:20
INV_106756,STR_140,PRD_2402,127,41,27/08/2026 02:59
INV_106757,STR_126,PRD_1810,117,37,2026-08-27T03:05:29.061937462
INV_106758,STR_145,PRD_1411,45,20,27/08/2026 03:11
INV_106759,STR_130,PRD_2444,23,37,2026-08-27T03:16:37.266484432
INV_106760,STR_102,PRD_1216,54,41,2026-08-27T03:22:11.368757917
INV_106761,STR_134,PRD_1669,-5,17,2026-08-27 03:27:45
INV_106762,STR_123,PRD_2094,187,29,27/08/2026 03:33
INV_106763,STR_8888,PRD_1829,160,33,27/08/2026 03:38
INV_106764,STR_106,PRD_2133,5,36,2026-08-27T03:44:27.777851856
INV_106765,STR_9999,PRD_1284,180,20,2026-08-27T03:50:01.880125341
INV_106766,STR_134,PRD_1882,182,32,2026-08-27T03:55:35.982398826
INV_106767,STR_120,PRD_1769,122,31,2026-08-27 04:01:10
INV_106768,STR_100,PRD_1568,14,14,2026-08-27 04:06:44
INV_106769,STR_143,PRD_1952,16,43,2026-08-27 04:12:18
INV_106770,STR_105,PRD_2321,159,40,2026-08-27 04:17:52
INV_106771,STR_138,PRD_1560,106,46,2026-08-27 04:23:26
INV_106772,STR_133,PRD_1696,113,35,27/08/2026 04:29
INV_106773,STR_117,PRD_1710,44,32,2026-08-27 04:34:34
INV_106774,STR_124,PRD_1529,96,47,2026-08-27 04:40:08
INV_106775,STR_114,PRD_2221,15,47,2026-08-27T04:45:42.902860190
INV_106776,STR_146,PRD_1488,5,41,27/08/2026 04:51
INV_106777,STR_131,PRD_1026,98,14,27/08/2026 04:56
INV_106778,STR_141,PRD_2141,97,34,2026-08-27T05:02:25.209680645
INV_106779,STR_148,PRD_2077,79,42,2026-08-27 05:07:59
INV_106780,STR_149,PRD_1503,90,16,2026-08-27 05:13:33
INV_106781,STR_117,PRD_1151,145,25,2026-08-27 05:19:07
INV_106782,STR_130,PRD_1736,147,38,2026-08-27 05:24:41
INV_106783,STR_128,PRD_1478,115,24,27/08/2026 05:30
INV_106784,STR_114,PRD_2185,111,29,2026-08-27 05:35:49
INV_106785,STR_122,PRD_2239,194,31,27/08/2026 05:41
INV_106786,STR_137,PRD_1830,78,19,2026-08-27 05:46:58
INV_106787,STR_140,PRD_2443,162,17,2026-08-27 05:52:32
INV_106788,STR_110,PRD_2371,136,41,2026-08-27 05:58:06
INV_106789,STR_114,PRD_2363,2,37,2026-08-27T06:03:40.334688979
INV_106790,STR_122,PRD_1849,64,18,2026-08-27 06:09:14
INV_106791,STR_102,PRD_1553,101,40,27/08/2026 06:14
INV_106792,STR_118,PRD_2375,140,32,2026-08-27 06:20:22
INV_106793,STR_100,PRD_2398,3,28,2026-08-27 06:25:56
INV_106794,STR_123,PRD_2326,191,41,2026-08-27T06:31:30.846056403
INV_106795,STR_148,PRD_2265,87,19,2026-08-27 06:37:04
INV_106796,STR_110,PRD_2401,93,29,2026-08-27 06:42:39
INV_106797,STR_129,PRD_2412,140,44,2026-08-27T06:48:13.152876858
INV_106798,STR_149,PRD_1286,157,40,2026-08-27 06:53:47
INV_106799,STR_110,PRD_2182,53,20,27/08/2026 06:59
INV_106800,STR_138,PRD_2377,176,49,2026-08-27 07:04:55
INV_106801,STR_100,PRD_1454,9,19,2026-08-27 07:10:29
INV_106802,STR_111,PRD_1626,149,18,2026-08-27 07:16:03
INV_106803,STR_103,PRD_2264,67,19,2026-08-27 07:21:37
INV_106804,STR_124,PRD_1211,13,46,2026-08-27 07:27:11
INV_106805,STR_107,PRD_1362,35,46,2026-08-27 07:32:45
INV_106806,STR_114,PRD_1597,7,16,27/08/2026 07:38
INV_106807,STR_142,PRD_1132,100,29,2026-08-27T07:43:54.175611707
INV_106808,STR_129,PRD_1276,83,29,2026-08-27 07:49:28
INV_106809,STR_139,PRD_2288,165,17,2026-08-27 07:55:02
INV_106810,STR_131,PRD_1604,131,26,2026-08-27T08:00:36.482432162
INV_106811,STR_143,PRD_1656,171,47,2026-08-27 08:06:10
INV_106812,STR_134,PRD_2383,138,34,2026-08-27 08:11:44
INV_106813,STR_120,PRD_1666,87,22,2026-08-27 08:17:18
INV_106814,STR_130,PRD_1135,-6,22,2026-08-27 08:22:52
INV_106815,STR_135,PRD_1764,117,11,2026-08-27T08:28:26.993799586
INV_106816,STR_126,PRD_1427,148,46,2026-08-27T08:34:01.096073071
INV_106817,STR_143,PRD_1829,184,20,2026-08-27 08:39:35
INV_106818,STR_107,PRD_2052,76,29,27/08/2026 08:45
INV_106819,STR_122,PRD_1594,109,18,2026-08-27 08:50:43
INV_106820,STR_122,PRD_2353,176,38,2026-08-27 08:56:17
INV_106821,STR_141,PRD_1919,161,43,2026-08-27 09:01:51
INV_106822,STR_132,PRD_2057,53,14,2026-08-27 09:07:25
INV_106823,STR_112,PRD_1503,83,40,27/08/2026 09:12
INV_106824,STR_138,PRD_1103,159,35,2026-08-27 09:18:33
INV_106825,STR_8888,PRD_1493,110,46,2026-08-27 09:24:08
INV_106826,STR_134,PRD_2394,89,29,2026-08-27 09:29:42
INV_106827,STR_115,PRD_1387,155,17,2026-08-27 09:35:16
INV_106828,STR_111,PRD_2260,124,15,2026-08-27 09:40:50
INV_106829,STR_130,PRD_1734,48,27,2026-08-27 09:46:24
INV_106830,STR_104,PRD_1904,58,17,2026-08-27T09:51:58.527901860
INV_106831,STR_149,PRD_2113,187,34,2026-08-27 09:57:32
INV_106832,STR_139,PRD_1332,38,11,27/08/2026 10:03
INV_106833,STR_143,PRD_1376,195,37,2026-08-27 10:08:40
INV_106834,STR_124,PRD_1239,0,34,2026-08-27 10:14:14
INV_106835,STR_120,PRD_1729,90,29,2026-08-27 10:19:49
INV_106836,STR_102,PRD_1181,119,15,2026-08-27T10:25:23.141542769
INV_106837,STR_147,PRD_2280,99,46,2026-08-27T10:30:57.243816254
INV_106838,STR_109,PRD_1743,16,25,2026-08-27 10:36:31
INV_106839,STR_122,PRD_2212,133,44,2026-08-27 10:42:05
INV_106840,STR_116,PRD_1840,53,45,27/08/2026 10:47
INV_106841,STR_141,PRD_2438,183,10,27/08/2026 10:53
INV_106842,STR_134,PRD_2278,166,23,27/08/2026 10:58
INV_106843,STR_124,PRD_2068,79,23,2026-08-27 11:04:21
INV_106844,STR_101,PRD_2008,5,33,2026-08-27 11:09:55
INV_106845,STR_126,PRD_1827,62,28,2026-08-27T11:15:30.062004133
INV_106846,STR_145,PRD_1597,169,47,2026-08-27 11:21:04
INV_106847,STR_108,PRD_2016,105,27,27/08/2026 11:26
INV_106848,STR_148,PRD_1200,190,18,2026-08-27 11:32:12
INV_106849,STR_103,PRD_2382,122,22,2026-08-27 11:37:46
INV_106850,STR_125,PRD_1342,153,28,27/08/2026 11:43
INV_106851,STR_131,PRD_2235,-4,19,2026-08-27 11:48:54
INV_106852,STR_128,PRD_1630,50,47,2026-08-27 11:54:28
INV_106853,STR_121,PRD_1297,85,12,27/08/2026 12:00
INV_106854,STR_146,PRD_2178,146,26,2026-08-27 12:05:36
INV_106855,STR_112,PRD_1697,109,32,2026-08-27 12:11:11
INV_106856,STR_122,PRD_2220,184,36,2026-08-27 12:16:45
INV_106857,STR_130,PRD_1712,147,18,2026-08-27T12:22:19.289285952
INV_106858,STR_9999,PRD_1929,157,14,2026-08-27 12:27:53
INV_106859,STR_140,PRD_1777,20,28,2026-08-27T12:33:27.493832922
INV_106860,STR_135,PRD_1378,37,38,27/08/2026 12:39
INV_106861,STR_139,PRD_1747,80,24,2026-08-27 12:44:35
INV_106862,STR_130,PRD_1705,-5,45,27/08/2026 12:50
INV_106863,STR_114,PRD_1366,179,21,2026-08-27T12:55:43.902926861
INV_106864,STR_113,PRD_1770,18,23,2026-08-27 13:01:18
INV_106865,STR_134,PRD_2094,126,24,2026-08-27 13:06:52
INV_106866,STR_123,PRD_2051,171,40,2026-08-27T13:12:26.209747316
INV_106867,STR_129,PRD_2416,73,14,2026-08-27 13:18:00
INV_106868,STR_129,PRD_1348,103,12,2026-08-27 13:23:34
INV_106869,STR_126,PRD_2141,128,39,27/08/2026 13:29
INV_106870,STR_148,PRD_2403,8,21,27/08/2026 13:34
INV_106871,STR_139,PRD_2231,63,24,2026-08-27 13:40:16
INV_106872,STR_113,PRD_2446,122,47,27/08/2026 13:45
INV_106873,STR_144,PRD_1092,92,37,2026-08-27 13:51:24
INV_106874,STR_146,PRD_1140,59,32,27/08/2026 13:56
INV_106875,STR_110,PRD_1354,84,24,2026-08-27T14:02:33.130208680
INV_106876,STR_146,PRD_2092,7,20,2026-08-27T14:08:07.232482165
INV_106877,STR_143,PRD_1581,10,39,2026-08-27 14:13:41
INV_106878,STR_125,PRD_1882,132,21,2026-08-27 14:19:15
INV_106879,STR_120,PRD_1123,176,28,2026-08-27 14:24:49
INV_106880,STR_108,PRD_2442,191,41,27/08/2026 14:30
INV_106881,STR_146,PRD_1602,-5,10,27/08/2026 14:35
INV_106882,STR_100,PRD_2364,13,25,27/08/2026 14:41
INV_106883,STR_143,PRD_1973,49,20,2026-08-27 14:47:05
INV_106884,STR_105,PRD_1304,17,40,2026-08-27 14:52:40
INV_106885,STR_100,PRD_1802,63,42,2026-08-27 14:58:14
INV_106886,STR_121,PRD_2180,12,45,27/08/2026 15:03
INV_106887,STR_9999,PRD_2111,68,39,2026-08-27 15:09:22
INV_106888,STR_112,PRD_2251,35,47,2026-08-27T15:14:56.459763984
INV_106889,STR_137,PRD_1936,101,13,2026-08-27 15:20:30
INV_106890,STR_148,PRD_1364,26,34,2026-08-27 15:26:04
INV_106891,STR_144,PRD_1991,131,43,2026-08-27T15:31:38.766584439
INV_106892,STR_140,PRD_1265,37,26,27/08/2026 15:37
INV_106893,STR_139,PRD_1083,67,42,2026-08-27 15:42:46
INV_106894,STR_130,PRD_2235,188,39,2026-08-27 15:48:21
INV_106895,STR_114,PRD_2241,104,22,2026-08-27 15:53:55
INV_106896,STR_149,PRD_1852,25,21,2026-08-27 15:59:29
INV_106897,STR_101,PRD_1748,199,41,27/08/2026 16:05
INV_106898,STR_130,PRD_1150,49,32,27/08/2026 16:10
INV_106899,STR_125,PRD_1685,171,38,2026-08-27 16:16:11
INV_106900,STR_101,PRD_1139,68,43,2026-08-27T16:21:45.687045803
INV_106901,STR_110,PRD_1054,102,28,2026-08-27T16:27:19.789319288
INV_106902,STR_132,PRD_2164,180,21,2026-08-27 16:32:53
INV_106903,STR_117,PRD_1073,86,13,2026-08-27 16:38:27
INV_106904,STR_120,PRD_2158,100,34,2026-08-27 16:44:02
INV_106905,STR_130,PRD_1996,37,35,2026-08-27 16:49:36
INV_106906,STR_125,PRD_1907,109,27,2026-08-27T16:55:10.300686712
INV_106907,STR_129,PRD_1828,139,39,2026-08-27 17:00:44
INV_106908,STR_138,PRD_1641,32,43,27/08/2026 17:06
INV_106909,STR_120,PRD_1743,30,42,2026-08-27 17:11:52
INV_106910,STR_148,PRD_1025,134,40,2026-08-27 17:17:26
INV_106911,STR_115,PRD_1434,52,40,27/08/2026 17:23
INV_106912,STR_106,PRD_1061,196,22,2026-08-27 17:28:34
INV_106913,STR_121,PRD_2223,135,33,2026-08-27 17:34:09
INV_106914,STR_106,PRD_1489,61,14,2026-08-27 17:39:43
INV_106915,STR_101,PRD_1492,-8,10,27/08/2026 17:45
INV_106916,STR_136,PRD_1678,43,43,2026-08-27T17:50:51.323421561
INV_106917,STR_113,PRD_1467,108,18,27/08/2026 17:56
INV_106918,STR_107,PRD_2139,131,17,2026-08-27 18:01:59
INV_106919,STR_128,PRD_2394,23,45,2026-08-27 18:07:33
INV_106920,STR_143,PRD_1650,116,38,2026-08-27T18:13:07.732515501
INV_106921,STR_106,PRD_2255,115,44,2026-08-27 18:18:41
INV_106922,STR_137,PRD_1447,-10,14,27/08/2026 18:24
INV_106923,STR_144,PRD_2237,165,19,27/08/2026 18:29
INV_106924,STR_121,PRD_1207,88,47,27/08/2026 18:35
INV_106925,STR_143,PRD_2001,-1,19,2026-08-27 18:40:58
INV_106926,STR_116,PRD_2125,72,20,2026-08-27 18:46:32
INV_106927,STR_115,PRD_1009,128,17,27/08/2026 18:52
INV_106928,STR_132,PRD_2496,108,13,27/08/2026 18:57
INV_106929,STR_138,PRD_2146,116,27,2026-08-27 19:03:14
INV_106930,STR_134,PRD_1786,88,29,2026-08-27 19:08:48
INV_106931,STR_137,PRD_1003,55,12,2026-08-27 19:14:22
INV_106932,STR_131,PRD_1466,-8,24,2026-08-27 19:19:56
INV_106933,STR_102,PRD_1258,132,17,2026-08-27 19:25:31
INV_106934,STR_102,PRD_1720,48,15,2026-08-27 19:31:05
INV_106935,STR_107,PRD_1286,94,45,27/08/2026 19:36
INV_106936,STR_145,PRD_1030,181,29,2026-08-27 19:42:13
INV_106937,STR_130,PRD_1520,164,41,2026-08-27T19:47:47.471164744
INV_106938,STR_108,PRD_1715,81,15,2026-08-27T19:53:21.573438229
INV_106939,STR_104,PRD_1123,119,25,2026-08-27 19:58:55
INV_106940,STR_127,PRD_1921,147,11,2026-08-27 20:04:29
INV_106941,STR_114,PRD_1129,155,27,2026-08-27 20:10:03
INV_106942,STR_148,PRD_1745,-6,35,2026-08-27 20:15:37
INV_106943,STR_126,PRD_1515,123,29,2026-08-27T20:21:12.084805653
INV_106944,STR_141,PRD_1773,122,25,2026-08-27 20:26:46
INV_106945,STR_130,PRD_1950,1,30,2026-08-27 20:32:20
INV_106946,STR_139,PRD_1076,121,23,2026-08-27 20:37:54
INV_106947,STR_117,PRD_2206,141,27,27/08/2026 20:43
INV_106948,STR_137,PRD_1365,142,17,2026-08-27 20:49:02
INV_106949,STR_148,PRD_1291,15,14,2026-08-27 20:54:36
INV_106950,STR_103,PRD_2412,44,33,2026-08-27 21:00:10
INV_106951,STR_120,PRD_1156,115,38,2026-08-27 21:05:44
INV_106952,STR_146,PRD_2123,35,18,2026-08-27 21:11:19
INV_106953,STR_141,PRD_1907,163,27,2026-08-27 21:16:53
INV_106954,STR_122,PRD_1917,32,27,2026-08-27 21:22:27
INV_106955,STR_144,PRD_1109,177,37,2026-08-27 21:28:01
INV_106956,STR_121,PRD_2293,150,46,27/08/2026 21:33
INV_106957,STR_100,PRD_1137,10,19,2026-08-27T21:39:09.516634442
INV_106958,STR_124,PRD_2019,154,29,2026-08-27 21:44:43
INV_106959,STR_140,PRD_1063,1,47,27/08/2026 21:50
INV_106960,STR_127,PRD_1506,90,32,2026-08-27 21:55:51
INV_106961,STR_136,PRD_1839,138,29,27/08/2026 22:01
INV_106962,STR_110,PRD_2014,130,32,2026-08-27 22:07:00
INV_106963,STR_121,PRD_1976,106,14,2026-08-27 22:12:34
INV_106964,STR_124,PRD_1788,22,36,2026-08-27 22:18:08
INV_106965,STR_120,PRD_1349,187,18,2026-08-27 22:23:42
INV_106966,STR_135,PRD_1146,65,45,2026-08-27 22:29:16
INV_106967,STR_119,PRD_2358,178,49,2026-08-27 22:34:50
INV_106968,STR_115,PRD_1861,109,46,2026-08-27T22:40:24.641642776
INV_106969,STR_127,PRD_1406,147,12,2026-08-27 22:45:58
INV_106970,STR_128,PRD_1343,26,45,2026-08-27 22:51:32
INV_106971,STR_149,PRD_1651,71,44,2026-08-27 22:57:06
INV_106972,STR_125,PRD_1704,133,45,27/08/2026 23:02
INV_106973,STR_139,PRD_1770,34,38,2026-08-27 23:08:15
INV_106974,STR_101,PRD_2159,188,42,27/08/2026 23:13
INV_106975,STR_148,PRD_1038,118,35,2026-08-27 23:19:23
INV_106976,STR_109,PRD_2343,170,17,2026-08-27 23:24:57
INV_106977,STR_112,PRD_1286,17,18,27/08/2026 23:30
INV_106978,STR_114,PRD_1967,170,31,2026-08-27T23:36:05.664377625
INV_106979,STR_108,PRD_2486,33,14,2026-08-27 23:41:39
INV_106980,STR_126,PRD_1890,56,45,2026-08-27T23:47:13.868924595
INV_106981,STR_107,PRD_1661,96,41,27/08/2026 23:52
INV_106982,STR_105,PRD_2375,156,39,2026-08-27 23:58:22
INV_106983,STR_135,PRD_2028,-1,26,2026-08-28 00:03:56
INV_106984,STR_149,PRD_1235,40,39,28/08/2026 00:09
INV_106985,STR_123,PRD_1235,98,18,2026-08-28T00:15:04.380292019
INV_106986,STR_102,PRD_1968,131,13,2026-08-28 00:20:38
INV_106987,STR_125,PRD_1500,68,21,2026-08-28 00:26:12
INV_106988,STR_135,PRD_2128,123,44,2026-08-28 00:31:46
INV_106989,STR_120,PRD_2230,156,29,2026-08-28T00:37:20.789385959
INV_106990,STR_112,PRD_1238,69,26,2026-08-28T00:42:54.891659444
INV_106991,STR_8888,PRD_1828,71,31,28/08/2026 00:48
INV_106992,STR_110,PRD_1051,88,16,2026-08-28 00:54:03
INV_106993,STR_107,PRD_1107,165,48,2026-08-28 00:59:37
INV_106994,STR_145,PRD_2380,142,17,2026-08-28 01:05:11
INV_106995,STR_145,PRD_2056,109,18,2026-08-28 01:10:45
INV_106996,STR_147,PRD_1021,22,15,2026-08-28 01:16:19
INV_106997,STR_113,PRD_1306,72,28,28/08/2026 01:21
INV_106998,STR_132,PRD_1010,91,31,2026-08-28 01:27:27
INV_106999,STR_101,PRD_2465,64,29,2026-08-28T01:33:01.812120808
INV_107000,STR_8888,PRD_1561,109,29,2026-08-28T01:38:35.914394293
INV_107001,STR_100,PRD_1197,184,36,2026-08-28 01:44:10
INV_107002,STR_110,PRD_2067,91,36,2026-08-28 01:49:44
INV_107003,STR_105,PRD_2208,54,16,28/08/2026 01:55
INV_107004,STR_131,PRD_1388,157,33,2026-08-28 02:00:52
INV_107005,STR_114,PRD_1550,14,17,2026-08-28 02:06:26
INV_107006,STR_111,PRD_2465,46,12,2026-08-28 02:12:00
INV_107007,STR_136,PRD_1495,149,20,2026-08-28 02:17:34
INV_107008,STR_128,PRD_1504,35,45,28/08/2026 02:23
INV_107009,STR_143,PRD_1136,89,11,2026-08-28 02:28:42
INV_107010,STR_121,PRD_1988,121,10,2026-08-28 02:34:16
INV_107011,STR_145,PRD_2302,108,16,2026-08-28 02:39:51
INV_107012,STR_113,PRD_1163,140,33,28/08/2026 02:45
INV_107013,STR_118,PRD_1851,69,21,2026-08-28 02:50:59
INV_107014,STR_104,PRD_2046,64,17,2026-08-28T02:56:33.346223081
INV_107015,STR_134,PRD_1710,139,22,2026-08-28 03:02:07
INV_107016,STR_124,PRD_1506,92,15,28/08/2026 03:07
INV_107017,STR_149,PRD_1685,115,48,2026-08-28 03:13:15
INV_107018,STR_137,PRD_1707,22,33,2026-08-28 03:18:49
INV_107019,STR_108,PRD_2467,30,33,28/08/2026 03:24
INV_107020,STR_106,PRD_1141,179,47,2026-08-28 03:29:57
INV_107021,STR_117,PRD_1280,155,16,2026-08-28T03:35:32.062137476
INV_107022,STR_101,PRD_1966,173,19,2026-08-28T03:41:06.164410960
INV_107023,STR_8888,PRD_2230,52,39,2026-08-28 03:46:40
INV_107024,STR_109,PRD_1301,194,48,28/08/2026 03:52
INV_107025,STR_143,PRD_1396,74,33,2026-08-28T03:57:48.471231415
INV_107026,STR_101,PRD_1317,193,36,2026-08-28T04:03:22.573504900
INV_107027,STR_144,PRD_1907,172,39,2026-08-28 04:08:56
INV_107028,STR_107,PRD_1879,168,24,28/08/2026 04:14
INV_107029,STR_106,PRD_1857,79,11,28/08/2026 04:20
INV_107030,STR_134,PRD_2071,54,17,2026-08-28 04:25:38
INV_107031,STR_122,PRD_1672,94,26,28/08/2026 04:31
INV_107032,STR_107,PRD_1974,46,22,2026-08-28 04:36:47
INV_107033,STR_120,PRD_1676,75,27,2026-08-28T04:42:21.289419294
INV_107034,STR_132,PRD_2413,144,30,2026-08-28T04:47:55.391692779
INV_107035,STR_146,PRD_1378,174,45,2026-08-28 04:53:29
INV_107036,STR_100,PRD_1216,172,21,2026-08-28 04:59:03
INV_107037,STR_111,PRD_1848,61,11,28/08/2026 05:04
INV_107038,STR_110,PRD_2274,71,29,2026-08-28T05:10:11.800786719
INV_107039,STR_147,PRD_1867,-7,32,2026-08-28 05:15:45
INV_107040,STR_129,PRD_1433,54,30,2026-08-28 05:21:20
INV_107041,STR_103,PRD_1755,173,40,28/08/2026 05:26
INV_107042,STR_133,PRD_1941,170,25,2026-08-28T05:32:28.209880658
INV_107043,STR_122,PRD_2307,33,22,28/08/2026 05:38
INV_107044,STR_131,PRD_1706,5,13,2026-08-28 05:43:36
INV_107045,STR_102,PRD_2290,83,11,2026-08-28 05:49:10
INV_107046,STR_127,PRD_1598,12,10,2026-08-28T05:54:44.618974598
INV_107047,STR_103,PRD_2269,148,35,2026-08-28 06:00:18
INV_107048,STR_149,PRD_2181,145,39,28/08/2026 06:05
INV_107049,STR_111,PRD_2380,167,47,2026-08-28 06:11:26
INV_107050,STR_123,PRD_1235,90,29,2026-08-28T06:17:01.028068538
INV_107051,STR_132,PRD_2483,5,34,2026-08-28 06:22:35
INV_107052,STR_102,PRD_1099,30,28,2026-08-28 06:28:09
INV_107053,STR_103,PRD_1738,126,36,2026-08-28 06:33:43
INV_107054,STR_129,PRD_1118,-9,19,2026-08-28 06:39:17
INV_107055,STR_105,PRD_2377,99,26,2026-08-28 06:44:51
INV_107056,STR_148,PRD_1707,32,11,2026-08-28 06:50:25
INV_107057,STR_129,PRD_1087,55,26,2026-08-28 06:55:59
INV_107058,STR_107,PRD_1035,85,16,2026-08-28 07:01:33
INV_107059,STR_117,PRD_1313,197,25,2026-08-28 07:07:07
INV_107060,STR_115,PRD_1550,66,36,2026-08-28 07:12:42
INV_107061,STR_105,PRD_2345,166,10,2026-08-28 07:18:16
INV_107062,STR_123,PRD_1426,114,31,2026-08-28 07:23:50
INV_107063,STR_9999,PRD_1516,86,31,2026-08-28 07:29:24
INV_107064,STR_127,PRD_1652,10,36,28/08/2026 07:34
INV_107065,STR_131,PRD_1008,136,25,2026-08-28T07:40:32.562170811
INV_107066,STR_124,PRD_2382,101,45,2026-08-28 07:46:06
INV_107067,STR_127,PRD_1056,46,25,2026-08-28T07:51:40.766717781
INV_107068,STR_120,PRD_1282,66,33,28/08/2026 07:57
INV_107069,STR_107,PRD_2468,49,44,2026-08-28 08:02:48
INV_107070,STR_135,PRD_1460,136,42,2026-08-28 08:08:23
INV_107071,STR_108,PRD_2382,88,26,2026-08-28 08:13:57
INV_107072,STR_139,PRD_1593,181,14,2026-08-28T08:19:31.278085205
INV_107073,STR_120,PRD_1929,24,44,2026-08-28 08:25:05
INV_107074,STR_9999,PRD_1064,115,28,2026-08-28 08:30:39
INV_107075,STR_100,PRD_2452,150,43,2026-08-28 08:36:13
INV_107076,STR_103,PRD_1854,56,41,2026-08-28T08:41:47.687179145
INV_107077,STR_109,PRD_1801,76,34,28/08/2026 08:47
INV_107078,STR_125,PRD_2480,37,31,2026-08-28 08:52:55
INV_107079,STR_139,PRD_1135,177,48,2026-08-28T08:58:29.993999600
INV_107080,STR_102,PRD_1761,34,36,2026-08-28T09:04:04.096273085
INV_107081,STR_143,PRD_2009,64,42,2026-08-28T09:09:38.198546569
INV_107082,STR_108,PRD_2071,57,17,2026-08-28 09:15:12
INV_107083,STR_131,PRD_1611,185,39,2026-08-28 09:20:46
INV_107084,STR_102,PRD_1849,132,35,2026-08-28 09:26:20
INV_107085,STR_103,PRD_2217,81,24,2026-08-28 09:31:54
INV_107086,STR_105,PRD_1116,61,45,28/08/2026 09:37
INV_107087,STR_108,PRD_1778,87,21,28/08/2026 09:43
INV_107088,STR_125,PRD_1819,4,21,2026-08-28 09:48:36
INV_107089,STR_101,PRD_2022,140,13,2026-08-28 09:54:11
INV_107090,STR_101,PRD_2187,177,12,2026-08-28 09:59:45
INV_107091,STR_149,PRD_1478,80,46,2026-08-28 10:05:19
INV_107092,STR_120,PRD_2310,131,47,2026-08-28 10:10:53
INV_107093,STR_121,PRD_1535,106,41,2026-08-28T10:16:27.425828388
INV_107094,STR_102,PRD_1493,-9,35,2026-08-28 10:22:01
INV_107095,STR_134,PRD_1404,114,13,28/08/2026 10:27
INV_107096,STR_149,PRD_1095,32,10,2026-08-28T10:33:09.732648843
INV_107097,STR_137,PRD_1253,60,14,2026-08-28 10:38:43
INV_107098,STR_132,PRD_1413,133,11,2026-08-28 10:44:17
INV_107099,STR_114,PRD_1583,75,20,28/08/2026 10:49
INV_107100,STR_110,PRD_2394,17,18,2026-08-28T10:55:26.141742783
INV_107101,STR_109,PRD_1575,149,17,28/08/2026 11:01
INV_107102,STR_135,PRD_1242,60,48,2026-08-28T11:06:34.346289752
INV_107103,STR_113,PRD_1638,96,24,2026-08-28 11:12:08
INV_107104,STR_101,PRD_2396,119,18,2026-08-28T11:17:42.550836722
INV_107105,STR_144,PRD_1038,189,39,2026-08-28 11:23:16
INV_107106,STR_147,PRD_1352,-4,38,2026-08-28T11:28:50.755383692
INV_107107,STR_143,PRD_1425,27,34,28/08/2026 11:34
INV_107108,STR_136,PRD_2100,165,31,2026-08-28T11:39:58.959930662
INV_107109,STR_9999,PRD_1981,96,43,2026-08-28 11:45:33
INV_107110,STR_128,PRD_1509,75,31,2026-08-28 11:51:07
INV_107111,STR_134,PRD_1139,71,39,28/08/2026 11:56
INV_107112,STR_119,PRD_1251,62,19,2026-08-28 12:02:15
INV_107113,STR_120,PRD_1668,-9,14,28/08/2026 12:07
INV_107114,STR_133,PRD_1316,31,14,2026-08-28T12:13:23.573571571
INV_107115,STR_148,PRD_1419,159,11,28/08/2026 12:18
INV_107116,STR_142,PRD_1878,70,39,2026-08-28 12:24:31
INV_107117,STR_132,PRD_1748,137,31,2026-08-28 12:30:05
INV_107118,STR_118,PRD_2098,-5,22,28/08/2026 12:35
INV_107119,STR_107,PRD_1897,128,48,28/08/2026 12:41
INV_107120,STR_130,PRD_2052,186,34,2026-08-28 12:46:48
INV_107121,STR_110,PRD_2064,63,36,2026-08-28 12:52:22
INV_107122,STR_107,PRD_1540,29,36,2026-08-28T12:57:56.391759450
INV_107123,STR_124,PRD_2123,117,30,2026-08-28T13:03:30.494032935
INV_107124,STR_148,PRD_2343,25,40,2026-08-28 13:09:04
INV_107125,STR_119,PRD_1569,92,24,2026-08-28 13:14:38
INV_107126,STR_137,PRD_1722,168,47,2026-08-28 13:20:12
INV_107127,STR_106,PRD_2000,36,48,2026-08-28T13:25:46.903126875
INV_107128,STR_112,PRD_1875,87,45,2026-08-28 13:31:21
INV_107129,STR_138,PRD_1188,134,45,28/08/2026 13:36
INV_107130,STR_142,PRD_1449,15,10,2026-08-28T13:42:29.209947330
INV_107131,STR_109,PRD_1093,170,20,2026-08-28 13:48:03
INV_107132,STR_107,PRD_2204,116,14,28/08/2026 13:53
INV_107133,STR_141,PRD_2344,37,43,2026-08-28T13:59:11.516767784
INV_107134,STR_142,PRD_1282,16,46,2026-08-28 14:04:45
INV_107135,STR_119,PRD_2414,35,14,2026-08-28T14:10:19.721314754
INV_107136,STR_116,PRD_2344,56,29,2026-08-28T14:15:53.823588239
INV_107137,STR_110,PRD_1569,112,22,2026-08-28 14:21:27
INV_107138,STR_115,PRD_1024,136,18,28/08/2026 14:27
INV_107139,STR_136,PRD_1259,61,14,28/08/2026 14:32
INV_107140,STR_141,PRD_1496,70,47,2026-08-28 14:38:10
INV_107141,STR_131,PRD_2236,54,41,28/08/2026 14:43
INV_107142,STR_125,PRD_1114,60,39,2026-08-28 14:49:18
INV_107143,STR_8888,PRD_1451,25,37,2026-08-28 14:54:52
INV_107144,STR_136,PRD_1699,56,46,28/08/2026 15:00
INV_107145,STR_8888,PRD_1771,72,37,28/08/2026 15:06
INV_107146,STR_108,PRD_1384,159,15,28/08/2026 15:11
INV_107147,STR_134,PRD_1612,56,38,28/08/2026 15:17
INV_107148,STR_102,PRD_2441,87,13,28/08/2026 15:22
INV_107149,STR_130,PRD_1988,58,27,2026-08-28 15:28:17
INV_107150,STR_141,PRD_1218,166,24,2026-08-28 15:33:51
INV_107151,STR_106,PRD_1879,26,34,2026-08-28 15:39:25
INV_107152,STR_101,PRD_1556,35,13,2026-08-28T15:44:59.459963997
INV_107153,STR_124,PRD_2086,197,23,2026-08-28 15:50:33
INV_107154,STR_139,PRD_1349,45,26,2026-08-28 15:56:07
INV_107155,STR_111,PRD_1389,108,43,2026-08-28T16:01:41.766784452
INV_107156,STR_129,PRD_1803,52,28,2026-08-28 16:07:15
INV_107157,STR_129,PRD_1376,67,38,28/08/2026 16:12
INV_107158,STR_128,PRD_1870,19,31,2026-08-28T16:18:24.073604907
INV_107159,STR_140,PRD_1065,85,23,2026-08-28 16:23:58
INV_107160,STR_110,PRD_2142,52,45,2026-08-28 16:29:32
INV_107161,STR_9999,PRD_1745,104,11,2026-08-28T16:35:06.380425361
INV_107162,STR_8888,PRD_1007,98,16,2026-08-28 16:40:40
INV_107163,STR_122,PRD_1026,65,37,2026-08-28 16:46:14
INV_107164,STR_116,PRD_1289,143,17,28/08/2026 16:51
INV_107165,STR_112,PRD_1027,12,38,2026-08-28T16:57:22.789519301
INV_107166,STR_132,PRD_2182,102,19,2026-08-28 17:02:56
INV_107167,STR_100,PRD_2168,137,30,2026-08-28 17:08:30
INV_107168,STR_139,PRD_1466,91,44,2026-08-28 17:14:05
INV_107169,STR_112,PRD_1107,35,13,2026-08-28 17:19:39
INV_107170,STR_137,PRD_1890,197,30,28/08/2026 17:25
INV_107171,STR_102,PRD_1438,148,47,2026-08-28 17:30:47
INV_107172,STR_115,PRD_1202,184,34,2026-08-28 17:36:21
INV_107173,STR_141,PRD_1776,138,29,2026-08-28 17:41:55
INV_107174,STR_106,PRD_1989,40,16,2026-08-28 17:47:29
INV_107175,STR_102,PRD_1300,156,16,28/08/2026 17:53
INV_107176,STR_113,PRD_1437,52,41,2026-08-28 17:58:37
INV_107177,STR_115,PRD_2034,58,41,2026-08-28T18:04:12.016801120
INV_107178,STR_103,PRD_1836,9,31,2026-08-28 18:09:46
INV_107179,STR_130,PRD_1606,108,34,28/08/2026 18:15
INV_107180,STR_112,PRD_1641,12,15,28/08/2026 18:20
INV_107181,STR_126,PRD_2126,159,36,2026-08-28 18:26:28
INV_107182,STR_100,PRD_1109,190,27,28/08/2026 18:32
INV_107183,STR_124,PRD_1642,120,21,28/08/2026 18:37
INV_107184,STR_136,PRD_1702,16,37,2026-08-28 18:43:10
INV_107185,STR_149,PRD_2116,80,28,2026-08-28 18:48:44
INV_107186,STR_143,PRD_1800,191,26,28/08/2026 18:54
INV_107187,STR_110,PRD_1869,69,44,2026-08-28T18:59:53.039535969
INV_107188,STR_108,PRD_1918,141,24,2026-08-28 19:05:27
INV_107189,STR_106,PRD_1848,-2,14,2026-08-28 19:11:01
INV_107190,STR_113,PRD_1506,119,45,2026-08-28 19:16:35
INV_107191,STR_129,PRD_1176,123,42,2026-08-28 19:22:09
INV_107192,STR_123,PRD_2462,60,30,2026-08-28 19:27:43
INV_107193,STR_102,PRD_1667,68,44,2026-08-28 19:33:17
INV_107194,STR_147,PRD_1510,10,36,28/08/2026 19:38
INV_107195,STR_138,PRD_1108,89,39,2026-08-28 19:44:25
INV_107196,STR_126,PRD_1871,146,48,2026-08-28 19:49:59
INV_107197,STR_100,PRD_2095,2,39,2026-08-28 19:55:34
INV_107198,STR_137,PRD_1488,186,30,2026-08-28 20:01:08
INV_107199,STR_125,PRD_1732,100,35,2026-08-28 20:06:42
INV_107200,STR_105,PRD_1280,92,33,2026-08-28 20:12:16
INV_107201,STR_141,PRD_1902,92,31,2026-08-28 20:17:50
INV_107202,STR_111,PRD_2237,159,46,28/08/2026 20:23
INV_107203,STR_9999,PRD_2480,98,35,2026-08-28 20:28:58
INV_107204,STR_137,PRD_1417,109,31,2026-08-28 20:34:32
INV_107205,STR_145,PRD_1753,115,42,28/08/2026 20:40
INV_107206,STR_134,PRD_1661,118,33,2026-08-28 20:45:40
INV_107207,STR_109,PRD_2346,137,14,2026-08-28T20:51:15.085005667
INV_107208,STR_108,PRD_2201,160,33,2026-08-28T20:56:49.187279152
INV_107209,STR_122,PRD_1687,-10,44,2026-08-28T21:02:23.289552637
INV_107210,STR_129,PRD_1103,29,31,2026-08-28 21:07:57
INV_107211,STR_8888,PRD_2142,-4,42,2026-08-28T21:13:31.494099606
INV_107212,STR_9999,PRD_1711,152,26,2026-08-28 21:19:05
INV_107213,STR_121,PRD_1581,169,21,2026-08-28 21:24:39
INV_107214,STR_146,PRD_1056,23,39,2026-08-28T21:30:13.800920061
INV_107215,STR_108,PRD_2432,167,35,2026-08-28 21:35:47
INV_107216,STR_118,PRD_1577,58,22,28/08/2026 21:41
INV_107217,STR_107,PRD_2081,146,15,28/08/2026 21:46
INV_107218,STR_103,PRD_1116,103,12,2026-08-28 21:52:30
INV_107219,STR_104,PRD_2448,101,20,2026-08-28 21:58:04
INV_107220,STR_118,PRD_1818,188,19,2026-08-28T22:03:38.414560970
INV_107221,STR_145,PRD_2044,-10,20,2026-08-28 22:09:12
INV_107222,STR_117,PRD_1078,62,25,2026-08-28 22:14:46
INV_107223,STR_128,PRD_1558,175,29,2026-08-28 22:20:20
INV_107224,STR_118,PRD_1885,182,28,2026-08-28T22:25:54.823654910
INV_107225,STR_105,PRD_1107,6,18,28/08/2026 22:31
INV_107226,STR_104,PRD_1798,179,45,2026-08-28T22:37:03.028201880
INV_107227,STR_142,PRD_2294,94,24,2026-08-28 22:42:37
INV_107228,STR_104,PRD_1687,83,32,2026-08-28T22:48:11.232748850
INV_107229,STR_107,PRD_2499,196,30,2026-08-28 22:53:45
INV_107230,STR_126,PRD_1069,159,48,2026-08-28 22:59:19
INV_107231,STR_136,PRD_1386,145,14,2026-08-28 23:04:53
INV_107232,STR_142,PRD_2189,-8,31,28/08/2026 23:10
INV_107233,STR_144,PRD_1854,-6,40,2026-08-28T23:16:01.744116274
INV_107234,STR_137,PRD_2081,183,24,2026-08-28 23:21:35
INV_107235,STR_136,PRD_2474,43,37,2026-08-28 23:27:09
INV_107236,STR_117,PRD_1244,155,47,28/08/2026 23:32
INV_107237,STR_125,PRD_2068,197,24,2026-08-28 23:38:18
INV_107238,STR_141,PRD_1683,33,28,2026-08-28 23:43:52
INV_107239,STR_115,PRD_2406,198,44,2026-08-28 23:49:26
INV_107240,STR_121,PRD_1784,65,27,28/08/2026 23:55
INV_107241,STR_145,PRD_1070,174,19,2026-08-29 00:00:34
INV_107242,STR_122,PRD_2262,107,24,2026-08-29 00:06:08
INV_107243,STR_146,PRD_1107,188,33,2026-08-29 00:11:42
INV_107244,STR_102,PRD_2231,13,29,2026-08-29 00:17:16
INV_107245,STR_102,PRD_1721,69,46,29/08/2026 00:22
INV_107246,STR_111,PRD_1301,199,20,2026-08-29 00:28:25
INV_107247,STR_122,PRD_2453,176,18,29/08/2026 00:33
INV_107248,STR_146,PRD_2371,-3,14,2026-08-29T00:39:33.278218548
INV_107249,STR_110,PRD_2130,80,20,29/08/2026 00:45
INV_107250,STR_141,PRD_1527,79,48,2026-08-29T00:50:41.482765517
INV_107251,STR_8888,PRD_2429,84,36,2026-08-29 00:56:15
INV_107252,STR_146,PRD_1951,199,11,2026-08-29 01:01:49
INV_107253,STR_149,PRD_1255,-9,29,29/08/2026 01:07
INV_107254,STR_145,PRD_2324,30,30,2026-08-29 01:12:57
INV_107255,STR_128,PRD_1953,173,39,2026-08-29 01:18:31
INV_107256,STR_105,PRD_1923,37,10,2026-08-29 01:24:06
INV_107257,STR_145,PRD_2168,95,44,2026-08-29 01:29:40
INV_107258,STR_115,PRD_1561,11,35,2026-08-29 01:35:14
INV_107259,STR_133,PRD_1359,86,41,2026-08-29 01:40:48
INV_107260,STR_9999,PRD_2213,7,18,29/08/2026 01:46
INV_107261,STR_136,PRD_1295,68,49,2026-08-29 01:51:56
INV_107262,STR_110,PRD_1092,158,30,2026-08-29 01:57:30
INV_107263,STR_110,PRD_2153,56,25,2026-08-29 02:03:04
INV_107264,STR_124,PRD_1860,37,21,2026-08-29 02:08:38
INV_107265,STR_118,PRD_1989,111,45,29/08/2026 02:14
INV_107266,STR_131,PRD_1483,12,46,2026-08-29 02:19:47
INV_107267,STR_149,PRD_1875,100,36,29/08/2026 02:25
INV_107268,STR_107,PRD_2432,119,16,2026-08-29 02:30:55
INV_107269,STR_111,PRD_1340,95,39,2026-08-29 02:36:29
INV_107270,STR_140,PRD_2237,-7,33,2026-08-29 02:42:03
INV_107271,STR_134,PRD_1329,143,39,2026-08-29 02:47:37
INV_107272,STR_105,PRD_1798,8,29,2026-08-29 02:53:11
INV_107273,STR_120,PRD_2198,38,49,2026-08-29T02:58:45.835055670
INV_107274,STR_125,PRD_2467,63,37,29/08/2026 03:04
INV_107275,STR_100,PRD_1200,42,13,2026-08-29T03:09:54.039602640
INV_107276,STR_116,PRD_1742,123,21,2026-08-29T03:15:28.141876125
INV_107277,STR_134,PRD_1097,179,12,2026-08-29T03:21:02.244149610
INV_107278,STR_126,PRD_2126,118,46,2026-08-29T03:26:36.346423095
INV_107279,STR_149,PRD_2174,133,13,2026-08-29 03:32:10
INV_107280,STR_149,PRD_2291,169,24,29/08/2026 03:37
INV_107281,STR_101,PRD_1838,-4,37,2026-08-29 03:43:18
INV_107282,STR_135,PRD_1351,77,46,2026-08-29 03:48:52
INV_107283,STR_100,PRD_1466,24,18,2026-08-29 03:54:26
INV_107284,STR_109,PRD_2301,195,23,29/08/2026 04:00
INV_107285,STR_130,PRD_2039,57,41,29/08/2026 04:05
INV_107286,STR_136,PRD_1455,94,12,29/08/2026 04:11
INV_107287,STR_104,PRD_2202,132,27,2026-08-29 04:16:43
INV_107288,STR_140,PRD_2157,97,23,2026-08-29T04:22:17.369157944
INV_107289,STR_145,PRD_1257,174,34,2026-08-29 04:27:51
INV_107290,STR_112,PRD_1061,140,48,2026-08-29 04:33:25
INV_107291,STR_144,PRD_1481,67,35,2026-08-29 04:38:59
INV_107292,STR_123,PRD_99999,114,15,2026-08-29T04:44:33.778251883
INV_107293,STR_126,PRD_1999,91,35,2026-08-29T04:50:07.880525368
INV_107294,STR_100,PRD_1634,128,10,29/08/2026 04:55
INV_107295,STR_148,PRD_2065,121,30,2026-08-29 05:01:16
INV_107296,STR_119,PRD_2396,175,23,2026-08-29 05:06:50
INV_107297,STR_107,PRD_2396,157,17,29/08/2026 05:12
INV_107298,STR_102,PRD_2322,47,34,29/08/2026 05:17
INV_107299,STR_148,PRD_2075,108,27,2026-08-29 05:23:32
INV_107300,STR_131,PRD_2402,77,24,2026-08-29 05:29:06
INV_107301,STR_143,PRD_1915,111,29,2026-08-29 05:34:40
INV_107302,STR_124,PRD_1311,56,25,2026-08-29 05:40:14
INV_107303,STR_124,PRD_1578,27,16,2026-08-29 05:45:48
INV_107304,STR_149,PRD_1058,119,38,2026-08-29 05:51:23
INV_107305,STR_113,PRD_1303,76,40,29/08/2026 05:56
INV_107306,STR_142,PRD_1034,29,38,2026-08-29T06:02:31.210080672
INV_107307,STR_126,PRD_1647,45,26,29/08/2026 06:08
INV_107308,STR_147,PRD_2010,189,14,2026-08-29 06:13:39
INV_107309,STR_131,PRD_1492,24,27,29/08/2026 06:19
INV_107310,STR_126,PRD_1490,38,23,29/08/2026 06:24
INV_107311,STR_103,PRD_1220,96,40,2026-08-29T06:30:21.721448096
INV_107312,STR_149,PRD_1122,184,27,2026-08-29 06:35:55
INV_107313,STR_138,PRD_1706,85,34,2026-08-29 06:41:29
INV_107314,STR_110,PRD_2125,111,20,29/08/2026 06:47
INV_107315,STR_147,PRD_1886,84,35,2026-08-29 06:52:38
INV_107316,STR_147,PRD_2336,161,14,2026-08-29 06:58:12
INV_107317,STR_102,PRD_1493,20,25,2026-08-29 07:03:46
INV_107318,STR_124,PRD_1758,114,17,2026-08-29 07:09:20
INV_107319,STR_123,PRD_2222,182,22,2026-08-29 07:14:54
INV_107320,STR_108,PRD_1632,65,41,29/08/2026 07:20
INV_107321,STR_107,PRD_1329,115,36,2026-08-29 07:26:02
INV_107322,STR_138,PRD_1971,135,35,2026-08-29 07:31:36
INV_107323,STR_130,PRD_2350,77,18,29/08/2026 07:37
INV_107324,STR_116,PRD_1009,25,16,2026-08-29T07:42:45.051003400
INV_107325,STR_142,PRD_1126,179,17,29/08/2026 07:48
INV_107326,STR_130,PRD_1984,146,11,29/08/2026 07:53
INV_107327,STR_103,PRD_1668,140,27,2026-08-29 07:59:27
INV_107328,STR_103,PRD_1230,-8,45,2026-08-29 08:05:01
INV_107329,STR_136,PRD_2038,19,33,29/08/2026 08:10
INV_107330,STR_107,PRD_1486,198,43,2026-08-29 08:16:09
INV_107331,STR_141,PRD_1441,34,47,2026-08-29 08:21:43
INV_107332,STR_148,PRD_1877,166,20,2026-08-29T08:27:17.869191279
INV_107333,STR_105,PRD_1273,102,19,2026-08-29 08:32:51
INV_107334,STR_108,PRD_1617,111,38,2026-08-29 08:38:26
INV_107335,STR_141,PRD_2026,8,49,2026-08-29 08:44:00
INV_107336,STR_107,PRD_1325,181,15,2026-08-29T08:49:34.278285219
INV_107337,STR_131,PRD_1252,122,19,2026-08-29 08:55:08
INV_107338,STR_114,PRD_2078,45,39,2026-08-29 09:00:42
INV_107339,STR_117,PRD_1885,151,37,29/08/2026 09:06
INV_107340,STR_122,PRD_1447,62,38,2026-08-29T09:11:50.687379158
INV_107341,STR_104,PRD_2320,92,34,2026-08-29 09:17:24
INV_107342,STR_149,PRD_1372,165,45,2026-08-29 09:22:58
INV_107343,STR_126,PRD_1468,15,36,2026-08-29 09:28:32
INV_107344,STR_132,PRD_1759,122,43,29/08/2026 09:34
INV_107345,STR_101,PRD_2159,77,43,29/08/2026 09:39
INV_107346,STR_141,PRD_1832,148,41,2026-08-29T09:45:15.301020068
INV_107347,STR_137,PRD_2269,13,13,2026-08-29 09:50:49
INV_107348,STR_127,PRD_1069,74,43,2026-08-29T09:56:23.505567038
INV_107349,STR_123,PRD_1480,11,25,2026-08-29 10:01:57
INV_107350,STR_9999,PRD_1529,91,20,2026-08-29 10:07:31
INV_107351,STR_120,PRD_1489,139,24,2026-08-29 10:13:05
INV_107352,STR_130,PRD_1502,46,47,2026-08-29 10:18:39
INV_107353,STR_110,PRD_2008,147,39,2026-08-29 10:24:14
INV_107354,STR_149,PRD_1116,102,36,2026-08-29 10:29:48
INV_107355,STR_127,PRD_2280,36,25,2026-08-29 10:35:22
INV_107356,STR_147,PRD_1606,191,10,2026-08-29 10:40:56
INV_107357,STR_139,PRD_1918,184,34,2026-08-29 10:46:30
INV_107358,STR_103,PRD_1903,156,37,29/08/2026 10:52
INV_107359,STR_142,PRD_1427,78,23,2026-08-29 10:57:38
INV_107360,STR_141,PRD_2138,183,43,2026-08-29T11:03:12.732848856
INV_107361,STR_115,PRD_1493,194,13,2026-08-29 11:08:46
INV_107362,STR_111,PRD_1061,80,23,2026-08-29 11:14:20
INV_107363,STR_121,PRD_1496,146,25,2026-08-29T11:19:55.039669311
INV_107364,STR_134,PRD_1635,131,24,29/08/2026 11:25
INV_107365,STR_142,PRD_1079,-7,43,2026-08-29 11:31:03
INV_107366,STR_115,PRD_1484,189,22,2026-08-29T11:36:37.346489766
INV_107367,STR_123,PRD_2045,-6,26,29/08/2026 11:42
INV_107368,STR_134,PRD_1594,33,37,29/08/2026 11:47
INV_107369,STR_127,PRD_2347,80,19,2026-08-29T11:53:19.653310220
INV_107370,STR_141,PRD_1260,13,26,2026-08-29 11:58:53
INV_107371,STR_128,PRD_1128,17,17,29/08/2026 12:04
INV_107372,STR_120,PRD_1625,141,11,2026-08-29 12:10:01
INV_107373,STR_147,PRD_1283,117,10,2026-08-29 12:15:36
INV_107374,STR_124,PRD_2070,-6,14,29/08/2026 12:21
INV_107375,STR_138,PRD_2211,2,44,2026-08-29 12:26:44
INV_107376,STR_130,PRD_1018,199,31,2026-08-29 12:32:18
INV_107377,STR_114,PRD_1598,44,25,29/08/2026 12:37
INV_107378,STR_146,PRD_1653,198,18,2026-08-29 12:43:26
INV_107379,STR_141,PRD_1762,19,45,2026-08-29T12:49:00.676045069
INV_107380,STR_134,PRD_1837,91,18,2026-08-29 12:54:34
INV_107381,STR_137,PRD_2031,72,23,2026-08-29 13:00:08
INV_107382,STR_149,PRD_2060,166,19,2026-08-29T13:05:42.982865524
INV_107383,STR_121,PRD_1071,102,31,29/08/2026 13:11
INV_107384,STR_104,PRD_2404,71,25,29/08/2026 13:16
INV_107385,STR_147,PRD_2289,79,12,2026-08-29 13:22:25
INV_107386,STR_112,PRD_2090,4,37,2026-08-29 13:27:59
INV_107387,STR_131,PRD_1652,19,39,29/08/2026 13:33
INV_107388,STR_102,PRD_1063,17,38,2026-08-29 13:39:07
INV_107389,STR_114,PRD_1029,121,10,2026-08-29 13:44:41
INV_107390,STR_126,PRD_1556,57,37,29/08/2026 13:50
INV_107391,STR_8888,PRD_1645,90,31,2026-08-29 13:55:49
INV_107392,STR_126,PRD_2039,132,41,29/08/2026 14:01
INV_107393,STR_129,PRD_1277,23,20,2026-08-29 14:06:58
INV_107394,STR_105,PRD_1276,192,35,2026-08-29T14:12:32.210147343
INV_107395,STR_124,PRD_1220,88,40,2026-08-29T14:18:06.312420828
INV_107396,STR_127,PRD_2216,160,29,2026-08-29 14:23:40
INV_107397,STR_121,PRD_1669,192,29,2026-08-29T14:29:14.516967798
INV_107398,STR_103,PRD_2047,50,42,2026-08-29 14:34:48
INV_107399,STR_114,PRD_1831,180,14,2026-08-29T14:40:22.721514767
INV_107400,STR_125,PRD_1140,-9,12,2026-08-29 14:45:56
INV_107401,STR_117,PRD_1733,107,43,2026-08-29T14:51:30.926061737
INV_107402,STR_108,PRD_1025,41,40,2026-08-29 14:57:05
INV_107403,STR_8888,PRD_1097,41,16,2026-08-29T15:02:39.130608707
INV_107404,STR_103,PRD_1275,4,39,2026-08-29T15:08:13.232882192
INV_107405,STR_147,PRD_1572,157,27,2026-08-29 15:13:47
INV_107406,STR_149,PRD_1891,17,25,2026-08-29 15:19:21
INV_107407,STR_104,PRD_2266,85,22,2026-08-29 15:24:55
INV_107408,STR_144,PRD_1432,87,42,29/08/2026 15:30
INV_107409,STR_105,PRD_1008,44,16,2026-08-29 15:36:03
INV_107410,STR_9999,PRD_1895,167,39,29/08/2026 15:41
INV_107411,STR_111,PRD_1868,11,20,29/08/2026 15:47
INV_107412,STR_130,PRD_1932,146,15,2026-08-29 15:52:46
INV_107413,STR_146,PRD_1271,61,30,2026-08-29 15:58:20
INV_107414,STR_108,PRD_1031,129,41,29/08/2026 16:03
INV_107415,STR_106,PRD_1851,27,14,2026-08-29 16:09:28
INV_107416,STR_128,PRD_1604,109,38,2026-08-29T16:15:02.460164011
INV_107417,STR_113,PRD_2151,-9,44,29/08/2026 16:20
INV_107418,STR_9999,PRD_1016,129,21,2026-08-29 16:26:10
INV_107419,STR_119,PRD_2496,172,46,2026-08-29 16:31:44
INV_107420,STR_147,PRD_1300,115,31,2026-08-29 16:37:18
INV_107421,STR_131,PRD_1041,129,20,2026-08-29 16:42:52
INV_107422,STR_121,PRD_1051,98,32,2026-08-29 16:48:27
INV_107423,STR_135,PRD_1187,-2,19,29/08/2026 16:54
INV_107424,STR_143,PRD_1150,196,33,29/08/2026 16:59
INV_107425,STR_117,PRD_2267,21,25,29/08/2026 17:05
INV_107426,STR_139,PRD_2150,62,21,2026-08-29 17:10:43
INV_107427,STR_148,PRD_1408,125,41,2026-08-29 17:16:17
INV_107428,STR_124,PRD_1343,105,33,29/08/2026 17:21
INV_107429,STR_130,PRD_1590,145,13,2026-08-29 17:27:25
INV_107430,STR_134,PRD_2121,173,42,2026-08-29 17:32:59
INV_107431,STR_125,PRD_2091,71,27,2026-08-29 17:38:33
INV_107432,STR_103,PRD_1845,96,26,2026-08-29 17:44:08
INV_107433,STR_141,PRD_1899,25,30,2026-08-29T17:49:42.198813254
INV_107434,STR_147,PRD_1027,106,10,2026-08-29 17:55:16
INV_107435,STR_119,PRD_2052,154,34,29/08/2026 18:00
INV_107436,STR_133,PRD_1633,21,40,29/08/2026 18:06
INV_107437,STR_111,PRD_1211,156,29,2026-08-29 18:11:58
INV_107438,STR_115,PRD_1687,38,35,2026-08-29 18:17:32
INV_107439,STR_141,PRD_1071,135,28,2026-08-29T18:23:06.812454163
INV_107440,STR_104,PRD_1109,12,39,2026-08-29 18:28:40
INV_107441,STR_143,PRD_2136,22,34,2026-08-29 18:34:15
INV_107442,STR_134,PRD_2420,101,45,2026-08-29 18:39:49
INV_107443,STR_143,PRD_1231,190,27,2026-08-29 18:45:23
INV_107444,STR_126,PRD_1042,168,13,2026-08-29 18:50:57
INV_107445,STR_100,PRD_1264,160,36,29/08/2026 18:56
INV_107446,STR_133,PRD_1045,-7,42,2026-08-29 19:02:05
INV_107447,STR_142,PRD_2248,69,15,2026-08-29 19:07:39
INV_107448,STR_131,PRD_2124,184,16,2026-08-29 19:13:13
INV_107449,STR_143,PRD_2304,189,10,2026-08-29 19:18:47
INV_107450,STR_138,PRD_1237,197,47,2026-08-29 19:24:21
INV_107451,STR_132,PRD_1600,114,44,2026-08-29 19:29:56
INV_107452,STR_130,PRD_2269,-9,32,2026-08-29 19:35:30
INV_107453,STR_112,PRD_1690,34,25,2026-08-29 19:41:04
INV_107454,STR_144,PRD_1975,77,43,29/08/2026 19:46
INV_107455,STR_101,PRD_1742,197,43,2026-08-29T19:52:12.448829922
INV_107456,STR_129,PRD_2122,104,40,2026-08-29 19:57:46
INV_107457,STR_109,PRD_1726,157,40,2026-08-29T20:03:20.653376891
INV_107458,STR_122,PRD_1199,119,20,2026-08-29 20:08:54
INV_107459,STR_132,PRD_2012,149,17,29/08/2026 20:14
INV_107460,STR_138,PRD_2279,-10,33,2026-08-29 20:20:02
INV_107461,STR_144,PRD_1436,7,32,2026-08-29T20:25:37.062470831
INV_107462,STR_128,PRD_1493,181,41,2026-08-29 20:31:11
INV_107463,STR_129,PRD_2459,149,24,2026-08-29 20:36:45
INV_107464,STR_133,PRD_1706,-2,37,2026-08-29T20:42:19.369291286
INV_107465,STR_8888,PRD_1023,44,29,2026-08-29 20:47:53
INV_107466,STR_138,PRD_2386,56,23,2026-08-29 20:53:27
INV_107467,STR_116,PRD_1269,13,35,2026-08-29 20:59:01
INV_107468,STR_121,PRD_1789,110,46,2026-08-29T21:04:35.778385225
INV_107469,STR_104,PRD_1737,0,11,2026-08-29T21:10:09.880658710
INV_107470,STR_110,PRD_2251,145,43,29/08/2026 21:15
INV_107471,STR_121,PRD_1127,5,43,2026-08-29 21:21:18
INV_107472,STR_131,PRD_1542,82,43,2026-08-29 21:26:52
INV_107473,STR_123,PRD_2081,94,18,2026-08-29 21:32:26
INV_107474,STR_110,PRD_1324,1,12,2026-08-29 21:38:00
INV_107475,STR_110,PRD_1658,110,39,2026-08-29 21:43:34
INV_107476,STR_116,PRD_2129,185,28,2026-08-29 21:49:08
INV_107477,STR_131,PRD_2460,79,40,2026-08-29 21:54:42
INV_107478,STR_118,PRD_1084,121,25,2026-08-29 22:00:16
INV_107479,STR_126,PRD_2025,64,33,2026-08-29 22:05:50
INV_107480,STR_131,PRD_2460,55,24,2026-08-29 22:11:25
INV_107481,STR_124,PRD_1450,20,31,29/08/2026 22:16
INV_107482,STR_127,PRD_2464,173,41,2026-08-29T22:22:33.210214014
INV_107483,STR_139,PRD_2245,167,20,2026-08-29 22:28:07
INV_107484,STR_8888,PRD_1993,184,38,29/08/2026 22:33
INV_107485,STR_126,PRD_2048,78,33,2026-08-29 22:39:15
INV_107486,STR_113,PRD_2058,87,28,2026-08-29 22:44:49
INV_107487,STR_141,PRD_1668,118,14,2026-08-29 22:50:23
INV_107488,STR_138,PRD_1971,186,47,2026-08-29 22:55:57
INV_107489,STR_101,PRD_1342,28,10,2026-08-29T23:01:31.926128408
INV_107490,STR_116,PRD_1987,169,39,2026-08-29 23:07:06
INV_107491,STR_100,PRD_2389,84,21,29/08/2026 23:12
INV_107492,STR_144,PRD_2359,153,13,29/08/2026 23:18
INV_107493,STR_131,PRD_2456,184,24,2026-08-29 23:23:48
INV_107494,STR_118,PRD_1951,129,26,2026-08-29 23:29:22
INV_107495,STR_113,PRD_1456,50,21,2026-08-29 23:34:56
INV_107496,STR_130,PRD_1898,197,10,29/08/2026 23:40
INV_107497,STR_117,PRD_1397,61,22,29/08/2026 23:46
INV_107498,STR_8888,PRD_1898,128,39,2026-08-29 23:51:38
INV_107499,STR_113,PRD_1342,98,19,2026-08-29 23:57:12
INV_107500,STR_146,PRD_2303,3,45,30/08/2026 00:02
INV_107501,STR_113,PRD_2375,199,15,2026-08-30 00:08:21
INV_107502,STR_123,PRD_1812,171,18,2026-08-30 00:13:55
INV_107503,STR_104,PRD_2220,125,11,2026-08-30 00:19:29
INV_107504,STR_115,PRD_2248,150,15,2026-08-30 00:25:03
INV_107505,STR_104,PRD_1939,121,20,30/08/2026 00:30
INV_107506,STR_112,PRD_1046,102,35,30/08/2026 00:36
INV_107507,STR_115,PRD_2208,19,37,2026-08-30 00:41:45
INV_107508,STR_114,PRD_1914,73,22,2026-08-30T00:47:19.869324621
INV_107509,STR_130,PRD_1161,83,47,2026-08-30T00:52:53.971598106
INV_107510,STR_104,PRD_1294,80,21,2026-08-30T00:58:28.073871591
INV_107511,STR_120,PRD_1091,78,28,30/08/2026 01:04
INV_107512,STR_129,PRD_2191,43,27,2026-08-30 01:09:36
INV_107513,STR_122,PRD_2281,123,28,30/08/2026 01:15
INV_107514,STR_137,PRD_1749,-6,37,2026-08-30 01:20:44
INV_107515,STR_128,PRD_1556,195,21,2026-08-30T01:26:18.585239016
INV_107516,STR_112,PRD_1308,40,41,30/08/2026 01:31
INV_107517,STR_131,PRD_2152,131,22,2026-08-30 01:37:26
INV_107518,STR_147,PRD_1568,23,32,2026-08-30 01:43:00
INV_107519,STR_141,PRD_2184,158,45,2026-08-30T01:48:34.994332955
INV_107520,STR_126,PRD_1175,78,39,2026-08-30 01:54:09
INV_107521,STR_133,PRD_2311,156,31,30/08/2026 01:59
INV_107522,STR_144,PRD_1972,135,47,30/08/2026 02:05
INV_107523,STR_148,PRD_2428,9,12,2026-08-30 02:10:51
INV_107524,STR_132,PRD_1937,96,18,30/08/2026 02:16
INV_107525,STR_103,PRD_2363,125,24,2026-08-30 02:21:59
INV_107526,STR_117,PRD_2018,15,39,2026-08-30 02:27:33
INV_107527,STR_105,PRD_2291,74,35,30/08/2026 02:33
INV_107528,STR_127,PRD_1217,144,39,2026-08-30 02:38:41
INV_107529,STR_143,PRD_1812,149,14,2026-08-30 02:44:16
INV_107530,STR_126,PRD_1163,31,40,2026-08-30 02:49:50
INV_107531,STR_125,PRD_2414,167,31,2026-08-30 02:55:24
INV_107532,STR_119,PRD_2440,70,24,30/08/2026 03:00
INV_107533,STR_112,PRD_1047,166,44,2026-08-30 03:06:32
INV_107534,STR_127,PRD_2217,182,28,2026-08-30 03:12:06
INV_107535,STR_133,PRD_1800,180,43,2026-08-30 03:17:40
INV_107536,STR_148,PRD_1717,16,27,30/08/2026 03:23
INV_107537,STR_122,PRD_1083,89,23,2026-08-30 03:28:48
INV_107538,STR_109,PRD_1612,192,31,2026-08-30 03:34:22
INV_107539,STR_9999,PRD_2070,24,33,2026-08-30T03:39:57.039802653
INV_107540,STR_129,PRD_1233,27,22,2026-08-30T03:45:31.142076138
INV_107541,STR_121,PRD_1961,27,17,2026-08-30 03:51:05
INV_107542,STR_104,PRD_2322,31,11,2026-08-30 03:56:39
INV_107543,STR_143,PRD_1847,159,36,2026-08-30 04:02:13
INV_107544,STR_149,PRD_1146,166,43,2026-08-30 04:07:47
INV_107545,STR_108,PRD_1195,46,38,2026-08-30 04:13:21
INV_107546,STR_142,PRD_1905,89,35,2026-08-30 04:18:55
INV_107547,STR_103,PRD_2013,43,32,2026-08-30 04:24:29
INV_107548,STR_141,PRD_2045,127,45,2026-08-30T04:30:03.960264017
INV_107549,STR_100,PRD_2217,177,18,2026-08-30 04:35:38
INV_107550,STR_133,PRD_1385,29,30,2026-08-30 04:41:12
INV_107551,STR_140,PRD_1363,118,45,2026-08-30 04:46:46
INV_107552,STR_125,PRD_1273,109,12,2026-08-30 04:52:20
INV_107553,STR_117,PRD_2407,75,16,30/08/2026 04:57
INV_107554,STR_115,PRD_1207,53,32,2026-08-30 05:03:28
INV_107555,STR_122,PRD_1274,70,41,2026-08-30 05:09:02
INV_107556,STR_145,PRD_2006,1,32,2026-08-30 05:14:36
INV_107557,STR_135,PRD_1495,174,25,30/08/2026 05:20
INV_107558,STR_125,PRD_1901,194,14,2026-08-30 05:25:44
INV_107559,STR_101,PRD_1158,78,22,2026-08-30 05:31:19
INV_107560,STR_143,PRD_1939,15,19,2026-08-30 05:36:53
INV_107561,STR_8888,PRD_1459,29,11,2026-08-30 05:42:27
INV_107562,STR_104,PRD_1393,99,25,2026-08-30 05:48:01
INV_107563,STR_128,PRD_1916,102,10,2026-08-30 05:53:35
INV_107564,STR_103,PRD_1942,32,15,30/08/2026 05:59
INV_107565,STR_146,PRD_1438,61,28,2026-08-30 06:04:43
INV_107566,STR_134,PRD_2402,130,42,2026-08-30 06:10:17
INV_107567,STR_121,PRD_1163,79,37,2026-08-30 06:15:51
INV_107568,STR_148,PRD_1638,173,14,2026-08-30T06:21:26.005733715
INV_107569,STR_107,PRD_2353,6,21,30/08/2026 06:27
INV_107570,STR_143,PRD_1569,77,39,2026-08-30 06:32:34
INV_107571,STR_120,PRD_1146,13,26,2026-08-30T06:38:08.312554170
INV_107572,STR_107,PRD_1982,65,28,2026-08-30T06:43:42.414827655
INV_107573,STR_8888,PRD_1959,47,49,2026-08-30 06:49:16
INV_107574,STR_8888,PRD_1767,197,34,2026-08-30T06:54:50.619374625
INV_107575,STR_104,PRD_1109,178,44,2026-08-30 07:00:24
INV_107576,STR_120,PRD_1393,197,18,2026-08-30T07:05:58.823921594
INV_107577,STR_126,PRD_2205,145,41,2026-08-30 07:11:32
INV_107578,STR_137,PRD_1442,184,48,2026-08-30 07:17:07
INV_107579,STR_104,PRD_1746,86,47,30/08/2026 07:22
INV_107580,STR_120,PRD_1753,40,24,30/08/2026 07:28
INV_107581,STR_107,PRD_1129,77,46,2026-08-30T07:33:49.335289019
INV_107582,STR_121,PRD_2426,81,35,2026-08-30T07:39:23.437562504
INV_107583,STR_117,PRD_1504,100,40,2026-08-30 07:44:57
INV_107584,STR_103,PRD_1719,156,39,2026-08-30T07:50:31.642109474
INV_107585,STR_103,PRD_1021,183,11,2026-08-30T07:56:05.744382959
INV_107586,STR_136,PRD_2040,194,16,2026-08-30T08:01:39.846656443
INV_107587,STR_114,PRD_1874,90,39,2026-08-30 08:07:13
INV_107588,STR_137,PRD_1830,191,42,2026-08-30 08:12:48
INV_107589,STR_126,PRD_1633,157,48,2026-08-30T08:18:22.153476898
INV_107590,STR_120,PRD_1281,2,47,2026-08-30 08:23:56
INV_107591,STR_147,PRD_2250,136,29,30/08/2026 08:29
INV_107592,STR_145,PRD_2443,-5,28,30/08/2026 08:35
INV_107593,STR_145,PRD_1372,135,18,2026-08-30 08:40:38
INV_107594,STR_147,PRD_2324,-2,31,2026-08-30 08:46:12
INV_107595,STR_103,PRD_2008,70,41,2026-08-30T08:51:46.767117808
INV_107596,STR_110,PRD_1285,57,39,2026-08-30T08:57:20.869391292
INV_107597,STR_118,PRD_2139,43,15,2026-08-30T09:02:54.971664777
INV_107598,STR_118,PRD_2172,115,26,2026-08-30 09:08:29
INV_107599,STR_126,PRD_1403,39,46,2026-08-30T09:14:03.176211747
INV_107600,STR_139,PRD_1089,59,24,2026-08-30T09:19:37.278485232
INV_107601,STR_141,PRD_2142,128,16,2026-08-30 09:25:11
INV_107602,STR_127,PRD_1695,172,23,30/08/2026 09:30
INV_107603,STR_104,PRD_1907,107,29,2026-08-30 09:36:19
INV_107604,STR_147,PRD_2116,159,39,2026-08-30 09:41:53
INV_107605,STR_124,PRD_1628,79,27,2026-08-30 09:47:27
INV_107606,STR_102,PRD_2001,128,31,30/08/2026 09:53
INV_107607,STR_125,PRD_1446,61,34,2026-08-30 09:58:35
INV_107608,STR_109,PRD_1311,56,33,2026-08-30T10:04:10.096673111
INV_107609,STR_123,PRD_2341,119,40,2026-08-30 10:09:44
INV_107610,STR_128,PRD_1120,199,27,2026-08-30 10:15:18
INV_107611,STR_144,PRD_1316,183,43,2026-08-30 10:20:52
INV_107612,STR_106,PRD_1137,15,27,30/08/2026 10:26
INV_107613,STR_143,PRD_1817,65,23,30/08/2026 10:32
INV_107614,STR_122,PRD_2307,26,13,2026-08-30 10:37:34
INV_107615,STR_145,PRD_1390,25,16,2026-08-30 10:43:08
INV_107616,STR_126,PRD_2028,5,16,2026-08-30 10:48:42
INV_107617,STR_141,PRD_1768,67,10,30/08/2026 10:54
INV_107618,STR_108,PRD_1366,55,49,2026-08-30 10:59:51
INV_107619,STR_143,PRD_1840,10,33,2026-08-30 11:05:25
INV_107620,STR_102,PRD_1491,124,41,2026-08-30 11:10:59
INV_107621,STR_112,PRD_1757,128,19,2026-08-30 11:16:33
INV_107622,STR_105,PRD_2489,173,18,30/08/2026 11:22
INV_107623,STR_137,PRD_2258,161,48,2026-08-30 11:27:41
INV_107624,STR_120,PRD_2385,43,12,2026-08-30 11:33:15
INV_107625,STR_118,PRD_1521,82,44,2026-08-30 11:38:49
INV_107626,STR_124,PRD_2265,174,14,2026-08-30 11:44:23
INV_107627,STR_138,PRD_2465,47,16,2026-08-30T11:49:58.039869324
INV_107628,STR_103,PRD_1187,26,21,30/08/2026 11:55
INV_107629,STR_121,PRD_1403,109,32,2026-08-30 12:01:06
INV_107630,STR_104,PRD_1426,165,34,2026-08-30 12:06:40
INV_107631,STR_100,PRD_1412,179,26,2026-08-30 12:12:14
INV_107632,STR_149,PRD_1153,28,23,2026-08-30 12:17:48
INV_107633,STR_116,PRD_1202,181,44,30/08/2026 12:23
INV_107634,STR_108,PRD_1216,93,10,2026-08-30 12:28:56
INV_107635,STR_108,PRD_1481,57,31,30/08/2026 12:34
INV_107636,STR_123,PRD_2338,57,37,2026-08-30T12:40:04.960330688
INV_107637,STR_109,PRD_2024,144,32,30/08/2026 12:45
INV_107638,STR_119,PRD_1765,187,27,2026-08-30 12:51:13
INV_107639,STR_116,PRD_1502,93,46,2026-08-30 12:56:47
INV_107640,STR_112,PRD_1798,199,12,2026-08-30 13:02:21
INV_107641,STR_128,PRD_1805,49,23,2026-08-30 13:07:55
INV_107642,STR_135,PRD_2301,161,48,2026-08-30 13:13:29
INV_107643,STR_122,PRD_2217,147,16,2026-08-30 13:19:03
INV_107644,STR_126,PRD_1942,175,26,30/08/2026 13:24
INV_107645,STR_117,PRD_1768,115,15,2026-08-30T13:30:11.880792053
INV_107646,STR_117,PRD_1761,112,28,2026-08-30 13:35:45
INV_107647,STR_108,PRD_2271,25,24,2026-08-30 13:41:20
INV_107648,STR_102,PRD_1087,122,48,2026-08-30 13:46:54
INV_107649,STR_106,PRD_1433,113,14,2026-08-30 13:52:28
INV_107650,STR_114,PRD_1419,136,24,2026-08-30 13:58:02
INV_107651,STR_129,PRD_2276,129,35,30/08/2026 14:03
INV_107652,STR_108,PRD_1428,79,48,30/08/2026 14:09
INV_107653,STR_140,PRD_2187,177,22,2026-08-30 14:14:44
INV_107654,STR_126,PRD_1161,72,40,30/08/2026 14:20
INV_107655,STR_135,PRD_1506,128,22,2026-08-30 14:25:52
INV_107656,STR_117,PRD_1264,42,32,2026-08-30 14:31:27
INV_107657,STR_130,PRD_1109,9,49,2026-08-30 14:37:01
INV_107658,STR_116,PRD_1899,62,41,2026-08-30 14:42:35
INV_107659,STR_105,PRD_2342,73,46,2026-08-30 14:48:09
INV_107660,STR_138,PRD_2155,16,13,2026-08-30 14:53:43
INV_107661,STR_124,PRD_2156,47,26,30/08/2026 14:59
INV_107662,STR_141,PRD_1393,112,29,30/08/2026 15:04
INV_107663,STR_141,PRD_1619,122,20,30/08/2026 15:10
INV_107664,STR_137,PRD_1683,63,42,30/08/2026 15:15
INV_107665,STR_137,PRD_1551,126,48,2026-08-30T15:21:33.926261750
INV_107666,STR_130,PRD_1803,66,15,2026-08-30 15:27:08
INV_107667,STR_9999,PRD_2058,114,48,30/08/2026 15:32
INV_107668,STR_128,PRD_1721,114,47,2026-08-30 15:38:16
INV_107669,STR_139,PRD_2395,21,27,2026-08-30 15:43:50
INV_107670,STR_108,PRD_1030,189,11,2026-08-30 15:49:24
INV_107671,STR_100,PRD_2197,171,47,2026-08-30 15:54:58
INV_107672,STR_115,PRD_1816,162,26,2026-08-30 16:00:32
INV_107673,STR_137,PRD_2413,16,33,2026-08-30 16:06:06
INV_107674,STR_122,PRD_1105,145,39,2026-08-30 16:11:40
INV_107675,STR_107,PRD_2298,7,33,2026-08-30 16:17:14
INV_107676,STR_146,PRD_2119,76,13,2026-08-30 16:22:49
INV_107677,STR_111,PRD_2016,94,16,2026-08-30 16:28:23
INV_107678,STR_109,PRD_2053,148,24,2026-08-30T16:33:57.255817054
INV_107679,STR_115,PRD_1793,30,39,2026-08-30 16:39:31
INV_107680,STR_146,PRD_1160,23,38,2026-08-30 16:45:05
INV_107681,STR_142,PRD_2329,-4,22,2026-08-30 16:50:39
INV_107682,STR_123,PRD_1195,-6,49,30/08/2026 16:56
INV_107683,STR_138,PRD_1607,10,48,2026-08-30 17:01:47
INV_107684,STR_107,PRD_1337,123,38,30/08/2026 17:07
INV_107685,STR_110,PRD_2161,162,35,2026-08-30 17:12:55
INV_107686,STR_140,PRD_1789,109,45,2026-08-30T17:18:30.074004933
INV_107687,STR_125,PRD_1446,152,44,2026-08-30 17:24:04
INV_107688,STR_106,PRD_2333,95,28,30/08/2026 17:29
INV_107689,STR_114,PRD_2202,76,11,2026-08-30T17:35:12.380825388
INV_107690,STR_114,PRD_1336,120,23,30/08/2026 17:40
INV_107691,STR_147,PRD_2257,150,25,2026-08-30 17:46:20
INV_107692,STR_102,PRD_2272,27,45,30/08/2026 17:51
INV_107693,STR_115,PRD_1131,76,49,2026-08-30 17:57:28
INV_107694,STR_114,PRD_1248,69,40,2026-08-30 18:03:02
INV_107695,STR_124,PRD_2478,102,44,2026-08-30 18:08:36
INV_107696,STR_132,PRD_1498,133,31,2026-08-30 18:14:11
INV_107697,STR_113,PRD_1062,78,30,30/08/2026 18:19
INV_107698,STR_123,PRD_1818,95,37,2026-08-30T18:25:19.301286752
INV_107699,STR_110,PRD_2415,60,26,2026-08-30 18:30:53
INV_107700,STR_102,PRD_1256,-3,27,2026-08-30 18:36:27
INV_107701,STR_108,PRD_2271,120,41,2026-08-30 18:42:01
INV_107702,STR_105,PRD_2287,58,32,2026-08-30 18:47:35
INV_107703,STR_130,PRD_1466,117,15,2026-08-30 18:53:09
INV_107704,STR_115,PRD_1848,8,38,2026-08-30 18:58:43
INV_107705,STR_110,PRD_1360,124,15,30/08/2026 19:04
INV_107706,STR_149,PRD_1879,75,42,2026-08-30T19:09:52.119474631
INV_107707,STR_116,PRD_2416,39,41,2026-08-30 19:15:26
INV_107708,STR_148,PRD_1178,123,26,2026-08-30 19:21:00
INV_107709,STR_102,PRD_1948,122,13,2026-08-30 19:26:34
INV_107710,STR_118,PRD_1498,50,40,2026-08-30 19:32:08
INV_107711,STR_123,PRD_1676,84,31,2026-08-30 19:37:42
INV_107712,STR_146,PRD_1291,47,36,2026-08-30 19:43:16
INV_107713,STR_141,PRD_1587,139,30,2026-08-30T19:48:50.835389026
INV_107714,STR_107,PRD_1817,174,29,2026-08-30 19:54:24
INV_107715,STR_148,PRD_1098,192,43,2026-08-30 19:59:59
INV_107716,STR_135,PRD_1180,21,32,2026-08-30 20:05:33
INV_107717,STR_139,PRD_1952,134,25,2026-08-30 20:11:07
INV_107718,STR_101,PRD_2426,175,15,2026-08-30 20:16:41
INV_107719,STR_122,PRD_1373,158,25,2026-08-30T20:22:15.449029935
INV_107720,STR_139,PRD_1623,11,16,2026-08-30T20:27:49.551303420
INV_107721,STR_129,PRD_1252,69,23,2026-08-30 20:33:23
INV_107722,STR_124,PRD_1862,31,12,2026-08-30 20:38:57
INV_107723,STR_106,PRD_1121,68,42,2026-08-30 20:44:31
INV_107724,STR_127,PRD_1441,125,45,30/08/2026 20:50
INV_107725,STR_140,PRD_1244,35,48,2026-08-30 20:55:40
INV_107726,STR_149,PRD_1870,165,38,30/08/2026 21:01
INV_107727,STR_116,PRD_1826,104,48,2026-08-30T21:06:48.267217814
INV_107728,STR_131,PRD_2069,120,13,2026-08-30 21:12:22
INV_107729,STR_100,PRD_1451,66,48,2026-08-30 21:17:56
INV_107730,STR_126,PRD_1295,19,49,2026-08-30 21:23:30
INV_107731,STR_143,PRD_2164,17,31,30/08/2026 21:29
INV_107732,STR_135,PRD_2089,62,24,2026-08-30T21:34:38.778585239
INV_107733,STR_148,PRD_1482,193,13,2026-08-30 21:40:12
INV_107734,STR_106,PRD_1308,142,27,2026-08-30 21:45:46
INV_107735,STR_102,PRD_2483,154,32,2026-08-30 21:51:21
INV_107736,STR_129,PRD_1592,168,47,2026-08-30 21:56:55
INV_107737,STR_100,PRD_2018,28,13,2026-08-30 22:02:29
INV_107738,STR_9999,PRD_1397,72,13,2026-08-30 22:08:03
INV_107739,STR_133,PRD_1468,189,27,2026-08-30 22:13:37
INV_107740,STR_137,PRD_1616,56,10,2026-08-30 22:19:11
INV_107741,STR_142,PRD_1391,118,41,2026-08-30 22:24:45
INV_107742,STR_135,PRD_1096,27,30,2026-08-30 22:30:19
INV_107743,STR_132,PRD_2213,169,47,2026-08-30 22:35:53
INV_107744,STR_142,PRD_1940,180,35,2026-08-30 22:41:28
INV_107745,STR_115,PRD_1859,41,30,2026-08-30 22:47:02
INV_107746,STR_137,PRD_1194,72,38,2026-08-30 22:52:36
INV_107747,STR_110,PRD_1957,74,41,30/08/2026 22:58
INV_107748,STR_107,PRD_2357,177,13,2026-08-30 23:03:44
INV_107749,STR_8888,PRD_1082,2,22,2026-08-30 23:09:18
INV_107750,STR_100,PRD_1250,6,44,2026-08-30 23:14:52
INV_107751,STR_113,PRD_2093,73,36,2026-08-30T23:20:26.721781452
INV_107752,STR_129,PRD_2315,147,10,2026-08-30 23:26:00
INV_107753,STR_120,PRD_1339,155,48,2026-08-30 23:31:34
INV_107754,STR_120,PRD_2408,128,23,2026-08-30 23:37:09
INV_107755,STR_133,PRD_1699,144,46,2026-08-30 23:42:43
INV_107756,STR_137,PRD_2481,27,39,2026-08-30 23:48:17
INV_107757,STR_125,PRD_2164,17,23,2026-08-30 23:53:51
INV_107758,STR_140,PRD_2163,143,20,2026-08-30T23:59:25.437695846
INV_107759,STR_113,PRD_2098,92,40,2026-08-31 00:04:59
INV_107760,STR_139,PRD_1099,150,37,2026-08-31 00:10:33
INV_107761,STR_134,PRD_2198,149,36,2026-08-31T00:16:07.744516301
INV_107762,STR_141,PRD_1732,171,12,31/08/2026 00:21
INV_107763,STR_117,PRD_1322,142,15,31/08/2026 00:27
INV_107764,STR_119,PRD_99999,13,48,2026-08-31 00:32:50
INV_107765,STR_108,PRD_1009,157,28,31/08/2026 00:38
INV_107766,STR_140,PRD_2012,144,43,2026-08-31 00:43:58
INV_107767,STR_9999,PRD_2069,35,37,31/08/2026 00:49
INV_107768,STR_144,PRD_2336,73,21,31/08/2026 00:55
INV_107769,STR_132,PRD_2261,86,48,2026-08-31 01:00:40
INV_107770,STR_148,PRD_1805,58,19,2026-08-31 01:06:14
INV_107771,STR_103,PRD_1907,58,34,2026-08-31 01:11:48
INV_107772,STR_103,PRD_2054,28,32,31/08/2026 01:17
INV_107773,STR_147,PRD_1129,198,35,2026-08-31 01:22:56
INV_107774,STR_115,PRD_2408,146,28,2026-08-31T01:28:31.074071604
INV_107775,STR_146,PRD_2048,64,47,2026-08-31 01:34:05
INV_107776,STR_125,PRD_2284,75,29,31/08/2026 01:39
INV_107777,STR_105,PRD_2421,20,27,2026-08-31 01:45:13
INV_107778,STR_136,PRD_1563,54,20,2026-08-31 01:50:47
INV_107779,STR_121,PRD_2353,4,34,2026-08-31T01:56:21.585439029
INV_107780,STR_141,PRD_1148,72,10,2026-08-31 02:01:55
INV_107781,STR_138,PRD_2432,63,41,2026-08-31 02:07:29
INV_107782,STR_106,PRD_1578,-2,42,2026-08-31 02:13:03
INV_107783,STR_141,PRD_2019,2,16,2026-08-31T02:18:37.994532969
INV_107784,STR_129,PRD_1118,109,40,2026-08-31 02:24:12
INV_107785,STR_109,PRD_2457,34,35,2026-08-31 02:29:46
INV_107786,STR_114,PRD_1227,79,16,2026-08-31 02:35:20
INV_107787,STR_105,PRD_1614,123,45,2026-08-31T02:40:54.403626908
INV_107788,STR_123,PRD_1239,93,33,2026-08-31 02:46:28
INV_107789,STR_101,PRD_1912,33,14,2026-08-31 02:52:02
INV_107790,STR_139,PRD_2255,-9,31,2026-08-31 02:57:36
INV_107791,STR_8888,PRD_1965,146,45,2026-08-31 03:03:10
INV_107792,STR_114,PRD_2313,165,12,2026-08-31T03:08:44.914994333
INV_107793,STR_120,PRD_2177,114,46,31/08/2026 03:14
INV_107794,STR_117,PRD_1158,1,47,2026-08-31 03:19:53
INV_107795,STR_104,PRD_1562,103,15,2026-08-31 03:25:27
INV_107796,STR_124,PRD_1475,56,34,2026-08-31T03:31:01.324088272
INV_107797,STR_135,PRD_1547,167,32,31/08/2026 03:36
INV_107798,STR_109,PRD_2036,0,21,2026-08-31 03:42:09
INV_107799,STR_9999,PRD_1852,-6,37,2026-08-31 03:47:43
INV_107800,STR_145,PRD_1217,34,49,2026-08-31T03:53:17.733182212
INV_107801,STR_122,PRD_1754,191,41,31/08/2026 03:58
INV_107802,STR_123,PRD_1734,106,34,2026-08-31 04:04:25
INV_107803,STR_144,PRD_1990,164,43,31/08/2026 04:10
INV_107804,STR_109,PRD_1780,123,39,2026-08-31 04:15:34
INV_107805,STR_105,PRD_1221,69,46,2026-08-31 04:21:08
INV_107806,STR_112,PRD_1287,83,27,31/08/2026 04:26
INV_107807,STR_120,PRD_1523,73,44,2026-08-31 04:32:16
INV_107808,STR_131,PRD_1698,78,46,2026-08-31 04:37:50
INV_107809,STR_142,PRD_1680,186,15,2026-08-31T04:43:24.653643576
INV_107810,STR_114,PRD_1323,180,28,2026-08-31 04:48:58
INV_107811,STR_101,PRD_1617,100,31,2026-08-31 04:54:32
INV_107812,STR_114,PRD_2199,56,41,2026-08-31T05:00:06.960464031
INV_107813,STR_9999,PRD_1860,164,36,2026-08-31 05:05:41
INV_107814,STR_116,PRD_1040,151,25,2026-08-31 05:11:15
INV_107815,STR_119,PRD_2348,1,35,2026-08-31T05:16:49.267284485
INV_107816,STR_149,PRD_2290,16,48,2026-08-31 05:22:23
INV_107817,STR_105,PRD_1392,186,13,31/08/2026 05:27
INV_107818,STR_114,PRD_2136,94,25,31/08/2026 05:33
INV_107819,STR_116,PRD_2307,75,28,31/08/2026 05:39
INV_107820,STR_125,PRD_1202,185,37,2026-08-31 05:44:39
INV_107821,STR_121,PRD_1852,106,26,2026-08-31 05:50:13
INV_107822,STR_108,PRD_1773,145,11,31/08/2026 05:55
INV_107823,STR_111,PRD_2167,188,11,31/08/2026 06:01
INV_107824,STR_121,PRD_2266,162,33,2026-08-31 06:06:56
INV_107825,STR_122,PRD_1781,119,36,2026-08-31 06:12:30
INV_107826,STR_136,PRD_1034,126,13,2026-08-31 06:18:04
INV_107827,STR_113,PRD_1052,196,45,2026-08-31T06:23:38.494566304
INV_107828,STR_123,PRD_1502,20,29,2026-08-31T06:29:12.596839789
INV_107829,STR_107,PRD_2379,153,21,2026-08-31 06:34:46
INV_107830,STR_125,PRD_1149,102,37,2026-08-31 06:40:20
INV_107831,STR_131,PRD_1436,94,38,31/08/2026 06:45
INV_107832,STR_127,PRD_1449,4,42,2026-08-31 06:51:29
INV_107833,STR_131,PRD_1524,86,27,31/08/2026 06:57
INV_107834,STR_121,PRD_1266,179,21,2026-08-31T07:02:37.210480698
INV_107835,STR_148,PRD_1085,20,19,2026-08-31 07:08:11
INV_107836,STR_108,PRD_1308,144,33,2026-08-31 07:13:45
INV_107837,STR_102,PRD_1264,-9,26,31/08/2026 07:19
INV_107838,STR_124,PRD_1491,190,41,2026-08-31 07:24:53
INV_107839,STR_138,PRD_2040,32,34,2026-08-31 07:30:27
INV_107840,STR_111,PRD_2212,104,16,2026-08-31 07:36:01
INV_107841,STR_128,PRD_1521,112,29,2026-08-31 07:41:35
INV_107842,STR_102,PRD_2189,-10,38,2026-08-31T07:47:10.028668578
INV_107843,STR_140,PRD_1877,-2,28,31/08/2026 07:52
INV_107844,STR_145,PRD_2368,177,20,2026-08-31T07:58:18.233215547
INV_107845,STR_122,PRD_2242,119,42,2026-08-31T08:03:52.335489032
INV_107846,STR_122,PRD_1093,90,24,2026-08-31T08:09:26.437762517
INV_107847,STR_117,PRD_2181,175,40,2026-08-31 08:15:00
INV_107848,STR_110,PRD_1033,182,22,2026-08-31 08:20:34
INV_107849,STR_135,PRD_1800,99,28,2026-08-31 08:26:08
INV_107850,STR_125,PRD_1415,129,15,2026-08-31 08:31:42
INV_107851,STR_107,PRD_1523,172,37,31/08/2026 08:37
INV_107852,STR_127,PRD_1232,127,31,2026-08-31 08:42:51
INV_107853,STR_117,PRD_1604,100,37,2026-08-31 08:48:25
INV_107854,STR_112,PRD_1106,54,25,2026-08-31T08:53:59.255950396
INV_107855,STR_135,PRD_2216,54,42,31/08/2026 08:59
INV_107856,STR_141,PRD_2491,50,35,31/08/2026 09:05
INV_107857,STR_139,PRD_1521,84,32,2026-08-31 09:10:41
INV_107858,STR_143,PRD_1636,192,10,2026-08-31 09:16:15
INV_107859,STR_9999,PRD_1786,186,38,2026-08-31 09:21:49
INV_107860,STR_111,PRD_2018,24,17,2026-08-31T09:27:23.869591306
INV_107861,STR_121,PRD_2302,128,48,2026-08-31T09:32:57.971864791
INV_107862,STR_101,PRD_2151,185,12,2026-08-31 09:38:32
INV_107863,STR_139,PRD_1340,27,22,31/08/2026 09:44
INV_107864,STR_127,PRD_1696,103,29,2026-08-31 09:49:40
INV_107865,STR_112,PRD_1058,28,14,2026-08-31T09:55:14.380958730
INV_107866,STR_132,PRD_2205,138,21,2026-08-31 10:00:48
INV_107867,STR_102,PRD_1585,109,26,2026-08-31T10:06:22.585505700
INV_107868,STR_133,PRD_1242,153,23,2026-08-31 10:11:56
INV_107869,STR_122,PRD_1227,99,35,2026-08-31T10:17:30.790052670
INV_107870,STR_131,PRD_1559,189,39,2026-08-31 10:23:04
INV_107871,STR_119,PRD_1517,9,41,2026-08-31T10:28:38.994599640
INV_107872,STR_127,PRD_1554,32,39,2026-08-31T10:34:13.096873125
INV_107873,STR_107,PRD_2168,138,21,2026-08-31 10:39:47
INV_107874,STR_102,PRD_1126,152,45,2026-08-31 10:45:21
INV_107875,STR_129,PRD_1334,53,28,2026-08-31 10:50:55
INV_107876,STR_124,PRD_1757,96,34,2026-08-31T10:56:29.505967064
INV_107877,STR_129,PRD_2431,21,42,31/08/2026 11:02
INV_107878,STR_128,PRD_1120,25,30,2026-08-31 11:07:37
INV_107879,STR_146,PRD_1700,94,11,31/08/2026 11:13
INV_107880,STR_129,PRD_2308,58,46,2026-08-31 11:18:45
INV_107881,STR_133,PRD_1241,98,30,2026-08-31T11:24:20.017334489
INV_107882,STR_124,PRD_1077,169,35,31/08/2026 11:29
INV_107883,STR_116,PRD_1449,121,41,31/08/2026 11:35
INV_107884,STR_123,PRD_2493,-4,36,2026-08-31 11:41:02
INV_107885,STR_137,PRD_2204,73,26,2026-08-31T11:46:36.426428428
INV_107886,STR_127,PRD_1264,188,13,2026-08-31T11:52:10.528701913
INV_107887,STR_132,PRD_1681,141,48,2026-08-31T11:57:44.630975398
INV_107888,STR_135,PRD_1294,138,24,2026-08-31 12:03:18
INV_107889,STR_9999,PRD_1964,174,42,2026-08-31 12:08:52
INV_107890,STR_106,PRD_1889,190,23,2026-08-31T12:14:26.937795853
INV_107891,STR_122,PRD_1246,136,35,31/08/2026 12:20
INV_107892,STR_145,PRD_1423,145,11,2026-08-31 12:25:35
INV_107893,STR_125,PRD_2082,149,29,2026-08-31 12:31:09
INV_107894,STR_113,PRD_1832,23,35,2026-08-31 12:36:43
INV_107895,STR_141,PRD_2481,5,11,2026-08-31T12:42:17.449163277
INV_107896,STR_127,PRD_1010,27,11,2026-08-31 12:47:51
INV_107897,STR_123,PRD_1346,104,26,2026-08-31 12:53:25
INV_107898,STR_106,PRD_1851,70,27,2026-08-31 12:58:59
INV_107899,STR_147,PRD_2028,192,13,2026-08-31 13:04:33
INV_107900,STR_135,PRD_2393,108,26,31/08/2026 13:10
INV_107901,STR_138,PRD_2481,121,42,2026-08-31T13:15:42.062804187
INV_107902,STR_114,PRD_1244,45,32,2026-08-31 13:21:16
INV_107903,STR_148,PRD_1248,157,22,2026-08-31T13:26:50.267351156
INV_107904,STR_102,PRD_1944,109,16,2026-08-31 13:32:24
INV_107905,STR_147,PRD_1434,39,10,2026-08-31 13:37:58
INV_107906,STR_101,PRD_2443,98,49,2026-08-31 13:43:32
INV_107907,STR_106,PRD_1104,106,40,2026-08-31 13:49:06
INV_107908,STR_115,PRD_1241,157,45,31/08/2026 13:54
INV_107909,STR_120,PRD_2295,95,34,2026-08-31 14:00:14
INV_107910,STR_108,PRD_1518,71,49,31/08/2026 14:05
INV_107911,STR_111,PRD_1728,103,39,2026-08-31T14:11:23.085539036
INV_107912,STR_128,PRD_2067,38,47,31/08/2026 14:16
INV_107913,STR_123,PRD_2049,37,30,2026-08-31T14:22:31.290086005
INV_107914,STR_132,PRD_1180,123,28,2026-08-31 14:28:05
INV_107915,STR_113,PRD_1603,115,25,2026-08-31 14:33:39
INV_107916,STR_142,PRD_1427,122,42,2026-08-31 14:39:13
INV_107917,STR_117,PRD_1267,68,15,2026-08-31 14:44:47
INV_107918,STR_104,PRD_1857,162,46,2026-08-31T14:50:21.801453430
INV_107919,STR_114,PRD_1579,133,17,2026-08-31T14:55:55.903726915
INV_107920,STR_106,PRD_1875,101,10,2026-08-31 15:01:30
INV_107921,STR_124,PRD_1150,134,22,31/08/2026 15:07
INV_107922,STR_113,PRD_1599,176,35,2026-08-31 15:12:38
INV_107923,STR_8888,PRD_1094,109,25,2026-08-31 15:18:12
INV_107924,STR_139,PRD_1381,173,48,31/08/2026 15:23
INV_107925,STR_135,PRD_1514,90,37,31/08/2026 15:29
INV_107926,STR_134,PRD_1929,96,32,31/08/2026 15:34
INV_107927,STR_143,PRD_2451,68,16,2026-08-31 15:40:28
INV_107928,STR_149,PRD_2448,152,33,2026-08-31 15:46:02
INV_107929,STR_123,PRD_1198,-3,17,2026-08-31T15:51:36.926461764
INV_107930,STR_114,PRD_1007,88,10,2026-08-31 15:57:11
INV_107931,STR_110,PRD_1804,50,13,2026-08-31 16:02:45
INV_107932,STR_123,PRD_1326,89,28,2026-08-31 16:08:19
INV_107933,STR_110,PRD_1870,16,31,31/08/2026 16:13
INV_107934,STR_143,PRD_2044,195,45,2026-08-31T16:19:27.437829188
INV_107935,STR_9999,PRD_1254,108,10,2026-08-31T16:25:01.540102673
INV_107936,STR_116,PRD_2456,9,28,2026-08-31 16:30:35
INV_107937,STR_105,PRD_2050,46,38,2026-08-31 16:36:09
INV_107938,STR_120,PRD_1519,187,28,2026-08-31 16:41:43
INV_107939,STR_107,PRD_1929,12,15,31/08/2026 16:47
INV_107940,STR_114,PRD_1529,89,34,2026-08-31 16:52:52
INV_107941,STR_8888,PRD_1946,193,48,2026-08-31 16:58:26
INV_107942,STR_131,PRD_1499,119,32,2026-08-31 17:04:00
INV_107943,STR_109,PRD_2256,144,10,2026-08-31 17:09:34
INV_107944,STR_127,PRD_2419,149,24,2026-08-31 17:15:08
INV_107945,STR_114,PRD_2330,167,34,2026-08-31 17:20:42
INV_107946,STR_111,PRD_1509,181,13,2026-08-31 17:26:16
INV_107947,STR_142,PRD_1423,29,10,2026-08-31 17:31:50
INV_107948,STR_117,PRD_1149,93,49,2026-08-31T17:37:24.869657977
INV_107949,STR_136,PRD_2415,22,30,2026-08-31 17:42:58
INV_107950,STR_143,PRD_1667,18,19,2026-08-31 17:48:33
INV_107951,STR_123,PRD_1945,22,11,2026-08-31 17:54:07
INV_107952,STR_136,PRD_2070,89,26,31/08/2026 17:59
INV_107953,STR_128,PRD_1311,134,22,2026-08-31 18:05:15
INV_107954,STR_109,PRD_1138,63,36,31/08/2026 18:10
INV_107955,STR_113,PRD_2428,54,37,2026-08-31 18:16:23
INV_107956,STR_115,PRD_1921,111,19,2026-08-31 18:21:57
INV_107957,STR_136,PRD_1013,32,19,31/08/2026 18:27
INV_107958,STR_110,PRD_1770,180,18,31/08/2026 18:33
INV_107959,STR_9999,PRD_1184,106,43,2026-08-31 18:38:39
INV_107960,STR_125,PRD_2138,198,48,2026-08-31 18:44:14
INV_107961,STR_139,PRD_1109,116,13,2026-08-31T18:49:48.199213281
INV_107962,STR_118,PRD_1742,89,13,2026-08-31 18:55:22
INV_107963,STR_8888,PRD_1280,175,13,2026-08-31T19:00:56.403760250
INV_107964,STR_117,PRD_1542,80,20,2026-08-31T19:06:30.506033735
INV_107965,STR_129,PRD_1085,32,10,31/08/2026 19:12
INV_107966,STR_131,PRD_1137,154,30,2026-08-31 19:17:38
INV_107967,STR_122,PRD_2489,35,34,2026-08-31 19:23:12
INV_107968,STR_111,PRD_1076,14,18,2026-08-31 19:28:46
INV_107969,STR_112,PRD_2160,87,34,2026-08-31 19:34:21
INV_107970,STR_120,PRD_1974,184,27,2026-08-31 19:39:55
INV_107971,STR_120,PRD_1775,82,16,2026-08-31T19:45:29.221948130
INV_107972,STR_128,PRD_2016,88,35,2026-08-31 19:51:03
INV_107973,STR_128,PRD_1096,94,27,2026-08-31 19:56:37
INV_107974,STR_149,PRD_1994,168,10,2026-08-31 20:02:11
INV_107975,STR_126,PRD_1797,63,18,2026-08-31 20:07:45
INV_107976,STR_128,PRD_2032,106,19,2026-08-31 20:13:19
INV_107977,STR_114,PRD_1082,27,20,2026-08-31T20:18:53.835589039
INV_107978,STR_146,PRD_1046,155,41,2026-08-31 20:24:27
INV_107979,STR_111,PRD_1429,-10,30,2026-08-31T20:30:02.040136009
INV_107980,STR_140,PRD_2113,43,45,2026-08-31 20:35:36
INV_107981,STR_118,PRD_1512,182,41,2026-08-31 20:41:10
INV_107982,STR_111,PRD_2437,85,28,2026-08-31 20:46:44
INV_107983,STR_122,PRD_1512,11,17,2026-08-31 20:52:18
INV_107984,STR_104,PRD_1657,178,44,2026-08-31 20:57:52
INV_107985,STR_125,PRD_1672,175,31,2026-08-31 21:03:26
INV_107986,STR_8888,PRD_1646,171,13,2026-08-31T21:09:00.756050403
INV_107987,STR_109,PRD_1797,8,38,2026-08-31 21:14:34
INV_107988,STR_121,PRD_1076,187,40,2026-08-31T21:20:08.960597373
INV_107989,STR_138,PRD_1080,23,17,2026-08-31 21:25:43
INV_107990,STR_122,PRD_1553,196,21,2026-08-31T21:31:17.165144343
INV_107991,STR_110,PRD_1635,33,14,2026-08-31 21:36:51
INV_107992,STR_127,PRD_1741,106,39,2026-08-31 21:42:25
INV_107993,STR_130,PRD_2225,98,44,2026-08-31 21:47:59
INV_107994,STR_107,PRD_1845,56,46,2026-08-31 21:53:33
INV_107995,STR_138,PRD_2470,103,13,2026-08-31 21:59:07
INV_107996,STR_147,PRD_1106,169,30,2026-08-31 22:04:41
INV_107997,STR_127,PRD_1964,11,25,31/08/2026 22:10
INV_107998,STR_115,PRD_2315,18,27,2026-08-31T22:15:49.983332222
INV_107999,STR_145,PRD_1685,131,40,2026-08-31 22:21:24
INV_108000,STR_146,PRD_1940,51,47,2026-08-31 22:26:58
INV_108001,STR_8888,PRD_1311,4,41,2026-08-31T22:32:32.290152677
INV_108002,STR_130,PRD_1598,131,42,2026-08-31T22:38:06.392426161
INV_108003,STR_140,PRD_1683,104,28,2026-08-31 22:43:40
INV_108004,STR_147,PRD_1632,184,29,2026-08-31 22:49:14
INV_108005,STR_115,PRD_1667,139,19,2026-08-31T22:54:48.699246616
INV_108006,STR_104,PRD_1598,86,35,31/08/2026 23:00
INV_108007,STR_134,PRD_2449,76,27,2026-08-31 23:05:56
INV_108008,STR_124,PRD_1414,114,24,2026-08-31 23:11:31
INV_108009,STR_112,PRD_2158,109,45,31/08/2026 23:17
INV_108010,STR_128,PRD_1771,-4,27,2026-08-31 23:22:39
INV_108011,STR_126,PRD_2387,73,40,2026-08-31 23:28:13
INV_108012,STR_139,PRD_1383,-4,24,2026-08-31 23:33:47
INV_108013,STR_116,PRD_2055,6,47,2026-08-31T23:39:21.517434495
INV_108014,STR_136,PRD_1539,21,38,2026-08-31 23:44:55
INV_108015,STR_137,PRD_1486,114,24,2026-08-31 23:50:29
INV_108016,STR_128,PRD_2388,68,10,31/08/2026 23:56
INV_108017,STR_133,PRD_1263,194,46,2026-09-01 00:01:37
INV_108018,STR_129,PRD_2165,173,32,2026-09-01 00:07:12
INV_108019,STR_130,PRD_1029,51,20,2026-09-01 00:12:46
INV_108020,STR_121,PRD_1898,47,47,2026-09-01 00:18:20
INV_108021,STR_145,PRD_1129,100,25,2026-09-01T00:23:54.335622375
INV_108022,STR_124,PRD_2093,175,39,2026-09-01T00:29:28.437895859
INV_108023,STR_103,PRD_1118,120,38,01/09/2026 00:35
INV_108024,STR_134,PRD_1326,78,12,01/09/2026 00:40
INV_108025,STR_140,PRD_2093,69,49,01/09/2026 00:46
INV_108026,STR_149,PRD_1207,107,26,01/09/2026 00:51
INV_108027,STR_143,PRD_1090,-10,35,01/09/2026 00:57
INV_108028,STR_108,PRD_1119,99,18,01/09/2026 01:02
INV_108029,STR_125,PRD_1981,56,26,2026-09-01 01:08:27
INV_108030,STR_126,PRD_1206,137,46,2026-09-01 01:14:01
INV_108031,STR_126,PRD_1405,51,40,2026-09-01 01:19:35
INV_108032,STR_117,PRD_1767,45,40,2026-09-01T01:25:09.460630708
INV_108033,STR_129,PRD_1546,170,20,2026-09-01 01:30:43
INV_108034,STR_144,PRD_1123,182,47,2026-09-01T01:36:17.665177678
INV_108035,STR_145,PRD_1111,45,31,01/09/2026 01:41
INV_108036,STR_130,PRD_2009,67,12,2026-09-01 01:47:25
INV_108037,STR_141,PRD_2230,162,37,2026-09-01 01:52:59
INV_108038,STR_102,PRD_1982,68,41,2026-09-01 01:58:34
INV_108039,STR_128,PRD_1613,85,13,01/09/2026 02:04
INV_108040,STR_106,PRD_1944,135,49,2026-09-01T02:09:42.278818588
INV_108041,STR_117,PRD_2409,37,47,2026-09-01 02:15:16
INV_108042,STR_115,PRD_1705,27,20,2026-09-01T02:20:50.483365557
INV_108043,STR_148,PRD_1146,11,10,2026-09-01T02:26:24.585639042
INV_108044,STR_131,PRD_1131,197,25,2026-09-01 02:31:58
INV_108045,STR_137,PRD_1731,192,43,2026-09-01 02:37:32
INV_108046,STR_124,PRD_1849,188,41,2026-09-01 02:43:06
INV_108047,STR_143,PRD_1103,62,42,2026-09-01 02:48:40
INV_108048,STR_131,PRD_1552,118,20,2026-09-01 02:54:15
INV_108049,STR_118,PRD_1567,159,45,2026-09-01 02:59:49
INV_108050,STR_102,PRD_1761,114,22,2026-09-01 03:05:23
INV_108051,STR_134,PRD_2265,113,29,2026-09-01 03:10:57
INV_108052,STR_149,PRD_1926,189,34,01/09/2026 03:16
INV_108053,STR_128,PRD_1661,64,15,2026-09-01 03:22:05
INV_108054,STR_110,PRD_2354,186,46,2026-09-01 03:27:39
INV_108055,STR_105,PRD_1943,146,35,2026-09-01 03:33:13
INV_108056,STR_118,PRD_1847,123,13,01/09/2026 03:38
INV_108057,STR_136,PRD_1895,45,35,01/09/2026 03:44
INV_108058,STR_144,PRD_2172,109,27,2026-09-01 03:49:56
INV_108059,STR_126,PRD_1168,1,22,01/09/2026 03:55
INV_108060,STR_104,PRD_1556,28,17,2026-09-01 04:01:04
INV_108061,STR_125,PRD_1984,188,42,2026-09-01 04:06:38
INV_108062,STR_134,PRD_2107,97,25,2026-09-01T04:12:12.528835255
INV_108063,STR_118,PRD_1519,129,48,2026-09-01T04:17:46.631108740
INV_108064,STR_116,PRD_1106,22,40,2026-09-01 04:23:20
INV_108065,STR_134,PRD_1884,109,49,2026-09-01T04:28:54.835655710
INV_108066,STR_146,PRD_2288,72,32,01/09/2026 04:34
INV_108067,STR_148,PRD_1657,170,25,2026-09-01T04:40:03.040202680
INV_108068,STR_112,PRD_1030,8,19,01/09/2026 04:45
INV_108069,STR_113,PRD_1246,175,45,2026-09-01 04:51:11
INV_108070,STR_129,PRD_1925,74,40,01/09/2026 04:56
INV_108071,STR_147,PRD_1023,117,41,01/09/2026 05:02
INV_108072,STR_142,PRD_1497,32,30,2026-09-01T05:07:53.551570104
INV_108073,STR_116,PRD_1853,62,25,2026-09-01T05:13:27.653843589
INV_108074,STR_136,PRD_1303,162,38,2026-09-01 05:19:01
INV_108075,STR_114,PRD_2421,75,25,2026-09-01 05:24:35
INV_108076,STR_117,PRD_2426,8,24,2026-09-01T05:30:09.960664044
INV_108077,STR_147,PRD_1315,154,17,2026-09-01 05:35:44
INV_108078,STR_113,PRD_1277,0,24,01/09/2026 05:41
INV_108079,STR_113,PRD_1541,173,30,2026-09-01 05:46:52
INV_108080,STR_144,PRD_2166,117,30,2026-09-01T05:52:26.369757984
INV_108081,STR_132,PRD_1788,142,16,2026-09-01 05:58:00
INV_108082,STR_137,PRD_2433,88,28,2026-09-01T06:03:34.574304953
INV_108083,STR_110,PRD_1355,186,31,2026-09-01 06:09:08
INV_108084,STR_110,PRD_2226,34,47,2026-09-01 06:14:42
INV_108085,STR_147,PRD_1249,51,22,2026-09-01 06:20:16
INV_108086,STR_125,PRD_1102,84,35,2026-09-01 06:25:50
INV_108087,STR_102,PRD_2491,131,31,2026-09-01 06:31:25
INV_108088,STR_124,PRD_1034,194,16,2026-09-01 06:36:59
INV_108089,STR_116,PRD_2347,23,44,2026-09-01T06:42:33.290219348
INV_108090,STR_121,PRD_1531,87,12,2026-09-01 06:48:07
INV_108091,STR_128,PRD_1558,199,44,01/09/2026 06:53
INV_108092,STR_145,PRD_2291,49,25,2026-09-01 06:59:15
INV_108093,STR_125,PRD_2076,53,25,2026-09-01 07:04:49
INV_108094,STR_133,PRD_1784,187,11,2026-09-01 07:10:23
INV_108095,STR_125,PRD_1017,168,47,01/09/2026 07:15
INV_108096,STR_108,PRD_2127,31,26,01/09/2026 07:21
INV_108097,STR_139,PRD_1151,138,47,2026-09-01 07:27:06
INV_108098,STR_110,PRD_2015,93,33,2026-09-01 07:32:40
INV_108099,STR_106,PRD_1872,122,31,2026-09-01T07:38:14.312954197
INV_108100,STR_129,PRD_2437,55,32,2026-09-01 07:43:48
INV_108101,STR_101,PRD_2107,187,28,01/09/2026 07:49
INV_108102,STR_129,PRD_2331,103,31,2026-09-01 07:54:56
INV_108103,STR_103,PRD_2174,178,26,01/09/2026 08:00
INV_108104,STR_113,PRD_1548,125,11,2026-09-01 08:06:04
INV_108105,STR_112,PRD_1378,55,23,2026-09-01 08:11:38
INV_108106,STR_124,PRD_1457,76,37,2026-09-01 08:17:13
INV_108107,STR_112,PRD_1352,51,22,01/09/2026 08:22
INV_108108,STR_112,PRD_1375,137,47,01/09/2026 08:28
INV_108109,STR_136,PRD_1207,121,26,01/09/2026 08:33
INV_108110,STR_143,PRD_1459,132,18,2026-09-01 08:39:29
INV_108111,STR_105,PRD_2427,173,49,2026-09-01 08:45:03
INV_108112,STR_125,PRD_1529,9,23,01/09/2026 08:50
INV_108113,STR_113,PRD_1484,13,11,2026-09-01 08:56:11
INV_108114,STR_107,PRD_1121,-2,30,2026-09-01 09:01:45
INV_108115,STR_123,PRD_1793,105,44,2026-09-01T09:07:19.949329955
INV_108116,STR_121,PRD_2143,138,39,2026-09-01 09:12:54
INV_108117,STR_139,PRD_1250,30,26,2026-09-01 09:18:28
INV_108118,STR_138,PRD_2322,2,48,2026-09-01 09:24:02
INV_108119,STR_148,PRD_1046,122,34,01/09/2026 09:29
INV_108120,STR_120,PRD_2322,181,48,01/09/2026 09:35
INV_108121,STR_142,PRD_1895,35,44,2026-09-01 09:40:44
INV_108122,STR_125,PRD_1244,67,15,01/09/2026 09:46
INV_108123,STR_109,PRD_1723,60,12,2026-09-01 09:51:52
INV_108124,STR_112,PRD_1217,187,45,2026-09-01T09:57:26.869791319
INV_108125,STR_141,PRD_1762,48,10,2026-09-01T10:03:00.972064804
INV_108126,STR_113,PRD_2367,193,43,2026-09-01 10:08:35
INV_108127,STR_108,PRD_2337,40,10,2026-09-01 10:14:09
INV_108128,STR_106,PRD_1603,5,35,01/09/2026 10:19
INV_108129,STR_138,PRD_1289,40,27,2026-09-01 10:25:17
INV_108130,STR_130,PRD_1601,117,45,2026-09-01 10:30:51
INV_108131,STR_149,PRD_1995,159,15,2026-09-01 10:36:25
INV_108132,STR_115,PRD_2220,0,20,2026-09-01 10:41:59
INV_108133,STR_107,PRD_1695,57,49,2026-09-01 10:47:33
INV_108134,STR_147,PRD_2439,110,39,2026-09-01 10:53:07
INV_108135,STR_9999,PRD_1609,169,23,01/09/2026 10:58
INV_108136,STR_114,PRD_1305,190,19,2026-09-01 11:04:16
INV_108137,STR_124,PRD_1535,127,40,2026-09-01 11:09:50
INV_108138,STR_146,PRD_2243,61,45,2026-09-01 11:15:24
INV_108139,STR_137,PRD_1756,180,24,2026-09-01T11:20:58.403893593
INV_108140,STR_140,PRD_2013,153,39,2026-09-01 11:26:32
INV_108141,STR_114,PRD_1353,34,23,2026-09-01T11:32:06.608440562
INV_108142,STR_124,PRD_1734,-5,32,2026-09-01 11:37:40
INV_108143,STR_106,PRD_1234,-5,26,2026-09-01T11:43:14.812987532
INV_108144,STR_125,PRD_1305,80,36,01/09/2026 11:48
INV_108145,STR_107,PRD_2133,183,22,2026-09-01 11:54:23
INV_108146,STR_117,PRD_1313,62,23,2026-09-01 11:59:57
INV_108147,STR_120,PRD_1947,53,35,2026-09-01T12:05:31.222081472
INV_108148,STR_115,PRD_2036,27,20,2026-09-01 12:11:05
INV_108149,STR_146,PRD_1826,186,47,2026-09-01 12:16:39
INV_108150,STR_102,PRD_1166,178,10,2026-09-01 12:22:13
INV_108151,STR_100,PRD_1052,67,33,2026-09-01 12:27:47
INV_108152,STR_112,PRD_2209,191,29,01/09/2026 12:33
INV_108153,STR_131,PRD_1275,52,17,2026-09-01T12:38:55.835722381
INV_108154,STR_111,PRD_1446,100,17,2026-09-01T12:44:29.937995866
INV_108155,STR_130,PRD_1351,60,39,2026-09-01 12:50:04
INV_108156,STR_140,PRD_1009,9,27,2026-09-01T12:55:38.142542836
INV_108157,STR_101,PRD_1409,192,22,2026-09-01 13:01:12
INV_108158,STR_140,PRD_1146,66,45,2026-09-01 13:06:46
INV_108159,STR_107,PRD_99999,53,28,2026-09-01 13:12:20
INV_108160,STR_124,PRD_1828,198,22,01/09/2026 13:17
INV_108161,STR_104,PRD_1629,26,35,2026-09-01T13:23:28.653910260
INV_108162,STR_144,PRD_1851,97,18,2026-09-01 13:29:02
INV_108163,STR_101,PRD_1427,153,43,2026-09-01 13:34:36
INV_108164,STR_141,PRD_1487,-1,40,2026-09-01 13:40:10
INV_108165,STR_137,PRD_2400,151,16,2026-09-01 13:45:45
INV_108166,STR_138,PRD_2135,34,18,2026-09-01 13:51:19
INV_108167,STR_102,PRD_1583,52,49,2026-09-01 13:56:53
INV_108168,STR_145,PRD_1655,2,35,01/09/2026 14:02
INV_108169,STR_147,PRD_1615,14,42,2026-09-01T14:08:01.472098140
INV_108170,STR_137,PRD_1214,116,42,2026-09-01 14:13:35
INV_108171,STR_121,PRD_1991,33,49,2026-09-01 14:19:09
INV_108172,STR_139,PRD_1509,63,13,2026-09-01T14:24:43.778918594
INV_108173,STR_132,PRD_1510,105,37,2026-09-01 14:30:17
INV_108174,STR_8888,PRD_1025,141,13,2026-09-01 14:35:51
INV_108175,STR_131,PRD_1192,58,43,2026-09-01 14:41:26
INV_108176,STR_146,PRD_1102,191,49,2026-09-01 14:47:00
INV_108177,STR_116,PRD_2228,36,15,2026-09-01T14:52:34.290286019
INV_108178,STR_117,PRD_1410,80,42,01/09/2026 14:58
INV_108179,STR_102,PRD_1744,39,14,2026-09-01T15:03:42.494832989
INV_108180,STR_105,PRD_1050,105,28,2026-09-01T15:09:16.597106473
INV_108181,STR_148,PRD_2154,153,27,2026-09-01T15:14:50.699379958
INV_108182,STR_112,PRD_1342,22,12,2026-09-01 15:20:24
INV_108183,STR_130,PRD_2423,81,43,2026-09-01 15:25:58
INV_108184,STR_116,PRD_1201,93,11,2026-09-01T15:31:33.006200413
INV_108185,STR_120,PRD_1299,120,10,01/09/2026 15:37
INV_108186,STR_115,PRD_1145,148,44,2026-09-01 15:42:41
INV_108187,STR_116,PRD_1769,49,13,2026-09-01T15:48:15.313020868
INV_108188,STR_131,PRD_1461,18,44,2026-09-01 15:53:49
INV_108189,STR_100,PRD_1915,161,17,2026-09-01 15:59:23
INV_108190,STR_147,PRD_1823,162,38,2026-09-01 16:04:57
INV_108191,STR_137,PRD_1503,105,45,2026-09-01 16:10:31
INV_108192,STR_107,PRD_1150,31,23,2026-09-01 16:16:05
INV_108193,STR_100,PRD_2339,138,39,2026-09-01 16:21:39
INV_108194,STR_101,PRD_1198,21,16,2026-09-01 16:27:14
INV_108195,STR_146,PRD_1428,145,22,2026-09-01 16:32:48
INV_108196,STR_136,PRD_1302,164,31,2026-09-01 16:38:22
INV_108197,STR_123,PRD_1903,88,11,2026-09-01T16:43:56.335755717
INV_108198,STR_126,PRD_1497,109,17,01/09/2026 16:49
INV_108199,STR_119,PRD_1900,36,30,01/09/2026 16:55
INV_108200,STR_146,PRD_1790,6,29,2026-09-01 17:00:38
INV_108201,STR_120,PRD_1104,18,20,2026-09-01 17:06:12
INV_108202,STR_141,PRD_1009,37,43,01/09/2026 17:11
INV_108203,STR_136,PRD_2050,119,14,2026-09-01 17:17:20
INV_108204,STR_134,PRD_1610,22,39,01/09/2026 17:22
INV_108205,STR_137,PRD_1768,117,42,2026-09-01 17:28:29
INV_108206,STR_114,PRD_1326,180,21,2026-09-01 17:34:03
INV_108207,STR_149,PRD_1882,57,14,2026-09-01 17:39:37
INV_108208,STR_145,PRD_1906,28,10,01/09/2026 17:45
INV_108209,STR_141,PRD_1737,122,44,2026-09-01 17:50:45
INV_108210,STR_129,PRD_1126,108,34,2026-09-01 17:56:19
INV_108211,STR_103,PRD_2139,57,13,2026-09-01T18:01:53.767584505
INV_108212,STR_142,PRD_1923,41,18,2026-09-01T18:07:27.869857990
INV_108213,STR_8888,PRD_1170,169,12,2026-09-01 18:13:01
INV_108214,STR_138,PRD_1211,146,39,01/09/2026 18:18
INV_108215,STR_114,PRD_1923,154,29,2026-09-01T18:24:10.176678445
INV_108216,STR_122,PRD_1188,125,19,2026-09-01T18:29:44.278951930
INV_108217,STR_140,PRD_1932,137,29,2026-09-01T18:35:18.381225415
INV_108218,STR_114,PRD_1386,158,49,2026-09-01 18:40:52
INV_108219,STR_125,PRD_1776,59,12,2026-09-01 18:46:26
INV_108220,STR_111,PRD_2011,25,20,2026-09-01 18:52:00
INV_108221,STR_117,PRD_1725,21,24,2026-09-01 18:57:34
INV_108222,STR_105,PRD_2153,-6,37,01/09/2026 19:03
INV_108223,STR_117,PRD_1022,93,44,2026-09-01 19:08:42
INV_108224,STR_149,PRD_2202,137,16,2026-09-01 19:14:17
INV_108225,STR_123,PRD_1400,57,42,2026-09-01 19:19:51
INV_108226,STR_137,PRD_1504,139,47,2026-09-01 19:25:25
INV_108227,STR_127,PRD_1920,148,28,01/09/2026 19:30
INV_108228,STR_114,PRD_2434,158,38,2026-09-01 19:36:33
INV_108229,STR_118,PRD_1328,-6,11,2026-09-01T19:42:07.608507234
INV_108230,STR_104,PRD_1470,-1,28,2026-09-01T19:47:41.710780718
INV_108231,STR_103,PRD_2443,192,18,2026-09-01 19:53:15
INV_108232,STR_116,PRD_1411,103,15,2026-09-01 19:58:49
INV_108233,STR_109,PRD_1753,154,26,2026-09-01 20:04:24
INV_108234,STR_111,PRD_1028,45,11,2026-09-01 20:09:58
INV_108235,STR_104,PRD_1244,75,48,2026-09-01T20:15:32.222148143
INV_108236,STR_106,PRD_1937,141,15,2026-09-01 20:21:06
INV_108237,STR_143,PRD_1825,89,23,2026-09-01 20:26:40
INV_108238,STR_122,PRD_2083,133,35,01/09/2026 20:32
INV_108239,STR_101,PRD_1138,-9,27,2026-09-01T20:37:48.631242083
INV_108240,STR_129,PRD_1356,132,15,2026-09-01 20:43:22
INV_108241,STR_8888,PRD_1211,158,21,2026-09-01 20:48:56
INV_108242,STR_148,PRD_2162,52,47,2026-09-01T20:54:30.938062537
INV_108243,STR_144,PRD_2391,166,31,2026-09-01 21:00:05
INV_108244,STR_136,PRD_1485,143,23,2026-09-01 21:05:39
INV_108245,STR_104,PRD_2359,83,22,2026-09-01 21:11:13
INV_108246,STR_119,PRD_1177,55,18,2026-09-01 21:16:47
INV_108247,STR_125,PRD_1512,107,41,2026-09-01 21:22:21
INV_108248,STR_143,PRD_1112,18,19,2026-09-01T21:27:55.551703447
INV_108249,STR_143,PRD_1282,187,36,2026-09-01 21:33:29
INV_108250,STR_138,PRD_2139,177,23,2026-09-01 21:39:03
INV_108251,STR_105,PRD_1543,182,18,2026-09-01 21:44:37
INV_108252,STR_128,PRD_1040,29,18,2026-09-01T21:50:11.960797386
INV_108253,STR_109,PRD_1931,0,35,2026-09-01 21:55:46
INV_108254,STR_9999,PRD_2190,169,41,2026-09-01 22:01:20
INV_108255,STR_115,PRD_1854,115,44,2026-09-01 22:06:54
INV_108256,STR_133,PRD_2244,76,35,01/09/2026 22:12
INV_108257,STR_130,PRD_1925,79,12,2026-09-01 22:18:02
INV_108258,STR_135,PRD_1312,68,39,2026-09-01 22:23:36
INV_108259,STR_140,PRD_2369,190,38,2026-09-01 22:29:10
INV_108260,STR_104,PRD_1470,181,29,2026-09-01T22:34:44.778985265
INV_108261,STR_132,PRD_2154,92,13,01/09/2026 22:40
INV_108262,STR_142,PRD_1047,70,23,2026-09-01 22:45:52
INV_108263,STR_118,PRD_1133,88,48,2026-09-01T22:51:27.085805720
INV_108264,STR_131,PRD_1518,89,30,2026-09-01 22:57:01
INV_108265,STR_122,PRD_1998,120,16,2026-09-01 23:02:35
INV_108266,STR_102,PRD_1316,0,15,01/09/2026 23:08
INV_108267,STR_100,PRD_2461,17,49,2026-09-01T23:13:43.494899660
INV_108268,STR_135,PRD_2458,179,15,2026-09-01 23:19:17
INV_108269,STR_140,PRD_1085,37,34,2026-09-01 23:24:51
INV_108270,STR_127,PRD_2071,17,13,2026-09-01 23:30:25
INV_108271,STR_147,PRD_2009,35,46,01/09/2026 23:35
INV_108272,STR_138,PRD_1489,181,34,2026-09-01 23:41:34
INV_108273,STR_104,PRD_1423,44,27,2026-09-01T23:47:08.108540569
INV_108274,STR_112,PRD_1386,72,43,2026-09-01 23:52:42
INV_108275,STR_110,PRD_1925,108,34,01/09/2026 23:58
INV_108276,STR_145,PRD_1239,-9,31,02/09/2026 00:03
INV_108277,STR_121,PRD_2474,192,23,2026-09-02 00:09:24
INV_108278,STR_148,PRD_1257,133,46,2026-09-02 00:14:58
INV_108279,STR_122,PRD_1043,0,20,2026-09-02 00:20:32
INV_108280,STR_111,PRD_2191,-8,36,2026-09-02 00:26:06
INV_108281,STR_120,PRD_2214,172,35,2026-09-02T00:31:40.926728448
INV_108282,STR_118,PRD_1663,31,44,02/09/2026 00:37
INV_108283,STR_104,PRD_2299,146,25,2026-09-02 00:42:49
INV_108284,STR_123,PRD_2006,186,49,02/09/2026 00:48
INV_108285,STR_129,PRD_2392,81,29,2026-09-02 00:53:57
INV_108286,STR_107,PRD_2329,148,24,2026-09-02T00:59:31.438095873
INV_108287,STR_101,PRD_1753,66,23,2026-09-02 01:05:05
INV_108288,STR_148,PRD_1104,142,17,02/09/2026 01:10
INV_108289,STR_133,PRD_1953,109,33,2026-09-02 01:16:13
INV_108290,STR_122,PRD_1926,123,42,2026-09-02T01:21:47.847189812
INV_108291,STR_102,PRD_2444,177,25,2026-09-02 01:27:21
INV_108292,STR_8888,PRD_2372,105,36,2026-09-02 01:32:56
INV_108293,STR_123,PRD_1953,56,37,2026-09-02 01:38:30
INV_108294,STR_117,PRD_2342,139,23,02/09/2026 01:44
INV_108295,STR_146,PRD_2443,30,18,2026-09-02 01:49:38
INV_108296,STR_136,PRD_1694,170,22,2026-09-02T01:55:12.460830722
INV_108297,STR_148,PRD_1056,177,31,02/09/2026 02:00
INV_108298,STR_130,PRD_1239,28,39,02/09/2026 02:06
INV_108299,STR_113,PRD_1980,44,41,2026-09-02T02:11:54.767651176
INV_108300,STR_100,PRD_1426,147,25,02/09/2026 02:17
INV_108301,STR_113,PRD_1616,60,34,2026-09-02 02:23:02
INV_108302,STR_140,PRD_1576,119,32,2026-09-02 02:28:37
INV_108303,STR_104,PRD_2001,-3,46,2026-09-02 02:34:11
INV_108304,STR_130,PRD_1139,103,37,02/09/2026 02:39
INV_108305,STR_130,PRD_1061,52,12,2026-09-02 02:45:19
INV_108306,STR_129,PRD_1151,176,32,2026-09-02 02:50:53
INV_108307,STR_135,PRD_1129,86,42,2026-09-02T02:56:27.585839056
INV_108308,STR_100,PRD_1430,145,48,02/09/2026 03:02
INV_108309,STR_102,PRD_2463,63,34,2026-09-02 03:07:35
INV_108310,STR_119,PRD_2235,155,34,02/09/2026 03:13
INV_108311,STR_142,PRD_1399,7,48,02/09/2026 03:18
INV_108312,STR_147,PRD_1673,179,30,2026-09-02 03:24:18
INV_108313,STR_142,PRD_1540,194,40,2026-09-02T03:29:52.199479965
INV_108314,STR_120,PRD_1181,86,39,02/09/2026 03:35
INV_108315,STR_129,PRD_2074,12,48,02/09/2026 03:41
INV_108316,STR_141,PRD_1525,182,43,2026-09-02 03:46:34
INV_108317,STR_143,PRD_1349,113,47,2026-09-02 03:52:08
INV_108318,STR_129,PRD_2081,157,16,2026-09-02 03:57:42
INV_108319,STR_104,PRD_1418,49,36,2026-09-02 04:03:16
INV_108320,STR_109,PRD_2160,74,22,2026-09-02 04:08:50
INV_108321,STR_123,PRD_1639,-6,38,2026-09-02 04:14:25
INV_108322,STR_144,PRD_1036,88,32,2026-09-02 04:19:59
INV_108323,STR_9999,PRD_1493,135,17,2026-09-02T04:25:33.222214814
INV_108324,STR_138,PRD_1358,155,30,2026-09-02T04:31:07.324488299
INV_108325,STR_147,PRD_2108,100,22,02/09/2026 04:36
INV_108326,STR_105,PRD_1650,146,35,02/09/2026 04:42
INV_108327,STR_109,PRD_1538,143,19,2026-09-02 04:47:49
INV_108328,STR_141,PRD_1343,49,38,2026-09-02 04:53:23
INV_108329,STR_142,PRD_1744,153,36,2026-09-02T04:58:57.835855723
INV_108330,STR_109,PRD_1170,103,13,2026-09-02 05:04:31
INV_108331,STR_124,PRD_1865,71,40,2026-09-02T05:10:06.040402693
INV_108332,STR_113,PRD_1019,146,26,2026-09-02 05:15:40
INV_108333,STR_146,PRD_1302,148,17,2026-09-02 05:21:14
INV_108334,STR_138,PRD_1775,180,46,02/09/2026 05:26
INV_108335,STR_112,PRD_1996,95,29,2026-09-02T05:32:22.449496633
INV_108336,STR_110,PRD_2220,130,19,2026-09-02 05:37:56
INV_108337,STR_138,PRD_1326,107,43,02/09/2026 05:43
INV_108338,STR_110,PRD_1575,188,48,2026-09-02 05:49:04
INV_108339,STR_145,PRD_2035,112,20,2026-09-02 05:54:38
INV_108340,STR_148,PRD_1360,157,21,2026-09-02T06:00:12.960864057
INV_108341,STR_115,PRD_1771,110,19,2026-09-02 06:05:47
INV_108342,STR_132,PRD_1295,187,22,2026-09-02 06:11:21
INV_108343,STR_140,PRD_2426,-9,43,02/09/2026 06:16
INV_108344,STR_140,PRD_2461,107,39,02/09/2026 06:22
INV_108345,STR_131,PRD_1768,125,24,2026-09-02 06:28:03
INV_108346,STR_109,PRD_2398,63,17,02/09/2026 06:33
INV_108347,STR_9999,PRD_1758,116,47,2026-09-02T06:39:11.676778452
INV_108348,STR_114,PRD_1652,107,45,2026-09-02 06:44:45
INV_108349,STR_115,PRD_1817,97,49,2026-09-02 06:50:19
INV_108350,STR_142,PRD_1692,32,31,02/09/2026 06:55
INV_108351,STR_126,PRD_1499,166,14,2026-09-02T07:01:28.085872391
INV_108352,STR_148,PRD_2449,101,41,2026-09-02T07:07:02.188145876
INV_108353,STR_9999,PRD_2067,139,29,2026-09-02T07:12:36.290419361
INV_108354,STR_144,PRD_2132,191,32,2026-09-02 07:18:10
INV_108355,STR_131,PRD_2121,152,49,2026-09-02T07:23:44.494966331
INV_108356,STR_105,PRD_2468,8,11,2026-09-02T07:29:18.597239816
INV_108357,STR_146,PRD_2104,121,28,2026-09-02 07:34:52
INV_108358,STR_147,PRD_2241,8,35,02/09/2026 07:40
INV_108359,STR_135,PRD_1148,9,45,2026-09-02T07:46:00.904060270
INV_108360,STR_107,PRD_1946,-7,23,2026-09-02 07:51:35
INV_108361,STR_124,PRD_2099,38,16,2026-09-02 07:57:09
INV_108362,STR_106,PRD_1563,143,25,2026-09-02 08:02:43
INV_108363,STR_116,PRD_1062,-8,19,2026-09-02 08:08:17
INV_108364,STR_147,PRD_1393,41,31,02/09/2026 08:13
INV_108365,STR_129,PRD_2390,117,35,2026-09-02 08:19:25
INV_108366,STR_101,PRD_2278,25,14,2026-09-02 08:24:59
INV_108367,STR_116,PRD_1058,158,21,2026-09-02T08:30:33.722248150
INV_108368,STR_103,PRD_1519,187,33,2026-09-02 08:36:07
INV_108369,STR_125,PRD_1818,168,33,2026-09-02T08:41:41.926795119
INV_108370,STR_113,PRD_1388,92,24,2026-09-02 08:47:16
INV_108371,STR_107,PRD_1587,5,33,02/09/2026 08:52
INV_108372,STR_104,PRD_2449,36,33,2026-09-02 08:58:24
INV_108373,STR_104,PRD_2013,69,35,2026-09-02 09:03:58
INV_108374,STR_104,PRD_1635,35,43,2026-09-02 09:09:32
INV_108375,STR_126,PRD_1523,89,27,02/09/2026 09:15
INV_108376,STR_104,PRD_1279,172,46,02/09/2026 09:20
INV_108377,STR_102,PRD_2068,87,15,2026-09-02 09:26:14
INV_108378,STR_137,PRD_1564,113,34,2026-09-02T09:31:48.847256483
INV_108379,STR_129,PRD_2204,156,26,02/09/2026 09:37
INV_108380,STR_100,PRD_2424,123,25,02/09/2026 09:42
INV_108381,STR_107,PRD_2397,73,38,02/09/2026 09:48
INV_108382,STR_112,PRD_1233,50,10,2026-09-02 09:54:05
INV_108383,STR_119,PRD_1185,-2,29,02/09/2026 09:59
INV_108384,STR_105,PRD_1804,128,35,2026-09-02 10:05:13
INV_108385,STR_149,PRD_1074,54,30,2026-09-02 10:10:47
INV_108386,STR_149,PRD_1937,80,36,02/09/2026 10:16
INV_108387,STR_147,PRD_1709,111,45,2026-09-02T10:21:55.767717848
INV_108388,STR_107,PRD_1232,48,44,02/09/2026 10:27
INV_108389,STR_129,PRD_2191,101,25,2026-09-02 10:33:03
INV_108390,STR_148,PRD_1534,102,38,2026-09-02 10:38:38
INV_108391,STR_139,PRD_2430,187,16,2026-09-02 10:44:12
INV_108392,STR_114,PRD_2253,107,16,2026-09-02 10:49:46
INV_108393,STR_109,PRD_1895,-4,43,2026-09-02 10:55:20
INV_108394,STR_132,PRD_1971,101,14,2026-09-02 11:00:54
INV_108395,STR_108,PRD_1646,111,17,2026-09-02 11:06:28
INV_108396,STR_148,PRD_1292,50,17,2026-09-02 11:12:02
INV_108397,STR_8888,PRD_2423,46,38,2026-09-02 11:17:36
INV_108398,STR_132,PRD_1037,75,19,02/09/2026 11:23
INV_108399,STR_108,PRD_2255,151,10,02/09/2026 11:28
INV_108400,STR_113,PRD_1167,73,47,2026-09-02 11:34:19
INV_108401,STR_131,PRD_2308,34,37,2026-09-02 11:39:53
INV_108402,STR_136,PRD_1102,34,16,2026-09-02 11:45:27
INV_108403,STR_105,PRD_1144,4,26,2026-09-02T11:51:01.404093606
INV_108404,STR_104,PRD_1754,126,33,2026-09-02 11:56:35
INV_108405,STR_103,PRD_1659,199,44,2026-09-02 12:02:09
INV_108406,STR_147,PRD_1365,163,18,2026-09-02 12:07:43
INV_108407,STR_115,PRD_1152,163,12,2026-09-02 12:13:17
INV_108408,STR_109,PRD_1827,25,13,2026-09-02T12:18:51.915461030
INV_108409,STR_130,PRD_1421,35,41,02/09/2026 12:24
INV_108410,STR_130,PRD_1318,31,22,02/09/2026 12:30
INV_108411,STR_113,PRD_1484,147,33,2026-09-02T12:35:34.222281485
INV_108412,STR_112,PRD_1082,128,16,2026-09-02 12:41:08
INV_108413,STR_103,PRD_2311,107,28,2026-09-02 12:46:42
INV_108414,STR_145,PRD_2291,22,36,2026-09-02 12:52:16
INV_108415,STR_125,PRD_1078,115,36,2026-09-02 12:57:50
INV_108416,STR_123,PRD_2399,99,27,02/09/2026 13:03
INV_108417,STR_108,PRD_1150,157,39,2026-09-02 13:08:58
INV_108418,STR_134,PRD_1755,59,37,2026-09-02 13:14:32
INV_108419,STR_141,PRD_1729,160,38,2026-09-02 13:20:07
INV_108420,STR_114,PRD_1014,99,18,02/09/2026 13:25
INV_108421,STR_123,PRD_1100,156,48,02/09/2026 13:31
INV_108422,STR_130,PRD_1779,114,48,02/09/2026 13:36
INV_108423,STR_118,PRD_2411,28,30,2026-09-02 13:42:23
INV_108424,STR_101,PRD_2058,170,47,2026-09-02 13:47:57
INV_108425,STR_101,PRD_1350,72,16,2026-09-02 13:53:31
INV_108426,STR_140,PRD_1956,148,34,2026-09-02T13:59:05.756383759
INV_108427,STR_135,PRD_1282,95,35,02/09/2026 14:04
INV_108428,STR_136,PRD_1636,52,15,2026-09-02 14:10:13
INV_108429,STR_133,PRD_1524,14,29,2026-09-02 14:15:48
INV_108430,STR_138,PRD_1164,30,27,2026-09-02 14:21:22
INV_108431,STR_118,PRD_1427,167,29,2026-09-02T14:26:56.267751183
INV_108432,STR_137,PRD_2281,48,49,2026-09-02 14:32:30
INV_108433,STR_122,PRD_1933,166,27,2026-09-02T14:38:04.472298153
INV_108434,STR_115,PRD_1442,19,10,2026-09-02 14:43:38
INV_108435,STR_145,PRD_1625,34,42,2026-09-02T14:49:12.676845123
INV_108436,STR_143,PRD_2143,185,48,2026-09-02 14:54:46
INV_108437,STR_105,PRD_1068,42,32,02/09/2026 15:00
INV_108438,STR_125,PRD_1273,143,23,2026-09-02 15:05:54
INV_108439,STR_121,PRD_1559,188,37,02/09/2026 15:11
INV_108440,STR_144,PRD_1848,29,30,2026-09-02 15:17:03
INV_108441,STR_146,PRD_2345,129,46,2026-09-02 15:22:37
INV_108442,STR_123,PRD_2385,-10,16,2026-09-02 15:28:11
INV_108443,STR_145,PRD_1569,59,21,02/09/2026 15:33
INV_108444,STR_139,PRD_1589,118,46,2026-09-02 15:39:19
INV_108445,STR_120,PRD_1498,125,48,2026-09-02 15:44:53
INV_108446,STR_129,PRD_1203,101,37,2026-09-02T15:50:27.801853457
INV_108447,STR_8888,PRD_1774,22,16,2026-09-02 15:56:01
INV_108448,STR_110,PRD_2132,185,26,2026-09-02T16:01:36.006400426
INV_108449,STR_108,PRD_2288,104,46,2026-09-02T16:07:10.108673911
INV_108450,STR_111,PRD_1387,167,23,2026-09-02T16:12:44.210947396
INV_108451,STR_125,PRD_1415,93,13,2026-09-02 16:18:18
INV_108452,STR_137,PRD_1900,123,31,2026-09-02 16:23:52
INV_108453,STR_9999,PRD_1311,177,26,2026-09-02 16:29:26
INV_108454,STR_102,PRD_1251,180,44,2026-09-02T16:35:00.620041336
INV_108455,STR_132,PRD_2411,169,41,2026-09-02T16:40:34.722314821
INV_108456,STR_114,PRD_1202,120,47,2026-09-02T16:46:08.824588306
INV_108457,STR_146,PRD_1109,68,40,2026-09-02 16:51:42
INV_108458,STR_104,PRD_1081,187,34,2026-09-02 16:57:17
INV_108459,STR_123,PRD_1768,-5,19,2026-09-02T17:02:51.131408760
INV_108460,STR_110,PRD_1192,26,11,2026-09-02 17:08:25
INV_108461,STR_132,PRD_1138,168,36,2026-09-02 17:13:59
INV_108462,STR_122,PRD_1220,16,21,2026-09-02 17:19:33
INV_108463,STR_109,PRD_2212,95,25,2026-09-02 17:25:07
INV_108464,STR_8888,PRD_1860,163,25,2026-09-02 17:30:41
INV_108465,STR_142,PRD_1339,58,12,2026-09-02 17:36:15
INV_108466,STR_127,PRD_1477,112,34,2026-09-02 17:41:49
INV_108467,STR_138,PRD_1958,134,27,02/09/2026 17:47
INV_108468,STR_116,PRD_2445,6,48,2026-09-02 17:52:58
INV_108469,STR_143,PRD_2220,94,49,2026-09-02 17:58:32
INV_108470,STR_125,PRD_1812,107,41,2026-09-02 18:04:06
INV_108471,STR_124,PRD_1197,12,12,2026-09-02T18:09:40.358690579
INV_108472,STR_135,PRD_2347,28,17,2026-09-02 18:15:14
INV_108473,STR_111,PRD_2283,150,14,2026-09-02 18:20:48
INV_108474,STR_102,PRD_1198,183,29,2026-09-02 18:26:22
INV_108475,STR_149,PRD_1815,-1,34,2026-09-02 18:31:56
INV_108476,STR_128,PRD_2160,72,15,2026-09-02T18:37:30.870058004
INV_108477,STR_143,PRD_2369,157,37,2026-09-02 18:43:04
INV_108478,STR_123,PRD_1174,62,32,2026-09-02 18:48:39
INV_108479,STR_118,PRD_1488,132,33,2026-09-02 18:54:13
INV_108480,STR_112,PRD_2492,32,19,02/09/2026 18:59
INV_108481,STR_115,PRD_1315,77,19,2026-09-02 19:05:21
INV_108482,STR_139,PRD_1819,1,42,2026-09-02 19:10:55
INV_108483,STR_126,PRD_1379,11,18,2026-09-02T19:16:29.585972398
INV_108484,STR_105,PRD_1441,7,27,02/09/2026 19:22
INV_108485,STR_141,PRD_1864,183,12,2026-09-02 19:27:37
INV_108486,STR_109,PRD_1132,51,42,2026-09-02T19:33:11.892792853
INV_108487,STR_137,PRD_1980,178,19,2026-09-02 19:38:45
INV_108488,STR_107,PRD_2050,177,36,2026-09-02 19:44:20
INV_108489,STR_117,PRD_1936,68,44,2026-09-02 19:49:54
INV_108490,STR_131,PRD_2280,156,27,02/09/2026 19:55
INV_108491,STR_116,PRD_1655,190,16,2026-09-02 20:01:02
INV_108492,STR_141,PRD_2379,139,16,2026-09-02 20:06:36
INV_108493,STR_101,PRD_1235,198,31,2026-09-02 20:12:10
INV_108494,STR_143,PRD_1988,131,19,2026-09-02 20:17:44
INV_108495,STR_119,PRD_2382,94,36,2026-09-02 20:23:18
INV_108496,STR_109,PRD_1814,-4,13,2026-09-02 20:28:52
INV_108497,STR_108,PRD_1918,152,21,2026-09-02 20:34:27
INV_108498,STR_147,PRD_2294,23,12,02/09/2026 20:40
INV_108499,STR_138,PRD_1438,184,12,2026-09-02 20:45:35
INV_108500,STR_140,PRD_1587,52,34,2026-09-02 20:51:09
INV_108501,STR_124,PRD_2494,119,35,2026-09-02 20:56:43
INV_108502,STR_124,PRD_2334,98,49,2026-09-02T21:02:17.529168611
INV_108503,STR_123,PRD_2240,162,16,2026-09-02 21:07:51
INV_108504,STR_105,PRD_1610,52,43,2026-09-02 21:13:25
INV_108505,STR_129,PRD_2335,119,19,02/09/2026 21:18
INV_108506,STR_109,PRD_1229,171,12,2026-09-02 21:24:33
INV_108507,STR_138,PRD_1339,40,37,2026-09-02 21:30:08
INV_108508,STR_130,PRD_1163,30,20,2026-09-02 21:35:42
INV_108509,STR_117,PRD_1115,122,41,2026-09-02T21:41:16.245083005
INV_108510,STR_142,PRD_1070,74,17,2026-09-02 21:46:50
INV_108511,STR_132,PRD_1849,60,29,02/09/2026 21:52
INV_108512,STR_118,PRD_2076,142,14,2026-09-02T21:57:58.551903460
INV_108513,STR_122,PRD_1341,-10,22,2026-09-02 22:03:32
INV_108514,STR_104,PRD_1934,-2,20,2026-09-02 22:09:06
INV_108515,STR_125,PRD_1587,183,43,02/09/2026 22:14
INV_108516,STR_128,PRD_1778,184,12,2026-09-02 22:20:14
INV_108517,STR_123,PRD_1331,97,24,2026-09-02 22:25:49
INV_108518,STR_105,PRD_2102,90,42,2026-09-02T22:31:23.165544369
INV_108519,STR_138,PRD_1967,111,19,2026-09-02 22:36:57
INV_108520,STR_103,PRD_1106,97,12,2026-09-02 22:42:31
INV_108521,STR_147,PRD_1081,-7,23,2026-09-02 22:48:05
INV_108522,STR_141,PRD_2225,138,42,2026-09-02 22:53:39
INV_108523,STR_125,PRD_1391,50,42,2026-09-02 22:59:13
INV_108524,STR_114,PRD_1229,15,45,02/09/2026 23:04
INV_108525,STR_112,PRD_1019,106,32,02/09/2026 23:10
INV_108526,STR_139,PRD_1779,161,10,2026-09-02T23:15:55.983732249
INV_108527,STR_121,PRD_2346,154,36,2026-09-02T23:21:30.086005733
INV_108528,STR_112,PRD_2491,67,41,2026-09-02T23:27:04.188279218
INV_108529,STR_138,PRD_1651,127,30,2026-09-02T23:32:38.290552703
INV_108530,STR_116,PRD_2333,191,29,2026-09-02 23:38:12
INV_108531,STR_135,PRD_1471,71,36,2026-09-02 23:43:46
INV_108532,STR_138,PRD_1591,70,45,02/09/2026 23:49
INV_108533,STR_147,PRD_1073,191,41,2026-09-02 23:54:54
INV_108534,STR_124,PRD_1653,64,48,2026-09-03T00:00:28.801920128
INV_108535,STR_133,PRD_2459,36,38,2026-09-03 00:06:02
INV_108536,STR_120,PRD_1461,77,32,2026-09-03 00:11:37
INV_108537,STR_124,PRD_2173,72,44,2026-09-03 00:17:11
INV_108538,STR_124,PRD_1314,197,24,2026-09-03T00:22:45.211014067
INV_108539,STR_121,PRD_2273,140,19,2026-09-03T00:28:19.313287552
INV_108540,STR_122,PRD_1639,109,24,2026-09-03T00:33:53.415561037
INV_108541,STR_124,PRD_1273,112,34,2026-09-03 00:39:27
INV_108542,STR_113,PRD_1481,193,26,03/09/2026 00:45
INV_108543,STR_113,PRD_1081,43,40,2026-09-03 00:50:35
INV_108544,STR_125,PRD_2255,176,20,2026-09-03T00:56:09.824654977
INV_108545,STR_139,PRD_1030,136,29,2026-09-03T01:01:43.926928462
INV_108546,STR_129,PRD_1745,14,40,2026-09-03 01:07:18
INV_108547,STR_125,PRD_2107,56,25,2026-09-03T01:12:52.131475431
INV_108548,STR_137,PRD_1995,130,45,2026-09-03T01:18:26.233748916
INV_108549,STR_121,PRD_1041,10,48,2026-09-03 01:24:00
INV_108550,STR_138,PRD_1250,11,20,2026-09-03T01:29:34.438295886
INV_108551,STR_138,PRD_1386,164,29,2026-09-03 01:35:08
INV_108552,STR_133,PRD_1995,180,35,2026-09-03T01:40:42.642842856
INV_108553,STR_124,PRD_1265,18,35,2026-09-03 01:46:16
INV_108554,STR_135,PRD_1021,38,15,2026-09-03 01:51:50
INV_108555,STR_112,PRD_2430,96,44,2026-09-03 01:57:24
INV_108556,STR_128,PRD_1075,14,17,2026-09-03 02:02:59
INV_108557,STR_141,PRD_1679,140,16,03/09/2026 02:08
INV_108558,STR_108,PRD_1890,65,46,2026-09-03T02:14:07.256483765
INV_108559,STR_114,PRD_1864,38,25,2026-09-03 02:19:41
INV_108560,STR_130,PRD_2374,140,18,2026-09-03 02:25:15
INV_108561,STR_143,PRD_1239,-6,20,03/09/2026 02:30
INV_108562,STR_126,PRD_1050,146,30,2026-09-03 02:36:23
INV_108563,STR_130,PRD_1959,-6,16,03/09/2026 02:41
INV_108564,STR_109,PRD_1475,28,21,2026-09-03 02:47:31
INV_108565,STR_9999,PRD_1863,152,49,03/09/2026 02:53
INV_108566,STR_136,PRD_1893,70,30,03/09/2026 02:58
INV_108567,STR_106,PRD_1524,19,14,2026-09-03 03:04:14
INV_108568,STR_131,PRD_1156,173,15,2026-09-03 03:09:48
INV_108569,STR_8888,PRD_1198,-9,35,2026-09-03 03:15:22
INV_108570,STR_110,PRD_2023,4,38,2026-09-03 03:20:56
INV_108571,STR_147,PRD_2454,40,12,03/09/2026 03:26
INV_108572,STR_144,PRD_1665,12,20,2026-09-03 03:32:04
INV_108573,STR_127,PRD_1735,15,32,2026-09-03T03:37:38.790586039
INV_108574,STR_103,PRD_2141,0,34,2026-09-03T03:43:12.892859524
INV_108575,STR_147,PRD_1074,117,21,03/09/2026 03:48
INV_108576,STR_144,PRD_1951,13,10,2026-09-03 03:54:21
INV_108577,STR_130,PRD_1724,126,13,2026-09-03 03:59:55
INV_108578,STR_128,PRD_2008,195,10,2026-09-03 04:05:29
INV_108579,STR_132,PRD_1366,60,15,2026-09-03 04:11:03
INV_108580,STR_103,PRD_1755,127,43,2026-09-03 04:16:37
INV_108581,STR_146,PRD_2201,86,36,03/09/2026 04:22
INV_108582,STR_125,PRD_1107,99,25,2026-09-03 04:27:45
INV_108583,STR_130,PRD_1688,61,20,2026-09-03 04:33:19
INV_108584,STR_130,PRD_1092,195,23,03/09/2026 04:38
INV_108585,STR_126,PRD_1965,60,47,2026-09-03 04:44:28
INV_108586,STR_124,PRD_1099,199,19,03/09/2026 04:50
INV_108587,STR_147,PRD_1180,174,22,2026-09-03 04:55:36
INV_108588,STR_135,PRD_1670,79,43,03/09/2026 05:01
INV_108589,STR_148,PRD_1095,116,42,2026-09-03T05:06:44.426961797
INV_108590,STR_130,PRD_1231,112,42,2026-09-03 05:12:18
INV_108591,STR_142,PRD_1250,132,48,2026-09-03 05:17:52
INV_108592,STR_136,PRD_1903,22,22,03/09/2026 05:23
INV_108593,STR_144,PRD_1018,128,26,2026-09-03 05:29:00
INV_108594,STR_143,PRD_2310,136,18,2026-09-03 05:34:34
INV_108595,STR_122,PRD_1206,159,22,2026-09-03 05:40:09
INV_108596,STR_134,PRD_1310,199,25,2026-09-03 05:45:43
INV_108597,STR_103,PRD_1102,47,46,2026-09-03T05:51:17.245149676
INV_108598,STR_127,PRD_1158,135,39,03/09/2026 05:56
INV_108599,STR_141,PRD_1377,135,48,2026-09-03 06:02:25
INV_108600,STR_140,PRD_2247,11,42,2026-09-03T06:07:59.551970131
INV_108601,STR_141,PRD_1713,78,49,2026-09-03 06:13:33
INV_108602,STR_112,PRD_1091,107,15,2026-09-03 06:19:07
INV_108603,STR_100,PRD_1666,169,21,2026-09-03 06:24:41
INV_108604,STR_111,PRD_1175,33,11,2026-09-03T06:30:15.961064071
INV_108605,STR_142,PRD_2133,148,42,03/09/2026 06:35
INV_108606,STR_139,PRD_1734,-2,24,2026-09-03T06:41:24.165611040
INV_108607,STR_125,PRD_1178,39,26,2026-09-03 06:46:58
INV_108608,STR_145,PRD_1737,108,44,2026-09-03 06:52:32
INV_108609,STR_145,PRD_1452,50,40,2026-09-03 06:58:06
INV_108610,STR_8888,PRD_2098,8,39,2026-09-03 07:03:40
INV_108611,STR_122,PRD_1582,41,47,2026-09-03 07:09:14
INV_108612,STR_148,PRD_1491,44,25,03/09/2026 07:14
INV_108613,STR_121,PRD_1956,14,49,03/09/2026 07:20
INV_108614,STR_9999,PRD_1102,196,26,2026-09-03 07:25:56
INV_108615,STR_8888,PRD_1040,58,16,2026-09-03 07:31:31
INV_108616,STR_127,PRD_1434,64,14,03/09/2026 07:37
INV_108617,STR_116,PRD_2357,130,49,2026-09-03 07:42:39
INV_108618,STR_105,PRD_2303,151,36,2026-09-03 07:48:13
INV_108619,STR_113,PRD_2266,61,10,2026-09-03 07:53:47
INV_108620,STR_149,PRD_1945,14,11,03/09/2026 07:59
INV_108621,STR_116,PRD_1701,80,13,2026-09-03 08:04:55
INV_108622,STR_137,PRD_2102,64,10,2026-09-03T08:10:29.801986799
INV_108623,STR_104,PRD_1436,53,38,2026-09-03 08:16:03
INV_108624,STR_112,PRD_1707,71,30,03/09/2026 08:21
INV_108625,STR_147,PRD_2484,127,44,2026-09-03 08:27:12
INV_108626,STR_108,PRD_2220,86,43,2026-09-03 08:32:46
INV_108627,STR_143,PRD_2054,89,48,2026-09-03 08:38:20
INV_108628,STR_141,PRD_1029,6,11,2026-09-03 08:43:54
INV_108629,STR_125,PRD_2136,-6,34,2026-09-03 08:49:28
INV_108630,STR_112,PRD_1985,56,15,2026-09-03 08:55:02
INV_108631,STR_118,PRD_1683,90,17,03/09/2026 09:00
INV_108632,STR_147,PRD_1389,127,44,03/09/2026 09:06
INV_108633,STR_116,PRD_1275,144,28,2026-09-03T09:11:44.926995133
INV_108634,STR_115,PRD_2243,173,18,2026-09-03 09:17:19
INV_108635,STR_129,PRD_2299,124,42,2026-09-03 09:22:53
INV_108636,STR_131,PRD_1011,102,17,03/09/2026 09:28
INV_108637,STR_113,PRD_1048,18,47,2026-09-03 09:34:01
INV_108638,STR_147,PRD_1009,38,41,2026-09-03 09:39:35
INV_108639,STR_114,PRD_1260,156,32,2026-09-03 09:45:09
INV_108640,STR_111,PRD_1319,187,43,2026-09-03 09:50:43
INV_108641,STR_136,PRD_1185,-2,32,03/09/2026 09:56
INV_108642,STR_110,PRD_1228,189,41,2026-09-03 10:01:51
INV_108643,STR_104,PRD_1669,178,10,2026-09-03T10:07:25.949729982
INV_108644,STR_110,PRD_1784,67,16,2026-09-03 10:13:00
INV_108645,STR_133,PRD_1834,171,33,2026-09-03T10:18:34.154276951
INV_108646,STR_118,PRD_1020,126,11,2026-09-03 10:24:08
INV_108647,STR_125,PRD_1015,49,27,2026-09-03 10:29:42
INV_108648,STR_125,PRD_1479,41,28,2026-09-03T10:35:16.461097406
INV_108649,STR_116,PRD_1005,110,45,2026-09-03T10:40:50.563370891
INV_108650,STR_130,PRD_1297,64,37,2026-09-03T10:46:24.665644376
INV_108651,STR_118,PRD_1911,0,44,2026-09-03 10:51:58
INV_108652,STR_143,PRD_1940,93,41,2026-09-03 10:57:32
INV_108653,STR_119,PRD_1258,152,22,2026-09-03 11:03:06
INV_108654,STR_122,PRD_2013,64,15,2026-09-03 11:08:41
INV_108655,STR_124,PRD_2063,25,38,2026-09-03T11:14:15.177011800
INV_108656,STR_127,PRD_1275,172,19,2026-09-03 11:19:49
INV_108657,STR_136,PRD_1743,120,49,2026-09-03T11:25:23.381558770
INV_108658,STR_111,PRD_1518,98,19,2026-09-03 11:30:57
INV_108659,STR_147,PRD_1826,72,43,2026-09-03T11:36:31.586105740
INV_108660,STR_100,PRD_1604,189,29,2026-09-03 11:42:05
INV_108661,STR_101,PRD_2331,170,42,2026-09-03 11:47:39
INV_108662,STR_109,PRD_1948,17,20,2026-09-03 11:53:13
INV_108663,STR_133,PRD_1479,42,33,2026-09-03 11:58:47
INV_108664,STR_131,PRD_1413,43,42,2026-09-03 12:04:22
INV_108665,STR_124,PRD_1998,170,31,2026-09-03 12:09:56
INV_108666,STR_109,PRD_2488,54,21,2026-09-03 12:15:30
INV_108667,STR_149,PRD_2432,42,39,03/09/2026 12:21
INV_108668,STR_100,PRD_2073,29,41,2026-09-03 12:26:38
INV_108669,STR_131,PRD_1776,30,28,03/09/2026 12:32
INV_108670,STR_136,PRD_1044,155,49,2026-09-03 12:37:46
INV_108671,STR_111,PRD_1829,64,11,2026-09-03T12:43:20.813387559
INV_108672,STR_148,PRD_2294,18,23,2026-09-03T12:48:54.915661044
INV_108673,STR_9999,PRD_1274,148,42,2026-09-03 12:54:29
INV_108674,STR_117,PRD_2446,178,41,2026-09-03 13:00:03
INV_108675,STR_129,PRD_2058,191,28,2026-09-03 13:05:37
INV_108676,STR_112,PRD_1652,29,23,2026-09-03T13:11:11.324754983
INV_108677,STR_102,PRD_1143,119,13,2026-09-03 13:16:45
INV_108678,STR_120,PRD_1834,37,11,2026-09-03 13:22:19
INV_108679,STR_141,PRD_1756,-10,19,2026-09-03 13:27:53
INV_108680,STR_113,PRD_1192,48,38,2026-09-03 13:33:27
INV_108681,STR_139,PRD_1546,149,24,2026-09-03T13:39:01.836122408
INV_108682,STR_109,PRD_1783,77,40,2026-09-03 13:44:35
INV_108683,STR_101,PRD_1177,-9,42,2026-09-03 13:50:10
INV_108684,STR_144,PRD_1781,48,38,2026-09-03 13:55:44
INV_108685,STR_136,PRD_1317,120,20,2026-09-03 14:01:18
INV_108686,STR_110,PRD_2414,190,49,2026-09-03T14:06:52.347489832
INV_108687,STR_100,PRD_1150,38,18,2026-09-03 14:12:26
INV_108688,STR_125,PRD_1610,65,38,03/09/2026 14:18
INV_108689,STR_141,PRD_2470,23,46,03/09/2026 14:23
INV_108690,STR_112,PRD_1540,51,30,2026-09-03 14:29:08
INV_108691,STR_127,PRD_1149,23,40,03/09/2026 14:34
INV_108692,STR_135,PRD_2231,12,31,2026-09-03 14:40:16
INV_108693,STR_120,PRD_2372,8,27,2026-09-03 14:45:51
INV_108694,STR_109,PRD_1261,169,11,2026-09-03 14:51:25
INV_108695,STR_111,PRD_1412,49,31,2026-09-03 14:56:59
INV_108696,STR_145,PRD_2112,116,46,2026-09-03 15:02:33
INV_108697,STR_126,PRD_2281,85,29,2026-09-03 15:08:07
INV_108698,STR_102,PRD_1491,145,13,2026-09-03 15:13:41
INV_108699,STR_127,PRD_2119,79,35,2026-09-03 15:19:15
INV_108700,STR_101,PRD_2000,38,29,2026-09-03 15:24:49
INV_108701,STR_127,PRD_2427,34,31,03/09/2026 15:30
INV_108702,STR_9999,PRD_2462,65,29,03/09/2026 15:35
INV_108703,STR_130,PRD_1036,96,38,2026-09-03 15:41:32
INV_108704,STR_142,PRD_1480,49,40,03/09/2026 15:47
INV_108705,STR_120,PRD_1179,192,32,2026-09-03 15:52:40
INV_108706,STR_106,PRD_2348,173,47,2026-09-03 15:58:14
INV_108707,STR_149,PRD_1581,121,25,2026-09-03T16:03:48.495233015
INV_108708,STR_130,PRD_2429,135,28,2026-09-03 16:09:22
INV_108709,STR_113,PRD_2492,146,20,2026-09-03 16:14:56
INV_108710,STR_138,PRD_1978,109,21,2026-09-03 16:20:30
INV_108711,STR_138,PRD_2294,156,45,2026-09-03T16:26:04.904326955
INV_108712,STR_108,PRD_1353,44,22,03/09/2026 16:31
INV_108713,STR_122,PRD_1966,175,11,2026-09-03 16:37:13
INV_108714,STR_111,PRD_2488,164,20,03/09/2026 16:42
INV_108715,STR_128,PRD_1363,20,10,2026-09-03 16:48:21
INV_108716,STR_137,PRD_1068,104,19,2026-09-03 16:53:55
INV_108717,STR_138,PRD_1307,145,12,2026-09-03 16:59:29
INV_108718,STR_121,PRD_1422,144,17,2026-09-03 17:05:03
INV_108719,STR_103,PRD_1513,19,25,2026-09-03T17:10:37.722514834
INV_108720,STR_147,PRD_1218,38,45,2026-09-03 17:16:11
INV_108721,STR_106,PRD_2068,159,49,2026-09-03T17:21:45.927061804
INV_108722,STR_139,PRD_2256,64,48,2026-09-03T17:27:20.029335289
INV_108723,STR_107,PRD_1366,195,29,2026-09-03 17:32:54
INV_108724,STR_8888,PRD_1121,57,17,2026-09-03 17:38:28
INV_108725,STR_134,PRD_1494,89,19,2026-09-03T17:44:02.336155743
INV_108726,STR_108,PRD_1576,118,46,2026-09-03T17:49:36.438429228
INV_108727,STR_9999,PRD_1883,161,41,2026-09-03 17:55:10
INV_108728,STR_112,PRD_2172,92,36,2026-09-03 18:00:44
INV_108729,STR_138,PRD_1894,154,40,03/09/2026 18:06
INV_108730,STR_119,PRD_2499,150,12,2026-09-03 18:11:52
INV_108731,STR_120,PRD_1578,138,48,2026-09-03 18:17:26
INV_108732,STR_146,PRD_1349,77,15,2026-09-03T18:23:01.052070138
INV_108733,STR_118,PRD_1114,157,26,2026-09-03 18:28:35
INV_108734,STR_101,PRD_1627,178,19,2026-09-03 18:34:09
INV_108735,STR_143,PRD_1236,103,30,2026-09-03 18:39:43
INV_108736,STR_139,PRD_1046,2,38,2026-09-03T18:45:17.461164077
INV_108737,STR_129,PRD_1273,102,38,2026-09-03 18:50:51
INV_108738,STR_122,PRD_1112,155,29,2026-09-03 18:56:25
INV_108739,STR_139,PRD_1544,146,24,03/09/2026 19:01
INV_108740,STR_112,PRD_1398,170,11,2026-09-03 19:07:33
INV_108741,STR_132,PRD_1791,53,42,2026-09-03 19:13:07
INV_108742,STR_131,PRD_2315,25,21,2026-09-03 19:18:42
INV_108743,STR_127,PRD_1315,93,22,2026-09-03T19:24:16.177078472
INV_108744,STR_123,PRD_2185,100,48,2026-09-03 19:29:50
INV_108745,STR_141,PRD_2113,-6,48,2026-09-03 19:35:24
INV_108746,STR_127,PRD_1050,137,47,03/09/2026 19:40
INV_108747,STR_129,PRD_2447,128,30,2026-09-03 19:46:32
INV_108748,STR_140,PRD_2429,61,25,03/09/2026 19:52
INV_108749,STR_128,PRD_1143,145,43,03/09/2026 19:57
INV_108750,STR_133,PRD_1527,166,36,2026-09-03 20:03:14
INV_108751,STR_9999,PRD_2156,158,12,03/09/2026 20:08
INV_108752,STR_121,PRD_1389,135,18,2026-09-03 20:14:23
INV_108753,STR_124,PRD_2193,147,43,2026-09-03 20:19:57
INV_108754,STR_113,PRD_2183,117,28,2026-09-03 20:25:31
INV_108755,STR_109,PRD_1818,131,47,2026-09-03 20:31:05
INV_108756,STR_109,PRD_1748,45,35,2026-09-03T20:36:39.506633775
INV_108757,STR_107,PRD_1411,62,32,2026-09-03 20:42:13
INV_108758,STR_113,PRD_1383,191,27,2026-09-03 20:47:47
INV_108759,STR_144,PRD_1874,169,49,2026-09-03 20:53:21
INV_108760,STR_137,PRD_1896,80,47,2026-09-03 20:58:55
INV_108761,STR_131,PRD_1707,183,19,2026-09-03T21:04:30.018001200
INV_108762,STR_144,PRD_2208,184,19,2026-09-03T21:10:04.120274685
INV_108763,STR_131,PRD_1213,18,30,03/09/2026 21:15
INV_108764,STR_102,PRD_2117,117,47,2026-09-03 21:21:12
INV_108765,STR_119,PRD_1569,16,47,2026-09-03 21:26:46
INV_108766,STR_112,PRD_1218,57,16,2026-09-03 21:32:20
INV_108767,STR_122,PRD_1218,152,21,2026-09-03 21:37:54
INV_108768,STR_118,PRD_1012,80,42,03/09/2026 21:43
INV_108769,STR_115,PRD_1422,-1,34,2026-09-03 21:49:02
INV_108770,STR_135,PRD_2446,116,37,2026-09-03 21:54:36
INV_108771,STR_134,PRD_1485,15,33,2026-09-03 22:00:11
INV_108772,STR_146,PRD_2400,60,40,2026-09-03 22:05:45
INV_108773,STR_146,PRD_1967,80,27,2026-09-03T22:11:19.245283019
INV_108774,STR_149,PRD_2431,83,32,2026-09-03 22:16:53
INV_108775,STR_106,PRD_1785,65,16,2026-09-03 22:22:27
INV_108776,STR_8888,PRD_1118,93,17,2026-09-03 22:28:01
INV_108777,STR_136,PRD_1270,178,24,2026-09-03 22:33:35
INV_108778,STR_107,PRD_1911,186,47,03/09/2026 22:39
INV_108779,STR_124,PRD_2120,173,37,2026-09-03 22:44:43
INV_108780,STR_122,PRD_1841,66,36,03/09/2026 22:50
INV_108781,STR_109,PRD_2070,181,30,2026-09-03 22:55:52
INV_108782,STR_129,PRD_1663,30,36,2026-09-03 23:01:26
INV_108783,STR_132,PRD_2023,121,23,2026-09-03T23:07:00.268017868
INV_108784,STR_110,PRD_1172,55,30,03/09/2026 23:12
INV_108785,STR_134,PRD_1786,154,23,2026-09-03 23:18:08
INV_108786,STR_126,PRD_1346,23,15,03/09/2026 23:23
INV_108787,STR_102,PRD_1236,111,21,2026-09-03 23:29:16
INV_108788,STR_146,PRD_1936,39,37,2026-09-03 23:34:50
INV_108789,STR_148,PRD_1542,187,38,2026-09-03 23:40:24
INV_108790,STR_149,PRD_2236,79,46,03/09/2026 23:45
INV_108791,STR_107,PRD_2295,192,47,2026-09-03T23:51:33.086205747
INV_108792,STR_112,PRD_1406,31,12,2026-09-03T23:57:07.188479232
INV_108793,STR_141,PRD_1077,118,42,2026-09-04 00:02:41
INV_108794,STR_102,PRD_2169,23,21,2026-09-04 00:08:15
INV_108795,STR_119,PRD_1011,127,21,04/09/2026 00:13
INV_108796,STR_145,PRD_1228,-6,20,2026-09-04 00:19:23
INV_108797,STR_144,PRD_1842,79,37,2026-09-04 00:24:57
INV_108798,STR_134,PRD_1964,161,44,04/09/2026 00:30
INV_108799,STR_112,PRD_2364,136,43,2026-09-04 00:36:05
INV_108800,STR_119,PRD_1671,138,31,2026-09-04 00:41:40
INV_108801,STR_123,PRD_1838,110,48,2026-09-04 00:47:14
INV_108802,STR_108,PRD_1163,151,32,2026-09-04 00:52:48
INV_108803,STR_129,PRD_1381,18,21,2026-09-04 00:58:22
INV_108804,STR_124,PRD_1730,91,28,2026-09-04 01:03:56
INV_108805,STR_115,PRD_1581,196,40,2026-09-04 01:09:30
INV_108806,STR_107,PRD_2445,29,22,2026-09-04T01:15:04.620308020
INV_108807,STR_143,PRD_2461,197,28,2026-09-04 01:20:38
INV_108808,STR_127,PRD_1771,104,45,2026-09-04 01:26:12
INV_108809,STR_111,PRD_1941,7,31,2026-09-04 01:31:46
INV_108810,STR_9999,PRD_2086,112,39,04/09/2026 01:37
INV_108811,STR_123,PRD_1994,38,13,2026-09-04 01:42:55
INV_108812,STR_148,PRD_1245,178,22,2026-09-04T01:48:29.233948930
INV_108813,STR_128,PRD_1997,54,29,04/09/2026 01:54
INV_108814,STR_114,PRD_1049,192,48,2026-09-04 01:59:37
INV_108815,STR_117,PRD_2257,153,15,2026-09-04 02:05:11
INV_108816,STR_106,PRD_2305,59,21,04/09/2026 02:10
INV_108817,STR_112,PRD_1668,-4,25,2026-09-04 02:16:19
INV_108818,STR_118,PRD_1219,50,26,04/09/2026 02:21
INV_108819,STR_147,PRD_1906,181,17,04/09/2026 02:27
INV_108820,STR_142,PRD_2371,93,42,2026-09-04T02:33:02.052136809
INV_108821,STR_104,PRD_1363,77,48,2026-09-04 02:38:36
INV_108822,STR_125,PRD_1991,191,21,2026-09-04 02:44:10
INV_108823,STR_101,PRD_1919,147,35,04/09/2026 02:49
INV_108824,STR_132,PRD_1562,6,28,2026-09-04 02:55:18
INV_108825,STR_147,PRD_1041,161,22,2026-09-04 03:00:52
INV_108826,STR_136,PRD_1422,189,19,04/09/2026 03:06
INV_108827,STR_124,PRD_1134,65,43,2026-09-04 03:12:00
INV_108828,STR_124,PRD_1785,15,40,2026-09-04 03:17:34
INV_108829,STR_138,PRD_2282,134,36,2026-09-04 03:23:08
INV_108830,STR_129,PRD_2214,152,12,04/09/2026 03:28
INV_108831,STR_140,PRD_2279,163,14,2026-09-04 03:34:17
INV_108832,STR_103,PRD_1747,97,14,04/09/2026 03:39
INV_108833,STR_118,PRD_1072,122,46,2026-09-04 03:45:25
INV_108834,STR_126,PRD_2097,34,16,2026-09-04 03:50:59
INV_108835,STR_8888,PRD_1634,64,49,2026-09-04 03:56:33
INV_108836,STR_146,PRD_1400,133,22,04/09/2026 04:02
INV_108837,STR_138,PRD_2102,47,43,2026-09-04 04:07:41
INV_108838,STR_123,PRD_1992,31,45,2026-09-04 04:13:15
INV_108839,STR_149,PRD_2271,83,43,04/09/2026 04:18
INV_108840,STR_136,PRD_2210,177,12,2026-09-04 04:24:24
INV_108841,STR_124,PRD_1469,173,19,2026-09-04 04:29:58
INV_108842,STR_128,PRD_1578,123,44,2026-09-04 04:35:32
INV_108843,STR_130,PRD_1455,9,46,04/09/2026 04:41
INV_108844,STR_144,PRD_2299,13,15,2026-09-04 04:46:40
INV_108845,STR_134,PRD_2202,80,30,2026-09-04 04:52:14
INV_108846,STR_127,PRD_1913,184,14,2026-09-04 04:57:48
INV_108847,STR_137,PRD_1128,41,12,2026-09-04 05:03:22
INV_108848,STR_143,PRD_1378,127,29,2026-09-04 05:08:56
INV_108849,STR_149,PRD_2138,142,39,04/09/2026 05:14
INV_108850,STR_149,PRD_2345,199,21,2026-09-04 05:20:05
INV_108851,STR_103,PRD_1388,95,44,04/09/2026 05:25
INV_108852,STR_127,PRD_1785,162,41,2026-09-04 05:31:13
INV_108853,STR_8888,PRD_1463,195,28,04/09/2026 05:36
INV_108854,STR_130,PRD_2225,-10,24,2026-09-04 05:42:21
INV_108855,STR_122,PRD_1988,14,19,04/09/2026 05:47
INV_108856,STR_113,PRD_1546,193,35,04/09/2026 05:53
INV_108857,STR_127,PRD_1408,101,15,2026-09-04 05:59:03
INV_108858,STR_113,PRD_1617,92,35,2026-09-04 06:04:37
INV_108859,STR_100,PRD_1760,190,11,04/09/2026 06:10
INV_108860,STR_142,PRD_2175,126,41,2026-09-04 06:15:46
INV_108861,STR_131,PRD_1652,159,12,2026-09-04T06:21:20.245349690
INV_108862,STR_140,PRD_2428,180,28,2026-09-04T06:26:54.347623175
INV_108863,STR_117,PRD_2001,94,45,2026-09-04 06:32:28
INV_108864,STR_104,PRD_1490,142,29,2026-09-04 06:38:02
INV_108865,STR_141,PRD_1806,37,39,2026-09-04T06:43:36.654443629
INV_108866,STR_114,PRD_2185,172,46,04/09/2026 06:49
INV_108867,STR_141,PRD_1146,55,29,04/09/2026 06:54
INV_108868,STR_115,PRD_2435,199,43,04/09/2026 07:00
INV_108869,STR_135,PRD_1255,13,26,2026-09-04T07:05:53.063537569
INV_108870,STR_135,PRD_1369,71,32,04/09/2026 07:11
INV_108871,STR_139,PRD_1650,80,18,2026-09-04 07:17:01
INV_108872,STR_129,PRD_2314,161,36,04/09/2026 07:22
INV_108873,STR_137,PRD_2363,173,26,2026-09-04T07:28:09.472631508
INV_108874,STR_122,PRD_1075,24,26,04/09/2026 07:33
INV_108875,STR_110,PRD_1568,23,11,2026-09-04 07:39:17
INV_108876,STR_124,PRD_1504,-5,24,04/09/2026 07:44
INV_108877,STR_144,PRD_2344,166,20,2026-09-04 07:50:25
INV_108878,STR_9999,PRD_1661,133,46,2026-09-04 07:55:59
INV_108879,STR_142,PRD_2015,130,18,04/09/2026 08:01
INV_108880,STR_101,PRD_2330,1,23,2026-09-04 08:07:08
INV_108881,STR_134,PRD_1346,128,17,2026-09-04 08:12:42
INV_108882,STR_146,PRD_2416,36,21,2026-09-04 08:18:16
INV_108883,STR_123,PRD_2222,49,16,2026-09-04T08:23:50.495366357
INV_108884,STR_112,PRD_1181,38,12,2026-09-04T08:29:24.597639842
INV_108885,STR_141,PRD_1239,41,35,2026-09-04 08:34:58
INV_108886,STR_136,PRD_1065,50,12,2026-09-04T08:40:32.802186812
INV_108887,STR_129,PRD_1170,84,13,2026-09-04 08:46:06
INV_108888,STR_110,PRD_1164,109,41,2026-09-04 08:51:41
INV_108889,STR_122,PRD_1953,29,23,2026-09-04T08:57:15.109007267
INV_108890,STR_145,PRD_1062,79,12,2026-09-04 09:02:49
INV_108891,STR_127,PRD_1354,60,22,2026-09-04 09:08:23
INV_108892,STR_128,PRD_1050,192,17,2026-09-04 09:13:57
INV_108893,STR_8888,PRD_1583,170,47,2026-09-04 09:19:31
INV_108894,STR_114,PRD_1042,50,11,2026-09-04 09:25:05
INV_108895,STR_144,PRD_1962,139,47,04/09/2026 09:30
INV_108896,STR_102,PRD_2344,27,40,04/09/2026 09:36
INV_108897,STR_108,PRD_2341,50,48,2026-09-04T09:41:47.927195146
INV_108898,STR_107,PRD_2239,72,36,04/09/2026 09:47
INV_108899,STR_146,PRD_2214,89,26,2026-09-04 09:52:56
INV_108900,STR_132,PRD_1669,107,44,2026-09-04 09:58:30
INV_108901,STR_133,PRD_1089,36,33,2026-09-04T10:04:04.336289086
INV_108902,STR_108,PRD_2445,16,10,2026-09-04 10:09:38
INV_108903,STR_116,PRD_1615,198,38,2026-09-04 10:15:12
INV_108904,STR_140,PRD_1562,135,35,04/09/2026 10:20
INV_108905,STR_100,PRD_2277,114,44,2026-09-04 10:26:20
INV_108906,STR_139,PRD_2130,9,33,2026-09-04 10:31:54
INV_108907,STR_104,PRD_2317,31,42,2026-09-04 10:37:28
INV_108908,STR_129,PRD_2259,30,35,2026-09-04 10:43:03
INV_108909,STR_110,PRD_1834,61,46,04/09/2026 10:48
INV_108910,STR_127,PRD_1355,47,48,04/09/2026 10:54
INV_108911,STR_137,PRD_1616,29,35,2026-09-04T10:59:45.359023935
INV_108912,STR_116,PRD_1766,192,47,04/09/2026 11:05
INV_108913,STR_149,PRD_1303,108,47,04/09/2026 11:10
INV_108914,STR_122,PRD_1583,147,20,2026-09-04 11:16:27
INV_108915,STR_117,PRD_2140,129,38,04/09/2026 11:22
INV_108916,STR_136,PRD_1366,107,38,2026-09-04T11:27:35.870391359
INV_108917,STR_126,PRD_1458,51,12,04/09/2026 11:33
INV_108918,STR_124,PRD_1119,179,18,04/09/2026 11:38
INV_108919,STR_104,PRD_2236,76,44,2026-09-04 11:44:18
INV_108920,STR_118,PRD_2206,59,15,2026-09-04 11:49:52
INV_108921,STR_126,PRD_2362,88,18,2026-09-04T11:55:26.381758784
INV_108922,STR_112,PRD_2254,132,17,2026-09-04 12:01:00
INV_108923,STR_106,PRD_1363,113,36,04/09/2026 12:06
INV_108924,STR_125,PRD_2469,-4,43,04/09/2026 12:12
INV_108925,STR_113,PRD_1483,123,33,2026-09-04 12:17:42
INV_108926,STR_126,PRD_1851,16,14,2026-09-04 12:23:16
INV_108927,STR_107,PRD_1949,-9,19,2026-09-04 12:28:50
INV_108928,STR_130,PRD_1245,123,29,2026-09-04 12:34:25
INV_108929,STR_134,PRD_1763,50,31,2026-09-04T12:39:59.199946663
INV_108930,STR_126,PRD_2248,149,21,04/09/2026 12:45
INV_108931,STR_103,PRD_2180,146,38,04/09/2026 12:51
INV_108932,STR_141,PRD_1630,54,40,2026-09-04 12:56:41
INV_108933,STR_103,PRD_1364,132,15,2026-09-04 13:02:15
INV_108934,STR_117,PRD_1901,127,16,2026-09-04T13:07:49.711314087
INV_108935,STR_122,PRD_1185,-1,42,2026-09-04 13:13:23
INV_108936,STR_131,PRD_2208,-1,24,04/09/2026 13:18
INV_108937,STR_111,PRD_2410,26,22,04/09/2026 13:24
INV_108938,STR_8888,PRD_1279,21,33,2026-09-04 13:30:06
INV_108939,STR_119,PRD_1741,25,39,2026-09-04 13:35:40
INV_108940,STR_146,PRD_2288,53,42,2026-09-04 13:41:14
INV_108941,STR_144,PRD_1351,132,29,2026-09-04 13:46:48
INV_108942,STR_111,PRD_1588,62,28,2026-09-04T13:52:22.529501966
INV_108943,STR_107,PRD_1081,5,28,2026-09-04 13:57:56
INV_108944,STR_121,PRD_2204,94,47,2026-09-04 14:03:30
INV_108945,STR_126,PRD_2365,72,33,04/09/2026 14:09
INV_108946,STR_140,PRD_1195,163,14,2026-09-04 14:14:38
INV_108947,STR_8888,PRD_1059,111,31,2026-09-04T14:20:13.040869391
INV_108948,STR_140,PRD_1150,161,31,2026-09-04T14:25:47.143142876
INV_108949,STR_116,PRD_2084,65,37,2026-09-04 14:31:21
INV_108950,STR_131,PRD_1427,24,26,2026-09-04 14:36:55
INV_108951,STR_132,PRD_1950,114,40,2026-09-04 14:42:29
INV_108952,STR_130,PRD_1330,40,16,2026-09-04 14:48:03
INV_108953,STR_105,PRD_2062,96,26,2026-09-04T14:53:37.654510300
INV_108954,STR_138,PRD_2276,175,21,2026-09-04 14:59:11
INV_108955,STR_108,PRD_1889,-6,16,2026-09-04 15:04:45
INV_108956,STR_141,PRD_1954,155,38,2026-09-04T15:10:19.961330755
INV_108957,STR_131,PRD_2256,-5,17,2026-09-04 15:15:54
INV_108958,STR_135,PRD_1353,168,13,2026-09-04 15:21:28
INV_108959,STR_115,PRD_1900,131,49,04/09/2026 15:27
INV_108960,STR_111,PRD_2193,165,25,2026-09-04 15:32:36
INV_108961,STR_140,PRD_1216,1,25,2026-09-04T15:38:10.472698180
INV_108962,STR_102,PRD_1347,103,31,2026-09-04 15:43:44
INV_108963,STR_126,PRD_1410,169,20,04/09/2026 15:49
INV_108964,STR_126,PRD_1730,103,20,04/09/2026 15:54
INV_108965,STR_108,PRD_1897,57,14,2026-09-04T16:00:26.881792119
INV_108966,STR_116,PRD_1914,96,47,2026-09-04 16:06:00
INV_108967,STR_145,PRD_1242,48,21,2026-09-04 16:11:35
INV_108968,STR_104,PRD_1007,7,49,2026-09-04 16:17:09
INV_108969,STR_125,PRD_2306,170,34,2026-09-04T16:22:43.290886059
INV_108970,STR_120,PRD_1622,20,22,2026-09-04 16:28:17
INV_108971,STR_100,PRD_1923,24,35,2026-09-04T16:33:51.495433029
INV_108972,STR_100,PRD_1579,-7,20,04/09/2026 16:39
INV_108973,STR_134,PRD_1165,-2,49,2026-09-04 16:44:59
INV_108974,STR_108,PRD_2226,98,32,2026-09-04 16:50:33
INV_108975,STR_122,PRD_1363,132,22,2026-09-04T16:56:07.904526968
INV_108976,STR_137,PRD_2175,31,42,2026-09-04 17:01:42
INV_108977,STR_140,PRD_2448,176,37,2026-09-04 17:07:16
INV_108978,STR_103,PRD_1657,74,13,2026-09-04 17:12:50
INV_108979,STR_8888,PRD_2492,85,37,2026-09-04 17:18:24
INV_108980,STR_118,PRD_2433,190,43,04/09/2026 17:23
INV_108981,STR_136,PRD_1514,101,19,2026-09-04 17:29:32
INV_108982,STR_104,PRD_2274,21,17,2026-09-04 17:35:06
INV_108983,STR_127,PRD_2100,69,18,04/09/2026 17:40
INV_108984,STR_145,PRD_2445,34,27,2026-09-04 17:46:14
INV_108985,STR_141,PRD_1731,-6,11,04/09/2026 17:51
INV_108986,STR_147,PRD_1909,148,27,2026-09-04 17:57:23
INV_108987,STR_122,PRD_2408,142,49,2026-09-04 18:02:57
INV_108988,STR_137,PRD_2402,173,11,2026-09-04T18:08:31.234082272
INV_108989,STR_8888,PRD_2251,-10,31,04/09/2026 18:14
INV_108990,STR_122,PRD_1117,50,25,2026-09-04 18:19:39
INV_108991,STR_145,PRD_2009,56,46,2026-09-04 18:25:13
INV_108992,STR_117,PRD_2290,56,41,2026-09-04 18:30:47
INV_108993,STR_128,PRD_2258,159,19,04/09/2026 18:36
INV_108994,STR_127,PRD_2191,85,43,2026-09-04 18:41:55
INV_108995,STR_108,PRD_1771,83,25,04/09/2026 18:47
INV_108996,STR_138,PRD_1929,48,43,2026-09-04 18:53:04
INV_108997,STR_149,PRD_1695,167,46,2026-09-04 18:58:38
INV_108998,STR_109,PRD_1521,194,49,2026-09-04 19:04:12
INV_108999,STR_101,PRD_1336,23,43,2026-09-04 19:09:46
INV_109000,STR_112,PRD_2350,101,22,2026-09-04 19:15:20
INV_109001,STR_137,PRD_2382,57,46,2026-09-04 19:20:54
INV_109002,STR_126,PRD_1447,171,21,2026-09-04 19:26:28
INV_109003,STR_140,PRD_1652,199,24,04/09/2026 19:32
INV_109004,STR_119,PRD_1889,131,39,2026-09-04T19:37:36.870458030
INV_109005,STR_139,PRD_1603,149,40,2026-09-04 19:43:10
INV_109006,STR_109,PRD_2120,187,38,04/09/2026 19:48
INV_109007,STR_115,PRD_1652,96,43,2026-09-04 19:54:19
INV_109008,STR_114,PRD_1758,70,41,2026-09-04 19:59:53
INV_109009,STR_112,PRD_2279,-3,32,2026-09-04 20:05:27
INV_109010,STR_149,PRD_1441,152,19,2026-09-04 20:11:01
INV_109011,STR_137,PRD_1408,13,17,2026-09-04T20:16:35.586372425
INV_109012,STR_119,PRD_1809,-8,30,2026-09-04T20:22:09.688645909
INV_109013,STR_123,PRD_1084,70,20,2026-09-04T20:27:43.790919394
INV_109014,STR_140,PRD_2440,25,21,2026-09-04T20:33:17.893192879
INV_109015,STR_149,PRD_1952,168,48,04/09/2026 20:38
INV_109016,STR_106,PRD_1696,93,28,2026-09-04T20:44:26.097739849
INV_109017,STR_122,PRD_1097,70,43,2026-09-04T20:50:00.200013334
INV_109018,STR_123,PRD_1541,174,47,2026-09-04 20:55:34
INV_109019,STR_128,PRD_2474,48,43,04/09/2026 21:01
INV_109020,STR_104,PRD_1190,83,35,2026-09-04 21:06:42
INV_109021,STR_142,PRD_1967,11,49,2026-09-04T21:12:16.609107274
INV_109022,STR_144,PRD_2224,154,25,2026-09-04 21:17:50
INV_109023,STR_134,PRD_2345,192,28,2026-09-04 21:23:24
INV_109024,STR_100,PRD_1257,115,38,2026-09-04 21:28:58
INV_109025,STR_135,PRD_1154,1,47,2026-09-04T21:34:33.018201213
INV_109026,STR_9999,PRD_1943,138,45,04/09/2026 21:40
INV_109027,STR_117,PRD_1227,132,30,2026-09-04 21:45:41
INV_109028,STR_105,PRD_1516,1,19,2026-09-04 21:51:15
INV_109029,STR_122,PRD_1640,75,32,2026-09-04 21:56:49
INV_109030,STR_109,PRD_1073,92,16,2026-09-04T22:02:23.529568638
INV_109031,STR_106,PRD_1364,45,47,2026-09-04 22:07:57
INV_109032,STR_143,PRD_1023,95,14,2026-09-04 22:13:31
INV_109033,STR_107,PRD_1462,133,28,04/09/2026 22:19
INV_109034,STR_112,PRD_1480,22,42,2026-09-04 22:24:39
INV_109035,STR_129,PRD_2112,106,33,2026-09-04 22:30:14
INV_109036,STR_117,PRD_2323,160,32,2026-09-04 22:35:48
INV_109037,STR_113,PRD_1043,38,31,2026-09-04 22:41:22
INV_109038,STR_110,PRD_2060,67,45,04/09/2026 22:46
INV_109039,STR_141,PRD_2497,7,30,2026-09-04 22:52:30
INV_109040,STR_137,PRD_2303,133,27,2026-09-04 22:58:04
INV_109041,STR_112,PRD_1460,157,47,2026-09-04T23:03:38.654576971
INV_109042,STR_141,PRD_2192,184,36,2026-09-04T23:09:12.756850456
INV_109043,STR_143,PRD_1069,96,46,04/09/2026 23:14
INV_109044,STR_132,PRD_1212,179,34,04/09/2026 23:20
INV_109045,STR_149,PRD_1913,79,48,04/09/2026 23:25
INV_109046,STR_112,PRD_1071,68,39,2026-09-04 23:31:29
INV_109047,STR_124,PRD_1827,89,23,2026-09-04 23:37:03
INV_109048,STR_123,PRD_1179,144,43,2026-09-04T23:42:37.370491366
INV_109049,STR_128,PRD_1207,107,41,04/09/2026 23:48
INV_109050,STR_135,PRD_1176,109,40,2026-09-04 23:53:45
INV_109051,STR_105,PRD_1706,116,11,04/09/2026 23:59
INV_109052,STR_117,PRD_2324,70,48,2026-09-05 00:04:53
INV_109053,STR_127,PRD_1883,131,44,2026-09-05T00:10:27.881858790
INV_109054,STR_104,PRD_1750,183,32,05/09/2026 00:16
INV_109055,STR_117,PRD_2177,144,15,05/09/2026 00:21
INV_109056,STR_136,PRD_1153,43,30,2026-09-05 00:27:10
INV_109057,STR_106,PRD_1029,77,35,2026-09-05 00:32:44
INV_109058,STR_108,PRD_2050,177,39,2026-09-05 00:38:18
INV_109059,STR_134,PRD_1975,157,39,2026-09-05 00:43:52
INV_109060,STR_111,PRD_2263,162,17,2026-09-05 00:49:26
INV_109061,STR_8888,PRD_1643,88,48,05/09/2026 00:55
INV_109062,STR_145,PRD_1690,57,42,2026-09-05 01:00:34
INV_109063,STR_139,PRD_1097,185,19,05/09/2026 01:06
INV_109064,STR_143,PRD_1325,180,27,2026-09-05 01:11:43
INV_109065,STR_138,PRD_1236,194,45,2026-09-05T01:17:17.109140609
INV_109066,STR_123,PRD_1137,157,20,2026-09-05 01:22:51
INV_109067,STR_108,PRD_1629,30,17,2026-09-05 01:28:25
INV_109068,STR_111,PRD_1617,178,10,2026-09-05 01:33:59
INV_109069,STR_135,PRD_2069,182,17,2026-09-05 01:39:33
INV_109070,STR_136,PRD_1389,-10,14,2026-09-05 01:45:07
INV_109071,STR_108,PRD_2387,-2,10,2026-09-05 01:50:41
INV_109072,STR_138,PRD_1359,64,12,2026-09-05 01:56:15
INV_109073,STR_145,PRD_1581,69,36,2026-09-05 02:01:49
INV_109074,STR_8888,PRD_1206,82,32,2026-09-05T02:07:24.029601973
INV_109075,STR_121,PRD_1600,132,48,05/09/2026 02:12
INV_109076,STR_116,PRD_1978,48,49,05/09/2026 02:18
INV_109077,STR_132,PRD_1514,183,20,2026-09-05T02:24:06.336422428
INV_109078,STR_146,PRD_1809,-1,20,2026-09-05 02:29:40
INV_109079,STR_123,PRD_2389,166,45,05/09/2026 02:35
INV_109080,STR_114,PRD_1437,128,47,2026-09-05 02:40:48
INV_109081,STR_128,PRD_2254,19,40,2026-09-05 02:46:22
INV_109082,STR_131,PRD_2446,12,33,2026-09-05 02:51:56
INV_109083,STR_132,PRD_1468,11,28,2026-09-05 02:57:30
INV_109084,STR_128,PRD_1629,168,41,2026-09-05 03:03:05
INV_109085,STR_114,PRD_2334,31,49,2026-09-05 03:08:39
INV_109086,STR_126,PRD_1394,18,47,05/09/2026 03:14
INV_109087,STR_133,PRD_1113,162,26,2026-09-05T03:19:47.359157277
INV_109088,STR_103,PRD_2225,150,44,2026-09-05 03:25:21
INV_109089,STR_148,PRD_1462,156,21,2026-09-05T03:30:55.563704247
INV_109090,STR_147,PRD_1541,190,24,2026-09-05 03:36:29
INV_109091,STR_117,PRD_2387,54,48,2026-09-05 03:42:03
INV_109092,STR_120,PRD_1246,199,22,2026-09-05 03:47:37
INV_109093,STR_147,PRD_2269,167,39,2026-09-05 03:53:11
INV_109094,STR_107,PRD_2207,101,28,2026-09-05 03:58:46
INV_109095,STR_105,PRD_2436,75,18,2026-09-05 04:04:20
INV_109096,STR_119,PRD_1272,37,37,2026-09-05T04:09:54.279618641
INV_109097,STR_101,PRD_1544,26,34,2026-09-05 04:15:28
INV_109098,STR_9999,PRD_2300,195,49,2026-09-05 04:21:02
INV_109099,STR_144,PRD_1622,75,13,2026-09-05 04:26:36
INV_109100,STR_121,PRD_1717,150,46,2026-09-05 04:32:10
INV_109101,STR_120,PRD_1777,123,16,2026-09-05 04:37:44
INV_109102,STR_105,PRD_2020,80,13,2026-09-05 04:43:18
INV_109103,STR_131,PRD_1489,59,32,2026-09-05T04:48:52.995533035
INV_109104,STR_105,PRD_1214,44,15,2026-09-05 04:54:27
INV_109105,STR_112,PRD_2126,161,18,2026-09-05 05:00:01
INV_109106,STR_100,PRD_1589,39,18,05/09/2026 05:05
INV_109107,STR_121,PRD_1174,43,30,2026-09-05 05:11:09
INV_109108,STR_123,PRD_1051,180,12,2026-09-05 05:16:43
INV_109109,STR_140,PRD_1296,94,22,2026-09-05 05:22:17
INV_109110,STR_129,PRD_1174,5,47,2026-09-05 05:27:51
INV_109111,STR_121,PRD_1968,117,27,2026-09-05 05:33:25
INV_109112,STR_143,PRD_1342,36,40,05/09/2026 05:38
INV_109113,STR_111,PRD_1599,174,38,2026-09-05 05:44:34
INV_109114,STR_125,PRD_1170,119,11,2026-09-05 05:50:08
INV_109115,STR_103,PRD_2060,154,40,2026-09-05 05:55:42
INV_109116,STR_118,PRD_2224,82,47,2026-09-05 06:01:16
INV_109117,STR_115,PRD_2087,12,16,2026-09-05 06:06:50
INV_109118,STR_111,PRD_1454,130,49,2026-09-05T06:12:24.529635309
INV_109119,STR_132,PRD_1726,104,19,2026-09-05 06:17:58
INV_109120,STR_120,PRD_2432,54,22,2026-09-05 06:23:32
INV_109121,STR_135,PRD_1886,37,10,2026-09-05 06:29:06
INV_109122,STR_108,PRD_2005,-4,46,05/09/2026 06:34
INV_109123,STR_138,PRD_1754,148,34,2026-09-05 06:40:15
INV_109124,STR_141,PRD_1149,180,39,05/09/2026 06:45
INV_109125,STR_144,PRD_1635,162,11,2026-09-05T06:51:23.245549703
INV_109126,STR_107,PRD_1966,45,45,2026-09-05T06:56:57.347823188
INV_109127,STR_119,PRD_1709,181,33,2026-09-05 07:02:31
INV_109128,STR_109,PRD_1277,11,21,2026-09-05 07:08:05
INV_109129,STR_131,PRD_1034,52,14,2026-09-05 07:13:39
INV_109130,STR_127,PRD_1174,69,24,2026-09-05 07:19:13
INV_109131,STR_109,PRD_2056,17,16,2026-09-05 07:24:47
INV_109132,STR_107,PRD_1714,161,11,2026-09-05 07:30:21
INV_109133,STR_8888,PRD_2420,92,12,2026-09-05T07:35:56.063737582
INV_109134,STR_146,PRD_1253,131,13,2026-09-05 07:41:30
INV_109135,STR_132,PRD_1567,74,25,2026-09-05 07:47:04
INV_109136,STR_146,PRD_1322,136,36,2026-09-05T07:52:38.370558037
INV_109137,STR_148,PRD_1012,177,31,2026-09-05 07:58:12
INV_109138,STR_112,PRD_1049,66,12,05/09/2026 08:03
INV_109139,STR_143,PRD_2256,-9,26,2026-09-05 08:09:20
INV_109140,STR_134,PRD_1952,40,31,2026-09-05 08:14:54
INV_109141,STR_9999,PRD_1993,67,16,2026-09-05 08:20:28
INV_109142,STR_128,PRD_1615,151,39,05/09/2026 08:26
INV_109143,STR_104,PRD_1865,71,17,2026-09-05 08:31:37
INV_109144,STR_102,PRD_1095,40,28,2026-09-05 08:37:11
INV_109145,STR_136,PRD_1342,136,16,2026-09-05 08:42:45
INV_109146,STR_140,PRD_1855,153,10,2026-09-05 08:48:19
INV_109147,STR_105,PRD_1192,107,25,2026-09-05 08:53:53
INV_109148,STR_147,PRD_1510,143,49,2026-09-05 08:59:27
INV_109149,STR_141,PRD_2474,152,40,2026-09-05T09:05:01.700113341
INV_109150,STR_115,PRD_2148,52,48,2026-09-05 09:10:35
INV_109151,STR_134,PRD_2104,93,36,2026-09-05 09:16:09
INV_109152,STR_117,PRD_1006,121,19,05/09/2026 09:21
INV_109153,STR_110,PRD_1329,74,43,2026-09-05 09:27:18
INV_109154,STR_9999,PRD_1082,-8,23,2026-09-05 09:32:52
INV_109155,STR_122,PRD_1904,-6,11,2026-09-05 09:38:26
INV_109156,STR_146,PRD_1625,146,48,05/09/2026 09:44
INV_109157,STR_110,PRD_1526,108,31,2026-09-05T09:49:34.518301220
INV_109158,STR_128,PRD_2136,8,35,05/09/2026 09:55
INV_109159,STR_141,PRD_1439,104,14,2026-09-05 10:00:42
INV_109160,STR_126,PRD_1889,134,47,2026-09-05 10:06:16
INV_109161,STR_108,PRD_1761,23,25,2026-09-05 10:11:50
INV_109162,STR_134,PRD_2023,9,21,2026-09-05 10:17:25
INV_109163,STR_108,PRD_1018,145,26,2026-09-05 10:22:59
INV_109164,STR_117,PRD_1008,62,34,2026-09-05T10:28:33.234215614
INV_109165,STR_143,PRD_2208,184,33,2026-09-05 10:34:07
INV_109166,STR_120,PRD_2061,127,20,2026-09-05 10:39:41
INV_109167,STR_147,PRD_1722,138,27,05/09/2026 10:45
INV_109168,STR_135,PRD_1903,105,45,2026-09-05 10:50:49
INV_109169,STR_100,PRD_1133,-7,12,2026-09-05 10:56:23
INV_109170,STR_126,PRD_2125,11,28,2026-09-05 11:01:57
INV_109171,STR_144,PRD_2172,60,15,2026-09-05 11:07:31
INV_109172,STR_139,PRD_1092,179,32,2026-09-05T11:13:06.052403493
INV_109173,STR_137,PRD_1801,1,49,2026-09-05 11:18:40
INV_109174,STR_128,PRD_2163,128,16,2026-09-05 11:24:14
INV_109175,STR_139,PRD_2318,139,18,2026-09-05T11:29:48.359223948
INV_109176,STR_118,PRD_1863,146,11,05/09/2026 11:35
INV_109177,STR_123,PRD_1773,178,20,2026-09-05 11:40:56
INV_109178,STR_143,PRD_1543,50,12,05/09/2026 11:46
INV_109179,STR_100,PRD_1187,16,39,2026-09-05 11:52:04
INV_109180,STR_135,PRD_1135,164,17,2026-09-05 11:57:38
INV_109181,STR_122,PRD_1165,73,46,2026-09-05T12:03:12.972864857
INV_109182,STR_112,PRD_99999,131,30,2026-09-05 12:08:47
INV_109183,STR_129,PRD_1990,-4,17,2026-09-05 12:14:21
INV_109184,STR_148,PRD_2170,132,20,2026-09-05T12:19:55.279685312
INV_109185,STR_9999,PRD_1244,163,43,2026-09-05 12:25:29
INV_109186,STR_9999,PRD_2206,145,48,2026-09-05 12:31:03
INV_109187,STR_136,PRD_2032,160,25,2026-09-05 12:36:37
INV_109188,STR_110,PRD_2459,-1,16,05/09/2026 12:42
INV_109189,STR_106,PRD_2179,168,13,2026-09-05 12:47:45
INV_109190,STR_134,PRD_1829,-8,41,2026-09-05 12:53:19
INV_109191,STR_110,PRD_1687,193,46,05/09/2026 12:58
INV_109192,STR_148,PRD_1113,194,31,2026-09-05T13:04:28.097873191
INV_109193,STR_142,PRD_1166,92,16,2026-09-05 13:10:02
INV_109194,STR_146,PRD_1487,33,22,2026-09-05 13:15:36
INV_109195,STR_9999,PRD_1436,43,27,2026-09-05T13:21:10.404693646
INV_109196,STR_139,PRD_1222,151,43,2026-09-05T13:26:44.506967131
INV_109197,STR_147,PRD_1190,182,22,2026-09-05 13:32:18
INV_109198,STR_120,PRD_1575,78,43,2026-09-05T13:37:52.711514101
INV_109199,STR_146,PRD_1793,14,38,2026-09-05 13:43:26
INV_109200,STR_102,PRD_1172,180,14,2026-09-05 13:49:00
INV_109201,STR_129,PRD_2280,59,40,05/09/2026 13:54
INV_109202,STR_123,PRD_1449,34,20,2026-09-05 14:00:09
INV_109203,STR_137,PRD_1076,57,47,2026-09-05T14:05:43.222881525
INV_109204,STR_102,PRD_1614,15,13,2026-09-05 14:11:17
INV_109205,STR_136,PRD_1225,15,16,2026-09-05 14:16:51
INV_109206,STR_132,PRD_2249,143,32,2026-09-05 14:22:25
INV_109207,STR_121,PRD_1738,195,40,05/09/2026 14:27
INV_109208,STR_130,PRD_1940,179,26,2026-09-05 14:33:33
INV_109209,STR_145,PRD_1075,101,19,2026-09-05T14:39:07.836522435
INV_109210,STR_111,PRD_2056,81,31,2026-09-05 14:44:41
INV_109211,STR_144,PRD_1068,178,39,2026-09-05T14:50:16.041069404
INV_109212,STR_113,PRD_1414,119,38,2026-09-05 14:55:50
INV_109213,STR_111,PRD_1730,30,26,2026-09-05 15:01:24
INV_109214,STR_126,PRD_2471,162,30,2026-09-05T15:06:58.347889859
INV_109215,STR_112,PRD_1361,3,31,05/09/2026 15:12
INV_109216,STR_123,PRD_1869,154,48,2026-09-05T15:18:06.552436829
INV_109217,STR_137,PRD_2393,119,49,2026-09-05 15:23:40
INV_109218,STR_146,PRD_2422,-6,31,2026-09-05 15:29:14
INV_109219,STR_147,PRD_2143,91,36,2026-09-05T15:34:48.859257284
INV_109220,STR_108,PRD_2071,119,32,05/09/2026 15:40
INV_109221,STR_107,PRD_1067,118,13,2026-09-05 15:45:57
INV_109222,STR_136,PRD_2362,165,35,05/09/2026 15:51
INV_109223,STR_114,PRD_2108,11,48,2026-09-05 15:57:05
INV_109224,STR_106,PRD_1935,30,26,05/09/2026 16:02
INV_109225,STR_123,PRD_1376,142,12,2026-09-05T16:08:13.472898193
INV_109226,STR_148,PRD_2408,35,26,2026-09-05 16:13:47
INV_109227,STR_115,PRD_1275,83,49,05/09/2026 16:19
INV_109228,STR_123,PRD_1767,-2,28,2026-09-05 16:24:55
INV_109229,STR_142,PRD_1949,178,48,05/09/2026 16:30
INV_109230,STR_106,PRD_1204,90,27,2026-09-05 16:36:03
INV_109231,STR_142,PRD_1744,36,37,2026-09-05 16:41:38
INV_109232,STR_127,PRD_2088,63,24,2026-09-05 16:47:12
INV_109233,STR_101,PRD_1910,196,35,2026-09-05 16:52:46
INV_109234,STR_133,PRD_2102,-8,44,2026-09-05 16:58:20
INV_109235,STR_137,PRD_1324,-3,25,2026-09-05 17:03:54
INV_109236,STR_102,PRD_1377,142,24,2026-09-05 17:09:28
INV_109237,STR_100,PRD_1816,25,14,2026-09-05T17:15:02.700180012
INV_109238,STR_130,PRD_1680,32,33,2026-09-05T17:20:36.802453497
INV_109239,STR_122,PRD_1670,167,11,2026-09-05T17:26:10.904726981
INV_109240,STR_119,PRD_1627,52,45,2026-09-05T17:31:45.007000466
INV_109241,STR_115,PRD_2369,151,40,2026-09-05 17:37:19
INV_109242,STR_145,PRD_2017,190,39,2026-09-05 17:42:53
INV_109243,STR_131,PRD_1434,127,21,05/09/2026 17:48
INV_109244,STR_116,PRD_1884,16,46,2026-09-05 17:54:01
INV_109245,STR_117,PRD_2401,78,30,2026-09-05T17:59:35.518367891
INV_109246,STR_103,PRD_2038,2,21,2026-09-05 18:05:09
INV_109247,STR_134,PRD_2477,40,49,2026-09-05 18:10:43
INV_109248,STR_139,PRD_2216,57,46,2026-09-05T18:16:17.825188346
INV_109249,STR_135,PRD_2256,113,44,05/09/2026 18:21
INV_109250,STR_122,PRD_2286,133,31,2026-09-05T18:27:26.029735315
INV_109251,STR_114,PRD_1445,129,45,2026-09-05 18:33:00
INV_109252,STR_112,PRD_1053,14,17,2026-09-05 18:38:34
INV_109253,STR_113,PRD_1691,166,36,05/09/2026 18:44
INV_109254,STR_113,PRD_1003,133,36,2026-09-05 18:49:42
INV_109255,STR_136,PRD_1256,92,45,2026-09-05 18:55:16
INV_109256,STR_104,PRD_2384,-9,16,2026-09-05 19:00:50
INV_109257,STR_121,PRD_1833,62,12,2026-09-05 19:06:24
INV_109258,STR_127,PRD_2263,112,13,2026-09-05 19:11:58
INV_109259,STR_144,PRD_1481,116,33,2026-09-05 19:17:32
INV_109260,STR_103,PRD_1460,66,17,2026-09-05 19:23:07
INV_109261,STR_149,PRD_1848,67,22,05/09/2026 19:28
INV_109262,STR_137,PRD_2161,65,18,2026-09-05 19:34:15
INV_109263,STR_128,PRD_2474,152,29,2026-09-05T19:39:49.359290619
INV_109264,STR_136,PRD_2347,139,29,2026-09-05 19:45:23
INV_109265,STR_134,PRD_1472,37,14,2026-09-05T19:50:57.563837589
INV_109266,STR_119,PRD_99999,103,14,2026-09-05 19:56:31
INV_109267,STR_134,PRD_1192,53,44,2026-09-05 20:02:05
INV_109268,STR_134,PRD_1306,184,10,05/09/2026 20:07
INV_109269,STR_119,PRD_1758,139,24,2026-09-05T20:13:13.972931528
INV_109270,STR_101,PRD_1905,62,26,2026-09-05T20:18:48.075205013
INV_109271,STR_8888,PRD_1220,36,21,2026-09-05 20:24:22
INV_109272,STR_117,PRD_1171,29,45,2026-09-05 20:29:56
INV_109273,STR_129,PRD_2183,95,24,2026-09-05 20:35:30
INV_109274,STR_141,PRD_1171,170,23,2026-09-05 20:41:04
INV_109275,STR_128,PRD_2086,107,36,2026-09-05 20:46:38
INV_109276,STR_138,PRD_2088,-8,31,2026-09-05 20:52:12
INV_109277,STR_8888,PRD_2192,84,18,2026-09-05T20:57:46.791119408
INV_109278,STR_121,PRD_1080,90,30,2026-09-05 21:03:20
INV_109279,STR_128,PRD_1758,123,12,2026-09-05 21:08:54
INV_109280,STR_145,PRD_2291,131,40,2026-09-05 21:14:29
INV_109281,STR_109,PRD_2403,72,22,2026-09-05T21:20:03.200213347
INV_109282,STR_119,PRD_1072,175,11,05/09/2026 21:25
INV_109283,STR_115,PRD_1331,71,23,2026-09-05 21:31:11
INV_109284,STR_105,PRD_2211,110,16,2026-09-05 21:36:45
INV_109285,STR_116,PRD_2048,124,38,2026-09-05T21:42:19.609307287
INV_109286,STR_105,PRD_1227,146,13,2026-09-05 21:47:53
INV_109287,STR_121,PRD_2141,-8,13,2026-09-05T21:53:27.813854257
INV_109288,STR_117,PRD_2468,2,33,2026-09-05 21:59:01
INV_109289,STR_131,PRD_2131,153,30,2026-09-05T22:04:36.018401226
INV_109290,STR_127,PRD_1241,94,37,2026-09-05 22:10:10
INV_109291,STR_141,PRD_1502,78,47,05/09/2026 22:15
INV_109292,STR_109,PRD_2079,81,17,2026-09-05 22:21:18
INV_109293,STR_140,PRD_2172,155,26,2026-09-05 22:26:52
INV_109294,STR_121,PRD_2334,64,18,2026-09-05 22:32:26
INV_109295,STR_127,PRD_1551,49,29,2026-09-05 22:38:00
INV_109296,STR_114,PRD_1923,115,14,2026-09-05T22:43:34.734315621
INV_109297,STR_142,PRD_1120,62,44,2026-09-05 22:49:08
INV_109298,STR_128,PRD_1025,11,38,05/09/2026 22:54
INV_109299,STR_106,PRD_2135,138,21,2026-09-05 23:00:17
INV_109300,STR_149,PRD_1510,112,41,2026-09-05 23:05:51
INV_109301,STR_133,PRD_1880,22,40,2026-09-05T23:11:25.245683045
INV_109302,STR_131,PRD_1022,-7,40,2026-09-05 23:16:59
INV_109303,STR_101,PRD_2287,197,10,05/09/2026 23:22
INV_109304,STR_125,PRD_1115,161,14,2026-09-05T23:28:07.552503500
INV_109305,STR_144,PRD_1479,118,45,2026-09-05 23:33:41
INV_109306,STR_110,PRD_1306,179,21,2026-09-05 23:39:15
INV_109307,STR_124,PRD_1230,196,25,05/09/2026 23:44
INV_109308,STR_118,PRD_1700,139,25,2026-09-05 23:50:23
INV_109309,STR_119,PRD_1491,48,30,05/09/2026 23:55
INV_109310,STR_132,PRD_1768,26,42,06/09/2026 00:01
INV_109311,STR_116,PRD_2143,140,35,06/09/2026 00:07
INV_109312,STR_8888,PRD_1285,150,12,2026-09-06T00:12:40.370691379
INV_109313,STR_129,PRD_1987,102,32,2026-09-06T00:18:14.472964864
INV_109314,STR_117,PRD_2430,139,34,06/09/2026 00:23
INV_109315,STR_131,PRD_2381,181,29,2026-09-06 00:29:22
INV_109316,STR_139,PRD_1889,116,45,2026-09-06 00:34:56
INV_109317,STR_144,PRD_2175,179,44,2026-09-06T00:40:30.882058804
INV_109318,STR_103,PRD_1597,107,42,06/09/2026 00:46
INV_109319,STR_131,PRD_2348,171,14,2026-09-06 00:51:39
INV_109320,STR_118,PRD_1856,175,13,06/09/2026 00:57
INV_109321,STR_102,PRD_1838,129,17,2026-09-06T01:02:47.291152743
INV_109322,STR_137,PRD_2269,101,20,2026-09-06 01:08:21
INV_109323,STR_127,PRD_1917,135,36,2026-09-06 01:13:55
INV_109324,STR_137,PRD_2338,184,19,2026-09-06 01:19:29
INV_109325,STR_105,PRD_1939,177,29,2026-09-06 01:25:03
INV_109326,STR_139,PRD_1804,114,41,2026-09-06 01:30:37
INV_109327,STR_116,PRD_1161,89,36,2026-09-06 01:36:11
INV_109328,STR_141,PRD_1611,-10,27,2026-09-06T01:41:46.007067137
INV_109329,STR_104,PRD_2392,110,35,2026-09-06 01:47:20
INV_109330,STR_118,PRD_2208,78,44,06/09/2026 01:52
INV_109331,STR_142,PRD_1952,9,37,2026-09-06 01:58:28
INV_109332,STR_141,PRD_1275,6,10,2026-09-06 02:04:02
INV_109333,STR_134,PRD_1996,166,43,2026-09-06 02:09:36
INV_109334,STR_121,PRD_1528,139,35,2026-09-06 02:15:10
INV_109335,STR_123,PRD_2459,103,15,2026-09-06 02:20:44
INV_109336,STR_109,PRD_2283,150,34,2026-09-06 02:26:18
INV_109337,STR_101,PRD_1958,15,26,2026-09-06 02:31:52
INV_109338,STR_127,PRD_2268,16,35,2026-09-06 02:37:27
INV_109339,STR_140,PRD_2361,177,30,06/09/2026 02:43
INV_109340,STR_136,PRD_1049,151,41,2026-09-06 02:48:35
INV_109341,STR_116,PRD_2295,76,34,06/09/2026 02:54
INV_109342,STR_105,PRD_2258,69,41,2026-09-06 02:59:43
INV_109343,STR_142,PRD_1583,195,28,2026-09-06 03:05:17
INV_109344,STR_104,PRD_1913,169,11,2026-09-06 03:10:51
INV_109345,STR_138,PRD_2329,44,44,2026-09-06 03:16:25
INV_109346,STR_106,PRD_1476,50,25,2026-09-06 03:21:59
INV_109347,STR_131,PRD_1487,167,25,06/09/2026 03:27
INV_109348,STR_103,PRD_1079,180,42,2026-09-06 03:33:08
INV_109349,STR_120,PRD_2309,181,33,2026-09-06 03:38:42
INV_109350,STR_141,PRD_1560,3,40,06/09/2026 03:44
INV_109351,STR_131,PRD_2121,115,32,2026-09-06T03:49:50.359357290
INV_109352,STR_117,PRD_1405,98,26,2026-09-06 03:55:24
INV_109353,STR_132,PRD_1536,111,42,2026-09-06 04:00:58
INV_109354,STR_113,PRD_1254,40,46,2026-09-06 04:06:32
INV_109355,STR_105,PRD_1959,102,45,06/09/2026 04:12
INV_109356,STR_110,PRD_1486,144,28,2026-09-06 04:17:40
INV_109357,STR_145,PRD_2217,157,30,2026-09-06 04:23:14
INV_109358,STR_119,PRD_1515,57,48,2026-09-06 04:28:49
INV_109359,STR_128,PRD_1463,-2,49,06/09/2026 04:34
INV_109360,STR_134,PRD_1779,173,28,2026-09-06T04:39:57.279818654
INV_109361,STR_115,PRD_1035,28,17,2026-09-06 04:45:31
INV_109362,STR_147,PRD_1015,132,35,2026-09-06 04:51:05
INV_109363,STR_106,PRD_1918,78,27,06/09/2026 04:56
INV_109364,STR_139,PRD_1648,7,23,2026-09-06T05:02:13.688912594
INV_109365,STR_135,PRD_1822,41,27,2026-09-06 05:07:47
INV_109366,STR_143,PRD_1072,178,46,2026-09-06T05:13:21.893459564
INV_109367,STR_143,PRD_2343,26,37,2026-09-06 05:18:55
INV_109368,STR_130,PRD_2268,69,42,06/09/2026 05:24
INV_109369,STR_141,PRD_1739,170,15,06/09/2026 05:30
INV_109370,STR_143,PRD_2218,129,16,06/09/2026 05:35
INV_109371,STR_142,PRD_1757,198,14,06/09/2026 05:41
INV_109372,STR_142,PRD_1905,142,36,2026-09-06 05:46:46
INV_109373,STR_146,PRD_2018,68,17,2026-09-06 05:52:20
INV_109374,STR_105,PRD_2112,14,47,2026-09-06 05:57:54
INV_109375,STR_128,PRD_1797,138,42,2026-09-06 06:03:28
INV_109376,STR_126,PRD_2162,111,21,2026-09-06 06:09:02
INV_109377,STR_142,PRD_2420,77,46,2026-09-06 06:14:37
INV_109378,STR_101,PRD_1952,124,46,2026-09-06 06:20:11
INV_109379,STR_121,PRD_1483,193,24,06/09/2026 06:25
INV_109380,STR_108,PRD_1386,166,26,2026-09-06 06:31:19
INV_109381,STR_110,PRD_2391,28,46,2026-09-06 06:36:53
INV_109382,STR_115,PRD_1457,64,38,2026-09-06T06:42:27.529835322
INV_109383,STR_144,PRD_1421,86,12,2026-09-06 06:48:01
INV_109384,STR_112,PRD_1231,38,20,2026-09-06 06:53:35
INV_109385,STR_117,PRD_1538,151,35,2026-09-06 06:59:09
INV_109386,STR_124,PRD_2367,192,49,2026-09-06 07:04:43
INV_109387,STR_132,PRD_1719,133,15,2026-09-06 07:10:18
INV_109388,STR_8888,PRD_2161,85,44,06/09/2026 07:15
INV_109389,STR_109,PRD_2397,132,33,2026-09-06 07:21:26
INV_109390,STR_129,PRD_2460,29,48,2026-09-06T07:27:00.348023201
INV_109391,STR_9999,PRD_1154,196,43,2026-09-06 07:32:34
INV_109392,STR_148,PRD_1518,-4,33,2026-09-06 07:38:08
INV_109393,STR_100,PRD_2138,90,28,2026-09-06T07:43:42.654843656
INV_109394,STR_132,PRD_2115,29,22,2026-09-06 07:49:16
INV_109395,STR_148,PRD_2369,183,18,2026-09-06T07:54:50.859390626
INV_109396,STR_114,PRD_1583,59,28,2026-09-06T08:00:24.961664111
INV_109397,STR_128,PRD_2114,92,41,2026-09-06 08:05:59
INV_109398,STR_101,PRD_1699,81,30,2026-09-06 08:11:33
INV_109399,STR_110,PRD_2421,11,41,06/09/2026 08:17
INV_109400,STR_133,PRD_1104,90,21,06/09/2026 08:22
INV_109401,STR_8888,PRD_1811,176,38,2026-09-06 08:28:15
INV_109402,STR_140,PRD_1965,122,42,06/09/2026 08:33
INV_109403,STR_118,PRD_1595,135,10,2026-09-06 08:39:23
INV_109404,STR_101,PRD_2013,0,13,06/09/2026 08:44
INV_109405,STR_147,PRD_1539,108,22,2026-09-06T08:50:31.882125475
INV_109406,STR_119,PRD_2302,-3,32,2026-09-06 08:56:05
INV_109407,STR_140,PRD_1011,9,37,2026-09-06T09:01:40.086672445
INV_109408,STR_8888,PRD_2330,192,21,06/09/2026 09:07
INV_109409,STR_130,PRD_1363,48,28,2026-09-06 09:12:48
INV_109410,STR_103,PRD_1661,80,42,2026-09-06 09:18:22
INV_109411,STR_128,PRD_2341,142,27,2026-09-06 09:23:56
INV_109412,STR_129,PRD_1537,175,43,06/09/2026 09:29
INV_109413,STR_112,PRD_2237,104,39,2026-09-06 09:35:04
INV_109414,STR_114,PRD_1313,8,15,2026-09-06 09:40:38
INV_109415,STR_119,PRD_2478,114,13,2026-09-06 09:46:12
INV_109416,STR_133,PRD_2422,119,21,2026-09-06 09:51:47
INV_109417,STR_127,PRD_2245,95,32,2026-09-06 09:57:21
INV_109418,STR_119,PRD_1579,175,37,2026-09-06 10:02:55
INV_109419,STR_149,PRD_1261,55,20,2026-09-06T10:08:29.313954263
INV_109420,STR_124,PRD_1495,-4,37,2026-09-06 10:14:03
INV_109421,STR_126,PRD_1622,40,49,06/09/2026 10:19
INV_109422,STR_129,PRD_1129,84,43,2026-09-06T10:25:11.620774718
INV_109423,STR_140,PRD_2182,150,43,2026-09-06 10:30:45
INV_109424,STR_119,PRD_1791,64,30,2026-09-06 10:36:19
INV_109425,STR_100,PRD_2314,93,45,2026-09-06 10:41:53
INV_109426,STR_134,PRD_1088,2,37,06/09/2026 10:47
INV_109427,STR_148,PRD_1967,127,43,2026-09-06 10:53:02
INV_109428,STR_142,PRD_2355,102,38,2026-09-06T10:58:36.234415627
INV_109429,STR_123,PRD_1629,48,35,2026-09-06 11:04:10
INV_109430,STR_124,PRD_1505,27,22,2026-09-06T11:09:44.438962597
INV_109431,STR_139,PRD_2153,9,43,2026-09-06T11:15:18.541236082
INV_109432,STR_111,PRD_1206,3,28,2026-09-06T11:20:52.643509567
INV_109433,STR_110,PRD_2383,29,17,2026-09-06T11:26:26.745783052
INV_109434,STR_129,PRD_2082,124,38,2026-09-06T11:32:00.848056537
INV_109435,STR_112,PRD_2119,186,49,2026-09-06 11:37:34
INV_109436,STR_146,PRD_2269,-5,25,2026-09-06 11:43:09
INV_109437,STR_124,PRD_2482,157,37,2026-09-06 11:48:43
INV_109438,STR_8888,PRD_2168,170,39,2026-09-06 11:54:17
INV_109439,STR_124,PRD_2333,-2,32,06/09/2026 11:59
INV_109440,STR_116,PRD_1533,95,38,2026-09-06 12:05:25
INV_109441,STR_111,PRD_2404,54,29,06/09/2026 12:10
INV_109442,STR_9999,PRD_2376,137,26,06/09/2026 12:16
INV_109443,STR_8888,PRD_1883,123,35,06/09/2026 12:22
INV_109444,STR_110,PRD_1950,85,48,06/09/2026 12:27
INV_109445,STR_109,PRD_1284,194,42,2026-09-06T12:33:15.973064871
INV_109446,STR_116,PRD_1718,28,23,2026-09-06 12:38:50
INV_109447,STR_144,PRD_1501,112,40,2026-09-06 12:44:24
INV_109448,STR_115,PRD_1257,10,25,2026-09-06 12:49:58
INV_109449,STR_8888,PRD_1809,26,30,2026-09-06 12:55:32
INV_109450,STR_119,PRD_1051,1,44,06/09/2026 13:01
INV_109451,STR_148,PRD_1549,187,28,2026-09-06 13:06:40
INV_109452,STR_104,PRD_1664,4,15,2026-09-06 13:12:14
INV_109453,STR_140,PRD_2239,138,32,2026-09-06 13:17:48
INV_109454,STR_131,PRD_2469,74,35,2026-09-06 13:23:22
INV_109455,STR_126,PRD_2246,81,18,2026-09-06 13:28:56
INV_109456,STR_103,PRD_1654,89,22,2026-09-06T13:34:31.098073205
INV_109457,STR_140,PRD_1965,198,24,06/09/2026 13:40
INV_109458,STR_147,PRD_2128,163,41,2026-09-06 13:45:39
INV_109459,STR_106,PRD_1521,188,48,2026-09-06 13:51:13
INV_109460,STR_145,PRD_1968,98,26,06/09/2026 13:56
INV_109461,STR_113,PRD_2000,75,38,2026-09-06 14:02:21
INV_109462,STR_138,PRD_1887,127,49,2026-09-06 14:07:55
INV_109463,STR_123,PRD_2406,71,27,2026-09-06 14:13:29
INV_109464,STR_147,PRD_2137,55,43,06/09/2026 14:19
INV_109465,STR_117,PRD_1744,107,34,2026-09-06T14:24:38.018534569
INV_109466,STR_137,PRD_2092,193,21,2026-09-06T14:30:12.120808054
INV_109467,STR_138,PRD_2388,106,24,2026-09-06 14:35:46
INV_109468,STR_9999,PRD_2067,156,33,06/09/2026 14:41
INV_109469,STR_139,PRD_1210,11,18,2026-09-06T14:46:54.427628508
INV_109470,STR_100,PRD_1275,75,49,2026-09-06 14:52:28
INV_109471,STR_116,PRD_2130,159,29,2026-09-06 14:58:02
INV_109472,STR_125,PRD_1478,123,34,2026-09-06T15:03:36.734448963
INV_109473,STR_9999,PRD_1204,99,33,06/09/2026 15:09
INV_109474,STR_121,PRD_1118,169,35,2026-09-06 15:14:44
INV_109475,STR_138,PRD_1485,154,23,2026-09-06 15:20:19
INV_109476,STR_117,PRD_1108,-5,14,2026-09-06 15:25:53
INV_109477,STR_137,PRD_1453,62,38,2026-09-06 15:31:27
INV_109478,STR_127,PRD_2262,146,17,2026-09-06 15:37:01
INV_109479,STR_120,PRD_2031,90,26,2026-09-06 15:42:35
INV_109480,STR_137,PRD_1511,186,31,2026-09-06 15:48:09
INV_109481,STR_132,PRD_2066,168,27,2026-09-06 15:53:43
INV_109482,STR_129,PRD_2417,66,36,06/09/2026 15:59
INV_109483,STR_141,PRD_1131,16,11,2026-09-06 16:04:51
INV_109484,STR_107,PRD_1750,154,10,2026-09-06T16:10:25.961730782
INV_109485,STR_129,PRD_1393,163,17,06/09/2026 16:16
INV_109486,STR_138,PRD_1197,87,30,2026-09-06 16:21:34
INV_109487,STR_108,PRD_2487,14,33,2026-09-06 16:27:08
INV_109488,STR_132,PRD_2144,154,11,2026-09-06 16:32:42
INV_109489,STR_142,PRD_2323,140,47,2026-09-06T16:38:16.473098206
INV_109490,STR_128,PRD_1219,143,37,06/09/2026 16:43
INV_109491,STR_130,PRD_1867,65,43,2026-09-06T16:49:24.677645176
INV_109492,STR_102,PRD_1093,109,21,06/09/2026 16:54
INV_109493,STR_149,PRD_2315,169,14,2026-09-06 17:00:32
INV_109494,STR_137,PRD_1152,-8,45,2026-09-06 17:06:06
INV_109495,STR_110,PRD_1524,62,17,06/09/2026 17:11
INV_109496,STR_104,PRD_1718,100,39,2026-09-06 17:17:15
INV_109497,STR_130,PRD_1766,68,19,2026-09-06T17:22:49.291286085
INV_109498,STR_119,PRD_2445,61,30,2026-09-06T17:28:23.393559570
INV_109499,STR_103,PRD_2181,145,43,2026-09-06 17:33:57
INV_109500,STR_107,PRD_2293,197,43,2026-09-06 17:39:31
INV_109501,STR_141,PRD_1817,23,13,2026-09-06 17:45:05
INV_109502,STR_134,PRD_1256,73,20,2026-09-06T17:50:39.802653510
INV_109503,STR_112,PRD_1700,54,31,06/09/2026 17:56
INV_109504,STR_148,PRD_1514,18,32,2026-09-06 18:01:48
INV_109505,STR_104,PRD_2260,-7,43,06/09/2026 18:07
INV_109506,STR_139,PRD_1444,185,39,2026-09-06 18:12:56
INV_109507,STR_118,PRD_1170,108,34,2026-09-06 18:18:30
INV_109508,STR_117,PRD_1269,179,33,2026-09-06 18:24:04
INV_109509,STR_132,PRD_1600,155,34,2026-09-06 18:29:38
INV_109510,STR_103,PRD_1636,184,39,06/09/2026 18:35
INV_109511,STR_117,PRD_1066,119,48,06/09/2026 18:40
INV_109512,STR_145,PRD_1774,102,25,06/09/2026 18:46
INV_109513,STR_123,PRD_1007,81,19,06/09/2026 18:51
INV_109514,STR_142,PRD_2471,65,40,2026-09-06T18:57:29.029935329
INV_109515,STR_128,PRD_1134,114,20,06/09/2026 19:03
INV_109516,STR_130,PRD_1815,33,18,2026-09-06T19:08:37.234482299
INV_109517,STR_127,PRD_1829,196,45,2026-09-06 19:14:11
INV_109518,STR_108,PRD_1024,103,28,06/09/2026 19:19
INV_109519,STR_144,PRD_1464,94,14,06/09/2026 19:25
INV_109520,STR_125,PRD_1373,84,21,2026-09-06 19:30:53
INV_109521,STR_148,PRD_1195,106,19,2026-09-06 19:36:27
INV_109522,STR_146,PRD_1703,90,23,2026-09-06 19:42:01
INV_109523,STR_101,PRD_1401,21,29,2026-09-06T19:47:35.950396693
INV_109524,STR_105,PRD_1121,120,29,2026-09-06 19:53:10
INV_109525,STR_128,PRD_1771,6,45,2026-09-06T19:58:44.154943663
INV_109526,STR_125,PRD_1558,108,34,2026-09-06 20:04:18
INV_109527,STR_127,PRD_2232,129,14,2026-09-06T20:09:52.359490632
INV_109528,STR_106,PRD_2324,53,36,06/09/2026 20:15
INV_109529,STR_133,PRD_1953,180,11,2026-09-06 20:21:00
INV_109530,STR_144,PRD_1907,67,21,06/09/2026 20:26
INV_109531,STR_109,PRD_2062,189,37,06/09/2026 20:32
INV_109532,STR_147,PRD_1618,30,22,06/09/2026 20:37
INV_109533,STR_140,PRD_1740,-9,30,2026-09-06T20:43:16.973131542
INV_109534,STR_139,PRD_1946,170,17,2026-09-06 20:48:51
INV_109535,STR_146,PRD_1796,23,21,2026-09-06 20:54:25
INV_109536,STR_121,PRD_1205,114,20,2026-09-06 20:59:59
INV_109537,STR_126,PRD_1582,77,28,2026-09-06 21:05:33
INV_109538,STR_138,PRD_1696,101,17,06/09/2026 21:11
INV_109539,STR_121,PRD_1411,191,36,2026-09-06 21:16:41
INV_109540,STR_118,PRD_2356,29,16,2026-09-06T21:22:15.689045936
INV_109541,STR_135,PRD_1207,188,30,2026-09-06T21:27:49.791319421
INV_109542,STR_108,PRD_1404,182,36,2026-09-06T21:33:23.893592906
INV_109543,STR_118,PRD_1387,44,23,2026-09-06 21:38:57
INV_109544,STR_101,PRD_2405,115,41,2026-09-06T21:44:32.098139876
INV_109545,STR_127,PRD_1866,63,38,06/09/2026 21:50
INV_109546,STR_138,PRD_1270,168,33,06/09/2026 21:55
INV_109547,STR_121,PRD_1436,-6,37,06/09/2026 22:01
INV_109548,STR_9999,PRD_1857,45,33,2026-09-06 22:06:48
INV_109549,STR_105,PRD_2453,107,11,06/09/2026 22:12
INV_109550,STR_146,PRD_1344,138,40,2026-09-06 22:17:56
INV_109551,STR_106,PRD_1148,47,21,2026-09-06 22:23:30
INV_109552,STR_105,PRD_1627,190,10,2026-09-06T22:29:04.916327755
INV_109553,STR_132,PRD_2415,82,30,2026-09-06 22:34:39
INV_109554,STR_113,PRD_1186,20,38,2026-09-06 22:40:13
INV_109555,STR_100,PRD_1019,163,39,2026-09-06 22:45:47
INV_109556,STR_124,PRD_2361,144,10,2026-09-06 22:51:21
INV_109557,STR_105,PRD_1372,187,31,2026-09-06 22:56:55
INV_109558,STR_127,PRD_1978,96,17,2026-09-06 23:02:29
INV_109559,STR_117,PRD_1066,148,22,2026-09-06 23:08:03
INV_109560,STR_126,PRD_2462,158,23,2026-09-06 23:13:37
INV_109561,STR_148,PRD_2085,34,10,06/09/2026 23:19
INV_109562,STR_101,PRD_1785,153,41,2026-09-06 23:24:45
INV_109563,STR_139,PRD_1621,-9,47,2026-09-06 23:30:20
INV_109564,STR_120,PRD_1084,51,21,2026-09-06 23:35:54
INV_109565,STR_122,PRD_2429,138,25,2026-09-06 23:41:28
INV_109566,STR_101,PRD_2418,151,33,2026-09-06 23:47:02
INV_109567,STR_115,PRD_1175,75,29,2026-09-06T23:52:36.450430028
INV_109568,STR_103,PRD_1358,2,41,2026-09-06T23:58:10.552703513
INV_109569,STR_133,PRD_1830,8,36,2026-09-07 00:03:44
INV_109570,STR_104,PRD_1290,150,43,2026-09-07 00:09:18
INV_109571,STR_148,PRD_1129,113,31,2026-09-07 00:14:52
INV_109572,STR_133,PRD_1478,91,12,07/09/2026 00:20
INV_109573,STR_121,PRD_1647,93,26,2026-09-07 00:26:01
INV_109574,STR_145,PRD_1531,38,23,07/09/2026 00:31
INV_109575,STR_119,PRD_1263,-8,36,2026-09-07 00:37:09
INV_109576,STR_138,PRD_1958,155,48,07/09/2026 00:42
INV_109577,STR_146,PRD_1502,60,29,2026-09-07 00:48:17
INV_109578,STR_149,PRD_2183,4,40,2026-09-07T00:53:51.575438362
INV_109579,STR_112,PRD_1908,27,40,2026-09-07 00:59:25
INV_109580,STR_143,PRD_2104,142,38,2026-09-07T01:04:59.779985332
INV_109581,STR_133,PRD_2436,50,41,2026-09-07T01:10:33.882258817
INV_109582,STR_143,PRD_1474,167,39,07/09/2026 01:16
INV_109583,STR_105,PRD_1887,-1,36,2026-09-07 01:21:42
INV_109584,STR_128,PRD_1017,89,28,2026-09-07 01:27:16
INV_109585,STR_132,PRD_2092,90,37,2026-09-07 01:32:50
INV_109586,STR_100,PRD_1907,167,19,2026-09-07 01:38:24
INV_109587,STR_146,PRD_1129,112,25,07/09/2026 01:43
INV_109588,STR_147,PRD_1937,31,40,2026-09-07 01:49:32
INV_109589,STR_106,PRD_1814,188,19,2026-09-07 01:55:06
INV_109590,STR_121,PRD_2333,169,19,2026-09-07T02:00:40.802720181
INV_109591,STR_131,PRD_1014,163,37,07/09/2026 02:06
INV_109592,STR_113,PRD_2209,29,21,2026-09-07 02:11:49
INV_109593,STR_9999,PRD_2440,175,42,2026-09-07 02:17:23
INV_109594,STR_123,PRD_2006,13,37,2026-09-07 02:22:57
INV_109595,STR_118,PRD_1706,58,27,07/09/2026 02:28
INV_109596,STR_126,PRD_1702,74,37,07/09/2026 02:34
INV_109597,STR_122,PRD_1745,157,37,2026-09-07T02:39:39.518634575
INV_109598,STR_144,PRD_1431,137,48,07/09/2026 02:45
INV_109599,STR_120,PRD_2089,18,23,2026-09-07 02:50:47
INV_109600,STR_143,PRD_2104,26,17,2026-09-07 02:56:21
INV_109601,STR_128,PRD_1035,9,39,07/09/2026 03:01
INV_109602,STR_100,PRD_1746,135,45,2026-09-07 03:07:30
INV_109603,STR_130,PRD_1016,-7,12,2026-09-07 03:13:04
INV_109604,STR_126,PRD_1513,128,19,2026-09-07 03:18:38
INV_109605,STR_143,PRD_1032,181,18,2026-09-07 03:24:12
INV_109606,STR_135,PRD_1348,75,49,2026-09-07T03:29:46.439095939
INV_109607,STR_126,PRD_2403,41,22,2026-09-07 03:35:20
INV_109608,STR_114,PRD_1507,32,31,2026-09-07T03:40:54.643642909
INV_109609,STR_124,PRD_1645,131,33,2026-09-07 03:46:28
INV_109610,STR_147,PRD_1938,111,16,2026-09-07 03:52:02
INV_109611,STR_114,PRD_1855,162,22,2026-09-07 03:57:36
INV_109612,STR_139,PRD_2290,145,15,2026-09-07 04:03:11
INV_109613,STR_118,PRD_1516,121,19,2026-09-07T04:08:45.155010334
INV_109614,STR_146,PRD_1797,133,20,07/09/2026 04:14
INV_109615,STR_149,PRD_1484,155,38,2026-09-07 04:19:53
INV_109616,STR_110,PRD_2370,180,25,07/09/2026 04:25
INV_109617,STR_140,PRD_1663,140,29,2026-09-07 04:31:01
INV_109618,STR_132,PRD_1442,66,30,2026-09-07 04:36:35
INV_109619,STR_140,PRD_1377,137,38,07/09/2026 04:42
INV_109620,STR_122,PRD_2013,186,23,2026-09-07 04:47:43
INV_109621,STR_111,PRD_1962,72,25,2026-09-07 04:53:17
INV_109622,STR_101,PRD_1572,138,18,07/09/2026 04:58
INV_109623,STR_142,PRD_1357,159,15,2026-09-07 05:04:26
INV_109624,STR_120,PRD_1537,58,47,2026-09-07 05:10:00
INV_109625,STR_113,PRD_1620,3,38,2026-09-07 05:15:34
INV_109626,STR_133,PRD_2233,59,27,2026-09-07 05:21:08
INV_109627,STR_114,PRD_1805,-6,33,2026-09-07 05:26:42
INV_109628,STR_120,PRD_2065,141,26,2026-09-07T05:32:16.689112607
INV_109629,STR_122,PRD_1815,146,45,07/09/2026 05:37
INV_109630,STR_120,PRD_1012,-9,30,2026-09-07 05:43:24
INV_109631,STR_149,PRD_1823,-5,28,2026-09-07 05:48:58
INV_109632,STR_113,PRD_1488,23,32,2026-09-07T05:54:33.098206547
INV_109633,STR_120,PRD_2210,193,36,2026-09-07 06:00:07
INV_109634,STR_111,PRD_2086,11,20,2026-09-07T06:05:41.302753517
INV_109635,STR_141,PRD_2359,121,35,07/09/2026 06:11
INV_109636,STR_145,PRD_1554,102,20,2026-09-07T06:16:49.507300486
INV_109637,STR_146,PRD_1744,123,31,2026-09-07T06:22:23.609573971
INV_109638,STR_104,PRD_1074,56,28,2026-09-07 06:27:57
INV_109639,STR_101,PRD_1764,66,17,2026-09-07T06:33:31.814120941
INV_109640,STR_121,PRD_1824,180,32,07/09/2026 06:39
INV_109641,STR_105,PRD_2172,79,32,2026-09-07 06:44:40
INV_109642,STR_143,PRD_1206,105,49,2026-09-07 06:50:14
INV_109643,STR_101,PRD_1692,190,18,2026-09-07 06:55:48
INV_109644,STR_128,PRD_2264,76,33,2026-09-07 07:01:22
INV_109645,STR_135,PRD_1675,57,21,2026-09-07 07:06:56
INV_109646,STR_106,PRD_1574,151,21,07/09/2026 07:12
INV_109647,STR_115,PRD_1893,90,41,2026-09-07T07:18:04.632308820
INV_109648,STR_132,PRD_2258,189,11,07/09/2026 07:23
INV_109649,STR_132,PRD_1124,151,15,2026-09-07 07:29:12
INV_109650,STR_113,PRD_1256,46,13,2026-09-07 07:34:46
INV_109651,STR_142,PRD_2115,154,22,2026-09-07 07:40:21
INV_109652,STR_111,PRD_1736,123,45,2026-09-07 07:45:55
INV_109653,STR_142,PRD_2230,60,48,2026-09-07 07:51:29
INV_109654,STR_105,PRD_2440,162,47,2026-09-07 07:57:03
INV_109655,STR_111,PRD_1287,158,27,2026-09-07T08:02:37.450496699
INV_109656,STR_130,PRD_2238,92,24,2026-09-07T08:08:11.552770184
INV_109657,STR_111,PRD_1637,122,42,2026-09-07 08:13:45
INV_109658,STR_109,PRD_1766,49,39,2026-09-07T08:19:19.757317154
INV_109659,STR_139,PRD_1511,184,45,2026-09-07 08:24:53
INV_109660,STR_126,PRD_1572,134,34,2026-09-07 08:30:27
INV_109661,STR_8888,PRD_1367,98,13,2026-09-07T08:36:02.064137609
INV_109662,STR_9999,PRD_2424,182,27,2026-09-07 08:41:36
INV_109663,STR_106,PRD_2224,90,42,2026-09-07T08:47:10.268684579
INV_109664,STR_145,PRD_1284,172,29,2026-09-07 08:52:44
INV_109665,STR_135,PRD_1062,-2,30,07/09/2026 08:58
INV_109666,STR_132,PRD_1645,121,10,2026-09-07 09:03:52
INV_109667,STR_126,PRD_1750,159,43,2026-09-07 09:09:26
INV_109668,STR_107,PRD_1763,163,18,2026-09-07 09:15:00
INV_109669,STR_104,PRD_1360,63,10,2026-09-07 09:20:34
INV_109670,STR_107,PRD_2210,85,36,2026-09-07 09:26:08
INV_109671,STR_139,PRD_1370,118,24,2026-09-07 09:31:43
INV_109672,STR_120,PRD_2044,76,33,2026-09-07T09:37:17.189145943
INV_109673,STR_123,PRD_1940,104,34,2026-09-07 09:42:51
INV_109674,STR_106,PRD_1940,134,43,2026-09-07 09:48:25
INV_109675,STR_118,PRD_1854,105,19,2026-09-07 09:53:59
INV_109676,STR_130,PRD_1802,117,39,07/09/2026 09:59
INV_109677,STR_135,PRD_2331,80,34,2026-09-07 10:05:07
INV_109678,STR_126,PRD_1045,68,12,2026-09-07 10:10:41
INV_109679,STR_128,PRD_1193,107,31,2026-09-07 10:16:15
INV_109680,STR_122,PRD_2080,-4,49,07/09/2026 10:21
INV_109681,STR_119,PRD_2480,122,33,07/09/2026 10:27
INV_109682,STR_105,PRD_1332,169,36,2026-09-07 10:32:58
INV_109683,STR_111,PRD_1746,105,35,2026-09-07 10:38:32
INV_109684,STR_149,PRD_1865,92,25,2026-09-07 10:44:06
INV_109685,STR_111,PRD_2039,42,47,2026-09-07 10:49:40
INV_109686,STR_149,PRD_1644,108,13,07/09/2026 10:55
INV_109687,STR_102,PRD_1743,-8,32,2026-09-07 11:00:48
INV_109688,STR_141,PRD_1149,51,28,2026-09-07 11:06:22
INV_109689,STR_138,PRD_2005,21,24,2026-09-07 11:11:56
INV_109690,STR_134,PRD_1801,-9,40,2026-09-07 11:17:31
INV_109691,STR_118,PRD_1881,69,33,2026-09-07 11:23:05
INV_109692,STR_144,PRD_1825,113,20,2026-09-07 11:28:39
INV_109693,STR_103,PRD_2236,70,19,07/09/2026 11:34
INV_109694,STR_130,PRD_1390,42,17,07/09/2026 11:39
INV_109695,STR_141,PRD_1280,129,12,2026-09-07 11:45:21
INV_109696,STR_137,PRD_1538,113,28,2026-09-07 11:50:55
INV_109697,STR_132,PRD_1341,122,13,07/09/2026 11:56
INV_109698,STR_105,PRD_1673,-7,38,2026-09-07T12:02:03.848256550
INV_109699,STR_107,PRD_2360,45,30,07/09/2026 12:07
INV_109700,STR_127,PRD_2018,69,18,2026-09-07 12:13:12
INV_109701,STR_114,PRD_2098,199,27,07/09/2026 12:18
INV_109702,STR_130,PRD_1092,181,28,2026-09-07 12:24:20
INV_109703,STR_107,PRD_2019,34,26,2026-09-07 12:29:54
INV_109704,STR_105,PRD_1114,177,33,07/09/2026 12:35
INV_109705,STR_128,PRD_2444,137,15,07/09/2026 12:41
INV_109706,STR_9999,PRD_1112,42,40,2026-09-07 12:46:36
INV_109707,STR_145,PRD_2391,62,36,2026-09-07 12:52:10
INV_109708,STR_133,PRD_2083,5,43,2026-09-07 12:57:44
INV_109709,STR_106,PRD_2305,82,36,2026-09-07 13:03:18
INV_109710,STR_139,PRD_1236,102,36,2026-09-07 13:08:53
INV_109711,STR_109,PRD_1637,19,44,2026-09-07 13:14:27
INV_109712,STR_112,PRD_2068,9,21,2026-09-07T13:20:01.280085339
INV_109713,STR_121,PRD_2220,95,38,2026-09-07 13:25:35
INV_109714,STR_120,PRD_1723,76,15,2026-09-07T13:31:09.484632309
INV_109715,STR_8888,PRD_1498,169,46,2026-09-07T13:36:43.586905793
INV_109716,STR_100,PRD_1448,25,16,2026-09-07 13:42:17
INV_109717,STR_140,PRD_1194,11,15,2026-09-07 13:47:51
INV_109718,STR_141,PRD_2218,118,28,2026-09-07T13:53:25.893726248
INV_109719,STR_8888,PRD_1574,10,23,2026-09-07 13:58:59
INV_109720,STR_101,PRD_1581,165,30,2026-09-07T14:04:34.098273218
INV_109721,STR_8888,PRD_1309,189,23,07/09/2026 14:10
INV_109722,STR_128,PRD_1590,-6,49,2026-09-07 14:15:42
INV_109723,STR_110,PRD_1547,109,23,2026-09-07 14:21:16
INV_109724,STR_136,PRD_1388,157,41,2026-09-07 14:26:50
INV_109725,STR_149,PRD_2458,71,35,2026-09-07 14:32:24
INV_109726,STR_106,PRD_1799,68,12,07/09/2026 14:37
INV_109727,STR_134,PRD_1660,34,24,07/09/2026 14:43
INV_109728,STR_129,PRD_1784,148,30,2026-09-07 14:49:06
INV_109729,STR_115,PRD_2224,132,39,2026-09-07 14:54:41
INV_109730,STR_114,PRD_1533,47,23,2026-09-07 15:00:15
INV_109731,STR_139,PRD_1296,170,48,2026-09-07T15:05:49.223281552
INV_109732,STR_119,PRD_1826,34,46,2026-09-07 15:11:23
INV_109733,STR_127,PRD_1726,184,37,2026-09-07T15:16:57.427828522
INV_109734,STR_136,PRD_1330,159,11,07/09/2026 15:22
INV_109735,STR_102,PRD_1633,141,31,2026-09-07 15:28:05
INV_109736,STR_128,PRD_1854,27,16,2026-09-07T15:33:39.734648976
INV_109737,STR_136,PRD_2284,40,41,2026-09-07 15:39:13
INV_109738,STR_108,PRD_2078,13,25,2026-09-07 15:44:47
INV_109739,STR_126,PRD_2305,194,45,2026-09-07 15:50:22
INV_109740,STR_131,PRD_1771,80,11,07/09/2026 15:55
INV_109741,STR_147,PRD_1874,150,26,2026-09-07 16:01:30
INV_109742,STR_145,PRD_1741,136,12,2026-09-07 16:07:04
INV_109743,STR_149,PRD_1637,14,32,2026-09-07 16:12:38
INV_109744,STR_138,PRD_1441,59,46,07/09/2026 16:18
INV_109745,STR_130,PRD_2282,38,48,2026-09-07 16:23:46
INV_109746,STR_146,PRD_1892,6,37,2026-09-07 16:29:20
INV_109747,STR_125,PRD_1145,138,17,2026-09-07 16:34:54
INV_109748,STR_139,PRD_1390,32,42,2026-09-07 16:40:28
INV_109749,STR_102,PRD_1372,193,13,2026-09-07 16:46:03
INV_109750,STR_110,PRD_2068,194,16,2026-09-07T16:51:37.166477765
INV_109751,STR_8888,PRD_2420,71,20,2026-09-07T16:57:11.268751250
INV_109752,STR_128,PRD_1261,139,49,07/09/2026 17:02
INV_109753,STR_126,PRD_1930,52,17,2026-09-07 17:08:19
INV_109754,STR_149,PRD_1745,13,29,2026-09-07T17:13:53.575571704
INV_109755,STR_146,PRD_1564,22,48,07/09/2026 17:19
INV_109756,STR_109,PRD_1515,184,37,2026-09-07 17:25:01
INV_109757,STR_134,PRD_1684,198,20,2026-09-07 17:30:35
INV_109758,STR_146,PRD_1485,6,31,2026-09-07T17:36:09.984665644
INV_109759,STR_122,PRD_1833,165,45,07/09/2026 17:41
INV_109760,STR_105,PRD_1465,33,15,07/09/2026 17:47
INV_109761,STR_110,PRD_1465,142,16,2026-09-07 17:52:52
INV_109762,STR_142,PRD_1021,189,19,2026-09-07T17:58:26.393759584
INV_109763,STR_9999,PRD_1395,96,49,2026-09-07T18:04:00.496033069
INV_109764,STR_126,PRD_2232,88,13,07/09/2026 18:09
INV_109765,STR_130,PRD_1144,177,18,2026-09-07T18:15:08.700580038
INV_109766,STR_129,PRD_1419,18,47,2026-09-07 18:20:42
INV_109767,STR_102,PRD_2372,1,28,07/09/2026 18:26
INV_109768,STR_112,PRD_1304,89,42,2026-09-07 18:31:51
INV_109769,STR_139,PRD_2000,116,47,07/09/2026 18:37
INV_109770,STR_120,PRD_1043,126,31,2026-09-07 18:42:59
INV_109771,STR_142,PRD_1106,75,48,07/09/2026 18:48
INV_109772,STR_110,PRD_1149,42,10,2026-09-07 18:54:07
INV_109773,STR_144,PRD_2287,50,30,2026-09-07 18:59:41
INV_109774,STR_102,PRD_1109,148,16,2026-09-07 19:05:15
INV_109775,STR_137,PRD_2041,102,16,07/09/2026 19:10
INV_109776,STR_130,PRD_1749,37,31,2026-09-07T19:16:23.825588372
INV_109777,STR_123,PRD_2359,97,22,2026-09-07 19:21:57
INV_109778,STR_141,PRD_1238,68,32,2026-09-07 19:27:32
INV_109779,STR_9999,PRD_1723,36,31,2026-09-07 19:33:06
INV_109780,STR_111,PRD_1742,150,35,2026-09-07T19:38:40.234682312
INV_109781,STR_145,PRD_1327,56,27,07/09/2026 19:44
INV_109782,STR_142,PRD_1861,53,16,2026-09-07T19:49:48.439229282
INV_109783,STR_126,PRD_2317,111,11,2026-09-07 19:55:22
INV_109784,STR_120,PRD_2436,134,28,2026-09-07 20:00:56
INV_109785,STR_124,PRD_1460,33,23,2026-09-07 20:06:30
INV_109786,STR_129,PRD_2104,-6,34,2026-09-07 20:12:04
INV_109787,STR_129,PRD_2278,83,42,2026-09-07 20:17:38
INV_109788,STR_109,PRD_1743,179,48,2026-09-07 20:23:13
INV_109789,STR_102,PRD_1362,180,29,2026-09-07T20:28:47.155143676
INV_109790,STR_112,PRD_2480,68,14,2026-09-07 20:34:21
INV_109791,STR_126,PRD_1897,28,30,07/09/2026 20:39
INV_109792,STR_117,PRD_1442,189,22,2026-09-07 20:45:29
INV_109793,STR_144,PRD_1885,159,23,2026-09-07 20:51:03
INV_109794,STR_123,PRD_1983,91,25,2026-09-07 20:56:37
INV_109795,STR_145,PRD_2261,81,37,2026-09-07T21:02:11.768784585
INV_109796,STR_113,PRD_1260,10,10,2026-09-07T21:07:45.871058070
INV_109797,STR_138,PRD_2296,164,11,2026-09-07 21:13:19
INV_109798,STR_143,PRD_1279,63,17,2026-09-07T21:18:54.075605040
INV_109799,STR_103,PRD_1925,17,22,2026-09-07 21:24:28
INV_109800,STR_115,PRD_1945,138,47,2026-09-07 21:30:02
INV_109801,STR_9999,PRD_2173,102,28,2026-09-07 21:35:36
INV_109802,STR_109,PRD_1151,17,11,2026-09-07 21:41:10
INV_109803,STR_147,PRD_1793,75,40,07/09/2026 21:46
INV_109804,STR_136,PRD_2035,91,19,2026-09-07 21:52:18
INV_109805,STR_126,PRD_1013,8,14,07/09/2026 21:57
INV_109806,STR_147,PRD_1950,52,32,2026-09-07 22:03:26
INV_109807,STR_100,PRD_1866,105,39,2026-09-07 22:09:00
INV_109808,STR_104,PRD_1444,169,41,2026-09-07 22:14:35
INV_109809,STR_112,PRD_2341,27,10,2026-09-07 22:20:09
INV_109810,STR_144,PRD_1798,35,12,2026-09-07 22:25:43
INV_109811,STR_102,PRD_1731,141,39,2026-09-07 22:31:17
INV_109812,STR_116,PRD_1237,81,46,2026-09-07 22:36:51
INV_109813,STR_118,PRD_1538,162,37,2026-09-07T22:42:25.609707314
INV_109814,STR_136,PRD_1768,194,30,2026-09-07 22:47:59
INV_109815,STR_104,PRD_1808,-2,22,2026-09-07T22:53:33.814254283
INV_109816,STR_146,PRD_1761,-2,49,2026-09-07 22:59:07
INV_109817,STR_141,PRD_1073,10,35,2026-09-07T23:04:42.018801253
INV_109818,STR_143,PRD_2457,13,49,07/09/2026 23:10
INV_109819,STR_123,PRD_2321,84,39,07/09/2026 23:15
INV_109820,STR_142,PRD_1295,181,33,2026-09-07T23:21:24.325621708
INV_109821,STR_132,PRD_1013,82,47,2026-09-07 23:26:58
INV_109822,STR_120,PRD_1611,29,14,07/09/2026 23:32
INV_109823,STR_102,PRD_1394,191,25,2026-09-07 23:38:06
INV_109824,STR_103,PRD_1190,169,25,2026-09-07 23:43:40
INV_109825,STR_9999,PRD_1816,121,19,2026-09-07 23:49:14
INV_109826,STR_131,PRD_2444,120,27,2026-09-07 23:54:48
INV_109827,STR_123,PRD_1105,130,47,2026-09-08T00:00:23.041536102
INV_109828,STR_8888,PRD_2417,10,26,2026-09-08 00:05:57
INV_109829,STR_134,PRD_2461,-3,49,2026-09-08 00:11:31
INV_109830,STR_117,PRD_1006,109,40,2026-09-08T00:17:05.348356557
INV_109831,STR_102,PRD_2104,190,35,2026-09-08 00:22:39
INV_109832,STR_138,PRD_1764,99,35,2026-09-08 00:28:13
INV_109833,STR_125,PRD_1651,118,49,2026-09-08 00:33:47
INV_109834,STR_123,PRD_1484,3,21,2026-09-08 00:39:21
INV_109835,STR_100,PRD_2380,65,27,08/09/2026 00:44
INV_109836,STR_9999,PRD_2334,25,43,2026-09-08 00:50:29
INV_109837,STR_149,PRD_1931,139,44,08/09/2026 00:56
INV_109838,STR_133,PRD_1505,106,20,2026-09-08 01:01:38
INV_109839,STR_111,PRD_1518,153,39,08/09/2026 01:07
INV_109840,STR_116,PRD_1801,34,20,2026-09-08T01:12:46.371091406
INV_109841,STR_120,PRD_1448,133,13,2026-09-08T01:18:20.473364891
INV_109842,STR_120,PRD_1284,0,45,2026-09-08T01:23:54.575638376
INV_109843,STR_102,PRD_2305,56,19,2026-09-08 01:29:28
INV_109844,STR_143,PRD_1073,87,43,2026-09-08 01:35:02
INV_109845,STR_127,PRD_1044,142,40,2026-09-08 01:40:36
INV_109846,STR_124,PRD_1744,79,41,2026-09-08T01:46:10.984732315
INV_109847,STR_143,PRD_1675,184,37,08/09/2026 01:51
INV_109848,STR_105,PRD_2480,148,46,2026-09-08T01:57:19.189279285
INV_109849,STR_141,PRD_1574,102,41,2026-09-08T02:02:53.291552770
INV_109850,STR_129,PRD_2430,182,41,08/09/2026 02:08
INV_109851,STR_131,PRD_1092,79,26,2026-09-08 02:14:01
INV_109852,STR_121,PRD_1321,78,43,2026-09-08 02:19:35
INV_109853,STR_137,PRD_1465,0,44,2026-09-08 02:25:09
INV_109854,STR_113,PRD_1603,69,48,08/09/2026 02:30
INV_109855,STR_133,PRD_1884,73,30,2026-09-08 02:36:17
INV_109856,STR_142,PRD_2006,95,41,2026-09-08 02:41:52
INV_109857,STR_146,PRD_1553,105,43,08/09/2026 02:47
INV_109858,STR_125,PRD_1752,155,43,2026-09-08T02:53:00.212014134
INV_109859,STR_139,PRD_1326,-9,17,2026-09-08 02:58:34
INV_109860,STR_112,PRD_1727,43,25,2026-09-08T03:04:08.416561104
INV_109861,STR_129,PRD_1590,82,44,2026-09-08 03:09:42
INV_109862,STR_118,PRD_2438,-4,32,08/09/2026 03:15
INV_109863,STR_141,PRD_1850,166,31,08/09/2026 03:20
INV_109864,STR_140,PRD_1439,29,40,08/09/2026 03:26
INV_109865,STR_149,PRD_1713,34,38,2026-09-08T03:31:58.927928528
INV_109866,STR_138,PRD_1431,171,47,2026-09-08T03:37:33.030202013
INV_109867,STR_102,PRD_1947,178,28,2026-09-08 03:43:07
INV_109868,STR_130,PRD_1327,121,45,2026-09-08 03:48:41
INV_109869,STR_111,PRD_2280,96,18,2026-09-08 03:54:15
INV_109870,STR_114,PRD_1860,23,44,2026-09-08T03:59:49.439295953
INV_109871,STR_144,PRD_2097,-3,10,08/09/2026 04:05
INV_109872,STR_137,PRD_2257,21,42,2026-09-08T04:10:57.643842923
INV_109873,STR_139,PRD_2281,135,26,2026-09-08 04:16:31
INV_109874,STR_113,PRD_1228,157,35,2026-09-08 04:22:05
INV_109875,STR_134,PRD_2268,64,22,08/09/2026 04:27
INV_109876,STR_115,PRD_2450,173,14,2026-09-08T04:33:14.052936862
INV_109877,STR_149,PRD_2479,26,28,2026-09-08 04:38:48
INV_109878,STR_123,PRD_1743,172,18,2026-09-08 04:44:22
INV_109879,STR_116,PRD_2496,25,15,2026-09-08 04:49:56
INV_109880,STR_117,PRD_2001,-1,30,2026-09-08 04:55:30
INV_109881,STR_141,PRD_1810,59,31,2026-09-08 05:01:04
INV_109882,STR_116,PRD_1173,197,48,2026-09-08 05:06:38
INV_109883,STR_115,PRD_2098,107,14,08/09/2026 05:12
INV_109884,STR_120,PRD_2122,180,31,2026-09-08T05:17:46.871124741
INV_109885,STR_123,PRD_1512,151,16,2026-09-08 05:23:20
INV_109886,STR_133,PRD_2147,84,35,2026-09-08 05:28:55
INV_109887,STR_8888,PRD_2140,61,34,2026-09-08 05:34:29
INV_109888,STR_135,PRD_2366,134,14,08/09/2026 05:40
INV_109889,STR_142,PRD_2256,112,41,08/09/2026 05:45
INV_109890,STR_126,PRD_1128,50,17,2026-09-08 05:51:11
INV_109891,STR_138,PRD_1373,195,18,2026-09-08 05:56:45
INV_109892,STR_116,PRD_1235,135,37,2026-09-08T06:02:19.689312621
INV_109893,STR_124,PRD_1741,178,29,2026-09-08 06:07:53
INV_109894,STR_9999,PRD_1189,25,13,08/09/2026 06:13
INV_109895,STR_137,PRD_1167,170,12,2026-09-08T06:19:01.996133075
INV_109896,STR_141,PRD_1290,150,20,08/09/2026 06:24
INV_109897,STR_120,PRD_2364,140,38,2026-09-08T06:30:10.200680045
INV_109898,STR_103,PRD_2418,181,31,2026-09-08T06:35:44.302953530
INV_109899,STR_124,PRD_2497,27,17,2026-09-08 06:41:18
INV_109900,STR_129,PRD_1138,186,43,2026-09-08T06:46:52.507500500
INV_109901,STR_132,PRD_2214,196,40,08/09/2026 06:52
INV_109902,STR_138,PRD_1567,147,13,08/09/2026 06:58
INV_109903,STR_125,PRD_2074,133,24,2026-09-08 07:03:34
INV_109904,STR_124,PRD_1990,171,27,2026-09-08T07:09:08.916594439
INV_109905,STR_115,PRD_1297,176,20,2026-09-08 07:14:43
INV_109906,STR_148,PRD_2095,93,36,2026-09-08 07:20:17
INV_109907,STR_123,PRD_1255,81,28,2026-09-08 07:25:51
INV_109908,STR_104,PRD_1308,-5,18,2026-09-08 07:31:25
INV_109909,STR_141,PRD_1090,122,34,2026-09-08T07:36:59.427961864
INV_109910,STR_138,PRD_1148,81,31,08/09/2026 07:42
INV_109911,STR_112,PRD_2053,-10,32,2026-09-08T07:48:07.632508834
INV_109912,STR_129,PRD_1461,3,46,2026-09-08T07:53:41.734782319
INV_109913,STR_106,PRD_1634,72,19,2026-09-08T07:59:15.837055803
INV_109914,STR_146,PRD_2408,20,26,2026-09-08T08:04:49.939329288
INV_109915,STR_116,PRD_1636,168,22,2026-09-08 08:10:24
INV_109916,STR_126,PRD_1645,110,13,2026-09-08 08:15:58
INV_109917,STR_134,PRD_1517,68,41,2026-09-08 08:21:32
INV_109918,STR_104,PRD_2396,136,37,2026-09-08 08:27:06
INV_109919,STR_141,PRD_2220,91,39,2026-09-08T08:32:40.450696713
INV_109920,STR_104,PRD_1189,21,49,2026-09-08 08:38:14
INV_109921,STR_123,PRD_1078,46,30,2026-09-08 08:43:48
INV_109922,STR_106,PRD_1815,20,24,2026-09-08 08:49:22
INV_109923,STR_106,PRD_1071,47,12,2026-09-08T08:54:56.859790652
INV_109924,STR_113,PRD_1042,143,26,2026-09-08 09:00:30
INV_109925,STR_114,PRD_1802,37,24,2026-09-08 09:06:05
INV_109926,STR_104,PRD_2156,112,42,08/09/2026 09:11
INV_109927,STR_136,PRD_2129,30,14,2026-09-08 09:17:13
INV_109928,STR_103,PRD_1356,142,17,08/09/2026 09:22
INV_109929,STR_129,PRD_1007,164,18,2026-09-08T09:28:21.473431562
INV_109930,STR_119,PRD_2366,171,35,2026-09-08T09:33:55.575705047
INV_109931,STR_125,PRD_1436,110,11,2026-09-08 09:39:29
INV_109932,STR_108,PRD_1079,174,46,2026-09-08 09:45:03
INV_109933,STR_129,PRD_1688,189,45,2026-09-08 09:50:37
INV_109934,STR_143,PRD_2415,50,21,2026-09-08 09:56:11
INV_109935,STR_147,PRD_1575,121,28,2026-09-08 10:01:46
INV_109936,STR_121,PRD_1899,148,36,2026-09-08 10:07:20
INV_109937,STR_139,PRD_1287,109,33,08/09/2026 10:12
INV_109938,STR_140,PRD_2136,85,11,2026-09-08 10:18:28
INV_109939,STR_143,PRD_1962,101,25,2026-09-08 10:24:02
INV_109940,STR_129,PRD_1719,184,11,08/09/2026 10:29
INV_109941,STR_119,PRD_1955,30,30,2026-09-08 10:35:10
INV_109942,STR_127,PRD_1225,15,19,2026-09-08 10:40:44
INV_109943,STR_106,PRD_2356,185,26,2026-09-08 10:46:18
INV_109944,STR_103,PRD_2440,183,21,2026-09-08T10:51:53.007533835
INV_109945,STR_127,PRD_1277,8,16,08/09/2026 10:57
INV_109946,STR_134,PRD_1894,76,18,2026-09-08 11:03:01
INV_109947,STR_132,PRD_1791,14,19,2026-09-08 11:08:35
INV_109948,STR_106,PRD_2026,36,25,2026-09-08 11:14:09
INV_109949,STR_108,PRD_1544,188,10,08/09/2026 11:19
INV_109950,STR_133,PRD_1477,-3,18,2026-09-08 11:25:17
INV_109951,STR_138,PRD_2433,-8,22,2026-09-08 11:30:51
INV_109952,STR_141,PRD_2330,22,25,2026-09-08 11:36:25
INV_109953,STR_133,PRD_2237,101,43,2026-09-08 11:41:59
INV_109954,STR_112,PRD_2053,145,39,08/09/2026 11:47
INV_109955,STR_128,PRD_1418,11,22,2026-09-08 11:53:08
INV_109956,STR_134,PRD_2051,88,17,2026-09-08 11:58:42
INV_109957,STR_144,PRD_1608,87,20,2026-09-08 12:04:16
INV_109958,STR_109,PRD_1086,19,40,2026-09-08 12:09:50
INV_109959,STR_129,PRD_2049,36,20,2026-09-08 12:15:24
INV_109960,STR_143,PRD_1119,153,16,2026-09-08T12:20:58.643909594
INV_109961,STR_125,PRD_1712,48,10,2026-09-08 12:26:32
INV_109962,STR_134,PRD_1391,3,32,2026-09-08 12:32:06
INV_109963,STR_127,PRD_2380,62,41,2026-09-08T12:37:40.950730048
INV_109964,STR_128,PRD_1352,94,24,2026-09-08 12:43:15
INV_109965,STR_8888,PRD_1014,3,27,2026-09-08 12:48:49
INV_109966,STR_105,PRD_1304,196,37,2026-09-08T12:54:23.257550503
INV_109967,STR_102,PRD_2277,173,23,08/09/2026 12:59
INV_109968,STR_128,PRD_1622,141,22,2026-09-08T13:05:31.462097473
INV_109969,STR_101,PRD_1519,38,43,2026-09-08T13:11:05.564370958
INV_109970,STR_121,PRD_1852,160,29,2026-09-08 13:16:39
INV_109971,STR_145,PRD_1639,-8,33,08/09/2026 13:22
INV_109972,STR_146,PRD_2209,12,37,2026-09-08 13:27:47
INV_109973,STR_149,PRD_1386,137,20,2026-09-08 13:33:21
INV_109974,STR_126,PRD_1904,98,37,2026-09-08 13:38:56
INV_109975,STR_9999,PRD_1013,132,31,2026-09-08 13:44:30
INV_109976,STR_121,PRD_2253,32,39,2026-09-08 13:50:04
INV_109977,STR_109,PRD_1090,197,47,2026-09-08T13:55:38.382558837
INV_109978,STR_8888,PRD_2427,60,26,2026-09-08 14:01:12
INV_109979,STR_148,PRD_1003,150,31,2026-09-08 14:06:46
INV_109980,STR_148,PRD_2021,44,10,2026-09-08T14:12:20.689379292
INV_109981,STR_118,PRD_2242,115,29,08/09/2026 14:17
INV_109982,STR_123,PRD_1795,71,14,2026-09-08T14:23:28.893926261
INV_109983,STR_126,PRD_1215,30,42,2026-09-08 14:29:02
INV_109984,STR_135,PRD_2182,135,10,08/09/2026 14:34
INV_109985,STR_142,PRD_1703,120,18,2026-09-08 14:40:11
INV_109986,STR_116,PRD_1730,-8,41,2026-09-08 14:45:45
INV_109987,STR_109,PRD_2396,89,35,2026-09-08 14:51:19
INV_109988,STR_116,PRD_1016,133,15,2026-09-08T14:56:53.507567171
INV_109989,STR_143,PRD_1494,160,39,2026-09-08T15:02:27.609840656
INV_109990,STR_109,PRD_2489,12,49,08/09/2026 15:08
INV_109991,STR_109,PRD_1443,132,32,08/09/2026 15:13
INV_109992,STR_137,PRD_2104,190,48,2026-09-08 15:19:09
INV_109993,STR_116,PRD_1778,116,34,08/09/2026 15:24
INV_109994,STR_125,PRD_1165,47,34,2026-09-08 15:30:18
INV_109995,STR_125,PRD_1356,157,22,2026-09-08T15:35:52.223481565
INV_109996,STR_9999,PRD_1233,107,34,2026-09-08 15:41:26
INV_109997,STR_133,PRD_2185,155,26,2026-09-08T15:47:00.428028535
INV_109998,STR_103,PRD_1174,106,36,2026-09-08 15:52:34
INV_109999,STR_149,PRD_2386,71,20,2026-09-08T15:58:08.632575505
INV_110000,STR_126,PRD_2399,91,15,2026-09-08 16:03:42
INV_110001,STR_120,PRD_1696,123,24,2026-09-08 16:09:16
INV_110002,STR_135,PRD_2197,97,46,2026-09-08 16:14:50
INV_110003,STR_137,PRD_1237,35,41,2026-09-08 16:20:25
INV_110004,STR_145,PRD_2186,-5,33,2026-09-08 16:25:59
INV_110005,STR_130,PRD_1987,112,20,2026-09-08 16:31:33
INV_110006,STR_106,PRD_2013,81,38,08/09/2026 16:37
INV_110007,STR_143,PRD_1911,137,17,2026-09-08T16:42:41.450763384
INV_110008,STR_133,PRD_2261,8,46,2026-09-08 16:48:15
INV_110009,STR_117,PRD_1629,3,19,2026-09-08T16:53:49.655310354
INV_110010,STR_123,PRD_2255,54,19,2026-09-08 16:59:23
INV_110011,STR_112,PRD_1587,85,10,2026-09-08 17:04:57
INV_110012,STR_112,PRD_1793,146,32,2026-09-08 17:10:31
INV_110013,STR_124,PRD_1919,148,27,2026-09-08 17:16:06
INV_110014,STR_104,PRD_2259,142,32,2026-09-08T17:21:40.166677778
INV_110015,STR_138,PRD_2346,188,14,08/09/2026 17:27
INV_110016,STR_128,PRD_1406,35,47,08/09/2026 17:32
INV_110017,STR_143,PRD_1176,169,40,2026-09-08 17:38:22
INV_110018,STR_145,PRD_1118,5,48,2026-09-08T17:43:56.575771718
INV_110019,STR_132,PRD_2213,97,29,08/09/2026 17:49
INV_110020,STR_123,PRD_1613,128,38,08/09/2026 17:55
INV_110021,STR_109,PRD_1364,7,42,08/09/2026 18:00
INV_110022,STR_124,PRD_1485,97,48,2026-09-08 18:06:12
INV_110023,STR_140,PRD_2102,173,41,2026-09-08 18:11:47
INV_110024,STR_109,PRD_1321,173,34,2026-09-08 18:17:21
INV_110025,STR_138,PRD_1138,174,36,2026-09-08 18:22:55
INV_110026,STR_115,PRD_2359,58,32,2026-09-08 18:28:29
INV_110027,STR_127,PRD_2425,109,11,08/09/2026 18:34
INV_110028,STR_111,PRD_2249,183,13,2026-09-08 18:39:37
INV_110029,STR_143,PRD_2289,191,34,2026-09-08 18:45:11
INV_110030,STR_131,PRD_1332,77,32,2026-09-08T18:50:45.803053537
INV_110031,STR_9999,PRD_1223,79,45,2026-09-08T18:56:19.905327021
INV_110032,STR_128,PRD_1571,5,32,2026-09-08T19:01:54.007600506
INV_110033,STR_144,PRD_1775,91,42,08/09/2026 19:07
INV_110034,STR_149,PRD_1966,123,37,2026-09-08T19:13:02.212147476
INV_110035,STR_126,PRD_1592,169,17,08/09/2026 19:18
INV_110036,STR_125,PRD_1808,114,42,2026-09-08 19:24:10
INV_110037,STR_102,PRD_1986,109,38,2026-09-08 19:29:44
INV_110038,STR_125,PRD_2023,172,24,2026-09-08 19:35:18
INV_110039,STR_138,PRD_1860,65,24,2026-09-08 19:40:52
INV_110040,STR_100,PRD_2272,62,46,08/09/2026 19:46
INV_110041,STR_134,PRD_2444,166,28,08/09/2026 19:52
INV_110042,STR_126,PRD_1186,189,30,08/09/2026 19:57
INV_110043,STR_145,PRD_1248,173,44,2026-09-08 20:03:09
INV_110044,STR_103,PRD_2150,30,35,08/09/2026 20:08
INV_110045,STR_118,PRD_2111,188,37,2026-09-08T20:14:17.337155810
INV_110046,STR_121,PRD_2068,95,31,2026-09-08T20:19:51.439429295
INV_110047,STR_105,PRD_2023,173,45,2026-09-08 20:25:25
INV_110048,STR_8888,PRD_1245,110,25,08/09/2026 20:30
INV_110049,STR_108,PRD_1926,78,21,2026-09-08 20:36:33
INV_110050,STR_110,PRD_2434,180,37,08/09/2026 20:42
INV_110051,STR_121,PRD_2241,107,16,2026-09-08 20:47:41
INV_110052,STR_146,PRD_2450,145,42,2026-09-08 20:53:16
INV_110053,STR_108,PRD_1014,192,33,2026-09-08 20:58:50
INV_110054,STR_128,PRD_1825,148,20,2026-09-08 21:04:24
INV_110055,STR_142,PRD_1688,172,24,2026-09-08 21:09:58
INV_110056,STR_109,PRD_2358,169,28,08/09/2026 21:15
INV_110057,STR_133,PRD_1726,191,24,2026-09-08 21:21:06
INV_110058,STR_130,PRD_1536,55,18,08/09/2026 21:26
INV_110059,STR_121,PRD_1491,35,22,2026-09-08 21:32:14
INV_110060,STR_145,PRD_1291,97,38,2026-09-08 21:37:48
INV_110061,STR_103,PRD_1116,-7,35,08/09/2026 21:43
INV_110062,STR_101,PRD_1591,139,32,08/09/2026 21:48
INV_110063,STR_104,PRD_1686,162,26,2026-09-08T21:54:31.178078538
INV_110064,STR_145,PRD_1743,145,14,08/09/2026 22:00
INV_110065,STR_114,PRD_2492,127,25,2026-09-08 22:05:39
INV_110066,STR_118,PRD_1947,183,48,2026-09-08 22:11:13
INV_110067,STR_137,PRD_1682,166,39,2026-09-08 22:16:47
INV_110068,STR_114,PRD_1628,84,30,2026-09-08T22:22:21.689445963
INV_110069,STR_145,PRD_1592,95,14,2026-09-08T22:27:55.791719448
INV_110070,STR_107,PRD_1386,69,35,2026-09-08 22:33:29
INV_110071,STR_119,PRD_1651,190,39,2026-09-08 22:39:03
INV_110072,STR_111,PRD_1192,40,31,2026-09-08 22:44:38
INV_110073,STR_103,PRD_1100,160,11,08/09/2026 22:50
INV_110074,STR_137,PRD_2093,123,21,2026-09-08 22:55:46
INV_110075,STR_142,PRD_2197,110,36,2026-09-08 23:01:20
INV_110076,STR_138,PRD_1443,142,35,2026-09-08 23:06:54
INV_110077,STR_135,PRD_1432,-7,34,2026-09-08 23:12:28
INV_110078,STR_114,PRD_2238,193,28,08/09/2026 23:18
INV_110079,STR_100,PRD_1536,141,36,08/09/2026 23:23
INV_110080,STR_130,PRD_1600,173,26,2026-09-08 23:29:10
INV_110081,STR_108,PRD_1707,80,15,08/09/2026 23:34
INV_110082,STR_122,PRD_1318,172,32,2026-09-08 23:40:19
INV_110083,STR_8888,PRD_2309,43,27,08/09/2026 23:45
INV_110084,STR_125,PRD_1224,-8,11,2026-09-08T23:51:27.325821721
INV_110085,STR_139,PRD_2372,193,28,2026-09-08 23:57:01
INV_110086,STR_143,PRD_1387,164,13,2026-09-09 00:02:35
INV_110087,STR_138,PRD_1845,19,42,2026-09-09T00:08:09.632642176
INV_110088,STR_117,PRD_2364,65,43,2026-09-09 00:13:43
INV_110089,STR_132,PRD_1070,30,41,09/09/2026 00:19
INV_110090,STR_140,PRD_2152,95,27,09/09/2026 00:24
INV_110091,STR_138,PRD_1443,172,18,2026-09-09 00:30:26
INV_110092,STR_113,PRD_2313,48,46,09/09/2026 00:36
INV_110093,STR_100,PRD_1598,29,45,2026-09-09T00:41:34.246283085
INV_110094,STR_112,PRD_1386,34,12,2026-09-09T00:47:08.348556570
INV_110095,STR_8888,PRD_1017,139,27,2026-09-09 00:52:42
INV_110096,STR_114,PRD_2099,4,49,2026-09-09 00:58:16
INV_110097,STR_136,PRD_1552,6,34,2026-09-09 01:03:50
INV_110098,STR_104,PRD_1873,176,11,2026-09-09 01:09:24
INV_110099,STR_113,PRD_2388,97,10,2026-09-09 01:14:58
INV_110100,STR_113,PRD_2303,14,33,09/09/2026 01:20
INV_110101,STR_145,PRD_1279,32,33,2026-09-09 01:26:07
INV_110102,STR_104,PRD_1770,181,49,2026-09-09 01:31:41
INV_110103,STR_110,PRD_2466,168,13,09/09/2026 01:37
INV_110104,STR_131,PRD_1953,50,44,2026-09-09 01:42:49
INV_110105,STR_9999,PRD_1328,162,44,09/09/2026 01:48
INV_110106,STR_104,PRD_1507,120,21,2026-09-09 01:53:57
INV_110107,STR_135,PRD_1449,153,32,2026-09-09 01:59:31
INV_110108,STR_114,PRD_2398,196,31,2026-09-09T02:05:05.780385359
INV_110109,STR_106,PRD_2319,181,35,2026-09-09 02:10:39
INV_110110,STR_104,PRD_2499,17,13,2026-09-09T02:16:13.984932329
INV_110111,STR_129,PRD_1838,96,16,2026-09-09 02:21:48
INV_110112,STR_114,PRD_1392,113,32,2026-09-09T02:27:22.189479298
INV_110113,STR_129,PRD_1108,162,40,09/09/2026 02:32
INV_110114,STR_113,PRD_1358,73,16,2026-09-09 02:38:30
INV_110115,STR_123,PRD_1955,138,31,2026-09-09T02:44:04.496299753
INV_110116,STR_123,PRD_1934,16,48,2026-09-09T02:49:38.598573238
INV_110117,STR_134,PRD_2312,72,49,2026-09-09 02:55:12
INV_110118,STR_104,PRD_2441,89,28,2026-09-09 03:00:46
INV_110119,STR_111,PRD_1317,65,39,2026-09-09 03:06:20
INV_110120,STR_119,PRD_1340,24,35,09/09/2026 03:11
INV_110121,STR_145,PRD_2340,165,31,09/09/2026 03:17
INV_110122,STR_104,PRD_1348,86,18,2026-09-09 03:23:03
INV_110123,STR_135,PRD_1026,89,38,2026-09-09 03:28:37
INV_110124,STR_120,PRD_1637,140,41,09/09/2026 03:34
INV_110125,STR_147,PRD_1400,181,27,2026-09-09T03:39:45.519034602
INV_110126,STR_138,PRD_1315,2,40,2026-09-09 03:45:19
INV_110127,STR_102,PRD_1367,147,41,2026-09-09 03:50:53
INV_110128,STR_128,PRD_1342,191,18,2026-09-09 03:56:27
INV_110129,STR_124,PRD_1692,137,39,09/09/2026 04:02
INV_110130,STR_126,PRD_2388,-5,46,2026-09-09 04:07:36
INV_110131,STR_135,PRD_1903,136,41,09/09/2026 04:13
INV_110132,STR_8888,PRD_2096,184,17,2026-09-09T04:18:44.234948996
INV_110133,STR_121,PRD_2145,63,33,2026-09-09 04:24:18
INV_110134,STR_137,PRD_1185,-1,13,09/09/2026 04:29
INV_110135,STR_134,PRD_1835,173,26,2026-09-09T04:35:26.541769451
INV_110136,STR_100,PRD_1318,10,30,2026-09-09 04:41:00
INV_110137,STR_102,PRD_1954,116,18,2026-09-09 04:46:34
INV_110138,STR_123,PRD_1593,45,14,2026-09-09 04:52:08
INV_110139,STR_107,PRD_1991,46,14,09/09/2026 04:57
INV_110140,STR_147,PRD_1792,119,39,2026-09-09 05:03:17
INV_110141,STR_138,PRD_1352,28,15,2026-09-09 05:08:51
INV_110142,STR_117,PRD_1354,50,47,2026-09-09 05:14:25
INV_110143,STR_140,PRD_1105,162,17,2026-09-09T05:19:59.359957330
INV_110144,STR_102,PRD_1417,99,42,2026-09-09 05:25:33
INV_110145,STR_117,PRD_1641,145,24,2026-09-09 05:31:07
INV_110146,STR_115,PRD_1204,135,46,2026-09-09 05:36:41
INV_110147,STR_131,PRD_1564,3,18,2026-09-09 05:42:15
INV_110148,STR_100,PRD_2405,172,12,2026-09-09 05:47:49
INV_110149,STR_125,PRD_2320,48,40,2026-09-09T05:53:23.973598240
INV_110150,STR_8888,PRD_2302,98,48,2026-09-09 05:58:58
INV_110151,STR_147,PRD_1188,136,16,2026-09-09 06:04:32
INV_110152,STR_111,PRD_1542,30,25,2026-09-09 06:10:06
INV_110153,STR_137,PRD_2473,129,37,2026-09-09 06:15:40
INV_110154,STR_120,PRD_1257,137,44,2026-09-09 06:21:14
INV_110155,STR_140,PRD_1452,151,24,2026-09-09T06:26:48.587239149
INV_110156,STR_112,PRD_1077,114,16,2026-09-09 06:32:22
INV_110157,STR_111,PRD_2046,25,44,2026-09-09 06:37:56
INV_110158,STR_112,PRD_1502,10,40,2026-09-09 06:43:30
INV_110159,STR_117,PRD_1184,45,47,2026-09-09 06:49:04
INV_110160,STR_118,PRD_1546,30,17,2026-09-09 06:54:39
INV_110161,STR_118,PRD_1048,116,47,2026-09-09 07:00:13
INV_110162,STR_9999,PRD_1167,158,25,2026-09-09 07:05:47
INV_110163,STR_105,PRD_1020,160,43,2026-09-09 07:11:21
INV_110164,STR_147,PRD_1391,95,10,09/09/2026 07:16
INV_110165,STR_106,PRD_1902,189,28,2026-09-09 07:22:29
INV_110166,STR_106,PRD_2128,75,23,2026-09-09 07:28:03
INV_110167,STR_127,PRD_2313,27,28,2026-09-09T07:33:37.814520968
INV_110168,STR_127,PRD_2449,135,32,2026-09-09 07:39:11
INV_110169,STR_118,PRD_1228,-3,13,2026-09-09 07:44:46
INV_110170,STR_115,PRD_2204,183,43,2026-09-09 07:50:20
INV_110171,STR_116,PRD_1351,137,11,2026-09-09 07:55:54
INV_110172,STR_121,PRD_1224,186,21,2026-09-09 08:01:28
INV_110173,STR_118,PRD_1233,174,32,2026-09-09 08:07:02
INV_110174,STR_147,PRD_1265,95,27,2026-09-09 08:12:36
INV_110175,STR_128,PRD_1857,135,41,2026-09-09 08:18:10
INV_110176,STR_147,PRD_1313,97,26,2026-09-09 08:23:44
INV_110177,STR_118,PRD_1498,177,40,09/09/2026 08:29
INV_110178,STR_146,PRD_1876,119,45,2026-09-09T08:34:52.939529302
INV_110179,STR_134,PRD_2241,159,35,09/09/2026 08:40
INV_110180,STR_146,PRD_1210,53,21,09/09/2026 08:46
INV_110181,STR_124,PRD_1098,33,44,2026-09-09T08:51:35.246349756
INV_110182,STR_147,PRD_2411,168,25,2026-09-09 08:57:09
INV_110183,STR_119,PRD_1344,90,13,2026-09-09 09:02:43
INV_110184,STR_136,PRD_2276,95,37,2026-09-09 09:08:17
INV_110185,STR_118,PRD_1903,54,47,2026-09-09 09:13:51
INV_110186,STR_141,PRD_1523,54,42,09/09/2026 09:19
INV_110187,STR_112,PRD_1117,107,46,09/09/2026 09:24
INV_110188,STR_146,PRD_1599,113,19,09/09/2026 09:30
INV_110189,STR_111,PRD_1855,171,40,2026-09-09 09:36:08
INV_110190,STR_148,PRD_1208,97,23,2026-09-09T09:41:42.166811120
INV_110191,STR_114,PRD_2432,84,14,2026-09-09T09:47:16.269084605
INV_110192,STR_103,PRD_1480,156,19,2026-09-09 09:52:50
INV_110193,STR_114,PRD_1922,125,34,2026-09-09 09:58:24
INV_110194,STR_116,PRD_1328,56,26,2026-09-09 10:03:58
INV_110195,STR_126,PRD_2206,100,29,2026-09-09 10:09:32
INV_110196,STR_110,PRD_1416,65,42,2026-09-09 10:15:06
INV_110197,STR_122,PRD_2106,38,18,2026-09-09 10:20:40
INV_110198,STR_114,PRD_1253,153,40,2026-09-09T10:26:14.984999
INV_110199,STR_8888,PRD_1944,-4,14,09/09/2026 10:31
INV_110200,STR_130,PRD_1004,4,38,2026-09-09 10:37:23
INV_110201,STR_125,PRD_1302,74,13,2026-09-09 10:42:57
INV_110202,STR_106,PRD_1979,142,40,2026-09-09 10:48:31
INV_110203,STR_112,PRD_1606,174,13,2026-09-09 10:54:05
INV_110204,STR_112,PRD_2451,27,27,2026-09-09 10:59:39
INV_110205,STR_8888,PRD_1963,26,27,2026-09-09 11:05:13
INV_110206,STR_119,PRD_1735,111,49,2026-09-09 11:10:47
INV_110207,STR_133,PRD_2250,5,43,2026-09-09 11:16:21
INV_110208,STR_109,PRD_1389,-10,23,09/09/2026 11:21
INV_110209,STR_149,PRD_1849,164,35,2026-09-09 11:27:30
INV_110210,STR_8888,PRD_1818,169,32,2026-09-09 11:33:04
INV_110211,STR_136,PRD_1011,26,42,2026-09-09T11:38:38.314554303
INV_110212,STR_8888,PRD_1336,34,26,2026-09-09T11:44:12.416827788
INV_110213,STR_9999,PRD_1606,131,41,09/09/2026 11:49
INV_110214,STR_126,PRD_1128,174,44,2026-09-09 11:55:20
INV_110215,STR_133,PRD_1010,151,39,2026-09-09 12:00:54
INV_110216,STR_135,PRD_1489,183,24,2026-09-09 12:06:28
INV_110217,STR_115,PRD_1271,148,16,2026-09-09 12:12:02
INV_110218,STR_120,PRD_2380,72,15,09/09/2026 12:17
INV_110219,STR_115,PRD_1880,161,18,2026-09-09 12:23:11
INV_110220,STR_116,PRD_2115,12,22,09/09/2026 12:28
INV_110221,STR_114,PRD_1008,83,49,2026-09-09 12:34:19
INV_110222,STR_112,PRD_1886,70,27,2026-09-09 12:39:53
INV_110223,STR_132,PRD_2146,55,44,2026-09-09 12:45:27
INV_110224,STR_104,PRD_1775,128,10,09/09/2026 12:51
INV_110225,STR_126,PRD_1280,166,33,2026-09-09 12:56:35
INV_110226,STR_8888,PRD_1457,195,45,2026-09-09 13:02:09
INV_110227,STR_100,PRD_1935,47,25,2026-09-09 13:07:43
INV_110228,STR_143,PRD_1450,18,27,2026-09-09 13:13:18
INV_110229,STR_129,PRD_2430,72,12,2026-09-09 13:18:52
INV_110230,STR_122,PRD_1790,168,46,2026-09-09 13:24:26
INV_110231,STR_114,PRD_1811,118,17,2026-09-09 13:30:00
INV_110232,STR_135,PRD_1055,122,27,2026-09-09T13:35:34.462297486
INV_110233,STR_118,PRD_1707,104,38,2026-09-09 13:41:08
INV_110234,STR_129,PRD_1378,23,46,2026-09-09 13:46:42
INV_110235,STR_115,PRD_2009,114,36,2026-09-09 13:52:16
INV_110236,STR_117,PRD_1022,67,38,2026-09-09T13:57:50.871391426
INV_110237,STR_125,PRD_2268,8,13,2026-09-09 14:03:24
INV_110238,STR_116,PRD_1771,77,21,2026-09-09 14:08:59
INV_110239,STR_110,PRD_2441,157,22,2026-09-09 14:14:33
INV_110240,STR_8888,PRD_1230,70,23,2026-09-09 14:20:07
INV_110241,STR_144,PRD_1209,183,23,09/09/2026 14:25
INV_110242,STR_128,PRD_2185,84,19,2026-09-09 14:31:15
INV_110243,STR_108,PRD_2400,198,31,2026-09-09 14:36:49
INV_110244,STR_148,PRD_1865,181,18,2026-09-09T14:42:23.689579305
INV_110245,STR_116,PRD_2193,61,33,09/09/2026 14:47
INV_110246,STR_126,PRD_1898,134,26,2026-09-09 14:53:31
INV_110247,STR_136,PRD_2362,27,33,09/09/2026 14:59
INV_110248,STR_121,PRD_2497,160,14,2026-09-09 15:04:40
INV_110249,STR_107,PRD_2250,29,43,2026-09-09 15:10:14
INV_110250,STR_102,PRD_1872,162,10,09/09/2026 15:15
INV_110251,STR_137,PRD_1362,157,36,09/09/2026 15:21
INV_110252,STR_134,PRD_1474,188,49,2026-09-09T15:26:56.507767184
INV_110253,STR_131,PRD_1194,109,17,09/09/2026 15:32
INV_110254,STR_107,PRD_1932,77,15,2026-09-09T15:38:04.712314154
INV_110255,STR_143,PRD_2035,79,14,2026-09-09 15:43:38
INV_110256,STR_126,PRD_1783,19,27,09/09/2026 15:49
INV_110257,STR_131,PRD_2085,152,16,2026-09-09 15:54:47
INV_110258,STR_135,PRD_1528,183,45,2026-09-09T16:00:21.121408094
INV_110259,STR_133,PRD_1270,161,42,2026-09-09 16:05:55
INV_110260,STR_124,PRD_1537,121,43,09/09/2026 16:11
INV_110261,STR_130,PRD_1656,181,41,2026-09-09 16:17:03
INV_110262,STR_141,PRD_1064,122,12,2026-09-09T16:22:37.530502033
INV_110263,STR_146,PRD_1861,165,10,2026-09-09T16:28:11.632775518
INV_110264,STR_112,PRD_1489,55,30,2026-09-09 16:33:45
INV_110265,STR_114,PRD_2091,84,22,2026-09-09 16:39:19
INV_110266,STR_9999,PRD_1361,16,17,2026-09-09T16:44:53.939595973
INV_110267,STR_149,PRD_1571,141,39,2026-09-09T16:50:28.041869458
INV_110268,STR_112,PRD_1994,45,17,2026-09-09T16:56:02.144142943
INV_110269,STR_8888,PRD_1768,34,36,2026-09-09 17:01:36
INV_110270,STR_8888,PRD_2042,57,48,09/09/2026 17:07
INV_110271,STR_132,PRD_1544,145,32,2026-09-09 17:12:44
INV_110272,STR_130,PRD_1978,-6,17,2026-09-09T17:18:18.553236882
INV_110273,STR_124,PRD_1931,97,24,2026-09-09 17:23:52
INV_110274,STR_147,PRD_1090,36,16,2026-09-09 17:29:26
INV_110275,STR_139,PRD_1972,122,21,2026-09-09T17:35:00.860057337
INV_110276,STR_122,PRD_1237,-6,45,2026-09-09 17:40:34
INV_110277,STR_137,PRD_1461,165,47,2026-09-09 17:46:09
INV_110278,STR_102,PRD_2047,110,39,2026-09-09 17:51:43
INV_110279,STR_8888,PRD_2250,62,19,2026-09-09 17:57:17
INV_110280,STR_115,PRD_1850,36,28,2026-09-09 18:02:51
INV_110281,STR_101,PRD_2404,179,27,2026-09-09T18:08:25.473698246
INV_110282,STR_122,PRD_1920,144,29,2026-09-09T18:13:59.575971731
INV_110283,STR_133,PRD_1906,-7,11,09/09/2026 18:19
INV_110284,STR_129,PRD_1776,166,39,2026-09-09 18:25:07
INV_110285,STR_146,PRD_2029,80,20,2026-09-09T18:30:41.882792186
INV_110286,STR_109,PRD_1569,54,31,2026-09-09 18:36:15
INV_110287,STR_100,PRD_1611,85,28,2026-09-09 18:41:50
INV_110288,STR_121,PRD_1633,69,12,2026-09-09T18:47:24.189612641
INV_110289,STR_8888,PRD_2380,76,13,2026-09-09 18:52:58
INV_110290,STR_146,PRD_2180,50,44,2026-09-09 18:58:32
INV_110291,STR_132,PRD_2224,137,47,09/09/2026 19:04
INV_110292,STR_124,PRD_2248,198,18,2026-09-09 19:09:40
INV_110293,STR_121,PRD_1982,89,17,2026-09-09 19:15:14
INV_110294,STR_115,PRD_1462,108,43,09/09/2026 19:20
INV_110295,STR_129,PRD_1662,98,40,2026-09-09 19:26:22
INV_110296,STR_117,PRD_2280,125,49,2026-09-09 19:31:57
INV_110297,STR_123,PRD_1989,71,28,09/09/2026 19:37
INV_110298,STR_104,PRD_1430,2,46,2026-09-09 19:43:05
INV_110299,STR_136,PRD_1877,190,41,2026-09-09 19:48:39
INV_110300,STR_122,PRD_1424,154,37,2026-09-09 19:54:13
INV_110301,STR_141,PRD_2430,32,27,2026-09-09 19:59:47
INV_110302,STR_126,PRD_1104,81,34,2026-09-09 20:05:21
INV_110303,STR_111,PRD_1251,173,19,2026-09-09 20:10:55
INV_110304,STR_109,PRD_1644,167,14,2026-09-09 20:16:29
INV_110305,STR_133,PRD_2122,199,24,2026-09-09 20:22:03
INV_110306,STR_132,PRD_1177,9,34,09/09/2026 20:27
INV_110307,STR_115,PRD_2288,37,29,09/09/2026 20:33
INV_110308,STR_128,PRD_2155,89,19,2026-09-09 20:38:46
INV_110309,STR_117,PRD_2222,8,47,2026-09-09 20:44:20
INV_110310,STR_126,PRD_1719,58,37,2026-09-09T20:49:54.439629308
INV_110311,STR_106,PRD_2080,6,15,09/09/2026 20:55
INV_110312,STR_135,PRD_1891,145,20,2026-09-09T21:01:02.644176278
INV_110313,STR_126,PRD_1408,25,28,2026-09-09T21:06:36.746449763
INV_110314,STR_109,PRD_1953,155,25,2026-09-09 21:12:10
INV_110315,STR_109,PRD_1261,71,41,2026-09-09 21:17:44
INV_110316,STR_110,PRD_1741,59,11,2026-09-09T21:23:19.053270218
INV_110317,STR_129,PRD_1653,105,48,2026-09-09 21:28:53
INV_110318,STR_102,PRD_1574,143,35,2026-09-09T21:34:27.257817187
INV_110319,STR_128,PRD_1117,196,30,2026-09-09 21:40:01
INV_110320,STR_113,PRD_1970,-10,47,2026-09-09 21:45:35
INV_110321,STR_112,PRD_2344,70,24,2026-09-09 21:51:09
INV_110322,STR_118,PRD_1307,119,22,2026-09-09 21:56:43
INV_110323,STR_124,PRD_1489,153,16,2026-09-09 22:02:17
INV_110324,STR_109,PRD_2344,173,12,2026-09-09 22:07:51
INV_110325,STR_114,PRD_1756,24,24,2026-09-09T22:13:25.973731582
INV_110326,STR_127,PRD_2379,116,29,2026-09-09T22:19:00.076005067
INV_110327,STR_139,PRD_1647,16,12,2026-09-09 22:24:34
INV_110328,STR_148,PRD_1607,184,36,2026-09-09T22:30:08.280552036
INV_110329,STR_137,PRD_1736,173,24,2026-09-09 22:35:42
INV_110330,STR_106,PRD_1023,35,12,09/09/2026 22:41
INV_110331,STR_113,PRD_2215,137,37,09/09/2026 22:46
INV_110332,STR_129,PRD_1752,-3,10,2026-09-09 22:52:24
INV_110333,STR_139,PRD_2000,82,29,2026-09-09 22:57:58
INV_110334,STR_111,PRD_1348,61,20,2026-09-09 23:03:32
INV_110335,STR_127,PRD_1024,103,34,09/09/2026 23:09
INV_110336,STR_149,PRD_2413,80,13,09/09/2026 23:14
INV_110337,STR_113,PRD_2014,15,28,2026-09-09 23:20:15
INV_110338,STR_100,PRD_1598,92,37,2026-09-09 23:25:49
INV_110339,STR_103,PRD_1800,191,19,2026-09-09 23:31:23
INV_110340,STR_148,PRD_1909,51,30,2026-09-09 23:36:57
INV_110341,STR_117,PRD_1958,83,45,2026-09-09 23:42:31
INV_110342,STR_9999,PRD_2213,150,25,09/09/2026 23:48
INV_110343,STR_135,PRD_2051,50,42,09/09/2026 23:53
INV_110344,STR_131,PRD_1540,137,22,2026-09-09T23:59:13.916927795
INV_110345,STR_127,PRD_1490,57,38,2026-09-10T00:04:48.019201280
INV_110346,STR_127,PRD_1487,18,13,2026-09-10 00:10:22
INV_110347,STR_137,PRD_1790,35,36,2026-09-10T00:15:56.223748250
INV_110348,STR_131,PRD_1171,154,17,2026-09-10 00:21:30
INV_110349,STR_107,PRD_1037,90,17,2026-09-10 00:27:04
INV_110350,STR_124,PRD_1298,79,34,2026-09-10 00:32:38
INV_110351,STR_146,PRD_2289,170,35,2026-09-10T00:38:12.632842189
INV_110352,STR_119,PRD_2050,122,10,2026-09-10 00:43:46
INV_110353,STR_132,PRD_1647,77,42,2026-09-10T00:49:20.837389159
INV_110354,STR_129,PRD_1747,116,28,2026-09-10 00:54:54
INV_110355,STR_136,PRD_2475,96,29,2026-09-10 01:00:29
INV_110356,STR_115,PRD_2492,55,27,2026-09-10 01:06:03
INV_110357,STR_124,PRD_2108,132,35,2026-09-10 01:11:37
INV_110358,STR_137,PRD_1925,35,48,2026-09-10 01:17:11
INV_110359,STR_141,PRD_1012,174,18,2026-09-10 01:22:45
INV_110360,STR_109,PRD_1258,-3,36,2026-09-10 01:28:19
INV_110361,STR_104,PRD_1979,154,15,10/09/2026 01:33
INV_110362,STR_107,PRD_2123,90,29,2026-09-10 01:39:27
INV_110363,STR_132,PRD_1615,174,47,10/09/2026 01:45
INV_110364,STR_136,PRD_2284,131,10,2026-09-10 01:50:35
INV_110365,STR_100,PRD_1277,122,47,10/09/2026 01:56
INV_110366,STR_130,PRD_1953,62,25,2026-09-10T02:01:44.166944463
INV_110367,STR_106,PRD_2089,112,13,2026-09-10 02:07:18
INV_110368,STR_146,PRD_1807,32,12,2026-09-10 02:12:52
INV_110369,STR_122,PRD_2401,166,31,2026-09-10 02:18:26
INV_110370,STR_123,PRD_1655,112,18,2026-09-10T02:24:00.576038402
INV_110371,STR_113,PRD_2140,161,17,2026-09-10 02:29:34
INV_110372,STR_122,PRD_1782,173,16,2026-09-10 02:35:08
INV_110373,STR_108,PRD_1498,37,21,2026-09-10T02:40:42.882858857
INV_110374,STR_107,PRD_1204,147,10,2026-09-10 02:46:16
INV_110375,STR_107,PRD_1586,150,21,10/09/2026 02:51
INV_110376,STR_102,PRD_2103,154,25,10/09/2026 02:57
INV_110377,STR_131,PRD_2041,167,23,2026-09-10 03:02:59
INV_110378,STR_8888,PRD_1613,-4,39,2026-09-10 03:08:33
INV_110379,STR_103,PRD_1999,184,28,2026-09-10 03:14:07
INV_110380,STR_148,PRD_1643,160,28,2026-09-10 03:19:41
INV_110381,STR_137,PRD_1820,29,22,2026-09-10 03:25:15
INV_110382,STR_101,PRD_1057,21,19,2026-09-10 03:30:49
INV_110383,STR_108,PRD_2135,94,38,2026-09-10T03:36:23.905593706
INV_110384,STR_145,PRD_1596,172,37,2026-09-10 03:41:58
INV_110385,STR_100,PRD_1314,83,22,10/09/2026 03:47
INV_110386,STR_148,PRD_1161,100,24,2026-09-10 03:53:06
INV_110387,STR_110,PRD_1323,78,26,10/09/2026 03:58
INV_110388,STR_128,PRD_1717,66,32,2026-09-10T04:04:14.416961130
INV_110389,STR_125,PRD_2354,193,19,10/09/2026 04:09
INV_110390,STR_126,PRD_1579,-2,45,10/09/2026 04:15
INV_110391,STR_137,PRD_1898,126,23,2026-09-10 04:20:56
INV_110392,STR_128,PRD_1759,53,41,2026-09-10 04:26:30
INV_110393,STR_132,PRD_1501,162,43,2026-09-10 04:32:04
INV_110394,STR_127,PRD_1056,80,40,2026-09-10 04:37:39
INV_110395,STR_130,PRD_2188,178,48,2026-09-10 04:43:13
INV_110396,STR_118,PRD_2189,84,41,2026-09-10T04:48:47.235149010
INV_110397,STR_147,PRD_1296,187,25,2026-09-10 04:54:21
INV_110398,STR_125,PRD_2027,82,35,2026-09-10 04:59:55
INV_110399,STR_149,PRD_1409,83,26,2026-09-10 05:05:29
INV_110400,STR_128,PRD_1806,155,31,2026-09-10 05:11:03
INV_110401,STR_110,PRD_2129,192,45,2026-09-10 05:16:37
INV_110402,STR_140,PRD_1619,163,44,10/09/2026 05:22
INV_110403,STR_131,PRD_1778,113,32,2026-09-10 05:27:45
INV_110404,STR_120,PRD_1778,59,34,2026-09-10T05:33:20.053336889
INV_110405,STR_137,PRD_1565,92,14,2026-09-10 05:38:54
INV_110406,STR_133,PRD_1997,53,15,10/09/2026 05:44
INV_110407,STR_139,PRD_1165,84,35,2026-09-10 05:50:02
INV_110408,STR_121,PRD_2277,152,47,2026-09-10 05:55:36
INV_110409,STR_147,PRD_1787,1,15,2026-09-10 06:01:10
INV_110410,STR_126,PRD_1665,37,28,2026-09-10 06:06:44
INV_110411,STR_107,PRD_1127,52,28,2026-09-10 06:12:18
INV_110412,STR_139,PRD_1075,162,40,2026-09-10T06:17:52.871524768
INV_110413,STR_145,PRD_1886,-5,46,2026-09-10 06:23:26
INV_110414,STR_130,PRD_2244,34,32,2026-09-10 06:29:01
INV_110415,STR_100,PRD_1781,79,21,10/09/2026 06:34
INV_110416,STR_138,PRD_1433,90,22,2026-09-10 06:40:09
INV_110417,STR_133,PRD_1634,149,31,2026-09-10 06:45:43
INV_110418,STR_146,PRD_2462,185,12,2026-09-10 06:51:17
INV_110419,STR_123,PRD_2458,93,21,2026-09-10 06:56:51
INV_110420,STR_127,PRD_1614,120,46,2026-09-10 07:02:25
INV_110421,STR_149,PRD_1985,116,40,2026-09-10T07:07:59.791986132
INV_110422,STR_103,PRD_1525,119,22,2026-09-10T07:13:33.894259617
INV_110423,STR_117,PRD_2156,9,32,2026-09-10 07:19:07
INV_110424,STR_128,PRD_1440,28,22,2026-09-10 07:24:42
INV_110425,STR_122,PRD_1586,129,15,2026-09-10 07:30:16
INV_110426,STR_136,PRD_1390,178,12,2026-09-10 07:35:50
INV_110427,STR_126,PRD_1243,25,16,10/09/2026 07:41
INV_110428,STR_115,PRD_1767,81,19,2026-09-10 07:46:58
INV_110429,STR_144,PRD_2169,-2,40,2026-09-10 07:52:32
INV_110430,STR_126,PRD_1414,33,13,2026-09-10 07:58:06
INV_110431,STR_108,PRD_1426,64,15,2026-09-10T08:03:40.814720981
INV_110432,STR_104,PRD_2235,42,27,2026-09-10 08:09:14
INV_110433,STR_107,PRD_1248,19,16,2026-09-10T08:14:49.019267951
INV_110434,STR_117,PRD_2058,104,43,2026-09-10 08:20:23
INV_110435,STR_134,PRD_1838,55,32,2026-09-10 08:25:57
INV_110436,STR_105,PRD_1252,27,17,2026-09-10T08:31:31.326088406
INV_110437,STR_142,PRD_1861,27,33,2026-09-10 08:37:05
INV_110438,STR_122,PRD_1818,150,37,10/09/2026 08:42
INV_110439,STR_145,PRD_1861,188,12,2026-09-10 08:48:13
INV_110440,STR_125,PRD_2309,44,22,2026-09-10 08:53:47
INV_110441,STR_9999,PRD_1209,65,48,2026-09-10 08:59:21
INV_110442,STR_138,PRD_1109,105,42,10/09/2026 09:04
INV_110443,STR_123,PRD_1329,74,25,2026-09-10 09:10:30
INV_110444,STR_109,PRD_1141,12,20,2026-09-10 09:16:04
INV_110445,STR_114,PRD_1675,187,38,2026-09-10T09:21:38.246549770
INV_110446,STR_137,PRD_1086,131,34,10/09/2026 09:27
INV_110447,STR_119,PRD_1139,85,26,2026-09-10 09:32:46
INV_110448,STR_128,PRD_2355,38,46,2026-09-10 09:38:20
INV_110449,STR_105,PRD_1673,102,15,2026-09-10 09:43:54
INV_110450,STR_147,PRD_1025,103,23,2026-09-10 09:49:28
INV_110451,STR_108,PRD_1645,34,28,10/09/2026 09:55
INV_110452,STR_9999,PRD_1910,194,46,2026-09-10T10:00:36.962464164
INV_110453,STR_149,PRD_1361,144,21,2026-09-10 10:06:11
INV_110454,STR_104,PRD_1359,192,28,10/09/2026 10:11
INV_110455,STR_147,PRD_2238,85,30,10/09/2026 10:17
INV_110456,STR_138,PRD_1995,184,38,10/09/2026 10:22
INV_110457,STR_118,PRD_1076,38,37,2026-09-10 10:28:27
INV_110458,STR_104,PRD_1094,-9,26,2026-09-10 10:34:01
INV_110459,STR_119,PRD_1956,177,11,2026-09-10 10:39:35
INV_110460,STR_110,PRD_1996,183,15,2026-09-10 10:45:09
INV_110461,STR_149,PRD_1217,92,34,2026-09-10 10:50:43
INV_110462,STR_126,PRD_1367,48,28,2026-09-10 10:56:17
INV_110463,STR_128,PRD_1051,49,15,2026-09-10T11:01:52.087472498
INV_110464,STR_106,PRD_2297,11,10,10/09/2026 11:07
INV_110465,STR_149,PRD_2467,78,43,10/09/2026 11:13
INV_110466,STR_102,PRD_1686,95,30,2026-09-10 11:18:34
INV_110467,STR_104,PRD_1824,163,30,2026-09-10 11:24:08
INV_110468,STR_112,PRD_1032,42,36,2026-09-10T11:29:42.598839922
INV_110469,STR_115,PRD_1871,8,32,10/09/2026 11:35
INV_110470,STR_111,PRD_2439,38,45,2026-09-10 11:40:50
INV_110471,STR_138,PRD_1643,197,45,2026-09-10 11:46:24
INV_110472,STR_126,PRD_1424,6,41,2026-09-10 11:51:59
INV_110473,STR_144,PRD_1786,116,48,2026-09-10T11:57:33.110207347
INV_110474,STR_132,PRD_2030,144,26,2026-09-10 12:03:07
INV_110475,STR_114,PRD_1494,8,23,10/09/2026 12:08
INV_110476,STR_120,PRD_1738,19,31,10/09/2026 12:14
INV_110477,STR_143,PRD_1766,67,26,2026-09-10 12:19:49
INV_110478,STR_116,PRD_2377,163,38,2026-09-10T12:25:23.621574771
INV_110479,STR_8888,PRD_1695,95,47,10/09/2026 12:30
INV_110480,STR_136,PRD_1198,53,35,10/09/2026 12:36
INV_110481,STR_148,PRD_1714,21,40,2026-09-10 12:42:05
INV_110482,STR_114,PRD_1434,170,43,2026-09-10 12:47:40
INV_110483,STR_119,PRD_2159,140,36,2026-09-10 12:53:14
INV_110484,STR_118,PRD_1287,25,26,2026-09-10 12:58:48
INV_110485,STR_100,PRD_1718,-1,32,2026-09-10T13:04:22.337489166
INV_110486,STR_103,PRD_1566,48,43,2026-09-10T13:09:56.439762651
INV_110487,STR_102,PRD_1810,91,27,2026-09-10T13:15:30.542036135
INV_110488,STR_107,PRD_1407,107,30,2026-09-10 13:21:04
INV_110489,STR_140,PRD_1916,146,29,10/09/2026 13:26
INV_110490,STR_143,PRD_1909,0,41,2026-09-10 13:32:12
INV_110491,STR_104,PRD_1716,155,21,2026-09-10T13:37:46.951130075
INV_110492,STR_108,PRD_1824,68,13,2026-09-10T13:43:21.053403560
INV_110493,STR_100,PRD_2359,149,18,2026-09-10 13:48:55
INV_110494,STR_142,PRD_2025,80,20,2026-09-10T13:54:29.257950530
INV_110495,STR_129,PRD_1184,91,39,2026-09-10 14:00:03
INV_110496,STR_106,PRD_1673,169,35,2026-09-10 14:05:37
INV_110497,STR_121,PRD_1601,118,41,10/09/2026 14:11
INV_110498,STR_119,PRD_2461,3,37,2026-09-10 14:16:45
INV_110499,STR_128,PRD_1762,120,49,2026-09-10 14:22:19
INV_110500,STR_126,PRD_1021,19,46,2026-09-10 14:27:53
INV_110501,STR_124,PRD_1211,148,25,2026-09-10 14:33:27
INV_110502,STR_145,PRD_1476,118,17,2026-09-10 14:39:02
INV_110503,STR_134,PRD_1465,163,12,2026-09-10 14:44:36
INV_110504,STR_126,PRD_1988,131,12,2026-09-10T14:50:10.280685379
INV_110505,STR_110,PRD_2257,153,19,2026-09-10 14:55:44
INV_110506,STR_116,PRD_1171,163,21,2026-09-10T15:01:18.485232349
INV_110507,STR_130,PRD_1674,172,24,2026-09-10 15:06:52
INV_110508,STR_117,PRD_1796,153,36,2026-09-10T15:12:26.689779318
INV_110509,STR_118,PRD_1243,160,20,2026-09-10T15:18:00.792052803
INV_110510,STR_149,PRD_1420,94,15,2026-09-10 15:23:34
INV_110511,STR_137,PRD_1378,32,21,2026-09-10 15:29:08
INV_110512,STR_128,PRD_2496,132,27,10/09/2026 15:34
INV_110513,STR_114,PRD_1340,27,34,2026-09-10T15:40:17.201146743
INV_110514,STR_106,PRD_1953,78,43,2026-09-10 15:45:51
INV_110515,STR_136,PRD_1670,33,35,2026-09-10 15:51:25
INV_110516,STR_136,PRD_1122,98,33,2026-09-10 15:56:59
INV_110517,STR_106,PRD_1871,44,25,2026-09-10 16:02:33
INV_110518,STR_121,PRD_1433,44,45,2026-09-10 16:08:07
INV_110519,STR_111,PRD_1187,67,45,2026-09-10 16:13:41
INV_110520,STR_107,PRD_2037,175,30,2026-09-10 16:19:15
INV_110521,STR_117,PRD_1069,96,39,2026-09-10 16:24:50
INV_110522,STR_127,PRD_1650,46,29,2026-09-10 16:30:24
INV_110523,STR_117,PRD_2434,173,28,10/09/2026 16:35
INV_110524,STR_130,PRD_1836,119,20,2026-09-10 16:41:32
INV_110525,STR_116,PRD_1590,113,23,2026-09-10 16:47:06
INV_110526,STR_122,PRD_1317,151,45,2026-09-10 16:52:40
INV_110527,STR_110,PRD_1436,38,25,2026-09-10T16:58:14.632975531
INV_110528,STR_114,PRD_2169,53,12,2026-09-10 17:03:48
INV_110529,STR_129,PRD_1226,76,31,10/09/2026 17:09
INV_110530,STR_8888,PRD_2405,125,14,2026-09-10 17:14:56
INV_110531,STR_130,PRD_1179,58,11,2026-09-10 17:20:31
INV_110532,STR_105,PRD_1535,175,21,2026-09-10 17:26:05
INV_110533,STR_111,PRD_2122,160,11,2026-09-10 17:31:39
INV_110534,STR_122,PRD_2414,51,46,2026-09-10 17:37:13
INV_110535,STR_138,PRD_1269,110,28,2026-09-10 17:42:47
INV_110536,STR_139,PRD_1945,41,33,10/09/2026 17:48
INV_110537,STR_135,PRD_2117,22,14,10/09/2026 17:53
INV_110538,STR_134,PRD_2486,9,35,2026-09-10 17:59:29
INV_110539,STR_102,PRD_1658,197,37,2026-09-10 18:05:03
INV_110540,STR_141,PRD_1284,176,44,2026-09-10 18:10:37
INV_110541,STR_127,PRD_2045,177,28,10/09/2026 18:16
INV_110542,STR_114,PRD_1001,180,40,10/09/2026 18:21
INV_110543,STR_112,PRD_1102,101,28,10/09/2026 18:27
INV_110544,STR_118,PRD_2059,173,28,10/09/2026 18:32
INV_110545,STR_139,PRD_1273,26,29,2026-09-10 18:38:28
INV_110546,STR_117,PRD_2074,177,26,2026-09-10 18:44:02
INV_110547,STR_130,PRD_2166,95,21,2026-09-10 18:49:36
INV_110548,STR_136,PRD_1895,94,44,2026-09-10 18:55:10
INV_110549,STR_120,PRD_1016,40,35,2026-09-10T19:00:44.882992199
INV_110550,STR_138,PRD_2301,18,17,2026-09-10 19:06:18
INV_110551,STR_104,PRD_2461,126,49,2026-09-10 19:11:53
INV_110552,STR_9999,PRD_1435,75,34,2026-09-10 19:17:27
INV_110553,STR_116,PRD_2407,29,34,2026-09-10 19:23:01
INV_110554,STR_118,PRD_1857,185,31,2026-09-10 19:28:35
INV_110555,STR_103,PRD_1685,160,22,2026-09-10 19:34:09
INV_110556,STR_125,PRD_2155,89,24,2026-09-10T19:39:43.598906593
INV_110557,STR_123,PRD_1262,193,32,2026-09-10T19:45:17.701180078
INV_110558,STR_138,PRD_1393,12,37,2026-09-10 19:50:51
INV_110559,STR_137,PRD_1207,92,22,2026-09-10 19:56:25
INV_110560,STR_145,PRD_1807,-3,41,2026-09-10 20:02:00
INV_110561,STR_118,PRD_2249,63,20,2026-09-10 20:07:34
INV_110562,STR_129,PRD_1464,53,23,2026-09-10 20:13:08
INV_110563,STR_125,PRD_1357,140,44,2026-09-10T20:18:42.314820988
INV_110564,STR_8888,PRD_2167,82,44,10/09/2026 20:24
INV_110565,STR_110,PRD_1353,109,49,2026-09-10 20:29:50
INV_110566,STR_138,PRD_2274,98,32,2026-09-10T20:35:24.621641442
INV_110567,STR_102,PRD_1375,85,49,2026-09-10T20:40:58.723914927
INV_110568,STR_8888,PRD_1988,173,22,2026-09-10 20:46:32
INV_110569,STR_121,PRD_2268,131,15,2026-09-10 20:52:06
INV_110570,STR_116,PRD_1017,69,38,2026-09-10 20:57:41
INV_110571,STR_110,PRD_1715,92,24,2026-09-10 21:03:15
INV_110572,STR_146,PRD_1484,6,14,2026-09-10 21:08:49
INV_110573,STR_138,PRD_2025,9,42,2026-09-10 21:14:23
INV_110574,STR_146,PRD_1949,104,49,2026-09-10 21:19:57
INV_110575,STR_126,PRD_1375,1,11,2026-09-10 21:25:31
INV_110576,STR_148,PRD_1913,190,42,2026-09-10 21:31:05
INV_110577,STR_142,PRD_1565,113,34,2026-09-10 21:36:39
INV_110578,STR_128,PRD_2189,111,36,10/09/2026 21:42
INV_110579,STR_111,PRD_1864,61,34,2026-09-10 21:47:47
INV_110580,STR_112,PRD_2352,158,14,2026-09-10 21:53:22
INV_110581,STR_110,PRD_2471,74,49,2026-09-10 21:58:56
INV_110582,STR_130,PRD_2115,149,13,2026-09-10T22:04:30.258017201
INV_110583,STR_110,PRD_2275,154,23,2026-09-10 22:10:04
INV_110584,STR_140,PRD_1611,99,26,10/09/2026 22:15
INV_110585,STR_142,PRD_2062,7,36,2026-09-10T22:21:12.564837656
INV_110586,STR_135,PRD_1435,18,45,2026-09-10 22:26:46
INV_110587,STR_101,PRD_1647,124,43,2026-09-10T22:32:20.769384625
INV_110588,STR_122,PRD_1361,29,19,2026-09-10 22:37:54
INV_110589,STR_135,PRD_1561,90,31,2026-09-10 22:43:28
INV_110590,STR_113,PRD_1082,109,31,2026-09-10 22:49:03
INV_110591,STR_136,PRD_2050,123,37,2026-09-10T22:54:37.178478565
INV_110592,STR_148,PRD_1020,137,29,2026-09-10T23:00:11.280752050
INV_110593,STR_126,PRD_2241,44,11,10/09/2026 23:05
INV_110594,STR_111,PRD_2068,173,32,2026-09-10 23:11:19
INV_110595,STR_128,PRD_1953,62,43,2026-09-10 23:16:53
INV_110596,STR_105,PRD_2430,170,25,2026-09-10 23:22:27
INV_110597,STR_143,PRD_1693,190,37,2026-09-10T23:28:01.792119474
INV_110598,STR_146,PRD_1797,189,23,2026-09-10 23:33:35
INV_110599,STR_122,PRD_1478,198,10,2026-09-10 23:39:09
INV_110600,STR_9999,PRD_1862,77,24,2026-09-10 23:44:44
INV_110601,STR_109,PRD_1655,114,24,10/09/2026 23:50
INV_110602,STR_133,PRD_1762,150,34,2026-09-10 23:55:52
INV_110603,STR_143,PRD_1617,11,14,11/09/2026 00:01
INV_110604,STR_111,PRD_1710,39,17,2026-09-11 00:07:00
INV_110605,STR_131,PRD_1336,16,31,2026-09-11T00:12:34.610307354
INV_110606,STR_125,PRD_2171,37,48,2026-09-11 00:18:08
INV_110607,STR_106,PRD_2434,55,47,2026-09-11 00:23:42
INV_110608,STR_131,PRD_1767,130,48,2026-09-11T00:29:16.917127808
INV_110609,STR_132,PRD_1818,119,23,2026-09-11 00:34:51
INV_110610,STR_117,PRD_1384,35,28,2026-09-11T00:40:25.121674778
INV_110611,STR_134,PRD_2124,60,35,11/09/2026 00:45
INV_110612,STR_119,PRD_2137,117,47,2026-09-11 00:51:33
INV_110613,STR_130,PRD_2020,0,42,2026-09-11T00:57:07.428495233
INV_110614,STR_104,PRD_2285,15,21,2026-09-11 01:02:41
INV_110615,STR_131,PRD_2445,180,38,2026-09-11 01:08:15
INV_110616,STR_8888,PRD_2077,38,21,2026-09-11 01:13:49
INV_110617,STR_146,PRD_2211,52,38,2026-09-11 01:19:23
INV_110618,STR_141,PRD_1591,10,29,2026-09-11 01:24:57
INV_110619,STR_118,PRD_2213,166,43,2026-09-11 01:30:32
INV_110620,STR_100,PRD_1830,68,39,11/09/2026 01:36
INV_110621,STR_106,PRD_2081,69,38,2026-09-11 01:41:40
INV_110622,STR_121,PRD_1502,-2,48,11/09/2026 01:47
INV_110623,STR_149,PRD_1188,138,49,2026-09-11 01:52:48
INV_110624,STR_133,PRD_1869,170,11,2026-09-11 01:58:22
INV_110625,STR_9999,PRD_1578,105,35,2026-09-11 02:03:56
INV_110626,STR_109,PRD_2336,109,10,2026-09-11 02:09:30
INV_110627,STR_146,PRD_2192,44,37,2026-09-11 02:15:04
INV_110628,STR_141,PRD_1798,30,17,2026-09-11T02:20:38.962597506
INV_110629,STR_125,PRD_1130,-5,40,2026-09-11 02:26:13
INV_110630,STR_131,PRD_1677,-10,48,2026-09-11 02:31:47
INV_110631,STR_141,PRD_1948,84,28,2026-09-11T02:37:21.269417961
INV_110632,STR_126,PRD_1151,181,22,11/09/2026 02:42
INV_110633,STR_111,PRD_1921,122,25,2026-09-11 02:48:29
INV_110634,STR_139,PRD_2128,15,32,2026-09-11 02:54:03
INV_110635,STR_122,PRD_2390,-10,20,11/09/2026 02:59
INV_110636,STR_113,PRD_2115,-10,33,11/09/2026 03:05
INV_110637,STR_133,PRD_1712,82,19,2026-09-11 03:10:45
INV_110638,STR_116,PRD_1804,27,14,2026-09-11 03:16:19
INV_110639,STR_105,PRD_1431,30,21,2026-09-11 03:21:54
INV_110640,STR_126,PRD_2328,145,45,11/09/2026 03:27
INV_110641,STR_107,PRD_1027,122,35,2026-09-11 03:33:02
INV_110642,STR_132,PRD_2311,138,37,2026-09-11T03:38:36.394426295
INV_110643,STR_134,PRD_1354,52,25,2026-09-11 03:44:10
INV_110644,STR_146,PRD_1677,75,11,2026-09-11 03:49:44
INV_110645,STR_116,PRD_2427,73,35,2026-09-11 03:55:18
INV_110646,STR_125,PRD_1135,129,13,2026-09-11 04:00:52
INV_110647,STR_106,PRD_2091,123,38,11/09/2026 04:06
INV_110648,STR_145,PRD_1153,146,25,2026-09-11 04:12:01
INV_110649,STR_123,PRD_2486,98,31,2026-09-11T04:17:35.110340689
INV_110650,STR_124,PRD_1325,93,15,2026-09-11 04:23:09
INV_110651,STR_134,PRD_1815,178,37,2026-09-11 04:28:43
INV_110652,STR_125,PRD_2119,24,20,2026-09-11 04:34:17
INV_110653,STR_149,PRD_2220,64,30,2026-09-11 04:39:51
INV_110654,STR_104,PRD_1107,114,35,2026-09-11T04:45:25.621708114
INV_110655,STR_8888,PRD_2069,41,48,2026-09-11 04:50:59
INV_110656,STR_146,PRD_2209,22,31,11/09/2026 04:56
INV_110657,STR_137,PRD_1453,142,39,2026-09-11 05:02:07
INV_110658,STR_134,PRD_1322,3,39,2026-09-11 05:07:42
INV_110659,STR_129,PRD_1284,42,42,2026-09-11 05:13:16
INV_110660,STR_149,PRD_2106,50,49,11/09/2026 05:18
INV_110661,STR_124,PRD_1649,2,39,2026-09-11T05:24:24.337622508
INV_110662,STR_123,PRD_2350,4,46,11/09/2026 05:29
INV_110663,STR_129,PRD_1748,44,39,2026-09-11 05:35:32
INV_110664,STR_119,PRD_1448,170,35,2026-09-11 05:41:06
INV_110665,STR_102,PRD_1320,189,15,11/09/2026 05:46
INV_110666,STR_131,PRD_2168,36,13,2026-09-11 05:52:14
INV_110667,STR_107,PRD_1277,162,24,2026-09-11 05:57:48
INV_110668,STR_9999,PRD_1611,86,45,2026-09-11 06:03:23
INV_110669,STR_149,PRD_2037,64,12,2026-09-11T06:08:57.155810387
INV_110670,STR_146,PRD_2285,181,25,2026-09-11 06:14:31
INV_110671,STR_122,PRD_1413,4,25,2026-09-11 06:20:05
INV_110672,STR_145,PRD_1493,10,49,2026-09-11 06:25:39
INV_110673,STR_115,PRD_1046,25,36,2026-09-11 06:31:13
INV_110674,STR_134,PRD_1655,187,15,2026-09-11T06:36:47.667177812
INV_110675,STR_124,PRD_2219,142,30,11/09/2026 06:42
INV_110676,STR_114,PRD_2313,33,22,2026-09-11 06:47:55
INV_110677,STR_9999,PRD_1768,118,18,2026-09-11T06:53:29.973998266
INV_110678,STR_107,PRD_1431,31,17,2026-09-11T06:59:04.076271751
INV_110679,STR_133,PRD_2347,176,37,2026-09-11 07:04:38
INV_110680,STR_124,PRD_1955,22,28,2026-09-11 07:10:12
INV_110681,STR_148,PRD_2452,92,38,2026-09-11 07:15:46
INV_110682,STR_143,PRD_2316,149,40,2026-09-11 07:21:20
INV_110683,STR_118,PRD_1376,183,42,2026-09-11T07:26:54.587639176
INV_110684,STR_142,PRD_2107,142,15,2026-09-11 07:32:28
INV_110685,STR_149,PRD_2396,29,13,2026-09-11 07:38:02
INV_110686,STR_112,PRD_2047,175,25,2026-09-11 07:43:36
INV_110687,STR_145,PRD_1908,86,12,2026-09-11T07:49:10.996733115
INV_110688,STR_111,PRD_1324,104,34,2026-09-11T07:54:45.099006600
INV_110689,STR_114,PRD_1315,91,26,2026-09-11 08:00:19
INV_110690,STR_122,PRD_1220,192,31,2026-09-11 08:05:53
INV_110691,STR_139,PRD_1213,53,27,2026-09-11T08:11:27.405827055
INV_110692,STR_101,PRD_2495,136,41,2026-09-11 08:17:01
INV_110693,STR_139,PRD_1844,17,27,2026-09-11 08:22:35
INV_110694,STR_122,PRD_2108,191,35,11/09/2026 08:28
INV_110695,STR_104,PRD_1384,69,34,2026-09-11 08:33:43
INV_110696,STR_133,PRD_2027,101,37,2026-09-11T08:39:17.917194479
INV_110697,STR_109,PRD_2137,159,49,2026-09-11 08:44:52
INV_110698,STR_126,PRD_2238,199,32,2026-09-11T08:50:26.121741449
INV_110699,STR_141,PRD_2359,75,17,2026-09-11 08:56:00
INV_110700,STR_103,PRD_1876,167,22,2026-09-11 09:01:34
INV_110701,STR_103,PRD_1652,193,19,2026-09-11 09:07:08
INV_110702,STR_107,PRD_2190,95,12,11/09/2026 09:12
INV_110703,STR_105,PRD_1286,37,19,2026-09-11 09:18:16
INV_110704,STR_124,PRD_1383,174,24,2026-09-11 09:23:50
INV_110705,STR_126,PRD_2017,-2,33,2026-09-11T09:29:24.837655843
INV_110706,STR_146,PRD_1846,147,19,2026-09-11 09:34:58
INV_110707,STR_149,PRD_1516,135,30,2026-09-11 09:40:33
INV_110708,STR_139,PRD_1126,162,47,11/09/2026 09:46
INV_110709,STR_119,PRD_2456,99,48,11/09/2026 09:51
INV_110710,STR_126,PRD_2109,72,37,2026-09-11 09:57:15
INV_110711,STR_106,PRD_2068,67,11,2026-09-11 10:02:49
INV_110712,STR_122,PRD_1622,55,13,2026-09-11T10:08:23.553570238
INV_110713,STR_119,PRD_1289,128,12,2026-09-11 10:13:57
INV_110714,STR_148,PRD_1696,79,41,11/09/2026 10:19
INV_110715,STR_9999,PRD_2258,61,43,2026-09-11T10:25:05.860390692
INV_110716,STR_133,PRD_1156,184,25,2026-09-11T10:30:39.962664177
INV_110717,STR_128,PRD_1405,4,13,11/09/2026 10:36
INV_110718,STR_143,PRD_2145,98,27,2026-09-11 10:41:48
INV_110719,STR_9999,PRD_2247,29,37,2026-09-11 10:47:22
INV_110720,STR_104,PRD_1876,130,15,11/09/2026 10:52
INV_110721,STR_126,PRD_2046,197,10,2026-09-11T10:58:30.474031602
INV_110722,STR_111,PRD_1196,75,25,2026-09-11 11:04:04
INV_110723,STR_116,PRD_1478,22,46,11/09/2026 11:09
INV_110724,STR_136,PRD_1284,115,18,11/09/2026 11:15
INV_110725,STR_133,PRD_1307,119,26,2026-09-11T11:20:46.883125541
INV_110726,STR_129,PRD_1344,98,45,2026-09-11 11:26:20
INV_110727,STR_135,PRD_2020,99,43,2026-09-11T11:31:55.087672511
INV_110728,STR_105,PRD_1990,151,40,2026-09-11T11:37:29.189945996
INV_110729,STR_131,PRD_1397,5,43,2026-09-11 11:43:03
INV_110730,STR_131,PRD_1784,3,46,11/09/2026 11:48
INV_110731,STR_108,PRD_2487,35,43,2026-09-11 11:54:11
INV_110732,STR_121,PRD_1795,39,46,2026-09-11T11:59:45.599039936
INV_110733,STR_109,PRD_2138,102,10,2026-09-11T12:05:19.701313421
INV_110734,STR_128,PRD_1635,122,24,2026-09-11 12:10:53
INV_110735,STR_110,PRD_1449,32,40,2026-09-11 12:16:27
INV_110736,STR_127,PRD_1771,135,23,2026-09-11 12:22:02
INV_110737,STR_101,PRD_2427,37,43,2026-09-11 12:27:36
INV_110738,STR_120,PRD_1680,181,10,2026-09-11 12:33:10
INV_110739,STR_130,PRD_1547,143,44,11/09/2026 12:38
INV_110740,STR_140,PRD_1228,191,20,2026-09-11 12:44:18
INV_110741,STR_8888,PRD_1243,187,26,2026-09-11 12:49:52
INV_110742,STR_116,PRD_1064,131,14,2026-09-11 12:55:26
INV_110743,STR_126,PRD_2260,183,26,2026-09-11 13:01:00
INV_110744,STR_129,PRD_1945,178,27,2026-09-11 13:06:34
INV_110745,STR_140,PRD_2026,190,34,2026-09-11T13:12:08.928595239
INV_110746,STR_107,PRD_2060,194,44,2026-09-11 13:17:43
INV_110747,STR_136,PRD_2001,10,25,2026-09-11T13:23:17.133142209
INV_110748,STR_104,PRD_2273,44,32,2026-09-11 13:28:51
INV_110749,STR_125,PRD_1002,105,49,2026-09-11 13:34:25
INV_110750,STR_105,PRD_2258,97,30,2026-09-11 13:39:59
INV_110751,STR_115,PRD_2440,-9,38,2026-09-11 13:45:33
INV_110752,STR_100,PRD_1954,120,45,2026-09-11T13:51:07.644509634
INV_110753,STR_108,PRD_2274,2,19,2026-09-11T13:56:41.746783119
INV_110754,STR_120,PRD_1142,10,29,11/09/2026 14:02
INV_110755,STR_106,PRD_2079,150,16,2026-09-11 14:07:49
INV_110756,STR_142,PRD_1060,137,39,2026-09-11 14:13:24
INV_110757,STR_114,PRD_1067,114,38,2026-09-11 14:18:58
INV_110758,STR_123,PRD_1078,135,10,2026-09-11 14:24:32
INV_110759,STR_104,PRD_2350,27,30,2026-09-11 14:30:06
INV_110760,STR_9999,PRD_1366,14,16,11/09/2026 14:35
INV_110761,STR_137,PRD_1957,155,13,2026-09-11T14:41:14.564970998
INV_110762,STR_128,PRD_1525,132,48,2026-09-11 14:46:48
INV_110763,STR_145,PRD_1389,198,24,2026-09-11T14:52:22.769517968
INV_110764,STR_8888,PRD_2312,146,43,2026-09-11T14:57:56.871791452
INV_110765,STR_145,PRD_1520,86,11,2026-09-11 15:03:30
INV_110766,STR_110,PRD_1252,181,46,2026-09-11T15:09:05.076338422
INV_110767,STR_103,PRD_2118,21,12,2026-09-11T15:14:39.178611907
INV_110768,STR_109,PRD_1002,189,13,2026-09-11 15:20:13
INV_110769,STR_133,PRD_1695,32,45,2026-09-11 15:25:47
INV_110770,STR_103,PRD_1045,2,36,2026-09-11 15:31:21
INV_110771,STR_8888,PRD_1652,198,13,2026-09-11 15:36:55
INV_110772,STR_109,PRD_1524,67,45,11/09/2026 15:42
INV_110773,STR_132,PRD_1417,14,28,2026-09-11 15:48:03
INV_110774,STR_145,PRD_2001,38,43,11/09/2026 15:53
INV_110775,STR_117,PRD_2066,77,25,2026-09-11 15:59:11
INV_110776,STR_111,PRD_1895,109,49,2026-09-11 16:04:46
INV_110777,STR_9999,PRD_1695,125,31,2026-09-11T16:10:20.201346756
INV_110778,STR_122,PRD_1558,145,41,11/09/2026 16:15
INV_110779,STR_143,PRD_1930,115,11,2026-09-11 16:21:28
INV_110780,STR_124,PRD_2229,0,26,2026-09-11T16:27:02.508167211
INV_110781,STR_136,PRD_2298,172,32,2026-09-11T16:32:36.610440696
INV_110782,STR_103,PRD_1594,-1,21,2026-09-11 16:38:10
INV_110783,STR_112,PRD_2120,48,22,2026-09-11T16:43:44.814987666
INV_110784,STR_117,PRD_2202,54,19,11/09/2026 16:49
INV_110785,STR_128,PRD_1866,122,13,2026-09-11 16:54:53
INV_110786,STR_143,PRD_2171,69,16,2026-09-11 17:00:27
INV_110787,STR_129,PRD_1383,137,11,2026-09-11 17:06:01
INV_110788,STR_147,PRD_2095,81,24,11/09/2026 17:11
INV_110789,STR_137,PRD_1216,122,45,2026-09-11 17:17:09
INV_110790,STR_127,PRD_1832,101,18,2026-09-11T17:22:43.530902060
INV_110791,STR_106,PRD_1805,184,33,2026-09-11 17:28:17
INV_110792,STR_123,PRD_2456,147,15,11/09/2026 17:33
INV_110793,STR_140,PRD_2056,76,16,2026-09-11 17:39:25
INV_110794,STR_109,PRD_1780,151,25,2026-09-11T17:44:59.939995999
INV_110795,STR_136,PRD_1215,102,26,2026-09-11 17:50:34
INV_110796,STR_126,PRD_1100,107,39,2026-09-11 17:56:08
INV_110797,STR_120,PRD_1469,81,17,11/09/2026 18:01
INV_110798,STR_135,PRD_1179,-10,12,2026-09-11 18:07:16
INV_110799,STR_142,PRD_1638,101,34,2026-09-11 18:12:50
INV_110800,STR_9999,PRD_2356,144,38,2026-09-11 18:18:24
INV_110801,STR_128,PRD_2483,108,30,2026-09-11 18:23:58
INV_110802,STR_106,PRD_1376,109,15,2026-09-11 18:29:32
INV_110803,STR_112,PRD_1680,180,32,2026-09-11 18:35:06
INV_110804,STR_144,PRD_1816,23,20,2026-09-11T18:40:40.962730848
INV_110805,STR_122,PRD_2158,84,15,2026-09-11 18:46:15
INV_110806,STR_149,PRD_2433,21,36,2026-09-11T18:51:49.167277818
INV_110807,STR_124,PRD_2178,105,36,2026-09-11 18:57:23
INV_110808,STR_140,PRD_1279,188,22,11/09/2026 19:02
INV_110809,STR_144,PRD_2222,163,18,2026-09-11 19:08:31
INV_110810,STR_112,PRD_1848,185,17,2026-09-11 19:14:05
INV_110811,STR_136,PRD_1752,174,36,11/09/2026 19:19
INV_110812,STR_129,PRD_2440,11,41,2026-09-11 19:25:13
INV_110813,STR_125,PRD_2121,146,38,2026-09-11T19:30:47.883192212
INV_110814,STR_111,PRD_1249,87,42,2026-09-11 19:36:21
INV_110815,STR_100,PRD_1913,34,14,2026-09-11 19:41:56
INV_110816,STR_117,PRD_2128,162,47,11/09/2026 19:47
INV_110817,STR_120,PRD_1772,56,18,2026-09-11 19:53:04
INV_110818,STR_123,PRD_1640,10,22,2026-09-11 19:58:38
INV_110819,STR_116,PRD_1326,138,42,2026-09-11 20:04:12
INV_110820,STR_141,PRD_1889,177,39,2026-09-11 20:09:46
INV_110821,STR_108,PRD_1770,198,34,2026-09-11 20:15:20
INV_110822,STR_8888,PRD_1376,18,15,2026-09-11 20:20:54
INV_110823,STR_139,PRD_2038,22,48,2026-09-11 20:26:28
INV_110824,STR_127,PRD_1695,156,19,11/09/2026 20:32
INV_110825,STR_114,PRD_1480,179,45,11/09/2026 20:37
INV_110826,STR_112,PRD_2039,79,28,2026-09-11 20:43:11
INV_110827,STR_127,PRD_1574,115,20,2026-09-11 20:48:45
INV_110828,STR_116,PRD_1484,188,26,11/09/2026 20:54
INV_110829,STR_108,PRD_2302,34,11,2026-09-11T20:59:53.519567971
INV_110830,STR_120,PRD_2356,175,16,2026-09-11 21:05:27
INV_110831,STR_129,PRD_1939,62,40,2026-09-11T21:11:01.724114941
INV_110832,STR_110,PRD_1256,71,40,2026-09-11 21:16:35
INV_110833,STR_129,PRD_2208,118,26,2026-09-11 21:22:09
INV_110834,STR_135,PRD_1026,0,24,11/09/2026 21:27
INV_110835,STR_124,PRD_2048,149,16,2026-09-11 21:33:18
INV_110836,STR_106,PRD_2085,96,39,2026-09-11 21:38:52
INV_110837,STR_119,PRD_1232,191,48,2026-09-11 21:44:26
INV_110838,STR_134,PRD_2487,166,23,2026-09-11 21:50:00
INV_110839,STR_109,PRD_1348,80,40,2026-09-11 21:55:34
INV_110840,STR_134,PRD_2309,193,18,2026-09-11 22:01:08
INV_110841,STR_100,PRD_1413,147,18,11/09/2026 22:06
INV_110842,STR_113,PRD_1405,49,11,2026-09-11 22:12:16
INV_110843,STR_144,PRD_2404,127,31,2026-09-11 22:17:50
INV_110844,STR_104,PRD_2193,193,25,2026-09-11 22:23:25
INV_110845,STR_139,PRD_2313,91,11,2026-09-11 22:28:59
INV_110846,STR_143,PRD_1958,138,24,2026-09-11 22:34:33
INV_110847,STR_137,PRD_1515,-5,15,11/09/2026 22:40
INV_110848,STR_133,PRD_2009,155,32,2026-09-11 22:45:41
INV_110849,STR_123,PRD_1286,114,37,2026-09-11 22:51:15
INV_110850,STR_103,PRD_1306,105,26,2026-09-11 22:56:49
INV_110851,STR_126,PRD_1561,175,45,2026-09-11 23:02:23
INV_110852,STR_104,PRD_1781,-3,28,2026-09-11T23:07:57.871858124
INV_110853,STR_142,PRD_2031,59,14,2026-09-11 23:13:31
INV_110854,STR_112,PRD_1356,180,32,11/09/2026 23:19
INV_110855,STR_139,PRD_1580,151,28,2026-09-11 23:24:40
INV_110856,STR_120,PRD_1138,166,10,2026-09-11 23:30:14
INV_110857,STR_136,PRD_2271,29,36,2026-09-11 23:35:48
INV_110858,STR_131,PRD_2206,75,34,2026-09-11 23:41:22
INV_110859,STR_137,PRD_1422,18,15,2026-09-11 23:46:56
INV_110860,STR_130,PRD_1396,-2,45,2026-09-11 23:52:30
INV_110861,STR_131,PRD_1831,10,26,11/09/2026 23:58
INV_110862,STR_114,PRD_1304,21,21,2026-09-12 00:03:38
INV_110863,STR_147,PRD_2042,61,34,2026-09-12 00:09:12
INV_110864,STR_129,PRD_2406,172,19,2026-09-12 00:14:47
INV_110865,STR_142,PRD_1225,160,48,12/09/2026 00:20
INV_110866,STR_106,PRD_2253,-1,33,12/09/2026 00:25
INV_110867,STR_137,PRD_1850,166,20,2026-09-12T00:31:29.405960397
INV_110868,STR_130,PRD_1494,76,33,2026-09-12 00:37:03
INV_110869,STR_143,PRD_1626,73,12,12/09/2026 00:42
INV_110870,STR_125,PRD_2382,130,49,2026-09-12 00:48:11
INV_110871,STR_135,PRD_2396,75,29,2026-09-12 00:53:45
INV_110872,STR_145,PRD_2101,30,32,12/09/2026 00:59
INV_110873,STR_142,PRD_1326,196,14,2026-09-12 01:04:54
INV_110874,STR_125,PRD_2299,20,45,2026-09-12 01:10:28
INV_110875,STR_143,PRD_2375,98,22,2026-09-12 01:16:02
INV_110876,STR_101,PRD_2205,21,45,2026-09-12 01:21:36
INV_110877,STR_142,PRD_1504,162,15,2026-09-12 01:27:10
INV_110878,STR_144,PRD_1606,2,11,2026-09-12 01:32:44
INV_110879,STR_142,PRD_2412,110,38,2026-09-12 01:38:18
INV_110880,STR_108,PRD_1606,142,14,2026-09-12 01:43:52
INV_110881,STR_147,PRD_2358,185,24,2026-09-12 01:49:26
INV_110882,STR_104,PRD_2003,107,17,12/09/2026 01:55
INV_110883,STR_126,PRD_2469,95,43,2026-09-12 02:00:35
INV_110884,STR_111,PRD_1508,4,46,2026-09-12 02:06:09
INV_110885,STR_134,PRD_1656,53,35,12/09/2026 02:11
INV_110886,STR_128,PRD_2271,177,18,12/09/2026 02:17
INV_110887,STR_115,PRD_2316,106,17,2026-09-12T02:22:51.451430095
INV_110888,STR_118,PRD_1530,-3,23,2026-09-12 02:28:25
INV_110889,STR_148,PRD_2161,191,34,2026-09-12T02:33:59.655977065
INV_110890,STR_142,PRD_2368,134,43,2026-09-12 02:39:33
INV_110891,STR_9999,PRD_1036,-6,12,2026-09-12T02:45:07.860524035
INV_110892,STR_126,PRD_1313,130,41,12/09/2026 02:50
INV_110893,STR_117,PRD_1219,10,45,2026-09-12T02:56:16.065071004
INV_110894,STR_140,PRD_1639,106,14,12/09/2026 03:01
INV_110895,STR_112,PRD_2166,113,24,2026-09-12 03:07:24
INV_110896,STR_129,PRD_2427,104,37,2026-09-12 03:12:58
INV_110897,STR_125,PRD_1403,33,27,2026-09-12T03:18:32.474164944
INV_110898,STR_105,PRD_1478,193,20,12/09/2026 03:24
INV_110899,STR_102,PRD_1721,42,19,2026-09-12 03:29:40
INV_110900,STR_122,PRD_1936,145,13,2026-09-12 03:35:14
INV_110901,STR_111,PRD_1823,55,29,2026-09-12T03:40:48.883258884
INV_110902,STR_140,PRD_1219,138,14,2026-09-12 03:46:22
INV_110903,STR_140,PRD_1366,94,10,2026-09-12T03:51:57.087805853
INV_110904,STR_114,PRD_2219,115,22,2026-09-12 03:57:31
INV_110905,STR_100,PRD_1983,109,31,2026-09-12 04:03:05
INV_110906,STR_149,PRD_1683,46,22,2026-09-12 04:08:39
INV_110907,STR_146,PRD_1968,44,24,12/09/2026 04:14
INV_110908,STR_107,PRD_2055,119,18,2026-09-12T04:19:47.599173278
INV_110909,STR_130,PRD_2018,83,12,2026-09-12 04:25:21
INV_110910,STR_110,PRD_2077,54,11,2026-09-12 04:30:55
INV_110911,STR_116,PRD_1422,99,21,2026-09-12 04:36:29
INV_110912,STR_126,PRD_2003,194,33,12/09/2026 04:42
INV_110913,STR_130,PRD_1233,120,27,2026-09-12 04:47:38
INV_110914,STR_126,PRD_1828,176,45,2026-09-12T04:53:12.212814187
INV_110915,STR_113,PRD_1742,180,34,2026-09-12 04:58:46
INV_110916,STR_9999,PRD_2133,-6,24,2026-09-12 05:04:20
INV_110917,STR_122,PRD_1986,55,10,2026-09-12 05:09:54
INV_110918,STR_104,PRD_1878,79,17,12/09/2026 05:15
INV_110919,STR_129,PRD_2123,135,46,2026-09-12 05:21:02
INV_110920,STR_133,PRD_2234,126,16,2026-09-12 05:26:36
INV_110921,STR_146,PRD_1732,139,44,2026-09-12 05:32:10
INV_110922,STR_118,PRD_2426,145,47,2026-09-12 05:37:45
INV_110923,STR_130,PRD_2173,177,25,2026-09-12 05:43:19
INV_110924,STR_115,PRD_1674,129,26,2026-09-12 05:48:53
INV_110925,STR_144,PRD_2417,26,47,2026-09-12 05:54:27
INV_110926,STR_126,PRD_1654,199,39,12/09/2026 06:00
INV_110927,STR_125,PRD_1257,108,46,2026-09-12 06:05:35
INV_110928,STR_138,PRD_2268,87,27,2026-09-12 06:11:09
INV_110929,STR_128,PRD_2001,159,45,2026-09-12 06:16:43
INV_110930,STR_148,PRD_2173,43,21,12/09/2026 06:22
INV_110931,STR_9999,PRD_1623,159,37,2026-09-12T06:27:51.951463431
INV_110932,STR_138,PRD_1098,111,20,2026-09-12 06:33:26
INV_110933,STR_143,PRD_2126,56,15,2026-09-12 06:39:00
INV_110934,STR_144,PRD_1011,45,35,2026-09-12T06:44:34.258283885
INV_110935,STR_128,PRD_2249,35,25,2026-09-12 06:50:08
INV_110936,STR_144,PRD_1812,-6,47,2026-09-12 06:55:42
INV_110937,STR_145,PRD_2465,45,18,2026-09-12 07:01:16
INV_110938,STR_146,PRD_2171,140,27,2026-09-12T07:06:50.667377825
INV_110939,STR_130,PRD_1178,51,42,2026-09-12 07:12:24
INV_110940,STR_101,PRD_2030,130,28,2026-09-12 07:17:58
INV_110941,STR_105,PRD_1151,48,18,2026-09-12T07:23:32.974198280
INV_110942,STR_108,PRD_1834,17,18,2026-09-12 07:29:07
INV_110943,STR_114,PRD_1581,198,14,2026-09-12T07:34:41.178745249
INV_110944,STR_119,PRD_2376,-5,32,2026-09-12T07:40:15.281018734
INV_110945,STR_147,PRD_1564,178,43,12/09/2026 07:45
INV_110946,STR_101,PRD_2440,50,47,2026-09-12 07:51:23
INV_110947,STR_102,PRD_1195,162,31,2026-09-12 07:56:57
INV_110948,STR_8888,PRD_1324,82,14,2026-09-12 08:02:31
INV_110949,STR_129,PRD_1481,1,10,12/09/2026 08:08
INV_110950,STR_107,PRD_1207,152,35,2026-09-12 08:13:39
INV_110951,STR_139,PRD_1935,51,27,2026-09-12 08:19:13
INV_110952,STR_120,PRD_2326,101,35,12/09/2026 08:24
INV_110953,STR_138,PRD_2322,-6,24,2026-09-12T08:30:22.201480098
INV_110954,STR_142,PRD_1956,55,11,2026-09-12 08:35:56
INV_110955,STR_112,PRD_1425,192,24,2026-09-12 08:41:30
INV_110956,STR_139,PRD_2085,57,20,2026-09-12 08:47:04
INV_110957,STR_140,PRD_2218,75,29,2026-09-12 08:52:38
INV_110958,STR_147,PRD_1566,182,26,2026-09-12 08:58:12
INV_110959,STR_136,PRD_2386,98,14,2026-09-12 09:03:46
INV_110960,STR_131,PRD_1617,103,42,2026-09-12 09:09:20
INV_110961,STR_113,PRD_1944,69,34,2026-09-12 09:14:55
INV_110962,STR_100,PRD_2101,55,16,2026-09-12 09:20:29
INV_110963,STR_126,PRD_1886,158,43,2026-09-12 09:26:03
INV_110964,STR_123,PRD_1928,144,24,2026-09-12 09:31:37
INV_110965,STR_9999,PRD_1283,65,22,2026-09-12 09:37:11
INV_110966,STR_148,PRD_2080,-6,41,2026-09-12 09:42:45
INV_110967,STR_121,PRD_1680,122,48,2026-09-12T09:48:19.633308887
INV_110968,STR_113,PRD_1375,75,23,2026-09-12T09:53:53.735582372
INV_110969,STR_144,PRD_1375,130,29,2026-09-12 09:59:27
INV_110970,STR_107,PRD_1771,69,25,2026-09-12 10:05:01
INV_110971,STR_126,PRD_1787,79,39,2026-09-12 10:10:36
INV_110972,STR_102,PRD_1372,126,28,12/09/2026 10:16
INV_110973,STR_132,PRD_1856,165,31,2026-09-12 10:21:44
INV_110974,STR_9999,PRD_1243,21,46,12/09/2026 10:27
INV_110975,STR_146,PRD_1761,72,19,12/09/2026 10:32
INV_110976,STR_120,PRD_2062,25,17,2026-09-12T10:38:26.553770251
INV_110977,STR_131,PRD_2332,132,38,2026-09-12 10:44:00
INV_110978,STR_139,PRD_1632,126,23,2026-09-12 10:49:34
INV_110979,STR_140,PRD_1085,5,20,2026-09-12 10:55:08
INV_110980,STR_144,PRD_1098,-5,39,2026-09-12 11:00:42
INV_110981,STR_143,PRD_1373,61,42,2026-09-12 11:06:17
INV_110982,STR_140,PRD_1757,150,43,12/09/2026 11:11
INV_110983,STR_131,PRD_2231,99,48,2026-09-12 11:17:25
INV_110984,STR_8888,PRD_1624,89,46,2026-09-12 11:22:59
INV_110985,STR_123,PRD_1982,159,46,2026-09-12 11:28:33
INV_110986,STR_110,PRD_1082,48,14,2026-09-12 11:34:07
INV_110987,STR_136,PRD_1000,25,14,2026-09-12 11:39:41
INV_110988,STR_9999,PRD_1436,23,26,2026-09-12 11:45:15
INV_110989,STR_120,PRD_1685,119,28,2026-09-12 11:50:49
INV_110990,STR_117,PRD_1249,2,35,2026-09-12 11:56:23
INV_110991,STR_110,PRD_1409,160,11,2026-09-12T12:01:58.087872525
INV_110992,STR_126,PRD_1737,191,23,2026-09-12 12:07:32
INV_110993,STR_142,PRD_2409,46,37,2026-09-12 12:13:06
INV_110994,STR_137,PRD_2107,-4,13,2026-09-12 12:18:40
INV_110995,STR_100,PRD_1489,176,12,2026-09-12T12:24:14.496966464
INV_110996,STR_128,PRD_1238,48,24,2026-09-12 12:29:48
INV_110997,STR_120,PRD_1922,100,31,2026-09-12T12:35:22.701513434
INV_110998,STR_128,PRD_1539,105,28,2026-09-12 12:40:56
INV_110999,STR_108,PRD_1379,40,43,12/09/2026 12:46
INV_111000,STR_106,PRD_1798,-8,19,12/09/2026 12:52
INV_111001,STR_137,PRD_1942,144,43,2026-09-12 12:57:39
INV_111002,STR_130,PRD_2414,195,25,2026-09-12T13:03:13.212880858
INV_111003,STR_126,PRD_2351,43,46,2026-09-12T13:08:47.315154343
INV_111004,STR_141,PRD_2327,83,45,12/09/2026 13:14
INV_111005,STR_131,PRD_2305,181,31,12/09/2026 13:19
INV_111006,STR_104,PRD_1694,23,41,2026-09-12 13:25:29
INV_111007,STR_132,PRD_2368,12,26,2026-09-12 13:31:03
INV_111008,STR_114,PRD_1134,37,18,2026-09-12 13:36:37
INV_111009,STR_104,PRD_2491,44,42,2026-09-12 13:42:11
INV_111010,STR_119,PRD_1360,6,42,2026-09-12 13:47:46
INV_111011,STR_137,PRD_1568,68,11,2026-09-12 13:53:20
INV_111012,STR_136,PRD_2138,51,23,2026-09-12 13:58:54
INV_111013,STR_116,PRD_1185,114,46,2026-09-12 14:04:28
INV_111014,STR_149,PRD_1477,50,42,2026-09-12 14:10:02
INV_111015,STR_103,PRD_1887,178,10,12/09/2026 14:15
INV_111016,STR_120,PRD_1000,33,31,2026-09-12 14:21:10
INV_111017,STR_133,PRD_1849,60,39,2026-09-12 14:26:44
INV_111018,STR_139,PRD_1967,114,36,2026-09-12 14:32:18
INV_111019,STR_104,PRD_1540,117,42,2026-09-12 14:37:52
INV_111020,STR_103,PRD_1991,-8,25,2026-09-12 14:43:27
INV_111021,STR_121,PRD_2447,190,19,2026-09-12 14:49:01
INV_111022,STR_113,PRD_1701,56,36,2026-09-12 14:54:35
INV_111023,STR_103,PRD_1269,101,46,2026-09-12 15:00:09
INV_111024,STR_107,PRD_1897,88,11,2026-09-12 15:05:43
INV_111025,STR_102,PRD_1418,125,39,2026-09-12 15:11:17
INV_111026,STR_145,PRD_2350,143,28,2026-09-12 15:16:51
INV_111027,STR_128,PRD_1194,109,28,12/09/2026 15:22
INV_111028,STR_125,PRD_1254,132,44,2026-09-12T15:27:59.871991466
INV_111029,STR_149,PRD_1078,122,20,2026-09-12 15:33:33
INV_111030,STR_129,PRD_2121,130,41,2026-09-12 15:39:08
INV_111031,STR_111,PRD_2173,196,25,2026-09-12 15:44:42
INV_111032,STR_114,PRD_1785,92,26,12/09/2026 15:50
INV_111033,STR_8888,PRD_1813,129,38,2026-09-12 15:55:50
INV_111034,STR_8888,PRD_1446,52,29,12/09/2026 16:01
INV_111035,STR_140,PRD_1122,125,45,2026-09-12 16:06:58
INV_111036,STR_101,PRD_1675,191,33,2026-09-12 16:12:32
INV_111037,STR_100,PRD_1358,23,13,12/09/2026 16:18
INV_111038,STR_146,PRD_1238,189,14,2026-09-12 16:23:40
INV_111039,STR_146,PRD_1804,11,28,2026-09-12 16:29:14
INV_111040,STR_127,PRD_1682,39,33,12/09/2026 16:34
INV_111041,STR_139,PRD_1668,129,10,2026-09-12 16:40:23
INV_111042,STR_134,PRD_1203,139,44,12/09/2026 16:45
INV_111043,STR_133,PRD_1142,80,11,2026-09-12T16:51:31.406093739
INV_111044,STR_103,PRD_1186,175,19,2026-09-12 16:57:05
INV_111045,STR_117,PRD_1121,71,15,12/09/2026 17:02
INV_111046,STR_111,PRD_2373,8,49,12/09/2026 17:08
INV_111047,STR_149,PRD_2123,112,47,2026-09-12 17:13:47
INV_111048,STR_120,PRD_1283,122,29,2026-09-12 17:19:21
INV_111049,STR_109,PRD_1948,5,28,2026-09-12 17:24:56
INV_111050,STR_120,PRD_1526,102,45,2026-09-12T17:30:30.122008134
INV_111051,STR_139,PRD_1383,158,38,2026-09-12 17:36:04
INV_111052,STR_124,PRD_1897,191,33,2026-09-12 17:41:38
INV_111053,STR_149,PRD_1186,8,18,2026-09-12T17:47:12.428828588
INV_111054,STR_116,PRD_2031,97,41,2026-09-12 17:52:46
INV_111055,STR_9999,PRD_1623,182,49,2026-09-12 17:58:20
INV_111056,STR_105,PRD_1544,11,14,2026-09-12 18:03:54
INV_111057,STR_113,PRD_2442,134,30,2026-09-12 18:09:28
INV_111058,STR_136,PRD_1913,24,26,2026-09-12 18:15:02
INV_111059,STR_139,PRD_1089,156,33,12/09/2026 18:20
INV_111060,STR_139,PRD_1495,62,36,12/09/2026 18:26
INV_111061,STR_117,PRD_1959,44,27,2026-09-12 18:31:45
INV_111062,STR_129,PRD_1115,122,31,2026-09-12T18:37:19.349289952
INV_111063,STR_108,PRD_1684,62,15,2026-09-12T18:42:53.451563437
INV_111064,STR_113,PRD_2043,104,37,2026-09-12T18:48:27.553836922
INV_111065,STR_145,PRD_1131,0,29,12/09/2026 18:54
INV_111066,STR_8888,PRD_2315,67,25,2026-09-12 18:59:35
INV_111067,STR_145,PRD_2377,99,28,2026-09-12 19:05:09
INV_111068,STR_116,PRD_2260,157,17,2026-09-12T19:10:43.962930862
INV_111069,STR_133,PRD_1222,73,27,12/09/2026 19:16
INV_111070,STR_145,PRD_1435,86,46,2026-09-12T19:21:52.167477832
INV_111071,STR_121,PRD_2062,121,40,2026-09-12 19:27:26
INV_111072,STR_131,PRD_1326,116,47,2026-09-12T19:33:00.372024801
INV_111073,STR_111,PRD_2232,69,11,2026-09-12 19:38:34
INV_111074,STR_115,PRD_1105,175,41,12/09/2026 19:44
INV_111075,STR_121,PRD_1651,182,24,2026-09-12T19:49:42.678845256
INV_111076,STR_137,PRD_2272,104,20,2026-09-12 19:55:16
INV_111077,STR_149,PRD_1566,53,14,2026-09-12 20:00:50
INV_111078,STR_138,PRD_1629,56,38,2026-09-12 20:06:24
INV_111079,STR_101,PRD_1687,85,29,2026-09-12 20:11:59
INV_111080,STR_144,PRD_2377,23,29,2026-09-12 20:17:33
INV_111081,STR_107,PRD_1469,102,27,12/09/2026 20:23
INV_111082,STR_143,PRD_1724,78,21,2026-09-12 20:28:41
INV_111083,STR_100,PRD_1264,175,26,12/09/2026 20:34
INV_111084,STR_140,PRD_2487,184,13,2026-09-12 20:39:49
INV_111085,STR_139,PRD_1836,124,28,2026-09-12 20:45:23
INV_111086,STR_140,PRD_1850,152,32,2026-09-12 20:50:57
INV_111087,STR_104,PRD_2464,146,36,2026-09-12 20:56:31
INV_111088,STR_144,PRD_2307,14,23,2026-09-12T21:02:06.008400560
INV_111089,STR_145,PRD_1784,17,13,2026-09-12 21:07:40
INV_111090,STR_135,PRD_1533,58,13,2026-09-12 21:13:14
INV_111091,STR_116,PRD_1368,144,33,2026-09-12 21:18:48
INV_111092,STR_140,PRD_1698,191,32,12/09/2026 21:24
INV_111093,STR_129,PRD_1945,65,45,2026-09-12T21:29:56.519767984
INV_111094,STR_8888,PRD_1153,71,20,2026-09-12 21:35:30
INV_111095,STR_114,PRD_1619,125,42,2026-09-12 21:41:04
INV_111096,STR_119,PRD_1315,155,47,12/09/2026 21:46
INV_111097,STR_135,PRD_2323,108,14,2026-09-12 21:52:12
INV_111098,STR_101,PRD_2463,83,36,2026-09-12T21:57:47.031135409
INV_111099,STR_144,PRD_1810,126,46,2026-09-12 22:03:21
INV_111100,STR_103,PRD_1150,101,36,2026-09-12T22:08:55.235682379
INV_111101,STR_149,PRD_2429,32,40,2026-09-12 22:14:29
INV_111102,STR_123,PRD_1174,14,21,2026-09-12 22:20:03
INV_111103,STR_147,PRD_2078,83,15,2026-09-12T22:25:37.542502833
INV_111104,STR_141,PRD_1778,55,21,2026-09-12 22:31:11
INV_111105,STR_101,PRD_2334,6,23,2026-09-12T22:36:45.747049803
INV_111106,STR_145,PRD_1153,98,31,12/09/2026 22:42
INV_111107,STR_101,PRD_1500,124,20,12/09/2026 22:47
INV_111108,STR_149,PRD_2213,11,49,2026-09-12 22:53:28
INV_111109,STR_100,PRD_1505,-1,48,2026-09-12 22:59:02
INV_111110,STR_112,PRD_1148,79,47,2026-09-12 23:04:36
INV_111111,STR_105,PRD_1007,130,22,2026-09-12 23:10:10
INV_111112,STR_121,PRD_1592,31,15,2026-09-12 23:15:44
INV_111113,STR_116,PRD_1590,17,29,2026-09-12 23:21:18
INV_111114,STR_148,PRD_1468,89,11,2026-09-12 23:26:52
INV_111115,STR_121,PRD_1320,176,20,2026-09-12 23:32:26
INV_111116,STR_142,PRD_1571,0,17,2026-09-12 23:38:00
INV_111117,STR_105,PRD_1450,126,39,2026-09-12T23:43:34.974331622
INV_111118,STR_8888,PRD_1127,197,36,2026-09-12T23:49:09.076605107
INV_111119,STR_102,PRD_2310,70,13,2026-09-12T23:54:43.178878592
INV_111120,STR_145,PRD_1852,44,16,2026-09-13 00:00:17
INV_111121,STR_105,PRD_1086,-6,33,13/09/2026 00:05
INV_111122,STR_116,PRD_2104,58,41,2026-09-13T00:11:25.485699046
INV_111123,STR_134,PRD_1533,27,28,2026-09-13 00:16:59
INV_111124,STR_148,PRD_2275,55,44,2026-09-13 00:22:33
INV_111125,STR_9999,PRD_1189,53,12,2026-09-13 00:28:07
INV_111126,STR_149,PRD_1823,142,27,2026-09-13T00:33:41.894792986
INV_111127,STR_136,PRD_1378,169,46,2026-09-13 00:39:15
INV_111128,STR_146,PRD_1455,155,31,2026-09-13T00:44:50.099339956
INV_111129,STR_134,PRD_2031,66,42,13/09/2026 00:50
INV_111130,STR_122,PRD_1317,8,47,13/09/2026 00:55
INV_111131,STR_107,PRD_1333,88,48,2026-09-13 01:01:32
INV_111132,STR_106,PRD_1229,14,43,2026-09-13T01:07:06.508433895
INV_111133,STR_149,PRD_1663,37,32,13/09/2026 01:12
INV_111134,STR_109,PRD_1507,62,44,2026-09-13T01:18:14.712980865
INV_111135,STR_125,PRD_1789,178,38,2026-09-13 01:23:48
INV_111136,STR_109,PRD_2498,24,11,2026-09-13 01:29:22
INV_111137,STR_118,PRD_1923,168,23,13/09/2026 01:34
INV_111138,STR_122,PRD_2429,132,17,2026-09-13 01:40:31
INV_111139,STR_130,PRD_2310,194,10,2026-09-13 01:46:05
INV_111140,STR_132,PRD_1968,38,37,2026-09-13 01:51:39
INV_111141,STR_101,PRD_1759,147,12,13/09/2026 01:57
INV_111142,STR_127,PRD_1445,138,16,2026-09-13 02:02:47
INV_111143,STR_131,PRD_2366,78,43,2026-09-13T02:08:21.633442229
INV_111144,STR_132,PRD_1324,75,41,2026-09-13 02:13:55
INV_111145,STR_108,PRD_1876,158,18,2026-09-13 02:19:29
INV_111146,STR_128,PRD_1166,120,44,13/09/2026 02:25
INV_111147,STR_114,PRD_2319,114,28,2026-09-13T02:30:38.042536169
INV_111148,STR_117,PRD_1580,62,24,2026-09-13 02:36:12
INV_111149,STR_117,PRD_2206,141,40,2026-09-13 02:41:46
INV_111150,STR_106,PRD_1838,100,25,13/09/2026 02:47
INV_111151,STR_113,PRD_2109,134,46,13/09/2026 02:52
INV_111152,STR_128,PRD_1805,94,16,2026-09-13 02:58:28
INV_111153,STR_149,PRD_2172,77,44,13/09/2026 03:04
INV_111154,STR_8888,PRD_1771,-3,38,2026-09-13 03:09:36
INV_111155,STR_118,PRD_1927,123,11,2026-09-13 03:15:10
INV_111156,STR_104,PRD_1860,-2,43,2026-09-13T03:20:44.962997533
INV_111157,STR_140,PRD_1955,4,44,2026-09-13 03:26:19
INV_111158,STR_149,PRD_1058,53,40,2026-09-13 03:31:53
INV_111159,STR_144,PRD_1605,167,21,2026-09-13 03:37:27
INV_111160,STR_104,PRD_1004,113,10,2026-09-13 03:43:01
INV_111161,STR_8888,PRD_1082,0,38,2026-09-13 03:48:35
INV_111162,STR_114,PRD_1839,84,10,13/09/2026 03:54
INV_111163,STR_125,PRD_2406,109,10,13/09/2026 03:59
INV_111164,STR_123,PRD_1548,163,24,2026-09-13 04:05:17
INV_111165,STR_118,PRD_2050,34,12,2026-09-13 04:10:51
INV_111166,STR_119,PRD_1524,66,23,2026-09-13 04:16:25
INV_111167,STR_142,PRD_2001,83,19,2026-09-13 04:22:00
INV_111168,STR_108,PRD_1413,48,12,2026-09-13 04:27:34
INV_111169,STR_127,PRD_1714,142,29,13/09/2026 04:33
INV_111170,STR_115,PRD_1179,129,45,2026-09-13 04:38:42
INV_111171,STR_110,PRD_2487,74,36,2026-09-13T04:44:16.497099806
INV_111172,STR_133,PRD_1782,15,45,2026-09-13 04:49:50
INV_111173,STR_124,PRD_1900,103,20,13/09/2026 04:55
INV_111174,STR_139,PRD_1526,193,12,2026-09-13T05:00:58.803920261
INV_111175,STR_120,PRD_1000,26,33,2026-09-13 05:06:32
INV_111176,STR_104,PRD_1270,12,48,2026-09-13 05:12:07
INV_111177,STR_110,PRD_1483,54,19,2026-09-13 05:17:41
INV_111178,STR_142,PRD_1955,34,35,2026-09-13 05:23:15
INV_111179,STR_108,PRD_2071,63,41,2026-09-13 05:28:49
INV_111180,STR_110,PRD_1693,152,17,13/09/2026 05:34
INV_111181,STR_136,PRD_2206,91,22,2026-09-13 05:39:57
INV_111182,STR_140,PRD_1839,165,12,2026-09-13 05:45:31
INV_111183,STR_100,PRD_1372,17,24,2026-09-13 05:51:05
INV_111184,STR_125,PRD_1538,118,30,2026-09-13T05:56:39.826655110
INV_111185,STR_109,PRD_1669,61,38,2026-09-13T06:02:13.928928595
INV_111186,STR_139,PRD_1571,30,36,13/09/2026 06:07
INV_111187,STR_118,PRD_1065,12,39,2026-09-13 06:13:22
INV_111188,STR_115,PRD_1051,149,23,13/09/2026 06:18
INV_111189,STR_144,PRD_1469,76,24,2026-09-13T06:24:30.338022535
INV_111190,STR_136,PRD_1242,-4,23,2026-09-13T06:30:04.440296019
INV_111191,STR_149,PRD_1336,192,34,2026-09-13 06:35:38
INV_111192,STR_140,PRD_1755,172,36,2026-09-13 06:41:12
INV_111193,STR_103,PRD_2144,61,11,2026-09-13 06:46:46
INV_111194,STR_113,PRD_1553,32,26,2026-09-13 06:52:20
INV_111195,STR_129,PRD_2068,131,24,2026-09-13 06:57:54
INV_111196,STR_106,PRD_1051,3,36,2026-09-13 07:03:29
INV_111197,STR_111,PRD_2174,89,19,2026-09-13 07:09:03
INV_111198,STR_123,PRD_1412,158,18,13/09/2026 07:14
INV_111199,STR_138,PRD_1568,100,12,2026-09-13 07:20:11
INV_111200,STR_142,PRD_2232,80,33,2026-09-13 07:25:45
INV_111201,STR_121,PRD_1007,73,10,2026-09-13T07:31:19.565304353
INV_111202,STR_146,PRD_1945,91,47,13/09/2026 07:36
INV_111203,STR_129,PRD_2414,3,15,2026-09-13T07:42:27.769851323
INV_111204,STR_138,PRD_1246,17,14,2026-09-13 07:48:01
INV_111205,STR_119,PRD_2418,19,13,13/09/2026 07:53
INV_111206,STR_125,PRD_1833,68,12,2026-09-13 07:59:10
INV_111207,STR_148,PRD_2362,43,39,2026-09-13T08:04:44.178945263
INV_111208,STR_104,PRD_1411,176,45,13/09/2026 08:10
INV_111209,STR_139,PRD_1951,129,32,2026-09-13T08:15:52.383492232
INV_111210,STR_141,PRD_2368,103,16,2026-09-13 08:21:26
INV_111211,STR_105,PRD_1842,109,41,13/09/2026 08:27
INV_111212,STR_133,PRD_2319,64,19,2026-09-13 08:32:34
INV_111213,STR_104,PRD_1234,156,46,2026-09-13T08:38:08.792586172
INV_111214,STR_109,PRD_1641,59,42,13/09/2026 08:43
INV_111215,STR_127,PRD_1587,56,35,2026-09-13 08:49:16
INV_111216,STR_102,PRD_2468,4,40,2026-09-13 08:54:51
INV_111217,STR_112,PRD_1232,121,39,13/09/2026 09:00
INV_111218,STR_147,PRD_1741,87,32,2026-09-13 09:05:59
INV_111219,STR_146,PRD_1996,91,38,2026-09-13 09:11:33
INV_111220,STR_101,PRD_1309,161,17,2026-09-13T09:17:07.508500566
INV_111221,STR_134,PRD_1943,156,25,2026-09-13 09:22:41
INV_111222,STR_8888,PRD_1907,94,18,2026-09-13T09:28:15.713047536
INV_111223,STR_149,PRD_1700,187,13,2026-09-13 09:33:49
INV_111224,STR_8888,PRD_1477,75,28,2026-09-13T09:39:23.917594506
INV_111225,STR_8888,PRD_1335,26,48,2026-09-13 09:44:58
INV_111226,STR_146,PRD_1051,175,22,2026-09-13 09:50:32
INV_111227,STR_127,PRD_1545,149,21,13/09/2026 09:56
INV_111228,STR_136,PRD_1300,112,18,2026-09-13 10:01:40
INV_111229,STR_122,PRD_1640,145,21,2026-09-13 10:07:14
INV_111230,STR_142,PRD_2266,121,33,2026-09-13 10:12:48
INV_111231,STR_122,PRD_1355,-1,22,2026-09-13T10:18:22.633508900
INV_111232,STR_134,PRD_1819,16,44,13/09/2026 10:23
INV_111233,STR_140,PRD_1834,73,41,2026-09-13 10:29:30
INV_111234,STR_138,PRD_1587,153,47,2026-09-13 10:35:04
INV_111235,STR_131,PRD_2465,-6,23,2026-09-13 10:40:39
INV_111236,STR_101,PRD_1876,198,11,2026-09-13 10:46:13
INV_111237,STR_146,PRD_1730,167,30,2026-09-13 10:51:47
INV_111238,STR_143,PRD_2142,149,40,2026-09-13 10:57:21
INV_111239,STR_147,PRD_2432,88,44,2026-09-13 11:02:55
INV_111240,STR_115,PRD_2394,140,25,2026-09-13 11:08:29
INV_111241,STR_115,PRD_1736,194,49,2026-09-13T11:14:03.656243749
INV_111242,STR_9999,PRD_2096,178,35,2026-09-13T11:19:37.758517234
INV_111243,STR_102,PRD_2472,118,47,13/09/2026 11:25
INV_111244,STR_127,PRD_1823,20,12,2026-09-13 11:30:45
INV_111245,STR_128,PRD_2494,8,46,2026-09-13 11:36:20
INV_111246,STR_119,PRD_1155,43,45,2026-09-13 11:41:54
INV_111247,STR_135,PRD_1770,117,47,2026-09-13 11:47:28
INV_111248,STR_132,PRD_1933,151,11,2026-09-13 11:53:02
INV_111249,STR_121,PRD_1575,121,31,2026-09-13 11:58:36
INV_111250,STR_107,PRD_2333,165,12,2026-09-13T12:04:10.576705113
INV_111251,STR_146,PRD_2059,37,49,2026-09-13T12:09:44.678978598
INV_111252,STR_123,PRD_1247,38,35,2026-09-13 12:15:18
INV_111253,STR_136,PRD_2451,177,36,2026-09-13T12:20:52.883525568
INV_111254,STR_119,PRD_2067,106,47,2026-09-13 12:26:26
INV_111255,STR_111,PRD_1452,161,17,2026-09-13T12:32:01.088072538
INV_111256,STR_119,PRD_2142,151,32,2026-09-13 12:37:35
INV_111257,STR_119,PRD_2372,45,15,13/09/2026 12:43
INV_111258,STR_103,PRD_1692,63,34,2026-09-13 12:48:43
INV_111259,STR_129,PRD_1908,-5,25,2026-09-13 12:54:17
INV_111260,STR_130,PRD_1939,65,35,2026-09-13 12:59:51
INV_111261,STR_121,PRD_2411,193,24,2026-09-13 13:05:25
INV_111262,STR_114,PRD_2093,102,41,2026-09-13 13:10:59
INV_111263,STR_137,PRD_1946,115,49,2026-09-13 13:16:33
INV_111264,STR_136,PRD_1453,199,28,2026-09-13T13:22:08.008533902
INV_111265,STR_127,PRD_1266,25,23,2026-09-13 13:27:42
INV_111266,STR_110,PRD_1730,152,44,2026-09-13T13:33:16.213080872
INV_111267,STR_113,PRD_2461,14,35,2026-09-13 13:38:50
INV_111268,STR_110,PRD_1365,166,46,2026-09-13 13:44:24
INV_111269,STR_108,PRD_2210,44,22,2026-09-13 13:49:58
INV_111270,STR_123,PRD_2250,158,17,2026-09-13T13:55:32.622174811
INV_111271,STR_109,PRD_1060,46,23,2026-09-13T14:01:06.724448296
INV_111272,STR_137,PRD_1167,139,35,2026-09-13 14:06:40
INV_111273,STR_142,PRD_1131,161,39,2026-09-13 14:12:14
INV_111274,STR_140,PRD_1154,146,49,2026-09-13T14:17:49.031268751
INV_111275,STR_136,PRD_1783,60,22,2026-09-13T14:23:23.133542236
INV_111276,STR_141,PRD_1721,37,45,2026-09-13 14:28:57
INV_111277,STR_131,PRD_1006,93,20,2026-09-13 14:34:31
INV_111278,STR_119,PRD_1522,-8,11,2026-09-13 14:40:05
INV_111279,STR_113,PRD_1250,74,39,2026-09-13T14:45:39.542636175
INV_111280,STR_137,PRD_1691,162,33,2026-09-13 14:51:13
INV_111281,STR_103,PRD_2285,9,27,2026-09-13 14:56:47
INV_111282,STR_123,PRD_1119,62,32,2026-09-13 15:02:21
INV_111283,STR_131,PRD_1047,153,15,2026-09-13T15:07:55.951730115
INV_111284,STR_109,PRD_2092,49,20,13/09/2026 15:13
INV_111285,STR_142,PRD_2285,67,16,2026-09-13 15:19:04
INV_111286,STR_115,PRD_1741,7,42,2026-09-13 15:24:38
INV_111287,STR_138,PRD_2468,86,19,2026-09-13 15:30:12
INV_111288,STR_131,PRD_2254,55,30,2026-09-13 15:35:46
INV_111289,STR_117,PRD_1223,20,18,13/09/2026 15:41
INV_111290,STR_124,PRD_1456,-2,39,2026-09-13 15:46:54
INV_111291,STR_106,PRD_1718,137,34,2026-09-13T15:52:28.769917994
INV_111292,STR_146,PRD_1852,137,34,2026-09-13 15:58:02
INV_111293,STR_9999,PRD_2389,36,33,13/09/2026 16:03
INV_111294,STR_117,PRD_1948,-10,21,2026-09-13 16:09:11
INV_111295,STR_146,PRD_1027,72,16,2026-09-13 16:14:45
INV_111296,STR_117,PRD_1876,89,43,2026-09-13T16:20:19.281285419
INV_111297,STR_102,PRD_1900,131,12,13/09/2026 16:25
INV_111298,STR_100,PRD_1848,118,15,2026-09-13 16:31:27
INV_111299,STR_132,PRD_1100,186,36,2026-09-13 16:37:01
INV_111300,STR_106,PRD_1057,-1,28,2026-09-13T16:42:35.690379358
INV_111301,STR_109,PRD_2047,190,17,2026-09-13 16:48:09
INV_111302,STR_143,PRD_1414,166,45,2026-09-13T16:53:43.894926328
INV_111303,STR_107,PRD_2250,131,48,2026-09-13 16:59:17
INV_111304,STR_131,PRD_2192,177,45,2026-09-13 17:04:52
INV_111305,STR_122,PRD_2269,199,27,2026-09-13T17:10:26.201746783
INV_111306,STR_116,PRD_1362,31,16,2026-09-13 17:16:00
INV_111307,STR_113,PRD_2488,113,10,13/09/2026 17:21
INV_111308,STR_116,PRD_2453,176,14,13/09/2026 17:27
INV_111309,STR_124,PRD_1420,14,23,2026-09-13 17:32:42
INV_111310,STR_120,PRD_1020,153,10,2026-09-13 17:38:16
INV_111311,STR_105,PRD_1635,84,21,2026-09-13 17:43:50
INV_111312,STR_119,PRD_2392,24,28,2026-09-13 17:49:24
INV_111313,STR_148,PRD_1463,128,11,2026-09-13T17:54:59.019934662
INV_111314,STR_119,PRD_1096,-1,23,2026-09-13 18:00:33
INV_111315,STR_125,PRD_2376,-3,12,13/09/2026 18:06
INV_111316,STR_131,PRD_2118,94,44,2026-09-13 18:11:41
INV_111317,STR_107,PRD_1023,140,22,2026-09-13 18:17:15
INV_111318,STR_144,PRD_1379,123,12,2026-09-13 18:22:49
INV_111319,STR_147,PRD_1395,195,23,2026-09-13 18:28:23
INV_111320,STR_143,PRD_2427,113,43,13/09/2026 18:33
INV_111321,STR_128,PRD_2156,53,18,13/09/2026 18:39
INV_111322,STR_116,PRD_1053,190,19,2026-09-13 18:45:05
INV_111323,STR_117,PRD_2315,35,17,2026-09-13 18:50:40
INV_111324,STR_139,PRD_2013,93,38,13/09/2026 18:56
INV_111325,STR_117,PRD_2135,27,48,2026-09-13 19:01:48
INV_111326,STR_110,PRD_1421,142,42,2026-09-13T19:07:22.349489966
INV_111327,STR_144,PRD_1130,75,32,2026-09-13T19:12:56.451763451
INV_111328,STR_111,PRD_1419,-9,17,2026-09-13T19:18:30.554036935
INV_111329,STR_114,PRD_2301,13,49,2026-09-13T19:24:04.656310420
INV_111330,STR_125,PRD_1775,90,47,2026-09-13 19:29:38
INV_111331,STR_102,PRD_1774,56,32,2026-09-13 19:35:12
INV_111332,STR_102,PRD_2091,79,45,2026-09-13T19:40:46.963130875
INV_111333,STR_137,PRD_2426,83,29,2026-09-13 19:46:21
INV_111334,STR_134,PRD_1874,82,21,2026-09-13 19:51:55
INV_111335,STR_108,PRD_1174,60,45,2026-09-13 19:57:29
INV_111336,STR_142,PRD_2303,178,18,13/09/2026 20:03
INV_111337,STR_139,PRD_1463,126,42,2026-09-13T20:08:37.474498300
INV_111338,STR_103,PRD_1389,162,15,13/09/2026 20:14
INV_111339,STR_119,PRD_1747,5,41,2026-09-13 20:19:45
INV_111340,STR_114,PRD_1135,108,10,2026-09-13 20:25:19
INV_111341,STR_128,PRD_1408,97,33,2026-09-13 20:30:53
INV_111342,STR_104,PRD_1223,131,38,13/09/2026 20:36
INV_111343,STR_138,PRD_1600,143,17,2026-09-13T20:42:02.088139209
INV_111344,STR_139,PRD_1969,163,22,2026-09-13 20:47:36
INV_111345,STR_106,PRD_1618,90,34,2026-09-13 20:53:10
INV_111346,STR_107,PRD_2211,175,38,2026-09-13 20:58:44
INV_111347,STR_131,PRD_1877,191,33,2026-09-13T21:04:18.497233149
INV_111348,STR_135,PRD_2410,19,36,2026-09-13 21:09:52
INV_111349,STR_132,PRD_1008,113,35,2026-09-13 21:15:26
INV_111350,STR_136,PRD_2203,45,29,13/09/2026 21:21
INV_111351,STR_131,PRD_2467,83,13,2026-09-13T21:26:34.906327088
INV_111352,STR_142,PRD_1593,21,31,2026-09-13T21:32:09.008600573
INV_111353,STR_135,PRD_1605,67,16,2026-09-13 21:37:43
INV_111354,STR_133,PRD_2469,12,27,13/09/2026 21:43
INV_111355,STR_148,PRD_1115,6,19,2026-09-13 21:48:51
INV_111356,STR_124,PRD_1244,111,40,2026-09-13T21:54:25.417694513
INV_111357,STR_143,PRD_2306,141,35,2026-09-13T21:59:59.519967998
INV_111358,STR_131,PRD_2236,164,35,2026-09-13 22:05:33
INV_111359,STR_101,PRD_1450,128,34,2026-09-13 22:11:07
INV_111360,STR_108,PRD_2048,30,27,2026-09-13T22:16:41.826788452
INV_111361,STR_137,PRD_1232,4,33,2026-09-13T22:22:15.929061937
INV_111362,STR_128,PRD_2311,80,24,2026-09-13 22:27:50
INV_111363,STR_137,PRD_1684,41,17,2026-09-13 22:33:24
INV_111364,STR_117,PRD_1183,151,34,2026-09-13 22:38:58
INV_111365,STR_121,PRD_1250,49,44,2026-09-13T22:44:32.338155877
INV_111366,STR_134,PRD_1290,46,33,2026-09-13 22:50:06
INV_111367,STR_114,PRD_1948,22,49,2026-09-13 22:55:40
INV_111368,STR_106,PRD_1797,138,47,2026-09-13 23:01:14
INV_111369,STR_112,PRD_2382,141,30,2026-09-13 23:06:48
INV_111370,STR_141,PRD_1623,9,10,2026-09-13 23:12:22
INV_111371,STR_135,PRD_1304,102,35,2026-09-13 23:17:56
INV_111372,STR_115,PRD_1349,57,19,2026-09-13 23:23:31
INV_111373,STR_140,PRD_2362,90,35,2026-09-13 23:29:05
INV_111374,STR_120,PRD_1478,90,11,2026-09-13 23:34:39
INV_111375,STR_127,PRD_2488,177,49,2026-09-13 23:40:13
INV_111376,STR_109,PRD_2015,163,23,13/09/2026 23:45
INV_111377,STR_118,PRD_1129,22,42,2026-09-13 23:51:21
INV_111378,STR_116,PRD_1186,20,48,2026-09-13 23:56:55
INV_111379,STR_100,PRD_2444,151,10,2026-09-14 00:02:29
INV_111380,STR_112,PRD_1669,11,39,2026-09-14 00:08:03
INV_111381,STR_135,PRD_1234,95,46,14/09/2026 00:13
INV_111382,STR_146,PRD_1277,19,27,2026-09-14 00:19:12
INV_111383,STR_141,PRD_2125,-6,39,2026-09-14 00:24:46
INV_111384,STR_119,PRD_2482,158,36,2026-09-14 00:30:20
INV_111385,STR_140,PRD_1786,162,39,2026-09-14T00:35:54.383625575
INV_111386,STR_139,PRD_1834,50,45,2026-09-14 00:41:28
INV_111387,STR_8888,PRD_2255,106,30,2026-09-14 00:47:02
INV_111388,STR_105,PRD_1273,2,25,2026-09-14 00:52:36
INV_111389,STR_122,PRD_1364,126,26,2026-09-14 00:58:10
INV_111390,STR_141,PRD_1467,195,27,2026-09-14 01:03:44
INV_111391,STR_123,PRD_1650,198,43,2026-09-14T01:09:18.997266484
INV_111392,STR_8888,PRD_1825,152,30,2026-09-14T01:14:53.099539969
INV_111393,STR_148,PRD_2297,7,21,14/09/2026 01:20
INV_111394,STR_104,PRD_2351,116,40,2026-09-14 01:26:01
INV_111395,STR_131,PRD_1860,129,19,14/09/2026 01:31
INV_111396,STR_145,PRD_1183,108,13,2026-09-14T01:37:09.508633909
INV_111397,STR_116,PRD_1917,158,24,2026-09-14 01:42:43
INV_111398,STR_110,PRD_2217,133,37,2026-09-14 01:48:17
INV_111399,STR_126,PRD_1271,2,16,2026-09-14T01:53:51.815454363
INV_111400,STR_103,PRD_2323,113,20,14/09/2026 01:59
INV_111401,STR_122,PRD_1195,135,38,2026-09-14 02:05:00
INV_111402,STR_122,PRD_1781,65,43,14/09/2026 02:10
INV_111403,STR_148,PRD_1904,107,39,2026-09-14T02:16:08.224548303
INV_111404,STR_133,PRD_1330,87,36,2026-09-14T02:21:42.326821788
INV_111405,STR_120,PRD_1619,168,34,14/09/2026 02:27
INV_111406,STR_121,PRD_1498,22,47,2026-09-14 02:32:50
INV_111407,STR_100,PRD_2423,187,49,2026-09-14 02:38:24
INV_111408,STR_131,PRD_2420,71,32,2026-09-14 02:43:58
INV_111409,STR_127,PRD_2123,56,38,2026-09-14 02:49:32
INV_111410,STR_117,PRD_1080,43,20,2026-09-14 02:55:06
INV_111411,STR_106,PRD_1860,-5,13,2026-09-14 03:00:41
INV_111412,STR_137,PRD_2017,25,45,2026-09-14 03:06:15
INV_111413,STR_105,PRD_2040,44,40,2026-09-14T03:11:49.247283152
INV_111414,STR_113,PRD_2235,116,19,2026-09-14 03:17:23
INV_111415,STR_129,PRD_1125,167,25,2026-09-14 03:22:57
INV_111416,STR_143,PRD_1129,60,39,2026-09-14 03:28:31
INV_111417,STR_145,PRD_1213,83,44,2026-09-14 03:34:05
INV_111418,STR_113,PRD_2152,183,26,14/09/2026 03:39
INV_111419,STR_143,PRD_2485,132,14,14/09/2026 03:45
INV_111420,STR_140,PRD_1969,11,12,2026-09-14 03:50:47
INV_111421,STR_108,PRD_2080,38,25,14/09/2026 03:56
INV_111422,STR_130,PRD_1597,155,13,2026-09-14 04:01:56
INV_111423,STR_101,PRD_2297,125,18,2026-09-14T04:07:30.270018001
INV_111424,STR_117,PRD_1614,125,13,2026-09-14 04:13:04
INV_111425,STR_104,PRD_2362,89,30,2026-09-14T04:18:38.474564971
INV_111426,STR_125,PRD_2166,26,19,14/09/2026 04:24
INV_111427,STR_122,PRD_1422,189,40,14/09/2026 04:29
INV_111428,STR_111,PRD_1333,67,26,2026-09-14 04:35:20
INV_111429,STR_113,PRD_1687,110,25,2026-09-14 04:40:54
INV_111430,STR_112,PRD_2156,142,48,2026-09-14 04:46:28
INV_111431,STR_134,PRD_1263,199,15,2026-09-14 04:52:03
INV_111432,STR_146,PRD_1146,171,39,2026-09-14T04:57:37.190479365
INV_111433,STR_114,PRD_2459,10,24,2026-09-14 05:03:11
INV_111434,STR_134,PRD_1011,90,40,2026-09-14 05:08:45
INV_111435,STR_8888,PRD_1054,116,39,2026-09-14 05:14:19
INV_111436,STR_118,PRD_1229,176,46,2026-09-14 05:19:53
INV_111437,STR_114,PRD_2145,148,25,2026-09-14 05:25:27
INV_111438,STR_9999,PRD_1860,-5,45,14/09/2026 05:31
INV_111439,STR_107,PRD_2256,159,11,2026-09-14 05:36:35
INV_111440,STR_122,PRD_1161,108,37,2026-09-14 05:42:10
INV_111441,STR_112,PRD_1802,169,49,2026-09-14 05:47:44
INV_111442,STR_122,PRD_1178,164,26,2026-09-14 05:53:18
INV_111443,STR_130,PRD_2385,145,47,2026-09-14 05:58:52
INV_111444,STR_129,PRD_2231,153,45,2026-09-14 06:04:26
INV_111445,STR_141,PRD_1904,117,41,14/09/2026 06:10
INV_111446,STR_101,PRD_1551,29,34,14/09/2026 06:15
INV_111447,STR_110,PRD_1725,130,22,2026-09-14T06:21:08.724581638
INV_111448,STR_124,PRD_2455,166,23,2026-09-14 06:26:42
INV_111449,STR_128,PRD_2479,121,34,2026-09-14 06:32:16
INV_111450,STR_121,PRD_2177,87,44,2026-09-14 06:37:51
INV_111451,STR_118,PRD_2361,111,38,2026-09-14 06:43:25
INV_111452,STR_108,PRD_1292,90,24,2026-09-14 06:48:59
INV_111453,STR_140,PRD_1435,53,24,14/09/2026 06:54
INV_111454,STR_137,PRD_1395,87,49,2026-09-14 07:00:07
INV_111455,STR_128,PRD_1165,69,26,14/09/2026 07:05
INV_111456,STR_109,PRD_1993,12,34,2026-09-14 07:11:15
INV_111457,STR_121,PRD_2475,175,32,14/09/2026 07:16
INV_111458,STR_123,PRD_1783,76,41,2026-09-14T07:22:23.849589972
INV_111459,STR_107,PRD_1956,132,40,2026-09-14T07:27:57.951863457
INV_111460,STR_146,PRD_1400,78,32,2026-09-14 07:33:32
INV_111461,STR_105,PRD_1114,82,47,14/09/2026 07:39
INV_111462,STR_106,PRD_1350,89,26,2026-09-14 07:44:40
INV_111463,STR_119,PRD_2283,116,38,2026-09-14T07:50:14.360957397
INV_111464,STR_116,PRD_1817,68,11,2026-09-14 07:55:48
INV_111465,STR_135,PRD_1875,90,20,14/09/2026 08:01
INV_111466,STR_107,PRD_2249,88,25,2026-09-14 08:06:56
INV_111467,STR_112,PRD_1613,163,26,2026-09-14 08:12:30
INV_111468,STR_123,PRD_1130,28,30,14/09/2026 08:18
INV_111469,STR_145,PRD_1263,36,30,2026-09-14 08:23:38
INV_111470,STR_149,PRD_1833,26,15,2026-09-14T08:29:13.076871791
INV_111471,STR_130,PRD_1180,158,32,2026-09-14T08:34:47.179145276
INV_111472,STR_122,PRD_1348,81,41,2026-09-14 08:40:21
INV_111473,STR_116,PRD_1470,162,48,14/09/2026 08:45
INV_111474,STR_149,PRD_1160,19,47,2026-09-14 08:51:29
INV_111475,STR_145,PRD_1113,188,38,2026-09-14 08:57:03
INV_111476,STR_123,PRD_1017,57,40,2026-09-14 09:02:37
INV_111477,STR_142,PRD_2127,-4,34,2026-09-14 09:08:11
INV_111478,STR_109,PRD_2209,86,11,14/09/2026 09:13
INV_111479,STR_130,PRD_2365,36,31,2026-09-14 09:19:19
INV_111480,STR_144,PRD_2485,36,46,2026-09-14 09:24:54
INV_111481,STR_119,PRD_1142,199,24,2026-09-14 09:30:28
INV_111482,STR_115,PRD_1654,68,15,2026-09-14 09:36:02
INV_111483,STR_113,PRD_1963,115,42,2026-09-14 09:41:36
INV_111484,STR_102,PRD_1452,88,20,14/09/2026 09:47
INV_111485,STR_129,PRD_1450,90,21,14/09/2026 09:52
INV_111486,STR_117,PRD_1061,177,33,2026-09-14T09:58:18.713247550
INV_111487,STR_105,PRD_1595,122,12,2026-09-14T10:03:52.815521034
INV_111488,STR_119,PRD_1939,165,39,2026-09-14 10:09:26
INV_111489,STR_134,PRD_2299,76,28,2026-09-14 10:15:01
INV_111490,STR_118,PRD_2318,191,16,2026-09-14T10:20:35.122341489
INV_111491,STR_125,PRD_2152,139,21,14/09/2026 10:26
INV_111492,STR_134,PRD_1363,84,38,2026-09-14 10:31:43
INV_111493,STR_111,PRD_2090,140,17,14/09/2026 10:37
INV_111494,STR_107,PRD_1046,81,30,2026-09-14 10:42:51
INV_111495,STR_136,PRD_1968,162,22,2026-09-14 10:48:25
INV_111496,STR_148,PRD_2397,196,36,2026-09-14 10:53:59
INV_111497,STR_109,PRD_1821,41,13,14/09/2026 10:59
INV_111498,STR_120,PRD_1659,188,41,14/09/2026 11:05
INV_111499,STR_148,PRD_1761,163,33,2026-09-14T11:10:42.042802853
INV_111500,STR_140,PRD_2160,27,18,2026-09-14 11:16:16
INV_111501,STR_144,PRD_2118,157,19,2026-09-14 11:21:50
INV_111502,STR_141,PRD_1237,132,20,2026-09-14T11:27:24.349623308
INV_111503,STR_128,PRD_1795,102,42,14/09/2026 11:32
INV_111504,STR_130,PRD_1034,186,16,2026-09-14T11:38:32.554170278
INV_111505,STR_139,PRD_2319,129,20,14/09/2026 11:44
INV_111506,STR_106,PRD_1869,66,37,14/09/2026 11:49
INV_111507,STR_133,PRD_1491,56,47,2026-09-14 11:55:14
INV_111508,STR_133,PRD_1257,174,39,2026-09-14 12:00:48
INV_111509,STR_129,PRD_1386,110,17,2026-09-14 12:06:23
INV_111510,STR_103,PRD_1269,8,36,14/09/2026 12:11
INV_111511,STR_140,PRD_1866,79,31,2026-09-14T12:17:31.270084672
INV_111512,STR_129,PRD_2347,19,41,2026-09-14 12:23:05
INV_111513,STR_124,PRD_2070,81,23,2026-09-14 12:28:39
INV_111514,STR_113,PRD_1605,196,35,2026-09-14 12:34:13
INV_111515,STR_123,PRD_1693,7,20,2026-09-14T12:39:47.679178612
INV_111516,STR_142,PRD_1953,52,16,2026-09-14 12:45:21
INV_111517,STR_130,PRD_1410,-4,39,2026-09-14 12:50:55
INV_111518,STR_138,PRD_1844,177,11,2026-09-14T12:56:29.985999066
INV_111519,STR_127,PRD_1124,195,44,2026-09-14 13:02:04
INV_111520,STR_124,PRD_1211,77,35,2026-09-14 13:07:38
INV_111521,STR_118,PRD_2392,105,34,14/09/2026 13:13
INV_111522,STR_103,PRD_1944,52,10,2026-09-14 13:18:46
INV_111523,STR_133,PRD_1919,174,38,2026-09-14 13:24:20
INV_111524,STR_131,PRD_2289,77,33,2026-09-14 13:29:54
INV_111525,STR_124,PRD_1134,64,47,2026-09-14 13:35:28
INV_111526,STR_121,PRD_1784,112,10,2026-09-14 13:41:02
INV_111527,STR_127,PRD_1789,28,34,2026-09-14 13:46:36
INV_111528,STR_9999,PRD_1314,160,43,2026-09-14 13:52:11
INV_111529,STR_117,PRD_1299,173,14,2026-09-14 13:57:45
INV_111530,STR_106,PRD_2321,127,21,2026-09-14 14:03:19
INV_111531,STR_110,PRD_1278,96,17,2026-09-14 14:08:53
INV_111532,STR_141,PRD_1373,9,23,2026-09-14T14:14:27.417827855
INV_111533,STR_110,PRD_1725,95,29,2026-09-14T14:20:01.520101340
INV_111534,STR_108,PRD_1061,181,49,2026-09-14 14:25:35
INV_111535,STR_134,PRD_1878,156,18,2026-09-14T14:31:09.724648310
INV_111536,STR_136,PRD_2077,88,14,2026-09-14 14:36:43
INV_111537,STR_122,PRD_1337,104,10,2026-09-14 14:42:17
INV_111538,STR_132,PRD_2398,145,20,2026-09-14T14:47:52.031468764
INV_111539,STR_100,PRD_1876,147,13,2026-09-14 14:53:26
INV_111540,STR_119,PRD_1473,47,47,2026-09-14 14:59:00
INV_111541,STR_104,PRD_1111,59,26,2026-09-14T15:04:34.338289219
INV_111542,STR_128,PRD_1989,51,13,14/09/2026 15:10
INV_111543,STR_125,PRD_2292,118,41,14/09/2026 15:15
INV_111544,STR_9999,PRD_1323,185,14,14/09/2026 15:21
INV_111545,STR_137,PRD_1618,142,31,2026-09-14 15:26:50
INV_111546,STR_102,PRD_1794,156,23,2026-09-14 15:32:24
INV_111547,STR_120,PRD_1882,128,30,14/09/2026 15:37
INV_111548,STR_112,PRD_1747,48,27,2026-09-14 15:43:33
INV_111549,STR_130,PRD_2108,154,12,2026-09-14T15:49:07.156477098
INV_111550,STR_116,PRD_1371,193,20,14/09/2026 15:54
INV_111551,STR_134,PRD_2098,146,48,2026-09-14T16:00:15.361024068
INV_111552,STR_122,PRD_1595,87,45,2026-09-14 16:05:49
INV_111553,STR_102,PRD_1507,71,36,2026-09-14 16:11:23
INV_111554,STR_144,PRD_1227,126,47,14/09/2026 16:16
INV_111555,STR_101,PRD_1594,35,34,14/09/2026 16:22
INV_111556,STR_102,PRD_2417,193,48,14/09/2026 16:28
INV_111557,STR_119,PRD_1014,126,44,2026-09-14T16:33:39.974664977
INV_111558,STR_147,PRD_2004,182,24,2026-09-14 16:39:14
INV_111559,STR_143,PRD_1812,60,30,2026-09-14T16:44:48.179211947
INV_111560,STR_108,PRD_1180,92,12,2026-09-14 16:50:22
INV_111561,STR_147,PRD_1337,31,33,2026-09-14 16:55:56
INV_111562,STR_103,PRD_2286,151,14,14/09/2026 17:01
INV_111563,STR_124,PRD_1925,17,46,2026-09-14T17:07:04.588305887
INV_111564,STR_8888,PRD_1077,89,42,2026-09-14 17:12:38
INV_111565,STR_149,PRD_1228,50,33,2026-09-14 17:18:12
INV_111566,STR_100,PRD_2053,29,15,2026-09-14 17:23:46
INV_111567,STR_138,PRD_1373,171,16,2026-09-14 17:29:20
INV_111568,STR_8888,PRD_1154,48,28,2026-09-14 17:34:55
INV_111569,STR_111,PRD_1816,195,30,2026-09-14 17:40:29
INV_111570,STR_139,PRD_2208,162,15,2026-09-14T17:46:03.304220281
INV_111571,STR_139,PRD_1447,197,49,2026-09-14 17:51:37
INV_111572,STR_123,PRD_1868,156,12,2026-09-14 17:57:11
INV_111573,STR_108,PRD_1446,159,23,2026-09-14T18:02:45.611040736
INV_111574,STR_145,PRD_1431,128,29,2026-09-14 18:08:19
INV_111575,STR_119,PRD_1766,192,23,14/09/2026 18:13
INV_111576,STR_104,PRD_2192,155,11,2026-09-14 18:19:27
INV_111577,STR_119,PRD_2104,46,34,2026-09-14T18:25:02.020134675
INV_111578,STR_120,PRD_1797,112,13,2026-09-14T18:30:36.122408160
INV_111579,STR_101,PRD_2233,129,42,2026-09-14 18:36:10
INV_111580,STR_120,PRD_2282,159,11,14/09/2026 18:41
INV_111581,STR_141,PRD_1987,180,32,2026-09-14 18:47:18
INV_111582,STR_123,PRD_1548,126,30,2026-09-14 18:52:52
INV_111583,STR_108,PRD_2309,139,24,14/09/2026 18:58
INV_111584,STR_138,PRD_2077,155,33,2026-09-14 19:04:00
INV_111585,STR_129,PRD_1468,190,29,14/09/2026 19:09
INV_111586,STR_117,PRD_1368,46,47,14/09/2026 19:15
INV_111587,STR_143,PRD_1853,56,34,2026-09-14 19:20:43
INV_111588,STR_142,PRD_2123,19,31,2026-09-14 19:26:17
INV_111589,STR_109,PRD_1983,110,13,2026-09-14 19:31:51
INV_111590,STR_144,PRD_1724,143,25,2026-09-14 19:37:25
INV_111591,STR_140,PRD_1981,189,16,2026-09-14 19:42:59
INV_111592,STR_147,PRD_1597,43,33,2026-09-14 19:48:33
INV_111593,STR_120,PRD_2470,21,43,14/09/2026 19:54
INV_111594,STR_121,PRD_2215,11,48,2026-09-14 19:59:41
INV_111595,STR_116,PRD_1413,125,38,2026-09-14 20:05:15
INV_111596,STR_104,PRD_1092,98,35,14/09/2026 20:10
INV_111597,STR_105,PRD_2276,55,23,2026-09-14 20:16:24
INV_111598,STR_109,PRD_1964,3,29,2026-09-14T20:21:58.167877858
INV_111599,STR_142,PRD_1560,122,16,2026-09-14 20:27:32
INV_111600,STR_101,PRD_2062,2,27,14/09/2026 20:33
INV_111601,STR_106,PRD_1545,76,19,2026-09-14 20:38:40
INV_111602,STR_145,PRD_2381,113,39,2026-09-14 20:44:14
INV_111603,STR_103,PRD_1777,66,12,2026-09-14 20:49:48
INV_111604,STR_136,PRD_2032,72,10,2026-09-14 20:55:22
INV_111605,STR_118,PRD_1187,13,39,2026-09-14T21:00:56.883792252
INV_111606,STR_127,PRD_1607,24,11,14/09/2026 21:06
INV_111607,STR_119,PRD_1644,195,24,2026-09-14 21:12:05
INV_111608,STR_129,PRD_1674,57,20,2026-09-14 21:17:39
INV_111609,STR_141,PRD_1138,143,41,2026-09-14T21:23:13.292886192
INV_111610,STR_137,PRD_1297,63,15,2026-09-14 21:28:47
INV_111611,STR_101,PRD_2103,155,15,2026-09-14 21:34:21
INV_111612,STR_102,PRD_2279,23,37,2026-09-14 21:39:55
INV_111613,STR_146,PRD_1178,23,34,2026-09-14T21:45:29.701980132
INV_111614,STR_141,PRD_2280,8,32,2026-09-14T21:51:03.804253617
INV_111615,STR_148,PRD_1217,-8,21,2026-09-14 21:56:37
INV_111616,STR_138,PRD_1266,105,19,2026-09-14T22:02:12.008800586
INV_111617,STR_124,PRD_2340,25,26,2026-09-14 22:07:46
INV_111618,STR_101,PRD_1590,-7,11,2026-09-14 22:13:20
INV_111619,STR_138,PRD_1678,111,26,2026-09-14 22:18:54
INV_111620,STR_114,PRD_1615,143,18,2026-09-14 22:24:28
INV_111621,STR_102,PRD_1849,192,16,2026-09-14 22:30:02
INV_111622,STR_104,PRD_2307,120,22,2026-09-14T22:35:36.622441496
INV_111623,STR_139,PRD_2368,117,19,2026-09-14 22:41:10
INV_111624,STR_135,PRD_1726,166,31,2026-09-14T22:46:44.826988466
INV_111625,STR_149,PRD_1074,-2,37,2026-09-14 22:52:18
INV_111626,STR_9999,PRD_1736,35,23,14/09/2026 22:57
INV_111627,STR_139,PRD_1335,183,28,2026-09-14 23:03:27
INV_111628,STR_137,PRD_1803,3,10,2026-09-14T23:09:01.236082405
INV_111629,STR_136,PRD_1854,-8,36,2026-09-14 23:14:35
INV_111630,STR_126,PRD_1362,-9,13,14/09/2026 23:20
INV_111631,STR_104,PRD_1189,75,33,2026-09-14 23:25:43
INV_111632,STR_116,PRD_2495,150,23,2026-09-14 23:31:17
INV_111633,STR_137,PRD_2129,89,46,2026-09-14T23:36:51.747449830
INV_111634,STR_144,PRD_1069,127,32,14/09/2026 23:42
INV_111635,STR_140,PRD_1521,100,14,2026-09-14T23:47:59.951996799
INV_111636,STR_111,PRD_2237,42,29,2026-09-14 23:53:34
INV_111637,STR_141,PRD_1982,161,31,2026-09-14 23:59:08
INV_111638,STR_130,PRD_1516,155,49,2026-09-15 00:04:42
INV_111639,STR_132,PRD_1027,138,44,2026-09-15 00:10:16
INV_111640,STR_142,PRD_2338,152,45,2026-09-15T00:15:50.463364224
INV_111641,STR_128,PRD_1904,184,14,2026-09-15 00:21:24
INV_111642,STR_137,PRD_2259,72,42,2026-09-15 00:26:58
INV_111643,STR_102,PRD_1091,11,33,2026-09-15T00:32:32.770184679
INV_111644,STR_137,PRD_1362,9,43,15/09/2026 00:38
INV_111645,STR_140,PRD_1037,89,46,2026-09-15 00:43:40
INV_111646,STR_139,PRD_1663,99,34,2026-09-15 00:49:15
INV_111647,STR_129,PRD_1703,57,46,2026-09-15 00:54:49
INV_111648,STR_146,PRD_1490,85,34,2026-09-15 01:00:23
INV_111649,STR_121,PRD_2133,-3,31,2026-09-15 01:05:57
INV_111650,STR_137,PRD_1143,40,14,2026-09-15 01:11:31
INV_111651,STR_131,PRD_1833,143,17,15/09/2026 01:17
INV_111652,STR_142,PRD_2220,40,36,15/09/2026 01:22
INV_111653,STR_109,PRD_2069,182,44,2026-09-15 01:28:13
INV_111654,STR_131,PRD_2172,143,10,2026-09-15T01:33:47.895193013
INV_111655,STR_142,PRD_1137,36,29,15/09/2026 01:39
INV_111656,STR_103,PRD_1489,32,16,2026-09-15 01:44:56
INV_111657,STR_128,PRD_1401,126,12,15/09/2026 01:50
INV_111658,STR_144,PRD_1601,152,18,2026-09-15T01:56:04.304286952
INV_111659,STR_107,PRD_1723,199,23,2026-09-15 02:01:38
INV_111660,STR_119,PRD_1680,136,28,15/09/2026 02:07
INV_111661,STR_146,PRD_1931,165,36,2026-09-15 02:12:46
INV_111662,STR_106,PRD_1624,69,15,15/09/2026 02:18
INV_111663,STR_100,PRD_1340,145,16,2026-09-15 02:23:54
INV_111664,STR_124,PRD_1301,-8,46,2026-09-15T02:29:28.917927862
INV_111665,STR_125,PRD_1117,135,35,2026-09-15 02:35:03
INV_111666,STR_108,PRD_1150,2,22,15/09/2026 02:40
INV_111667,STR_122,PRD_2190,144,46,2026-09-15T02:46:11.224748316
INV_111668,STR_139,PRD_1606,29,42,2026-09-15 02:51:45
INV_111669,STR_101,PRD_1771,28,42,2026-09-15T02:57:19.429295286
INV_111670,STR_125,PRD_2448,47,18,2026-09-15 03:02:53
INV_111671,STR_113,PRD_1996,46,24,2026-09-15T03:08:27.633842256
INV_111672,STR_143,PRD_1436,13,14,2026-09-15T03:14:01.736115741
INV_111673,STR_130,PRD_1631,108,38,2026-09-15 03:19:35
INV_111674,STR_125,PRD_2097,11,16,2026-09-15 03:25:09
INV_111675,STR_148,PRD_1361,40,40,15/09/2026 03:30
INV_111676,STR_118,PRD_1095,65,43,2026-09-15 03:36:18
INV_111677,STR_137,PRD_1291,199,20,2026-09-15T03:41:52.247483165
INV_111678,STR_104,PRD_2200,193,28,15/09/2026 03:47
INV_111679,STR_105,PRD_1026,155,14,2026-09-15 03:53:00
INV_111680,STR_134,PRD_1820,116,32,2026-09-15 03:58:34
INV_111681,STR_115,PRD_1304,50,11,2026-09-15T04:04:08.656577105
INV_111682,STR_130,PRD_1722,38,13,2026-09-15T04:09:42.758850590
INV_111683,STR_117,PRD_1869,12,26,2026-09-15 04:15:16
INV_111684,STR_113,PRD_1768,-7,40,15/09/2026 04:20
INV_111685,STR_124,PRD_1985,65,39,15/09/2026 04:26
INV_111686,STR_114,PRD_1941,198,11,2026-09-15 04:31:59
INV_111687,STR_125,PRD_1204,26,33,2026-09-15 04:37:33
INV_111688,STR_135,PRD_1866,82,19,2026-09-15 04:43:07
INV_111689,STR_110,PRD_2014,123,37,2026-09-15 04:48:41
INV_111690,STR_136,PRD_1577,145,41,2026-09-15 04:54:15
INV_111691,STR_140,PRD_1661,125,42,2026-09-15 04:59:49
INV_111692,STR_136,PRD_1678,137,27,15/09/2026 05:05
INV_111693,STR_106,PRD_1219,133,33,2026-09-15 05:10:57
INV_111694,STR_117,PRD_1299,130,46,15/09/2026 05:16
INV_111695,STR_149,PRD_1257,68,39,15/09/2026 05:22
INV_111696,STR_119,PRD_1714,51,14,15/09/2026 05:27
INV_111697,STR_101,PRD_1239,194,32,2026-09-15 05:33:14
INV_111698,STR_125,PRD_2252,100,39,2026-09-15T05:38:48.395226348
INV_111699,STR_122,PRD_2497,183,13,2026-09-15T05:44:22.497499833
INV_111700,STR_131,PRD_2179,109,33,2026-09-15 05:49:56
INV_111701,STR_112,PRD_1217,42,12,15/09/2026 05:55
INV_111702,STR_112,PRD_1464,111,24,2026-09-15T06:01:04.804320288
INV_111703,STR_116,PRD_1194,17,10,15/09/2026 06:06
INV_111704,STR_124,PRD_1269,7,19,2026-09-15T06:12:13.008867257
INV_111705,STR_121,PRD_1562,-4,35,15/09/2026 06:17
INV_111706,STR_126,PRD_1355,10,21,2026-09-15 06:23:21
INV_111707,STR_116,PRD_1539,30,10,2026-09-15 06:28:55
INV_111708,STR_125,PRD_1475,156,11,2026-09-15 06:34:29
INV_111709,STR_137,PRD_1564,190,20,2026-09-15T06:40:03.520234682
INV_111710,STR_113,PRD_1307,97,21,2026-09-15 06:45:37
INV_111711,STR_113,PRD_1627,127,37,2026-09-15T06:51:11.724781652
INV_111712,STR_111,PRD_1408,20,42,2026-09-15 06:56:45
INV_111713,STR_104,PRD_2464,31,12,2026-09-15T07:02:19.929328622
INV_111714,STR_136,PRD_1520,194,28,2026-09-15 07:07:54
INV_111715,STR_103,PRD_1484,186,27,15/09/2026 07:13
INV_111716,STR_128,PRD_2281,48,46,2026-09-15 07:19:02
INV_111717,STR_124,PRD_1693,107,37,2026-09-15T07:24:36.338422561
INV_111718,STR_144,PRD_1929,93,40,2026-09-15 07:30:10
INV_111719,STR_103,PRD_2193,155,16,15/09/2026 07:35
INV_111720,STR_149,PRD_2484,32,47,2026-09-15 07:41:18
INV_111721,STR_115,PRD_1650,119,14,15/09/2026 07:46
INV_111722,STR_149,PRD_1796,123,28,2026-09-15 07:52:26
INV_111723,STR_101,PRD_1110,66,22,2026-09-15 07:58:00
INV_111724,STR_122,PRD_1603,146,48,2026-09-15 08:03:35
INV_111725,STR_103,PRD_1219,195,37,2026-09-15 08:09:09
INV_111726,STR_119,PRD_2028,147,11,2026-09-15 08:14:43
INV_111727,STR_116,PRD_2318,78,15,2026-09-15 08:20:17
INV_111728,STR_8888,PRD_2481,157,24,2026-09-15T08:25:51.463430895
INV_111729,STR_105,PRD_1668,88,37,15/09/2026 08:31
INV_111730,STR_117,PRD_1894,26,46,2026-09-15 08:36:59
INV_111731,STR_119,PRD_1512,107,34,2026-09-15 08:42:33
INV_111732,STR_138,PRD_2235,124,41,15/09/2026 08:48
INV_111733,STR_144,PRD_1118,167,46,15/09/2026 08:53
INV_111734,STR_140,PRD_1384,135,45,15/09/2026 08:59
INV_111735,STR_133,PRD_1259,125,39,2026-09-15 09:04:50
INV_111736,STR_139,PRD_2422,188,33,2026-09-15 09:10:24
INV_111737,STR_145,PRD_2198,89,27,2026-09-15 09:15:58
INV_111738,STR_123,PRD_2437,44,10,2026-09-15 09:21:32
INV_111739,STR_117,PRD_1133,94,12,2026-09-15 09:27:06
INV_111740,STR_129,PRD_1101,165,16,2026-09-15 09:32:40
INV_111741,STR_100,PRD_1384,63,42,2026-09-15 09:38:14
INV_111742,STR_122,PRD_1454,47,30,2026-09-15 09:43:48
INV_111743,STR_128,PRD_2085,93,23,2026-09-15T09:49:22.997533169
INV_111744,STR_140,PRD_1959,5,46,2026-09-15 09:54:57
INV_111745,STR_140,PRD_1900,142,12,2026-09-15 10:00:31
INV_111746,STR_131,PRD_1565,18,46,2026-09-15 10:06:05
INV_111747,STR_101,PRD_1006,-3,34,2026-09-15 10:11:39
INV_111748,STR_147,PRD_1867,89,42,15/09/2026 10:17
INV_111749,STR_135,PRD_1514,112,22,2026-09-15 10:22:47
INV_111750,STR_144,PRD_1331,172,42,15/09/2026 10:28
INV_111751,STR_116,PRD_2402,41,38,15/09/2026 10:33
INV_111752,STR_142,PRD_1444,80,28,2026-09-15 10:39:29
INV_111753,STR_101,PRD_1334,66,35,2026-09-15T10:45:04.020268018
INV_111754,STR_103,PRD_2491,143,47,2026-09-15T10:50:38.122541502
INV_111755,STR_143,PRD_1660,95,18,15/09/2026 10:56
INV_111756,STR_133,PRD_1287,14,39,2026-09-15 11:01:46
INV_111757,STR_100,PRD_2035,81,31,2026-09-15 11:07:20
INV_111758,STR_122,PRD_1996,62,13,2026-09-15 11:12:54
INV_111759,STR_105,PRD_2127,110,16,2026-09-15 11:18:28
INV_111760,STR_115,PRD_2286,15,27,15/09/2026 11:24
INV_111761,STR_101,PRD_2458,193,15,2026-09-15T11:29:36.838455897
INV_111762,STR_145,PRD_1172,79,38,2026-09-15 11:35:10
INV_111763,STR_8888,PRD_1320,164,14,2026-09-15 11:40:45
INV_111764,STR_111,PRD_2068,75,15,15/09/2026 11:46
INV_111765,STR_126,PRD_1210,118,43,2026-09-15 11:51:53
INV_111766,STR_118,PRD_1906,181,43,15/09/2026 11:57
INV_111767,STR_127,PRD_1736,129,10,2026-09-15 12:03:01
INV_111768,STR_134,PRD_1416,141,27,2026-09-15 12:08:35
INV_111769,STR_9999,PRD_1263,19,36,2026-09-15 12:14:09
INV_111770,STR_142,PRD_1300,3,19,2026-09-15 12:19:43
INV_111771,STR_103,PRD_2479,140,48,2026-09-15T12:25:17.861190746
INV_111772,STR_148,PRD_2249,119,11,2026-09-15 12:30:51
INV_111773,STR_148,PRD_1103,120,28,2026-09-15T12:36:26.065737716
INV_111774,STR_106,PRD_1986,-5,36,2026-09-15 12:42:00
INV_111775,STR_136,PRD_1220,138,31,2026-09-15T12:47:34.270284685
INV_111776,STR_9999,PRD_1333,9,19,15/09/2026 12:53
INV_111777,STR_124,PRD_1417,138,36,2026-09-15T12:58:42.474831655
INV_111778,STR_9999,PRD_2324,29,21,2026-09-15T13:04:16.577105140
INV_111779,STR_140,PRD_1634,185,24,2026-09-15 13:09:50
INV_111780,STR_116,PRD_1960,142,10,2026-09-15 13:15:24
INV_111781,STR_140,PRD_2480,104,47,2026-09-15T13:20:58.883925595
INV_111782,STR_113,PRD_1435,113,33,2026-09-15 13:26:32
INV_111783,STR_136,PRD_1393,60,15,2026-09-15T13:32:07.088472565
INV_111784,STR_101,PRD_1733,188,38,2026-09-15 13:37:41
INV_111785,STR_123,PRD_1042,22,15,2026-09-15 13:43:15
INV_111786,STR_114,PRD_1209,40,47,2026-09-15 13:48:49
INV_111787,STR_147,PRD_1965,79,24,2026-09-15 13:54:23
INV_111788,STR_9999,PRD_1010,198,17,2026-09-15T13:59:57.599839989
INV_111789,STR_132,PRD_1215,189,38,2026-09-15T14:05:31.702113474
INV_111790,STR_111,PRD_2187,79,11,15/09/2026 14:11
INV_111791,STR_118,PRD_1224,106,20,2026-09-15 14:16:39
INV_111792,STR_8888,PRD_2269,68,18,2026-09-15 14:22:14
INV_111793,STR_146,PRD_1657,9,25,2026-09-15 14:27:48
INV_111794,STR_104,PRD_1772,8,33,2026-09-15 14:33:22
INV_111795,STR_100,PRD_1015,188,43,2026-09-15 14:38:56
INV_111796,STR_142,PRD_2217,173,33,2026-09-15 14:44:30
INV_111797,STR_108,PRD_2032,45,47,15/09/2026 14:50
INV_111798,STR_138,PRD_1513,-10,47,15/09/2026 14:55
INV_111799,STR_133,PRD_1292,156,34,2026-09-15T15:01:12.724848323
INV_111800,STR_128,PRD_2107,26,42,2026-09-15 15:06:46
INV_111801,STR_148,PRD_2232,7,26,2026-09-15 15:12:20
INV_111802,STR_147,PRD_1057,189,16,2026-09-15 15:17:55
INV_111803,STR_147,PRD_1984,68,36,2026-09-15T15:23:29.133942262
INV_111804,STR_145,PRD_1850,123,45,2026-09-15 15:29:03
INV_111805,STR_101,PRD_1647,90,28,2026-09-15T15:34:37.338489232
INV_111806,STR_118,PRD_2354,11,24,2026-09-15 15:40:11
INV_111807,STR_127,PRD_1460,0,15,2026-09-15 15:45:45
INV_111808,STR_134,PRD_1968,61,45,2026-09-15 15:51:19
INV_111809,STR_139,PRD_2348,-2,14,2026-09-15 15:56:53
INV_111810,STR_9999,PRD_2233,130,14,2026-09-15 16:02:27
INV_111811,STR_147,PRD_2148,120,11,2026-09-15 16:08:01
INV_111812,STR_121,PRD_1691,184,27,2026-09-15 16:13:36
INV_111813,STR_103,PRD_2485,124,41,2026-09-15 16:19:10
INV_111814,STR_107,PRD_1289,184,38,2026-09-15T16:24:44.258950596
INV_111815,STR_100,PRD_2237,192,29,2026-09-15 16:30:18
INV_111816,STR_135,PRD_2455,35,28,15/09/2026 16:35
INV_111817,STR_106,PRD_2120,47,25,15/09/2026 16:41
INV_111818,STR_124,PRD_1919,17,20,15/09/2026 16:47
INV_111819,STR_128,PRD_1248,20,37,2026-09-15 16:52:34
INV_111820,STR_100,PRD_1732,41,31,2026-09-15 16:58:08
INV_111821,STR_117,PRD_1524,126,36,2026-09-15 17:03:42
INV_111822,STR_103,PRD_2114,80,26,15/09/2026 17:09
INV_111823,STR_119,PRD_1704,193,17,2026-09-15 17:14:51
INV_111824,STR_145,PRD_1771,-3,17,2026-09-15 17:20:25
INV_111825,STR_107,PRD_1575,97,32,15/09/2026 17:25
INV_111826,STR_126,PRD_1841,75,41,15/09/2026 17:31
INV_111827,STR_149,PRD_1743,7,24,2026-09-15 17:37:07
INV_111828,STR_138,PRD_1166,109,36,2026-09-15 17:42:41
INV_111829,STR_134,PRD_2274,38,13,2026-09-15 17:48:15
INV_111830,STR_124,PRD_2470,0,49,15/09/2026 17:53
INV_111831,STR_113,PRD_2209,106,41,15/09/2026 17:59
INV_111832,STR_143,PRD_1248,119,46,2026-09-15 18:04:58
INV_111833,STR_146,PRD_1339,146,19,2026-09-15 18:10:32
INV_111834,STR_139,PRD_2469,172,37,2026-09-15 18:16:06
INV_111835,STR_130,PRD_2161,42,41,2026-09-15 18:21:40
INV_111836,STR_104,PRD_1108,143,41,2026-09-15 18:27:14
INV_111837,STR_116,PRD_1829,168,24,2026-09-15 18:32:48
INV_111838,STR_109,PRD_1416,195,15,2026-09-15 18:38:22
INV_111839,STR_142,PRD_1425,81,18,15/09/2026 18:43
INV_111840,STR_115,PRD_2067,-5,47,2026-09-15 18:49:30
INV_111841,STR_147,PRD_1341,89,39,2026-09-15 18:55:05
INV_111842,STR_103,PRD_2002,1,49,2026-09-15 19:00:39
INV_111843,STR_104,PRD_1200,151,25,2026-09-15T19:06:13.224881658
INV_111844,STR_141,PRD_1377,110,34,2026-09-15T19:11:47.327155143
INV_111845,STR_145,PRD_2127,187,19,2026-09-15 19:17:21
INV_111846,STR_140,PRD_1457,116,39,2026-09-15T19:22:55.531702113
INV_111847,STR_149,PRD_1990,181,18,2026-09-15 19:28:29
INV_111848,STR_119,PRD_2438,26,49,2026-09-15 19:34:03
INV_111849,STR_105,PRD_1900,114,16,2026-09-15T19:39:37.838522568
INV_111850,STR_110,PRD_1631,154,49,2026-09-15 19:45:11
INV_111851,STR_116,PRD_2425,-3,21,15/09/2026 19:50
INV_111852,STR_140,PRD_2413,154,26,2026-09-15 19:56:20
INV_111853,STR_102,PRD_2385,109,34,15/09/2026 20:01
INV_111854,STR_115,PRD_2457,105,16,15/09/2026 20:07
INV_111855,STR_8888,PRD_2406,163,28,2026-09-15 20:13:02
INV_111856,STR_135,PRD_2051,20,26,2026-09-15 20:18:36
INV_111857,STR_125,PRD_2130,128,41,2026-09-15 20:24:10
INV_111858,STR_123,PRD_1539,153,32,2026-09-15 20:29:44
INV_111859,STR_146,PRD_2209,185,41,2026-09-15T20:35:18.861257417
INV_111860,STR_133,PRD_1194,134,35,2026-09-15 20:40:52
INV_111861,STR_119,PRD_2169,5,17,2026-09-15 20:46:27
INV_111862,STR_116,PRD_1771,19,31,15/09/2026 20:52
INV_111863,STR_9999,PRD_1871,28,17,2026-09-15 20:57:35
INV_111864,STR_119,PRD_1688,33,14,2026-09-15 21:03:09
INV_111865,STR_115,PRD_1127,186,21,2026-09-15 21:08:43
INV_111866,STR_9999,PRD_1105,105,36,2026-09-15 21:14:17
INV_111867,STR_148,PRD_2439,26,29,2026-09-15 21:19:51
INV_111868,STR_103,PRD_1351,143,20,2026-09-15 21:25:25
INV_111869,STR_117,PRD_2406,138,45,2026-09-15 21:30:59
INV_111870,STR_135,PRD_2372,81,11,2026-09-15 21:36:33
INV_111871,STR_134,PRD_1833,8,19,15/09/2026 21:42
INV_111872,STR_129,PRD_1313,89,16,2026-09-15 21:47:42
INV_111873,STR_117,PRD_2000,128,21,2026-09-15 21:53:16
INV_111874,STR_120,PRD_2383,136,25,2026-09-15 21:58:50
INV_111875,STR_8888,PRD_2344,58,40,2026-09-15T22:04:24.497633175
INV_111876,STR_131,PRD_1383,119,36,2026-09-15 22:09:58
INV_111877,STR_104,PRD_2001,14,41,2026-09-15 22:15:32
INV_111878,STR_140,PRD_1016,104,49,2026-09-15T22:21:06.804453630
INV_111879,STR_122,PRD_2393,79,36,2026-09-15T22:26:40.906727115
INV_111880,STR_129,PRD_2089,19,34,2026-09-15 22:32:15
INV_111881,STR_126,PRD_1885,6,49,2026-09-15T22:37:49.111274085
INV_111882,STR_114,PRD_2136,74,14,2026-09-15 22:43:23
INV_111883,STR_140,PRD_2439,135,13,2026-09-15 22:48:57
INV_111884,STR_113,PRD_1070,100,24,2026-09-15 22:54:31
INV_111885,STR_120,PRD_2084,197,22,2026-09-15 23:00:05
INV_111886,STR_133,PRD_1443,81,42,2026-09-15T23:05:39.622641509
INV_111887,STR_125,PRD_1968,65,14,2026-09-15 23:11:13
INV_111888,STR_124,PRD_2337,29,15,2026-09-15 23:16:47
INV_111889,STR_149,PRD_1482,123,34,2026-09-15 23:22:21
INV_111890,STR_144,PRD_2267,77,34,2026-09-15 23:27:56
INV_111891,STR_130,PRD_1516,160,19,2026-09-15 23:33:30
INV_111892,STR_147,PRD_2393,187,21,2026-09-15 23:39:04
INV_111893,STR_105,PRD_1316,134,12,2026-09-15 23:44:38
INV_111894,STR_147,PRD_2044,159,38,15/09/2026 23:50
INV_111895,STR_103,PRD_1697,136,38,2026-09-15 23:55:46
INV_111896,STR_123,PRD_1720,100,33,2026-09-16 00:01:20
INV_111897,STR_141,PRD_1230,44,33,2026-09-16 00:06:54
INV_111898,STR_130,PRD_1863,81,34,2026-09-16 00:12:28
INV_111899,STR_118,PRD_2492,146,46,2026-09-16 00:18:02
INV_111900,STR_110,PRD_2101,102,14,16/09/2026 00:23
INV_111901,STR_128,PRD_1562,171,20,2026-09-16 00:29:11
INV_111902,STR_104,PRD_1768,188,49,2026-09-16 00:34:45
INV_111903,STR_117,PRD_1807,-3,31,2026-09-16 00:40:19
INV_111904,STR_102,PRD_1529,-3,24,2026-09-16 00:45:53
INV_111905,STR_139,PRD_1289,58,18,16/09/2026 00:51
INV_111906,STR_110,PRD_2241,32,15,2026-09-16 00:57:01
INV_111907,STR_120,PRD_1099,87,35,2026-09-16 01:02:35
INV_111908,STR_129,PRD_1148,39,15,2026-09-16 01:08:09
INV_111909,STR_118,PRD_2408,-7,41,16/09/2026 01:13
INV_111910,STR_124,PRD_2178,97,29,2026-09-16T01:19:18.077205147
INV_111911,STR_134,PRD_1394,25,44,2026-09-16 01:24:52
INV_111912,STR_111,PRD_1375,122,12,2026-09-16T01:30:26.281752116
INV_111913,STR_146,PRD_1101,8,27,16/09/2026 01:36
INV_111914,STR_125,PRD_1781,159,44,2026-09-16 01:41:34
INV_111915,STR_147,PRD_1091,99,19,2026-09-16 01:47:08
INV_111916,STR_104,PRD_1410,132,45,2026-09-16T01:52:42.690846056
INV_111917,STR_118,PRD_1405,175,39,2026-09-16T01:58:16.793119541
INV_111918,STR_126,PRD_1020,3,35,2026-09-16 02:03:50
INV_111919,STR_137,PRD_1631,37,39,2026-09-16T02:09:24.997666511
INV_111920,STR_128,PRD_2431,61,40,16/09/2026 02:14
INV_111921,STR_111,PRD_1018,190,13,2026-09-16 02:20:33
INV_111922,STR_118,PRD_1152,93,33,2026-09-16 02:26:07
INV_111923,STR_108,PRD_1300,64,10,2026-09-16 02:31:41
INV_111924,STR_117,PRD_1412,97,35,2026-09-16 02:37:15
INV_111925,STR_128,PRD_1201,99,38,2026-09-16 02:42:49
INV_111926,STR_102,PRD_1138,71,47,2026-09-16 02:48:23
INV_111927,STR_122,PRD_1023,52,45,2026-09-16 02:53:57
INV_111928,STR_129,PRD_1011,44,18,2026-09-16 02:59:31
INV_111929,STR_145,PRD_1134,21,41,2026-09-16 03:05:06
INV_111930,STR_123,PRD_1935,153,46,2026-09-16 03:10:40
INV_111931,STR_136,PRD_1080,98,49,2026-09-16 03:16:14
INV_111932,STR_136,PRD_2378,74,27,2026-09-16 03:21:48
INV_111933,STR_103,PRD_2093,101,33,2026-09-16 03:27:22
INV_111934,STR_127,PRD_2227,95,49,2026-09-16T03:32:56.531768784
INV_111935,STR_115,PRD_1590,192,27,2026-09-16 03:38:30
INV_111936,STR_112,PRD_1991,46,48,2026-09-16 03:44:04
INV_111937,STR_107,PRD_2302,33,17,16/09/2026 03:49
INV_111938,STR_147,PRD_1710,151,48,2026-09-16T03:55:12.940862724
INV_111939,STR_124,PRD_2402,168,20,2026-09-16 04:00:47
INV_111940,STR_101,PRD_2317,186,44,16/09/2026 04:06
INV_111941,STR_129,PRD_2438,81,33,16/09/2026 04:11
INV_111942,STR_139,PRD_1796,127,22,2026-09-16 04:17:29
INV_111943,STR_102,PRD_2451,101,40,16/09/2026 04:23
INV_111944,STR_122,PRD_2179,129,39,2026-09-16 04:28:37
INV_111945,STR_128,PRD_1730,158,38,16/09/2026 04:34
INV_111946,STR_140,PRD_1276,120,15,16/09/2026 04:39
INV_111947,STR_129,PRD_2288,54,12,2026-09-16 04:45:19
INV_111948,STR_110,PRD_1048,90,37,2026-09-16 04:50:53
INV_111949,STR_120,PRD_1609,29,19,2026-09-16T04:56:28.065871058
INV_111950,STR_126,PRD_1292,182,43,2026-09-16 05:02:02
INV_111951,STR_123,PRD_2044,194,10,2026-09-16 05:07:36
INV_111952,STR_8888,PRD_2467,91,21,2026-09-16T05:13:10.372691512
INV_111953,STR_130,PRD_1471,196,45,2026-09-16 05:18:44
INV_111954,STR_129,PRD_2161,188,41,2026-09-16 05:24:18
INV_111955,STR_100,PRD_1229,19,20,2026-09-16T05:29:52.679511967
INV_111956,STR_100,PRD_1837,189,10,2026-09-16T05:35:26.781785452
INV_111957,STR_107,PRD_2428,184,15,2026-09-16 05:41:00
INV_111958,STR_147,PRD_1356,196,36,16/09/2026 05:46
INV_111959,STR_141,PRD_1540,94,24,16/09/2026 05:52
INV_111960,STR_133,PRD_1826,32,19,2026-09-16 05:57:43
INV_111961,STR_115,PRD_1935,170,33,2026-09-16 06:03:17
INV_111962,STR_126,PRD_2044,195,17,2026-09-16 06:08:51
INV_111963,STR_103,PRD_1813,80,26,2026-09-16 06:14:25
INV_111964,STR_118,PRD_1644,19,33,2026-09-16 06:19:59
INV_111965,STR_128,PRD_1526,30,22,16/09/2026 06:25
INV_111966,STR_140,PRD_2021,33,18,16/09/2026 06:31
INV_111967,STR_102,PRD_2128,26,15,16/09/2026 06:36
INV_111968,STR_110,PRD_1622,106,38,16/09/2026 06:42
INV_111969,STR_107,PRD_1850,123,32,2026-09-16 06:47:50
INV_111970,STR_138,PRD_2359,72,31,16/09/2026 06:53
INV_111971,STR_132,PRD_1423,113,30,2026-09-16 06:58:58
INV_111972,STR_107,PRD_1622,154,26,2026-09-16 07:04:32
INV_111973,STR_124,PRD_1003,-10,43,2026-09-16 07:10:06
INV_111974,STR_123,PRD_1468,-1,35,2026-09-16 07:15:40
INV_111975,STR_125,PRD_1663,15,34,2026-09-16 07:21:14
INV_111976,STR_125,PRD_1886,134,47,2026-09-16 07:26:48
INV_111977,STR_116,PRD_1537,53,12,2026-09-16 07:32:22
INV_111978,STR_126,PRD_2217,144,12,2026-09-16T07:37:57.031802120
INV_111979,STR_128,PRD_1359,192,23,2026-09-16T07:43:31.134075605
INV_111980,STR_142,PRD_1519,57,19,2026-09-16 07:49:05
INV_111981,STR_138,PRD_2096,7,11,2026-09-16T07:54:39.338622575
INV_111982,STR_108,PRD_2101,72,16,2026-09-16 08:00:13
INV_111983,STR_113,PRD_1067,99,23,2026-09-16 08:05:47
INV_111984,STR_104,PRD_1694,167,26,16/09/2026 08:11
INV_111985,STR_149,PRD_2357,79,19,16/09/2026 08:16
INV_111986,STR_129,PRD_1084,182,44,16/09/2026 08:22
INV_111987,STR_127,PRD_1078,9,36,2026-09-16 08:28:03
INV_111988,STR_144,PRD_2329,110,12,2026-09-16 08:33:38
INV_111989,STR_136,PRD_1019,51,34,16/09/2026 08:39
INV_111990,STR_107,PRD_1155,64,16,2026-09-16 08:44:46
INV_111991,STR_114,PRD_2140,176,22,2026-09-16 08:50:20
INV_111992,STR_127,PRD_1879,14,48,2026-09-16T08:55:54.463630908
INV_111993,STR_135,PRD_1938,113,34,2026-09-16T09:01:28.565904393
INV_111994,STR_132,PRD_2473,72,38,2026-09-16 09:07:02
INV_111995,STR_105,PRD_1027,85,28,16/09/2026 09:12
INV_111996,STR_9999,PRD_1609,54,48,2026-09-16 09:18:10
INV_111997,STR_111,PRD_1973,182,31,2026-09-16 09:23:44
INV_111998,STR_106,PRD_2352,56,11,2026-09-16T09:29:19.077271818
INV_111999,STR_144,PRD_2387,47,31,2026-09-16 09:34:53
INV_112000,STR_127,PRD_1418,29,44,2026-09-16T09:40:27.281818788
INV_112001,STR_106,PRD_1021,164,43,16/09/2026 09:46
INV_112002,STR_140,PRD_1260,89,14,2026-09-16T09:51:35.486365757
INV_112003,STR_100,PRD_1059,160,36,2026-09-16 09:57:09
INV_112004,STR_123,PRD_1936,125,27,2026-09-16 10:02:43
INV_112005,STR_144,PRD_2436,92,12,2026-09-16 10:08:17
INV_112006,STR_118,PRD_1162,51,30,2026-09-16 10:13:51
INV_112007,STR_131,PRD_2137,151,33,2026-09-16 10:19:25
INV_112008,STR_129,PRD_1353,-3,35,16/09/2026 10:25
INV_112009,STR_100,PRD_1195,14,29,2026-09-16 10:30:34
INV_112010,STR_131,PRD_2068,143,22,16/09/2026 10:36
INV_112011,STR_119,PRD_1624,171,15,2026-09-16 10:41:42
INV_112012,STR_120,PRD_1904,158,35,2026-09-16 10:47:16
INV_112013,STR_118,PRD_1178,69,39,16/09/2026 10:52
INV_112014,STR_129,PRD_1324,61,23,16/09/2026 10:58
INV_112015,STR_149,PRD_1369,52,46,2026-09-16T11:03:58.815921061
INV_112016,STR_127,PRD_1567,189,47,2026-09-16 11:09:32
INV_112017,STR_131,PRD_2370,64,39,16/09/2026 11:15
INV_112018,STR_129,PRD_1778,-4,24,16/09/2026 11:20
INV_112019,STR_122,PRD_1925,87,28,16/09/2026 11:26
INV_112020,STR_126,PRD_1114,74,20,2026-09-16 11:31:49
INV_112021,STR_136,PRD_1356,58,29,16/09/2026 11:37
INV_112022,STR_125,PRD_2190,39,34,16/09/2026 11:42
INV_112023,STR_102,PRD_2377,160,47,16/09/2026 11:48
INV_112024,STR_130,PRD_1114,111,39,2026-09-16 11:54:05
INV_112025,STR_101,PRD_2431,6,49,2026-09-16T11:59:39.838655910
INV_112026,STR_109,PRD_1797,138,32,16/09/2026 12:05
INV_112027,STR_137,PRD_1322,-5,26,2026-09-16 12:10:48
INV_112028,STR_118,PRD_1041,98,10,16/09/2026 12:16
INV_112029,STR_130,PRD_2483,188,23,2026-09-16 12:21:56
INV_112030,STR_128,PRD_2142,64,48,2026-09-16T12:27:30.350023335
INV_112031,STR_124,PRD_1573,71,27,2026-09-16 12:33:04
INV_112032,STR_131,PRD_2473,27,25,2026-09-16T12:38:38.554570304
INV_112033,STR_116,PRD_1440,52,19,16/09/2026 12:44
INV_112034,STR_9999,PRD_2212,117,18,2026-09-16 12:49:46
INV_112035,STR_144,PRD_1284,129,23,2026-09-16 12:55:20
INV_112036,STR_148,PRD_1103,139,11,2026-09-16 13:00:54
INV_112037,STR_122,PRD_1568,-8,30,2026-09-16 13:06:29
INV_112038,STR_117,PRD_1456,136,11,16/09/2026 13:12
INV_112039,STR_110,PRD_1310,160,15,2026-09-16 13:17:37
INV_112040,STR_8888,PRD_2407,76,20,2026-09-16 13:23:11
INV_112041,STR_119,PRD_2188,184,12,2026-09-16 13:28:45
INV_112042,STR_112,PRD_1406,110,20,2026-09-16T13:34:19.577305153
INV_112043,STR_123,PRD_1844,122,13,2026-09-16 13:39:53
INV_112044,STR_142,PRD_1580,18,24,2026-09-16 13:45:27
INV_112045,STR_119,PRD_2499,87,35,2026-09-16 13:51:01
INV_112046,STR_9999,PRD_2081,97,45,2026-09-16T13:56:35.986399093
INV_112047,STR_141,PRD_1718,122,24,2026-09-16T14:02:10.088672578
INV_112048,STR_127,PRD_2439,162,31,2026-09-16 14:07:44
INV_112049,STR_134,PRD_1596,171,46,2026-09-16 14:13:18
INV_112050,STR_120,PRD_2274,141,19,2026-09-16T14:18:52.395493033
INV_112051,STR_105,PRD_2243,92,29,2026-09-16 14:24:26
INV_112052,STR_106,PRD_2183,138,41,2026-09-16 14:30:00
INV_112053,STR_128,PRD_1186,21,18,2026-09-16T14:35:34.702313487
INV_112054,STR_122,PRD_1895,122,40,16/09/2026 14:41
INV_112055,STR_8888,PRD_1463,179,49,2026-09-16 14:46:42
INV_112056,STR_104,PRD_1329,135,40,2026-09-16T14:52:17.009133942
INV_112057,STR_121,PRD_1348,24,37,2026-09-16T14:57:51.111407427
INV_112058,STR_108,PRD_1499,91,20,2026-09-16 15:03:25
INV_112059,STR_131,PRD_1489,69,45,2026-09-16 15:08:59
INV_112060,STR_109,PRD_2004,88,13,2026-09-16 15:14:33
INV_112061,STR_145,PRD_1279,77,23,2026-09-16 15:20:07
INV_112062,STR_142,PRD_1854,122,38,2026-09-16T15:25:41.622774851
INV_112063,STR_148,PRD_2187,-2,37,2026-09-16 15:31:15
INV_112064,STR_127,PRD_2004,121,34,2026-09-16 15:36:49
INV_112065,STR_110,PRD_1397,22,32,2026-09-16 15:42:23
INV_112066,STR_106,PRD_2091,80,42,2026-09-16 15:47:58
INV_112067,STR_129,PRD_1427,139,39,2026-09-16T15:53:32.134142276
INV_112068,STR_142,PRD_2455,176,18,16/09/2026 15:59
INV_112069,STR_144,PRD_1374,0,47,2026-09-16 16:04:40
INV_112070,STR_9999,PRD_2015,58,34,16/09/2026 16:10
INV_112071,STR_137,PRD_1631,127,27,2026-09-16 16:15:48
INV_112072,STR_133,PRD_1988,120,16,2026-09-16 16:21:22
INV_112073,STR_145,PRD_1696,132,33,2026-09-16 16:26:56
INV_112074,STR_127,PRD_2446,112,49,2026-09-16 16:32:30
INV_112075,STR_131,PRD_1927,99,30,16/09/2026 16:38
INV_112076,STR_115,PRD_1077,154,44,2026-09-16 16:43:39
INV_112077,STR_138,PRD_1487,157,20,2026-09-16 16:49:13
INV_112078,STR_100,PRD_2193,6,11,2026-09-16 16:54:47
INV_112079,STR_133,PRD_2061,137,24,2026-09-16T17:00:21.361424095
INV_112080,STR_140,PRD_1566,121,24,2026-09-16T17:05:55.463697580
INV_112081,STR_122,PRD_1950,151,14,2026-09-16 17:11:29
INV_112082,STR_149,PRD_2313,84,49,2026-09-16T17:17:03.668244549
INV_112083,STR_119,PRD_1557,151,25,2026-09-16 17:22:37
INV_112084,STR_117,PRD_1170,56,30,16/09/2026 17:28
INV_112085,STR_117,PRD_1641,17,18,16/09/2026 17:33
INV_112086,STR_141,PRD_1291,94,16,2026-09-16 17:39:20
INV_112087,STR_139,PRD_1580,105,36,2026-09-16 17:44:54
INV_112088,STR_120,PRD_1421,196,26,2026-09-16 17:50:28
INV_112089,STR_107,PRD_1104,153,11,2026-09-16 17:56:02
INV_112090,STR_133,PRD_1565,152,49,2026-09-16T18:01:36.486432429
INV_112091,STR_149,PRD_2429,158,35,2026-09-16 18:07:10
INV_112092,STR_110,PRD_1879,48,17,2026-09-16 18:12:44
INV_112093,STR_142,PRD_2482,63,49,2026-09-16 18:18:18
INV_112094,STR_9999,PRD_1874,134,25,2026-09-16T18:23:52.895526368
INV_112095,STR_142,PRD_1247,19,29,2026-09-16 18:29:26
INV_112096,STR_109,PRD_1926,171,41,2026-09-16 18:35:01
INV_112097,STR_107,PRD_1308,41,41,2026-09-16 18:40:35
INV_112098,STR_146,PRD_2396,189,44,16/09/2026 18:46
INV_112099,STR_107,PRD_2129,140,24,2026-09-16 18:51:43
INV_112100,STR_118,PRD_1314,8,41,2026-09-16 18:57:17
INV_112101,STR_100,PRD_1608,26,39,2026-09-16 19:02:51
INV_112102,STR_8888,PRD_1944,176,28,16/09/2026 19:08
INV_112103,STR_102,PRD_1538,96,33,16/09/2026 19:13
INV_112104,STR_143,PRD_1071,25,11,2026-09-16T19:19:33.918261217
INV_112105,STR_131,PRD_1377,57,30,2026-09-16 19:25:08
INV_112106,STR_147,PRD_2208,143,25,2026-09-16 19:30:42
INV_112107,STR_115,PRD_1133,93,49,16/09/2026 19:36
INV_112108,STR_129,PRD_2197,110,48,16/09/2026 19:41
INV_112109,STR_148,PRD_1392,144,45,2026-09-16 19:47:24
INV_112110,STR_127,PRD_2087,194,11,2026-09-16 19:52:58
INV_112111,STR_127,PRD_1995,179,25,16/09/2026 19:58
INV_112112,STR_115,PRD_1414,179,38,2026-09-16 20:04:06
INV_112113,STR_140,PRD_1402,169,16,2026-09-16 20:09:40
INV_112114,STR_9999,PRD_2136,33,24,2026-09-16 20:15:14
INV_112115,STR_132,PRD_1064,22,32,2026-09-16T20:20:49.043269551
INV_112116,STR_124,PRD_1865,99,14,2026-09-16 20:26:23
INV_112117,STR_117,PRD_1400,79,10,2026-09-16 20:31:57
INV_112118,STR_125,PRD_1289,52,14,2026-09-16 20:37:31
INV_112119,STR_105,PRD_2443,61,22,2026-09-16 20:43:05
INV_112120,STR_137,PRD_2338,69,35,2026-09-16T20:48:39.554636975
INV_112121,STR_143,PRD_2112,186,22,2026-09-16 20:54:13
INV_112122,STR_102,PRD_1758,23,41,2026-09-16 20:59:47
INV_112123,STR_142,PRD_1843,100,38,2026-09-16 21:05:21
INV_112124,STR_105,PRD_1660,16,27,2026-09-16T21:10:55.963730915
INV_112125,STR_113,PRD_1356,153,11,16/09/2026 21:16
INV_112126,STR_117,PRD_1877,121,36,2026-09-16 21:22:04
INV_112127,STR_115,PRD_1997,95,12,16/09/2026 21:27
INV_112128,STR_123,PRD_1751,42,39,16/09/2026 21:33
INV_112129,STR_112,PRD_1748,188,19,2026-09-16T21:38:46.475098340
INV_112130,STR_100,PRD_1364,26,18,16/09/2026 21:44
INV_112131,STR_137,PRD_1266,89,12,2026-09-16 21:49:54
INV_112132,STR_113,PRD_1405,68,31,2026-09-16T21:55:28.781918794
INV_112133,STR_116,PRD_1138,167,47,2026-09-16 22:01:02
INV_112134,STR_112,PRD_2188,102,20,16/09/2026 22:06
INV_112135,STR_112,PRD_1665,59,15,2026-09-16 22:12:11
INV_112136,STR_108,PRD_2129,143,14,2026-09-16 22:17:45
INV_112137,STR_105,PRD_2172,79,39,2026-09-16T22:23:19.293286219
INV_112138,STR_105,PRD_1184,109,23,2026-09-16 22:28:53
INV_112139,STR_129,PRD_2433,14,11,2026-09-16T22:34:27.497833189
INV_112140,STR_136,PRD_1782,150,42,2026-09-16T22:40:01.600106673
INV_112141,STR_145,PRD_1870,184,46,16/09/2026 22:45
INV_112142,STR_113,PRD_1702,190,17,2026-09-16 22:51:09
INV_112143,STR_103,PRD_1906,154,19,2026-09-16 22:56:43
INV_112144,STR_133,PRD_1200,155,30,2026-09-16 23:02:18
INV_112145,STR_101,PRD_1617,16,28,16/09/2026 23:07
INV_112146,STR_116,PRD_1219,2,44,2026-09-16 23:13:26
INV_112147,STR_141,PRD_1856,140,27,16/09/2026 23:19
INV_112148,STR_113,PRD_2493,184,16,2026-09-16T23:24:34.418294553
INV_112149,STR_9999,PRD_2011,76,22,2026-09-16 23:30:08
INV_112150,STR_116,PRD_2457,88,21,2026-09-16T23:35:42.622841522
INV_112151,STR_129,PRD_2052,77,49,2026-09-16T23:41:16.725115007
INV_112152,STR_142,PRD_1063,172,33,2026-09-16 23:46:50
INV_112153,STR_128,PRD_1936,154,27,2026-09-16T23:52:24.929661977
INV_112154,STR_106,PRD_2119,129,47,2026-09-16 23:57:59
INV_112155,STR_108,PRD_1539,43,21,2026-09-17 00:03:33
INV_112156,STR_145,PRD_1509,9,12,2026-09-17T00:09:07.236482432
INV_112157,STR_122,PRD_2363,135,34,17/09/2026 00:14
INV_112158,STR_135,PRD_1250,-4,44,2026-09-17 00:20:15
INV_112159,STR_113,PRD_2302,79,25,2026-09-17 00:25:49
INV_112160,STR_119,PRD_1038,193,22,2026-09-17 00:31:23
INV_112161,STR_8888,PRD_1068,83,33,2026-09-17T00:36:57.747849856
INV_112162,STR_116,PRD_1276,119,21,2026-09-17 00:42:31
INV_112163,STR_131,PRD_2143,43,11,2026-09-17 00:48:05
INV_112164,STR_124,PRD_2109,-3,35,17/09/2026 00:53
INV_112165,STR_9999,PRD_1176,150,19,17/09/2026 00:59
INV_112166,STR_129,PRD_1970,163,28,2026-09-17T01:04:48.259217281
INV_112167,STR_148,PRD_1605,159,31,17/09/2026 01:10
INV_112168,STR_126,PRD_2115,108,33,2026-09-17T01:15:56.463764251
INV_112169,STR_126,PRD_2443,117,35,2026-09-17 01:21:30
INV_112170,STR_145,PRD_1080,52,14,2026-09-17 01:27:04
INV_112171,STR_130,PRD_1340,106,25,2026-09-17 01:32:38
INV_112172,STR_144,PRD_1420,98,46,17/09/2026 01:38
INV_112173,STR_125,PRD_1227,194,43,2026-09-17 01:43:46
INV_112174,STR_113,PRD_1472,77,47,17/09/2026 01:49
INV_112175,STR_147,PRD_1087,150,37,17/09/2026 01:54
INV_112176,STR_120,PRD_2373,58,21,2026-09-17T02:00:29.281952130
INV_112177,STR_127,PRD_1189,113,30,2026-09-17 02:06:03
INV_112178,STR_114,PRD_1866,187,41,2026-09-17 02:11:37
INV_112179,STR_129,PRD_1980,-7,34,2026-09-17 02:17:11
INV_112180,STR_124,PRD_1980,95,23,2026-09-17 02:22:45
INV_112181,STR_9999,PRD_1135,96,44,17/09/2026 02:28
INV_112182,STR_110,PRD_2348,175,18,2026-09-17 02:33:53
INV_112183,STR_143,PRD_1039,146,39,2026-09-17T02:39:27.997866524
INV_112184,STR_110,PRD_2310,10,38,2026-09-17 02:45:02
INV_112185,STR_127,PRD_1255,143,48,2026-09-17 02:50:36
INV_112186,STR_104,PRD_1946,75,40,2026-09-17 02:56:10
INV_112187,STR_127,PRD_2443,30,23,17/09/2026 03:01
INV_112188,STR_107,PRD_1538,67,26,17/09/2026 03:07
INV_112189,STR_125,PRD_2314,151,34,17/09/2026 03:12
INV_112190,STR_105,PRD_2339,161,46,17/09/2026 03:18
INV_112191,STR_131,PRD_1857,118,36,2026-09-17T03:24:00.816054403
INV_112192,STR_147,PRD_1131,149,27,2026-09-17 03:29:34
INV_112193,STR_131,PRD_1867,149,38,2026-09-17 03:35:09
INV_112194,STR_111,PRD_1740,40,27,17/09/2026 03:40
INV_112195,STR_105,PRD_1538,107,13,2026-09-17T03:46:17.225148343
INV_112196,STR_112,PRD_2326,13,29,2026-09-17T03:51:51.327421828
INV_112197,STR_138,PRD_1281,161,10,17/09/2026 03:57
INV_112198,STR_139,PRD_1491,65,33,2026-09-17 04:02:59
INV_112199,STR_143,PRD_1279,73,33,2026-09-17 04:08:33
INV_112200,STR_133,PRD_2222,26,14,2026-09-17 04:14:07
INV_112201,STR_122,PRD_2398,73,35,2026-09-17 04:19:41
INV_112202,STR_140,PRD_2323,55,27,2026-09-17 04:25:15
INV_112203,STR_144,PRD_1908,3,45,17/09/2026 04:30
INV_112204,STR_116,PRD_1665,134,10,2026-09-17 04:36:24
INV_112205,STR_144,PRD_2322,77,19,2026-09-17 04:41:58
INV_112206,STR_147,PRD_1554,4,26,2026-09-17 04:47:32
INV_112207,STR_100,PRD_2345,50,44,2026-09-17 04:53:06
INV_112208,STR_106,PRD_2133,166,13,2026-09-17T04:58:40.554703647
INV_112209,STR_112,PRD_1470,87,36,2026-09-17T05:04:14.656977131
INV_112210,STR_113,PRD_1411,106,20,17/09/2026 05:09
INV_112211,STR_116,PRD_1512,125,12,2026-09-17 05:15:22
INV_112212,STR_129,PRD_2163,-8,37,2026-09-17 05:20:56
INV_112213,STR_147,PRD_1877,64,20,17/09/2026 05:26
INV_112214,STR_146,PRD_1689,144,12,2026-09-17 05:32:05
INV_112215,STR_148,PRD_1948,126,45,2026-09-17T05:37:39.270618041
INV_112216,STR_133,PRD_1059,4,12,2026-09-17T05:43:13.372891526
INV_112217,STR_126,PRD_2206,21,34,2026-09-17 05:48:47
INV_112218,STR_124,PRD_1418,0,21,2026-09-17 05:54:21
INV_112219,STR_143,PRD_1956,120,21,2026-09-17 05:59:55
INV_112220,STR_134,PRD_1824,15,41,2026-09-17 06:05:29
INV_112221,STR_108,PRD_1907,-4,49,2026-09-17T06:11:03.884258950
INV_112222,STR_105,PRD_1732,81,19,2026-09-17 06:16:37
INV_112223,STR_125,PRD_2250,172,28,17/09/2026 06:22
INV_112224,STR_137,PRD_1390,28,16,2026-09-17T06:27:46.191079405
INV_112225,STR_138,PRD_2167,-7,33,2026-09-17T06:33:20.293352890
INV_112226,STR_126,PRD_1735,19,48,2026-09-17T06:38:54.395626375
INV_112227,STR_139,PRD_1660,155,41,2026-09-17 06:44:28
INV_112228,STR_130,PRD_1026,40,32,2026-09-17 06:50:02
INV_112229,STR_102,PRD_1622,195,28,2026-09-17 06:55:36
INV_112230,STR_123,PRD_1883,25,12,17/09/2026 07:01
INV_112231,STR_114,PRD_1126,84,34,2026-09-17 07:06:44
INV_112232,STR_105,PRD_2479,102,34,2026-09-17 07:12:19
INV_112233,STR_110,PRD_1280,106,15,2026-09-17T07:17:53.111540769
INV_112234,STR_129,PRD_2418,49,42,2026-09-17 07:23:27
INV_112235,STR_134,PRD_1318,40,42,2026-09-17 07:29:01
INV_112236,STR_147,PRD_1440,193,24,2026-09-17 07:34:35
INV_112237,STR_137,PRD_1340,166,29,2026-09-17 07:40:09
INV_112238,STR_142,PRD_1693,4,41,2026-09-17 07:45:43
INV_112239,STR_139,PRD_1118,190,33,17/09/2026 07:51
INV_112240,STR_128,PRD_1777,80,12,2026-09-17 07:56:51
INV_112241,STR_122,PRD_1689,113,13,2026-09-17 08:02:25
INV_112242,STR_141,PRD_1712,73,15,2026-09-17 08:08:00
INV_112243,STR_141,PRD_2391,145,28,2026-09-17 08:13:34
INV_112244,STR_102,PRD_1384,142,35,2026-09-17 08:19:08
INV_112245,STR_125,PRD_1509,197,34,2026-09-17 08:24:42
INV_112246,STR_113,PRD_2181,199,34,2026-09-17 08:30:16
INV_112247,STR_118,PRD_1085,153,19,2026-09-17 08:35:50
INV_112248,STR_120,PRD_1360,-7,47,2026-09-17 08:41:24
INV_112249,STR_120,PRD_2005,10,29,2026-09-17 08:46:58
INV_112250,STR_108,PRD_1791,80,14,2026-09-17 08:52:32
INV_112251,STR_112,PRD_2108,182,44,17/09/2026 08:58
INV_112252,STR_140,PRD_1358,58,14,2026-09-17 09:03:41
INV_112253,STR_143,PRD_1726,127,44,2026-09-17 09:09:15
INV_112254,STR_145,PRD_2156,39,12,2026-09-17T09:14:49.259283952
INV_112255,STR_136,PRD_2410,-1,41,2026-09-17 09:20:23
INV_112256,STR_137,PRD_2270,79,45,2026-09-17T09:25:57.463830922
INV_112257,STR_144,PRD_2164,133,39,2026-09-17 09:31:31
INV_112258,STR_144,PRD_1446,155,48,17/09/2026 09:37
INV_112259,STR_123,PRD_2099,56,38,17/09/2026 09:42
INV_112260,STR_137,PRD_2121,9,35,2026-09-17 09:48:13
INV_112261,STR_145,PRD_2326,100,34,2026-09-17T09:53:47.975198346
INV_112262,STR_110,PRD_2489,58,21,2026-09-17 09:59:22
INV_112263,STR_128,PRD_2078,187,27,2026-09-17 10:04:56
INV_112264,STR_144,PRD_1304,14,35,2026-09-17 10:10:30
INV_112265,STR_143,PRD_1770,78,24,2026-09-17 10:16:04
INV_112266,STR_147,PRD_1533,43,14,2026-09-17T10:21:38.486565771
INV_112267,STR_137,PRD_1034,1,42,2026-09-17T10:27:12.588839256
INV_112268,STR_140,PRD_1681,54,18,2026-09-17 10:32:46
INV_112269,STR_116,PRD_2163,171,41,2026-09-17 10:38:20
INV_112270,STR_8888,PRD_2014,56,22,2026-09-17 10:43:54
INV_112271,STR_147,PRD_1640,138,37,2026-09-17T10:49:28.997933195
INV_112272,STR_125,PRD_2123,122,32,2026-09-17 10:55:03
INV_112273,STR_125,PRD_1989,175,33,2026-09-17 11:00:37
INV_112274,STR_111,PRD_2396,68,40,17/09/2026 11:06
INV_112275,STR_117,PRD_1758,121,14,2026-09-17 11:11:45
INV_112276,STR_108,PRD_2046,8,11,2026-09-17 11:17:19
INV_112277,STR_102,PRD_1283,70,39,2026-09-17 11:22:53
INV_112278,STR_109,PRD_1112,44,14,2026-09-17 11:28:27
INV_112279,STR_142,PRD_1372,50,19,2026-09-17T11:34:01.816121074
INV_112280,STR_101,PRD_1196,189,45,17/09/2026 11:39
INV_112281,STR_107,PRD_2187,90,45,2026-09-17 11:45:10
INV_112282,STR_8888,PRD_1892,141,16,2026-09-17 11:50:44
INV_112283,STR_142,PRD_1821,185,38,2026-09-17 11:56:18
INV_112284,STR_117,PRD_2454,136,41,2026-09-17 12:01:52
INV_112285,STR_8888,PRD_1009,13,36,2026-09-17T12:07:26.429761984
INV_112286,STR_138,PRD_1397,43,10,2026-09-17 12:13:00
INV_112287,STR_130,PRD_1151,138,29,2026-09-17 12:18:34
INV_112288,STR_113,PRD_1190,70,43,17/09/2026 12:24
INV_112289,STR_138,PRD_1276,189,45,2026-09-17 12:29:42
INV_112290,STR_132,PRD_1492,8,35,17/09/2026 12:35
INV_112291,STR_128,PRD_2266,192,32,2026-09-17 12:40:51
INV_112292,STR_143,PRD_1487,170,42,17/09/2026 12:46
INV_112293,STR_132,PRD_1275,167,10,2026-09-17 12:51:59
INV_112294,STR_134,PRD_1189,140,12,2026-09-17 12:57:33
INV_112295,STR_101,PRD_1863,26,44,2026-09-17T13:03:07.452496833
INV_112296,STR_134,PRD_2330,17,44,2026-09-17 13:08:41
INV_112297,STR_131,PRD_1295,193,22,2026-09-17T13:14:15.657043803
INV_112298,STR_135,PRD_2257,69,42,2026-09-17 13:19:49
INV_112299,STR_145,PRD_1340,197,22,2026-09-17 13:25:23
INV_112300,STR_149,PRD_1592,195,31,2026-09-17 13:30:57
INV_112301,STR_122,PRD_2216,60,14,2026-09-17 13:36:32
INV_112302,STR_104,PRD_1882,138,26,2026-09-17T13:42:06.168411227
INV_112303,STR_146,PRD_2387,10,19,2026-09-17T13:47:40.270684712
INV_112304,STR_115,PRD_1949,158,36,2026-09-17T13:53:14.372958197
INV_112305,STR_139,PRD_1257,24,24,2026-09-17 13:58:48
INV_112306,STR_123,PRD_1976,99,18,17/09/2026 14:04
INV_112307,STR_139,PRD_2254,-10,16,2026-09-17 14:09:56
INV_112308,STR_127,PRD_1013,195,19,2026-09-17 14:15:30
INV_112309,STR_124,PRD_2037,81,22,2026-09-17T14:21:04.884325621
INV_112310,STR_106,PRD_1555,199,25,2026-09-17 14:26:38
INV_112311,STR_137,PRD_2007,184,43,2026-09-17 14:32:13
INV_112312,STR_106,PRD_1209,80,17,2026-09-17 14:37:47
INV_112313,STR_9999,PRD_2063,59,40,17/09/2026 14:43
INV_112314,STR_121,PRD_2057,121,37,2026-09-17 14:48:55
INV_112315,STR_121,PRD_1746,-10,16,2026-09-17 14:54:29
INV_112316,STR_126,PRD_2257,138,43,17/09/2026 15:00
INV_112317,STR_132,PRD_2313,88,42,2026-09-17 15:05:37
INV_112318,STR_144,PRD_1854,81,13,2026-09-17 15:11:11
INV_112319,STR_131,PRD_2456,71,47,2026-09-17 15:16:45
INV_112320,STR_138,PRD_1847,105,35,2026-09-17 15:22:20
INV_112321,STR_131,PRD_1950,114,11,2026-09-17 15:27:54
INV_112322,STR_100,PRD_2341,41,41,2026-09-17T15:33:28.213880925
INV_112323,STR_109,PRD_1639,88,48,2026-09-17T15:39:02.316154410
INV_112324,STR_144,PRD_1407,42,11,2026-09-17 15:44:36
INV_112325,STR_103,PRD_1815,74,35,2026-09-17T15:50:10.520701380
INV_112326,STR_128,PRD_2103,69,36,2026-09-17 15:55:44
INV_112327,STR_106,PRD_1175,45,24,17/09/2026 16:01
INV_112328,STR_137,PRD_2014,92,30,2026-09-17 16:06:52
INV_112329,STR_105,PRD_1847,190,36,2026-09-17 16:12:26
INV_112330,STR_110,PRD_2308,76,43,2026-09-17 16:18:01
INV_112331,STR_108,PRD_1317,183,20,17/09/2026 16:23
INV_112332,STR_129,PRD_1409,184,32,2026-09-17 16:29:09
INV_112333,STR_121,PRD_2165,22,31,17/09/2026 16:34
INV_112334,STR_138,PRD_1246,12,32,2026-09-17 16:40:17
INV_112335,STR_108,PRD_1176,-5,10,17/09/2026 16:45
INV_112336,STR_137,PRD_1810,74,21,2026-09-17 16:51:25
INV_112337,STR_9999,PRD_2367,164,34,2026-09-17 16:56:59
INV_112338,STR_145,PRD_1263,175,15,2026-09-17T17:02:33.850256683
INV_112339,STR_132,PRD_1167,-6,43,2026-09-17 17:08:07
INV_112340,STR_125,PRD_2048,66,37,2026-09-17 17:13:42
INV_112341,STR_115,PRD_1702,194,34,17/09/2026 17:19
INV_112342,STR_108,PRD_1527,72,27,2026-09-17 17:24:50
INV_112343,STR_122,PRD_2333,-2,10,2026-09-17T17:30:24.361624108
INV_112344,STR_114,PRD_1027,-8,41,2026-09-17 17:35:58
INV_112345,STR_118,PRD_2393,178,38,2026-09-17T17:41:32.566171078
INV_112346,STR_141,PRD_2407,181,29,2026-09-17 17:47:06
INV_112347,STR_115,PRD_2317,35,22,2026-09-17 17:52:40
INV_112348,STR_124,PRD_1663,173,21,17/09/2026 17:58
INV_112349,STR_134,PRD_1579,28,17,2026-09-17 18:03:48
INV_112350,STR_9999,PRD_1036,2,48,2026-09-17 18:09:23
INV_112351,STR_112,PRD_1887,30,17,2026-09-17T18:14:57.179811987
INV_112352,STR_145,PRD_1546,128,27,17/09/2026 18:20
INV_112353,STR_106,PRD_1645,30,30,2026-09-17 18:26:05
INV_112354,STR_133,PRD_1877,64,37,2026-09-17T18:31:39.486632442
INV_112355,STR_113,PRD_1672,164,40,2026-09-17 18:37:13
INV_112356,STR_122,PRD_1371,166,24,2026-09-17 18:42:47
INV_112357,STR_122,PRD_1735,182,48,2026-09-17T18:48:21.793452897
INV_112358,STR_116,PRD_1101,24,42,2026-09-17T18:53:55.895726381
INV_112359,STR_112,PRD_2378,152,47,2026-09-17 18:59:29
INV_112360,STR_126,PRD_1464,56,32,2026-09-17T19:05:04.100273351
INV_112361,STR_101,PRD_1693,121,25,2026-09-17T19:10:38.202546836
INV_112362,STR_136,PRD_1479,13,33,17/09/2026 19:16
INV_112363,STR_129,PRD_1909,83,30,2026-09-17 19:21:46
INV_112364,STR_103,PRD_1215,85,17,2026-09-17 19:27:20
INV_112365,STR_129,PRD_1998,102,26,2026-09-17 19:32:54
INV_112366,STR_102,PRD_2350,73,24,2026-09-17T19:38:28.713914261
INV_112367,STR_113,PRD_1699,153,23,2026-09-17 19:44:02
INV_112368,STR_110,PRD_1599,194,29,2026-09-17 19:49:36
INV_112369,STR_139,PRD_2270,45,41,2026-09-17 19:55:11
INV_112370,STR_122,PRD_2012,-7,20,2026-09-17 20:00:45
INV_112371,STR_140,PRD_2111,157,47,2026-09-17 20:06:19
INV_112372,STR_147,PRD_1333,160,41,2026-09-17 20:11:53
INV_112373,STR_131,PRD_1663,47,13,17/09/2026 20:17
INV_112374,STR_102,PRD_1778,51,38,17/09/2026 20:23
INV_112375,STR_141,PRD_2223,124,14,17/09/2026 20:28
INV_112376,STR_100,PRD_2406,126,21,2026-09-17T20:34:09.736649110
INV_112377,STR_108,PRD_2451,11,48,2026-09-17 20:39:43
INV_112378,STR_147,PRD_2358,-7,32,17/09/2026 20:45
INV_112379,STR_108,PRD_2001,117,42,2026-09-17 20:50:52
INV_112380,STR_111,PRD_1449,153,25,17/09/2026 20:56
INV_112381,STR_100,PRD_1215,187,20,2026-09-17 21:02:00
INV_112382,STR_115,PRD_1940,184,17,2026-09-17T21:07:34.350290019
INV_112383,STR_129,PRD_1585,24,42,17/09/2026 21:13
INV_112384,STR_107,PRD_1671,22,43,2026-09-17T21:18:42.554836989
INV_112385,STR_145,PRD_2278,124,30,2026-09-17 21:24:16
INV_112386,STR_145,PRD_2016,94,47,2026-09-17 21:29:50
INV_112387,STR_109,PRD_1504,172,26,2026-09-17 21:35:24
INV_112388,STR_132,PRD_1437,110,43,2026-09-17 21:40:58
INV_112389,STR_137,PRD_1469,164,12,2026-09-17 21:46:33
INV_112390,STR_140,PRD_1005,179,33,2026-09-17T21:52:07.168477898
INV_112391,STR_9999,PRD_1218,184,31,2026-09-17 21:57:41
INV_112392,STR_121,PRD_1575,53,19,17/09/2026 22:03
INV_112393,STR_115,PRD_1512,110,14,2026-09-17T22:08:49.475298353
INV_112394,STR_118,PRD_1868,160,40,17/09/2026 22:14
INV_112395,STR_110,PRD_2212,7,33,2026-09-17T22:19:57.679845323
INV_112396,STR_110,PRD_1974,-8,20,2026-09-17T22:25:31.782118808
INV_112397,STR_113,PRD_2270,48,23,2026-09-17 22:31:05
INV_112398,STR_138,PRD_1768,105,13,17/09/2026 22:36
INV_112399,STR_125,PRD_1976,179,17,2026-09-17T22:42:14.088939262
INV_112400,STR_143,PRD_1685,28,16,2026-09-17T22:47:48.191212747
INV_112401,STR_119,PRD_1620,53,44,2026-09-17 22:53:22
INV_112402,STR_119,PRD_1554,190,41,2026-09-17T22:58:56.395759717
INV_112403,STR_104,PRD_2451,70,31,2026-09-17 23:04:30
INV_112404,STR_100,PRD_1549,49,31,2026-09-17T23:10:04.600306687
INV_112405,STR_110,PRD_1362,94,35,2026-09-17 23:15:38
INV_112406,STR_146,PRD_1593,159,45,2026-09-17 23:21:12
INV_112407,STR_109,PRD_2419,98,38,2026-09-17T23:26:46.907127141
INV_112408,STR_146,PRD_1622,-6,13,2026-09-17 23:32:21
INV_112409,STR_127,PRD_2159,35,40,17/09/2026 23:37
INV_112410,STR_144,PRD_1433,121,31,2026-09-17 23:43:29
INV_112411,STR_146,PRD_1317,3,17,17/09/2026 23:49
INV_112412,STR_133,PRD_1534,0,30,2026-09-17T23:54:37.418494566
INV_112413,STR_112,PRD_2372,177,24,18/09/2026 00:00
INV_112414,STR_143,PRD_2082,11,13,2026-09-18 00:05:45
INV_112415,STR_124,PRD_1777,95,14,2026-09-18T00:11:19.725315021
INV_112416,STR_122,PRD_1139,-6,45,2026-09-18 00:16:53
INV_112417,STR_135,PRD_1892,170,11,2026-09-18T00:22:27.929861990
INV_112418,STR_111,PRD_1627,129,17,2026-09-18 00:28:02
INV_112419,STR_146,PRD_2227,138,13,2026-09-18 00:33:36
INV_112420,STR_144,PRD_1157,68,22,2026-09-18T00:39:10.236682445
INV_112421,STR_101,PRD_2353,13,23,2026-09-18 00:44:44
INV_112422,STR_119,PRD_1973,2,18,2026-09-18 00:50:18
INV_112423,STR_115,PRD_1195,85,37,2026-09-18T00:55:52.543502900
INV_112424,STR_113,PRD_2454,15,47,2026-09-18 01:01:26
INV_112425,STR_101,PRD_1723,29,21,2026-09-18T01:07:00.748049870
INV_112426,STR_148,PRD_1552,15,37,2026-09-18 01:12:34
INV_112427,STR_115,PRD_1861,162,22,2026-09-18T01:18:08.952596839
INV_112428,STR_103,PRD_1883,19,30,2026-09-18 01:23:43
INV_112429,STR_142,PRD_2495,53,47,2026-09-18T01:29:17.157143809
INV_112430,STR_112,PRD_1457,100,35,2026-09-18 01:34:51
INV_112431,STR_137,PRD_1819,62,34,18/09/2026 01:40
INV_112432,STR_148,PRD_2068,77,31,2026-09-18 01:45:59
INV_112433,STR_100,PRD_1037,113,17,2026-09-18 01:51:33
INV_112434,STR_108,PRD_1675,155,46,2026-09-18 01:57:07
INV_112435,STR_120,PRD_1340,135,49,2026-09-18T02:02:41.770784719
INV_112436,STR_117,PRD_1301,126,31,2026-09-18 02:08:15
INV_112437,STR_142,PRD_1634,173,22,2026-09-18 02:13:49
INV_112438,STR_131,PRD_2216,117,46,2026-09-18 02:19:24
INV_112439,STR_145,PRD_1897,27,23,2026-09-18 02:24:58
INV_112440,STR_133,PRD_1615,138,27,2026-09-18 02:30:32
INV_112441,STR_119,PRD_1131,60,42,2026-09-18 02:36:06
INV_112442,STR_142,PRD_2491,129,16,2026-09-18T02:41:40.486699113
INV_112443,STR_101,PRD_2193,25,19,2026-09-18 02:47:14
INV_112444,STR_103,PRD_1944,111,39,18/09/2026 02:52
INV_112445,STR_144,PRD_1884,0,43,2026-09-18T02:58:22.793519568
INV_112446,STR_137,PRD_2288,117,12,2026-09-18 03:03:56
INV_112447,STR_106,PRD_2222,184,49,2026-09-18 03:09:30
INV_112448,STR_121,PRD_2306,16,21,2026-09-18 03:15:05
INV_112449,STR_119,PRD_2428,180,45,2026-09-18T03:20:39.202613507
INV_112450,STR_134,PRD_2227,188,40,2026-09-18T03:26:13.304886992
INV_112451,STR_103,PRD_1470,183,32,2026-09-18 03:31:47
INV_112452,STR_119,PRD_1348,63,17,2026-09-18 03:37:21
INV_112453,STR_134,PRD_1042,184,10,18/09/2026 03:42
INV_112454,STR_132,PRD_1775,70,44,2026-09-18T03:48:29.713980932
INV_112455,STR_9999,PRD_1481,96,24,2026-09-18 03:54:03
INV_112456,STR_120,PRD_2400,54,37,2026-09-18 03:59:37
INV_112457,STR_144,PRD_1077,151,21,2026-09-18 04:05:12
INV_112458,STR_113,PRD_2059,194,10,2026-09-18T04:10:46.123074871
INV_112459,STR_130,PRD_2406,195,20,2026-09-18 04:16:20
INV_112460,STR_121,PRD_1815,198,46,2026-09-18 04:21:54
INV_112461,STR_147,PRD_2197,116,11,2026-09-18T04:27:28.429895326
INV_112462,STR_129,PRD_1927,23,44,18/09/2026 04:33
INV_112463,STR_128,PRD_1646,53,17,18/09/2026 04:38
INV_112464,STR_135,PRD_2353,6,40,2026-09-18 04:44:10
INV_112465,STR_148,PRD_1651,168,30,18/09/2026 04:49
INV_112466,STR_141,PRD_2078,94,12,2026-09-18 04:55:18
INV_112467,STR_128,PRD_1763,173,34,2026-09-18 05:00:53
INV_112468,STR_106,PRD_1278,78,37,2026-09-18 05:06:27
INV_112469,STR_131,PRD_1458,97,37,18/09/2026 05:12
INV_112470,STR_112,PRD_1691,165,11,2026-09-18 05:17:35
INV_112471,STR_112,PRD_1524,179,17,18/09/2026 05:23
INV_112472,STR_113,PRD_2478,173,10,18/09/2026 05:28
INV_112473,STR_105,PRD_1491,128,30,2026-09-18T05:34:17.657177145
INV_112474,STR_115,PRD_1073,137,24,18/09/2026 05:39
INV_112475,STR_140,PRD_2478,57,17,2026-09-18 05:45:25
INV_112476,STR_8888,PRD_1818,151,49,18/09/2026 05:50
INV_112477,STR_147,PRD_1154,31,31,2026-09-18T05:56:34.066271084
INV_112478,STR_120,PRD_1518,158,48,2026-09-18 06:02:08
INV_112479,STR_143,PRD_1374,179,29,2026-09-18T06:07:42.270818054
INV_112480,STR_115,PRD_2329,134,22,2026-09-18 06:13:16
INV_112481,STR_104,PRD_1342,1,35,2026-09-18T06:18:50.475365024
INV_112482,STR_123,PRD_1664,57,48,2026-09-18 06:24:24
INV_112483,STR_142,PRD_1043,30,16,2026-09-18T06:29:58.679911994
INV_112484,STR_100,PRD_1547,131,20,2026-09-18T06:35:32.782185479
INV_112485,STR_109,PRD_2464,-7,40,2026-09-18 06:41:06
INV_112486,STR_142,PRD_2120,115,43,2026-09-18T06:46:40.986732448
INV_112487,STR_146,PRD_1164,199,20,2026-09-18 06:52:15
INV_112488,STR_134,PRD_1745,66,33,2026-09-18 06:57:49
INV_112489,STR_130,PRD_2126,63,34,18/09/2026 07:03
INV_112490,STR_114,PRD_1435,131,42,2026-09-18T07:08:57.395826388
INV_112491,STR_110,PRD_2404,-2,38,2026-09-18 07:14:31
INV_112492,STR_108,PRD_1446,160,30,2026-09-18 07:20:05
INV_112493,STR_101,PRD_2030,137,42,2026-09-18 07:25:39
INV_112494,STR_143,PRD_2117,-10,15,2026-09-18 07:31:13
INV_112495,STR_8888,PRD_1443,97,46,2026-09-18 07:36:47
INV_112496,STR_129,PRD_1478,82,11,2026-09-18 07:42:22
INV_112497,STR_115,PRD_1036,198,39,2026-09-18 07:47:56
INV_112498,STR_147,PRD_1097,61,37,18/09/2026 07:53
INV_112499,STR_100,PRD_1813,6,41,2026-09-18 07:59:04
INV_112500,STR_147,PRD_2044,78,36,2026-09-18T08:04:38.418561237
INV_112501,STR_105,PRD_2255,9,48,2026-09-18 08:10:12
INV_112502,STR_145,PRD_1467,48,31,2026-09-18 08:15:46
INV_112503,STR_110,PRD_1353,130,24,2026-09-18T08:21:20.725381692
INV_112504,STR_132,PRD_1071,110,47,2026-09-18 08:26:54
INV_112505,STR_8888,PRD_2375,66,46,2026-09-18T08:32:28.929928662
INV_112506,STR_116,PRD_2075,164,45,18/09/2026 08:38
INV_112507,STR_9999,PRD_2245,39,47,2026-09-18 08:43:37
INV_112508,STR_133,PRD_2023,83,16,2026-09-18 08:49:11
INV_112509,STR_145,PRD_2348,194,40,2026-09-18 08:54:45
INV_112510,STR_139,PRD_1989,157,39,18/09/2026 09:00
INV_112511,STR_124,PRD_1459,124,23,2026-09-18 09:05:53
INV_112512,STR_121,PRD_2190,44,43,2026-09-18 09:11:27
INV_112513,STR_125,PRD_2306,40,36,2026-09-18T09:17:01.748116541
INV_112514,STR_126,PRD_1500,65,32,2026-09-18 09:22:35
INV_112515,STR_137,PRD_1716,119,12,2026-09-18 09:28:09
INV_112516,STR_108,PRD_1366,3,14,2026-09-18 09:33:44
INV_112517,STR_136,PRD_2059,95,39,2026-09-18T09:39:18.157210480
INV_112518,STR_104,PRD_1606,134,16,2026-09-18 09:44:52
INV_112519,STR_117,PRD_1527,66,27,18/09/2026 09:50
INV_112520,STR_121,PRD_1998,118,47,2026-09-18 09:56:00
INV_112521,STR_145,PRD_1748,108,19,2026-09-18 10:01:34
INV_112522,STR_111,PRD_1601,100,43,2026-09-18T10:07:08.668577905
INV_112523,STR_143,PRD_1619,-10,42,2026-09-18 10:12:42
INV_112524,STR_121,PRD_1254,100,41,2026-09-18T10:18:16.873124875
INV_112525,STR_105,PRD_1929,15,40,2026-09-18 10:23:50
INV_112526,STR_135,PRD_1676,105,37,2026-09-18 10:29:25
INV_112527,STR_126,PRD_2223,163,13,18/09/2026 10:34
INV_112528,STR_146,PRD_1835,2,24,2026-09-18 10:40:33
INV_112529,STR_114,PRD_1668,23,11,2026-09-18 10:46:07
INV_112530,STR_116,PRD_2054,51,32,2026-09-18 10:51:41
INV_112531,STR_102,PRD_1600,62,32,2026-09-18 10:57:15
INV_112532,STR_109,PRD_1485,40,44,2026-09-18 11:02:49
INV_112533,STR_124,PRD_1258,30,36,2026-09-18T11:08:23.793586239
INV_112534,STR_120,PRD_1252,44,35,2026-09-18 11:13:57
INV_112535,STR_139,PRD_1493,145,43,2026-09-18T11:19:31.998133209
INV_112536,STR_108,PRD_2257,83,22,2026-09-18 11:25:06
INV_112537,STR_123,PRD_2130,178,49,18/09/2026 11:30
INV_112538,STR_131,PRD_1789,124,19,2026-09-18 11:36:14
INV_112539,STR_102,PRD_1335,195,48,2026-09-18 11:41:48
INV_112540,STR_132,PRD_1052,-9,35,18/09/2026 11:47
INV_112541,STR_142,PRD_1686,193,13,2026-09-18 11:52:56
INV_112542,STR_144,PRD_2065,-9,27,2026-09-18 11:58:30
INV_112543,STR_111,PRD_2283,145,44,18/09/2026 12:04
INV_112544,STR_128,PRD_2392,43,26,2026-09-18 12:09:38
INV_112545,STR_120,PRD_1209,193,36,2026-09-18 12:15:13
INV_112546,STR_138,PRD_2489,83,17,2026-09-18 12:20:47
INV_112547,STR_133,PRD_2065,47,22,2026-09-18 12:26:21
INV_112548,STR_132,PRD_2012,164,31,2026-09-18T12:31:55.327688512
INV_112549,STR_131,PRD_2376,50,45,2026-09-18 12:37:29
INV_112550,STR_119,PRD_1681,93,39,2026-09-18 12:43:03
INV_112551,STR_102,PRD_1893,157,44,2026-09-18 12:48:37
INV_112552,STR_103,PRD_2282,7,13,2026-09-18 12:54:11
INV_112553,STR_116,PRD_1336,131,22,18/09/2026 12:59
INV_112554,STR_149,PRD_1715,14,15,2026-09-18 13:05:19
INV_112555,STR_116,PRD_2418,127,27,2026-09-18 13:10:54
INV_112556,STR_118,PRD_1848,89,17,2026-09-18 13:16:28
INV_112557,STR_103,PRD_1674,37,29,18/09/2026 13:22
INV_112558,STR_128,PRD_1104,165,30,2026-09-18T13:27:36.350423361
INV_112559,STR_116,PRD_1702,178,41,2026-09-18T13:33:10.452696846
INV_112560,STR_121,PRD_2147,42,41,18/09/2026 13:38
INV_112561,STR_101,PRD_2122,126,11,2026-09-18 13:44:18
INV_112562,STR_141,PRD_1005,128,11,2026-09-18 13:49:52
INV_112563,STR_111,PRD_1799,16,41,18/09/2026 13:55
INV_112564,STR_144,PRD_2290,48,31,2026-09-18 14:01:00
INV_112565,STR_110,PRD_2066,175,35,2026-09-18 14:06:35
INV_112566,STR_139,PRD_1652,130,19,2026-09-18 14:12:09
INV_112567,STR_128,PRD_2292,182,48,2026-09-18T14:17:43.270884725
INV_112568,STR_119,PRD_1550,128,14,2026-09-18T14:23:17.373158210
INV_112569,STR_104,PRD_1941,46,21,2026-09-18 14:28:51
INV_112570,STR_124,PRD_1673,184,41,2026-09-18 14:34:25
INV_112571,STR_133,PRD_2218,183,49,2026-09-18 14:39:59
INV_112572,STR_111,PRD_1927,99,27,2026-09-18 14:45:33
INV_112573,STR_127,PRD_1323,95,19,2026-09-18 14:51:07
INV_112574,STR_133,PRD_1615,13,32,2026-09-18 14:56:41
INV_112575,STR_105,PRD_1756,166,10,2026-09-18 15:02:16
INV_112576,STR_118,PRD_2088,157,46,18/09/2026 15:07
INV_112577,STR_111,PRD_1200,68,27,2026-09-18 15:13:24
INV_112578,STR_124,PRD_1241,187,39,2026-09-18 15:18:58
INV_112579,STR_112,PRD_2030,73,28,2026-09-18 15:24:32
INV_112580,STR_116,PRD_2242,-9,47,18/09/2026 15:30
INV_112581,STR_111,PRD_1002,171,26,2026-09-18 15:35:40
INV_112582,STR_102,PRD_1853,132,37,2026-09-18 15:41:14
INV_112583,STR_123,PRD_2487,37,31,2026-09-18 15:46:48
INV_112584,STR_107,PRD_1967,87,47,2026-09-18 15:52:23
INV_112585,STR_147,PRD_1964,171,41,18/09/2026 15:57
INV_112586,STR_135,PRD_1304,35,34,2026-09-18 16:03:31
INV_112587,STR_125,PRD_1313,174,18,18/09/2026 16:09
INV_112588,STR_144,PRD_1477,172,45,2026-09-18T16:14:39.418627908
INV_112589,STR_107,PRD_1795,177,46,2026-09-18T16:20:13.520901393
INV_112590,STR_131,PRD_1882,84,10,2026-09-18T16:25:47.623174878
INV_112591,STR_131,PRD_2434,147,38,2026-09-18T16:31:21.725448363
INV_112592,STR_100,PRD_1497,145,24,2026-09-18 16:36:55
INV_112593,STR_102,PRD_2380,169,38,18/09/2026 16:42
INV_112594,STR_100,PRD_1070,86,30,2026-09-18 16:48:04
INV_112595,STR_114,PRD_2036,158,21,2026-09-18T16:53:38.134542302
INV_112596,STR_149,PRD_1405,102,35,18/09/2026 16:59
INV_112597,STR_119,PRD_2045,10,40,2026-09-18 17:04:46
INV_112598,STR_102,PRD_1894,76,44,2026-09-18T17:10:20.441362757
INV_112599,STR_114,PRD_2332,31,23,2026-09-18 17:15:54
INV_112600,STR_136,PRD_2318,2,16,2026-09-18T17:21:28.645909727
INV_112601,STR_120,PRD_1030,34,12,18/09/2026 17:27
INV_112602,STR_141,PRD_2085,79,13,2026-09-18 17:32:36
INV_112603,STR_138,PRD_2244,171,11,2026-09-18 17:38:10
INV_112604,STR_122,PRD_2382,136,44,18/09/2026 17:43
INV_112605,STR_139,PRD_2406,144,42,2026-09-18 17:49:19
INV_112606,STR_134,PRD_2360,157,46,2026-09-18 17:54:53
INV_112607,STR_117,PRD_1161,124,22,2026-09-18T18:00:27.361824121
INV_112608,STR_116,PRD_1563,14,16,2026-09-18 18:06:01
INV_112609,STR_130,PRD_1157,166,48,2026-09-18 18:11:35
INV_112610,STR_147,PRD_1012,93,36,2026-09-18 18:17:09
INV_112611,STR_125,PRD_2209,153,12,18/09/2026 18:22
INV_112612,STR_121,PRD_1733,60,26,2026-09-18 18:28:17
INV_112613,STR_144,PRD_1752,108,34,2026-09-18 18:33:51
INV_112614,STR_135,PRD_1308,73,39,2026-09-18T18:39:26.077738516
INV_112615,STR_134,PRD_1147,141,23,2026-09-18T18:45:00.180012
INV_112616,STR_110,PRD_2020,178,38,2026-09-18 18:50:34
INV_112617,STR_126,PRD_2078,81,14,2026-09-18 18:56:08
INV_112618,STR_133,PRD_1926,102,16,18/09/2026 19:01
INV_112619,STR_117,PRD_1570,58,28,18/09/2026 19:07
INV_112620,STR_126,PRD_1667,41,42,2026-09-18 19:12:50
INV_112621,STR_103,PRD_1691,153,30,2026-09-18T19:18:24.793652910
INV_112622,STR_116,PRD_1509,168,30,18/09/2026 19:23
INV_112623,STR_105,PRD_1585,22,26,2026-09-18 19:29:32
INV_112624,STR_141,PRD_1936,42,32,2026-09-18 19:35:07
INV_112625,STR_110,PRD_1044,191,36,2026-09-18 19:40:41
INV_112626,STR_104,PRD_1085,27,40,2026-09-18 19:46:15
INV_112627,STR_117,PRD_2315,161,24,2026-09-18T19:51:49.407293819
INV_112628,STR_124,PRD_1263,-6,49,2026-09-18 19:57:23
INV_112629,STR_109,PRD_2291,107,49,2026-09-18T20:02:57.611840789
INV_112630,STR_140,PRD_2007,20,10,2026-09-18 20:08:31
INV_112631,STR_115,PRD_2248,126,29,2026-09-18 20:14:05
INV_112632,STR_109,PRD_1215,21,43,18/09/2026 20:19
INV_112633,STR_109,PRD_1230,158,10,2026-09-18 20:25:14
INV_112634,STR_135,PRD_1653,-6,41,2026-09-18 20:30:48
INV_112635,STR_120,PRD_2200,168,31,2026-09-18T20:36:22.225481698
INV_112636,STR_113,PRD_1701,43,38,2026-09-18 20:41:56
INV_112637,STR_107,PRD_1706,17,20,18/09/2026 20:47
INV_112638,STR_100,PRD_1512,160,42,2026-09-18 20:53:04
INV_112639,STR_115,PRD_2127,1,47,2026-09-18 20:58:38
INV_112640,STR_125,PRD_2124,186,10,18/09/2026 21:04
INV_112641,STR_148,PRD_1304,189,47,18/09/2026 21:09
INV_112642,STR_141,PRD_1350,6,18,2026-09-18T21:15:20.941396093
INV_112643,STR_105,PRD_1802,-3,22,2026-09-18 21:20:55
INV_112644,STR_138,PRD_1450,7,33,2026-09-18 21:26:29
INV_112645,STR_149,PRD_2292,106,45,2026-09-18T21:32:03.248216547
INV_112646,STR_101,PRD_2395,-1,29,2026-09-18 21:37:37
INV_112647,STR_108,PRD_1932,28,10,2026-09-18 21:43:11
INV_112648,STR_104,PRD_2061,30,44,2026-09-18T21:48:45.555037002
INV_112649,STR_139,PRD_1901,97,29,2026-09-18 21:54:19
INV_112650,STR_104,PRD_1761,33,49,2026-09-18 21:59:53
INV_112651,STR_146,PRD_1732,186,10,2026-09-18 22:05:27
INV_112652,STR_107,PRD_1062,32,15,2026-09-18 22:11:01
INV_112653,STR_104,PRD_1504,198,35,2026-09-18T22:16:36.066404427
INV_112654,STR_104,PRD_1944,164,38,18/09/2026 22:22
INV_112655,STR_8888,PRD_1264,192,24,2026-09-18 22:27:44
INV_112656,STR_116,PRD_1534,100,46,2026-09-18T22:33:18.373224881
INV_112657,STR_108,PRD_2102,165,28,2026-09-18T22:38:52.475498366
INV_112658,STR_133,PRD_2208,8,18,18/09/2026 22:44
INV_112659,STR_132,PRD_1945,10,26,18/09/2026 22:50
INV_112660,STR_121,PRD_1494,-8,41,2026-09-18 22:55:34
INV_112661,STR_120,PRD_2393,93,37,18/09/2026 23:01
INV_112662,STR_142,PRD_1902,45,24,2026-09-18 23:06:42
INV_112663,STR_114,PRD_1763,116,37,18/09/2026 23:12
INV_112664,STR_100,PRD_1854,160,18,2026-09-18 23:17:51
INV_112665,STR_106,PRD_1330,118,36,2026-09-18 23:23:25
INV_112666,STR_122,PRD_2463,77,28,18/09/2026 23:28
INV_112667,STR_9999,PRD_2261,25,16,18/09/2026 23:34
INV_112668,STR_146,PRD_1903,-5,34,2026-09-18 23:40:07
INV_112669,STR_105,PRD_1291,63,39,2026-09-18T23:45:41.702780185
INV_112670,STR_119,PRD_1425,35,22,2026-09-18T23:51:15.805053670
INV_112671,STR_125,PRD_1294,140,11,2026-09-18 23:56:49
INV_112672,STR_141,PRD_1832,9,27,2026-09-19 00:02:24
INV_112673,STR_111,PRD_1499,170,49,2026-09-19 00:07:58
INV_112674,STR_112,PRD_1844,155,17,2026-09-19T00:13:32.214147610
INV_112675,STR_146,PRD_1652,24,29,19/09/2026 00:19
INV_112676,STR_9999,PRD_2060,151,18,2026-09-19T00:24:40.418694579
INV_112677,STR_148,PRD_1633,167,22,2026-09-19 00:30:14
INV_112678,STR_112,PRD_2420,36,30,2026-09-19 00:35:48
INV_112679,STR_101,PRD_1749,25,37,2026-09-19 00:41:22
INV_112680,STR_131,PRD_1395,5,16,2026-09-19 00:46:56
INV_112681,STR_149,PRD_2045,97,40,2026-09-19 00:52:30
INV_112682,STR_130,PRD_2363,166,32,2026-09-19 00:58:05
INV_112683,STR_110,PRD_1494,54,22,2026-09-19 01:03:39
INV_112684,STR_136,PRD_2426,52,45,2026-09-19T01:09:13.236882458
INV_112685,STR_103,PRD_2226,41,11,2026-09-19T01:14:47.339155943
INV_112686,STR_133,PRD_1925,62,43,19/09/2026 01:20
INV_112687,STR_115,PRD_1949,193,14,2026-09-19T01:25:55.543702913
INV_112688,STR_130,PRD_2369,49,11,2026-09-19T01:31:29.645976398
INV_112689,STR_124,PRD_2038,90,43,2026-09-19 01:37:03
INV_112690,STR_138,PRD_2053,6,11,2026-09-19T01:42:37.850523368
INV_112691,STR_107,PRD_2052,184,29,2026-09-19 01:48:11
INV_112692,STR_107,PRD_1159,27,17,19/09/2026 01:53
INV_112693,STR_133,PRD_1669,18,32,2026-09-19 01:59:20
INV_112694,STR_114,PRD_1619,20,46,19/09/2026 02:04
INV_112695,STR_104,PRD_1626,176,25,2026-09-19 02:10:28
INV_112696,STR_118,PRD_1271,43,31,2026-09-19 02:16:02
INV_112697,STR_109,PRD_1419,91,17,2026-09-19T02:21:36.566437762
INV_112698,STR_108,PRD_1849,170,35,2026-09-19 02:27:10
INV_112699,STR_128,PRD_1488,15,49,2026-09-19 02:32:44
INV_112700,STR_8888,PRD_1175,130,32,19/09/2026 02:38
INV_112701,STR_139,PRD_2254,174,25,2026-09-19 02:43:52
INV_112702,STR_136,PRD_1795,8,30,19/09/2026 02:49
INV_112703,STR_118,PRD_2341,100,49,2026-09-19T02:55:01.180078672
INV_112704,STR_112,PRD_1761,16,38,2026-09-19 03:00:35
INV_112705,STR_145,PRD_1466,2,29,19/09/2026 03:06
INV_112706,STR_139,PRD_1439,41,21,2026-09-19T03:11:43.486899126
INV_112707,STR_115,PRD_2079,87,46,2026-09-19 03:17:17
INV_112708,STR_129,PRD_2354,181,35,2026-09-19 03:22:51
INV_112709,STR_104,PRD_1272,175,12,2026-09-19 03:28:25
INV_112710,STR_132,PRD_1701,8,27,19/09/2026 03:33
INV_112711,STR_118,PRD_2044,72,10,19/09/2026 03:39
INV_112712,STR_118,PRD_1164,-8,28,19/09/2026 03:45
INV_112713,STR_116,PRD_1882,56,22,2026-09-19 03:50:42
INV_112714,STR_123,PRD_2441,15,42,2026-09-19 03:56:16
INV_112715,STR_127,PRD_1991,-5,39,2026-09-19 04:01:50
INV_112716,STR_141,PRD_1955,130,31,2026-09-19 04:07:24
INV_112717,STR_136,PRD_2290,16,36,2026-09-19 04:12:58
INV_112718,STR_121,PRD_2361,94,22,2026-09-19 04:18:32
INV_112719,STR_138,PRD_1884,77,17,2026-09-19 04:24:06
INV_112720,STR_115,PRD_1187,-1,11,2026-09-19 04:29:40
INV_112721,STR_134,PRD_2498,5,28,2026-09-19 04:35:15
INV_112722,STR_126,PRD_1207,12,33,19/09/2026 04:40
INV_112723,STR_111,PRD_1073,36,14,19/09/2026 04:46
INV_112724,STR_145,PRD_1673,1,17,2026-09-19T04:51:57.327821854
INV_112725,STR_127,PRD_1672,145,29,2026-09-19 04:57:31
INV_112726,STR_8888,PRD_2417,66,44,2026-09-19 05:03:05
INV_112727,STR_100,PRD_1489,7,11,2026-09-19 05:08:39
INV_112728,STR_138,PRD_1571,47,15,19/09/2026 05:14
INV_112729,STR_117,PRD_2049,119,25,19/09/2026 05:19
INV_112730,STR_122,PRD_1873,163,45,19/09/2026 05:25
INV_112731,STR_121,PRD_1514,134,11,2026-09-19 05:30:56
INV_112732,STR_103,PRD_2280,76,23,2026-09-19 05:36:30
INV_112733,STR_147,PRD_1279,53,47,19/09/2026 05:42
INV_112734,STR_110,PRD_1817,76,35,2026-09-19T05:47:38.350556703
INV_112735,STR_117,PRD_1938,182,29,2026-09-19 05:53:12
INV_112736,STR_147,PRD_1759,43,38,2026-09-19 05:58:46
INV_112737,STR_106,PRD_1555,160,13,2026-09-19 06:04:20
INV_112738,STR_120,PRD_2056,67,29,19/09/2026 06:09
INV_112739,STR_134,PRD_2317,193,33,2026-09-19 06:15:28
INV_112740,STR_136,PRD_2331,172,10,2026-09-19 06:21:02
INV_112741,STR_149,PRD_1290,3,34,2026-09-19T06:26:37.066471098
INV_112742,STR_129,PRD_1784,161,23,2026-09-19 06:32:11
INV_112743,STR_116,PRD_1825,27,44,19/09/2026 06:37
INV_112744,STR_132,PRD_2327,175,30,2026-09-19T06:43:19.373291552
INV_112745,STR_115,PRD_2066,94,45,2026-09-19T06:48:53.475565037
INV_112746,STR_114,PRD_1970,166,32,2026-09-19 06:54:27
INV_112747,STR_112,PRD_1741,5,29,2026-09-19T07:00:01.680112007
INV_112748,STR_138,PRD_1082,71,35,2026-09-19 07:05:35
INV_112749,STR_102,PRD_2227,63,36,2026-09-19 07:11:09
INV_112750,STR_123,PRD_1641,19,23,2026-09-19 07:16:43
INV_112751,STR_122,PRD_2161,57,45,2026-09-19T07:22:18.089205947
INV_112752,STR_144,PRD_1082,60,13,2026-09-19 07:27:52
INV_112753,STR_147,PRD_1647,69,35,2026-09-19 07:33:26
INV_112754,STR_100,PRD_1618,104,49,2026-09-19 07:39:00
INV_112755,STR_131,PRD_1150,26,25,2026-09-19 07:44:34
INV_112756,STR_132,PRD_1943,186,48,2026-09-19 07:50:08
INV_112757,STR_147,PRD_1859,44,29,2026-09-19 07:55:42
INV_112758,STR_129,PRD_1318,156,33,2026-09-19 08:01:16
INV_112759,STR_101,PRD_2270,174,19,2026-09-19 08:06:50
INV_112760,STR_117,PRD_2060,166,11,2026-09-19 08:12:25
INV_112761,STR_129,PRD_2291,86,18,2026-09-19T08:17:59.111940796
INV_112762,STR_117,PRD_1114,180,27,2026-09-19 08:23:33
INV_112763,STR_104,PRD_2104,88,39,2026-09-19 08:29:07
INV_112764,STR_104,PRD_1704,101,12,19/09/2026 08:34
INV_112765,STR_107,PRD_1725,107,38,2026-09-19T08:40:15.521034735
INV_112766,STR_108,PRD_2359,151,16,2026-09-19T08:45:49.623308220
INV_112767,STR_131,PRD_2107,46,34,2026-09-19 08:51:23
INV_112768,STR_113,PRD_1886,86,33,19/09/2026 08:56
INV_112769,STR_112,PRD_1777,51,15,2026-09-19 09:02:31
INV_112770,STR_117,PRD_1809,28,24,19/09/2026 09:08
INV_112771,STR_103,PRD_1153,63,24,19/09/2026 09:13
INV_112772,STR_149,PRD_1252,56,49,19/09/2026 09:19
INV_112773,STR_121,PRD_1501,179,36,19/09/2026 09:24
INV_112774,STR_119,PRD_1447,18,30,2026-09-19 09:30:22
INV_112775,STR_114,PRD_2296,20,41,2026-09-19 09:35:56
INV_112776,STR_106,PRD_1929,49,41,2026-09-19T09:41:30.646043069
INV_112777,STR_112,PRD_1824,28,21,2026-09-19 09:47:04
INV_112778,STR_133,PRD_1853,196,18,19/09/2026 09:52
INV_112779,STR_140,PRD_1506,-10,29,2026-09-19T09:58:12.952863524
INV_112780,STR_129,PRD_1131,45,24,19/09/2026 10:03
INV_112781,STR_104,PRD_2348,90,22,2026-09-19T10:09:21.157410494
INV_112782,STR_100,PRD_1350,175,17,2026-09-19T10:14:55.259683979
INV_112783,STR_130,PRD_2106,80,30,2026-09-19 10:20:29
INV_112784,STR_9999,PRD_1817,138,34,19/09/2026 10:26
INV_112785,STR_119,PRD_1125,171,44,2026-09-19T10:31:37.566504433
INV_112786,STR_118,PRD_2237,188,49,2026-09-19 10:37:11
INV_112787,STR_128,PRD_1834,160,39,19/09/2026 10:42
INV_112788,STR_144,PRD_1895,171,40,2026-09-19 10:48:19
INV_112789,STR_137,PRD_1954,119,15,2026-09-19 10:53:53
INV_112790,STR_109,PRD_1461,131,20,2026-09-19T10:59:28.077871858
INV_112791,STR_128,PRD_1624,95,17,2026-09-19 11:05:02
INV_112792,STR_130,PRD_1104,120,17,2026-09-19T11:10:36.282418828
INV_112793,STR_110,PRD_2394,131,48,2026-09-19T11:16:10.384692312
INV_112794,STR_122,PRD_1062,-6,21,19/09/2026 11:21
INV_112795,STR_129,PRD_1962,70,12,2026-09-19 11:27:18
INV_112796,STR_124,PRD_1750,156,25,2026-09-19 11:32:52
INV_112797,STR_115,PRD_2492,118,36,2026-09-19T11:38:26.793786252
INV_112798,STR_122,PRD_1025,109,25,2026-09-19 11:44:00
INV_112799,STR_132,PRD_1000,32,14,2026-09-19 11:49:34
INV_112800,STR_9999,PRD_1093,81,49,2026-09-19T11:55:09.100606707
INV_112801,STR_136,PRD_1882,176,21,2026-09-19T12:00:43.202880192
INV_112802,STR_127,PRD_1451,67,12,2026-09-19 12:06:17
INV_112803,STR_126,PRD_2035,198,44,2026-09-19 12:11:51
INV_112804,STR_105,PRD_1297,4,12,2026-09-19 12:17:25
INV_112805,STR_137,PRD_2443,35,40,2026-09-19T12:22:59.611974131
INV_112806,STR_136,PRD_2190,-4,33,2026-09-19T12:28:33.714247616
INV_112807,STR_105,PRD_1253,159,38,19/09/2026 12:34
INV_112808,STR_124,PRD_2317,104,42,2026-09-19 12:39:41
INV_112809,STR_112,PRD_2167,-4,47,2026-09-19 12:45:16
INV_112810,STR_132,PRD_1208,164,25,2026-09-19 12:50:50
INV_112811,STR_132,PRD_2249,77,42,2026-09-19 12:56:24
INV_112812,STR_124,PRD_2481,79,19,2026-09-19T13:01:58.327888526
INV_112813,STR_113,PRD_1906,195,39,2026-09-19 13:07:32
INV_112814,STR_139,PRD_1283,8,43,2026-09-19 13:13:06
INV_112815,STR_140,PRD_2134,42,44,19/09/2026 13:18
INV_112816,STR_141,PRD_1349,79,16,2026-09-19 13:24:14
INV_112817,STR_137,PRD_2356,5,15,19/09/2026 13:29
INV_112818,STR_108,PRD_2103,51,24,2026-09-19T13:35:22.941529435
INV_112819,STR_117,PRD_2409,183,41,2026-09-19 13:40:57
INV_112820,STR_114,PRD_2427,54,11,2026-09-19 13:46:31
INV_112821,STR_103,PRD_2351,101,41,2026-09-19 13:52:05
INV_112822,STR_133,PRD_2317,168,37,2026-09-19 13:57:39
INV_112823,STR_137,PRD_1183,25,30,2026-09-19 14:03:13
INV_112824,STR_116,PRD_1211,152,26,2026-09-19 14:08:47
INV_112825,STR_106,PRD_2274,13,28,2026-09-19 14:14:21
INV_112826,STR_131,PRD_1166,58,23,2026-09-19 14:19:55
INV_112827,STR_122,PRD_2185,108,43,2026-09-19 14:25:29
INV_112828,STR_119,PRD_2296,146,29,2026-09-19 14:31:03
INV_112829,STR_146,PRD_1874,118,30,2026-09-19 14:36:38
INV_112830,STR_101,PRD_2442,174,12,2026-09-19 14:42:12
INV_112831,STR_120,PRD_1406,112,23,2026-09-19 14:47:46
INV_112832,STR_111,PRD_2415,126,30,2026-09-19 14:53:20
INV_112833,STR_141,PRD_1437,89,36,2026-09-19 14:58:54
INV_112834,STR_148,PRD_2110,197,16,19/09/2026 15:04
INV_112835,STR_126,PRD_1404,4,38,2026-09-19 15:10:02
INV_112836,STR_149,PRD_1274,63,18,2026-09-19 15:15:36
INV_112837,STR_147,PRD_2438,133,49,2026-09-19 15:21:10
INV_112838,STR_109,PRD_1561,165,24,2026-09-19 15:26:44
INV_112839,STR_107,PRD_2350,25,37,2026-09-19 15:32:19
INV_112840,STR_120,PRD_1111,42,47,2026-09-19T15:37:53.191546103
INV_112841,STR_121,PRD_1791,68,24,2026-09-19T15:43:27.293819588
INV_112842,STR_112,PRD_1301,120,24,2026-09-19 15:49:01
INV_112843,STR_147,PRD_1135,136,39,2026-09-19T15:54:35.498366557
INV_112844,STR_139,PRD_1332,30,41,2026-09-19 16:00:09
INV_112845,STR_111,PRD_2026,26,49,2026-09-19T16:05:43.702913527
INV_112846,STR_116,PRD_2185,176,21,2026-09-19 16:11:17
INV_112847,STR_147,PRD_1076,184,29,2026-09-19T16:16:51.907460497
INV_112848,STR_108,PRD_1184,125,36,2026-09-19T16:22:26.009733982
INV_112849,STR_9999,PRD_1569,77,11,2026-09-19 16:28:00
INV_112850,STR_148,PRD_2186,3,31,2026-09-19 16:33:34
INV_112851,STR_139,PRD_2044,178,35,2026-09-19 16:39:08
INV_112852,STR_111,PRD_1952,24,49,2026-09-19 16:44:42
INV_112853,STR_108,PRD_2321,133,17,19/09/2026 16:50
INV_112854,STR_129,PRD_1298,60,45,2026-09-19 16:55:50
INV_112855,STR_105,PRD_2305,152,35,2026-09-19 17:01:24
INV_112856,STR_124,PRD_1471,-3,46,2026-09-19 17:06:58
INV_112857,STR_127,PRD_1409,177,26,2026-09-19 17:12:32
INV_112858,STR_109,PRD_2415,1,16,19/09/2026 17:18
INV_112859,STR_140,PRD_1686,166,10,2026-09-19 17:23:41
INV_112860,STR_127,PRD_1164,99,36,2026-09-19 17:29:15
INV_112861,STR_128,PRD_2105,69,35,2026-09-19 17:34:49
INV_112862,STR_135,PRD_1657,104,41,19/09/2026 17:40
INV_112863,STR_110,PRD_1163,57,23,2026-09-19 17:45:57
INV_112864,STR_120,PRD_1103,152,28,2026-09-19 17:51:31
INV_112865,STR_137,PRD_2153,34,18,2026-09-19 17:57:05
INV_112866,STR_125,PRD_1595,30,10,2026-09-19 18:02:39
INV_112867,STR_117,PRD_1119,50,30,19/09/2026 18:08
INV_112868,STR_103,PRD_1258,65,29,2026-09-19 18:13:48
INV_112869,STR_143,PRD_2127,132,42,2026-09-19 18:19:22
INV_112870,STR_140,PRD_1363,88,42,2026-09-19 18:24:56
INV_112871,STR_114,PRD_1368,56,27,2026-09-19 18:30:30
INV_112872,STR_122,PRD_1957,176,26,2026-09-19 18:36:04
INV_112873,STR_140,PRD_2349,-9,22,19/09/2026 18:41
INV_112874,STR_105,PRD_2208,111,18,2026-09-19 18:47:12
INV_112875,STR_142,PRD_1393,123,10,2026-09-19 18:52:46
INV_112876,STR_106,PRD_2367,174,32,2026-09-19 18:58:20
INV_112877,STR_145,PRD_1529,5,49,2026-09-19 19:03:54
INV_112878,STR_147,PRD_2440,12,43,2026-09-19 19:09:29
INV_112879,STR_114,PRD_2254,84,45,2026-09-19 19:15:03
INV_112880,STR_8888,PRD_1134,103,23,2026-09-19 19:20:37
INV_112881,STR_108,PRD_1044,30,30,19/09/2026 19:26
INV_112882,STR_9999,PRD_1623,147,30,2026-09-19 19:31:45
INV_112883,STR_129,PRD_1924,184,37,2026-09-19 19:37:19
INV_112884,STR_143,PRD_1594,108,41,2026-09-19 19:42:53
INV_112885,STR_142,PRD_2445,111,39,2026-09-19T19:48:27.793852923
INV_112886,STR_127,PRD_1765,44,49,2026-09-19 19:54:01
INV_112887,STR_129,PRD_2168,197,21,2026-09-19T19:59:35.998399893
INV_112888,STR_107,PRD_2340,121,38,2026-09-19T20:05:10.100673378
INV_112889,STR_134,PRD_1292,99,10,2026-09-19T20:10:44.202946863
INV_112890,STR_9999,PRD_1535,89,35,2026-09-19 20:16:18
INV_112891,STR_134,PRD_1633,17,25,2026-09-19T20:21:52.407493833
INV_112892,STR_125,PRD_1465,167,27,2026-09-19 20:27:26
INV_112893,STR_129,PRD_1048,17,42,2026-09-19 20:33:00
INV_112894,STR_134,PRD_1660,112,32,2026-09-19 20:38:34
INV_112895,STR_137,PRD_1458,170,14,2026-09-19 20:44:08
INV_112896,STR_110,PRD_1696,184,30,2026-09-19 20:49:42
INV_112897,STR_119,PRD_1761,15,10,2026-09-19 20:55:17
INV_112898,STR_145,PRD_1424,156,40,2026-09-19 21:00:51
INV_112899,STR_130,PRD_1754,2,27,2026-09-19T21:06:25.225681712
INV_112900,STR_133,PRD_1876,60,30,2026-09-19 21:11:59
INV_112901,STR_111,PRD_1660,43,16,2026-09-19T21:17:33.430228682
INV_112902,STR_147,PRD_1067,2,10,2026-09-19 21:23:07
INV_112903,STR_127,PRD_1508,109,32,2026-09-19 21:28:41
INV_112904,STR_102,PRD_1735,48,36,19/09/2026 21:34
INV_112905,STR_147,PRD_1209,-7,11,2026-09-19 21:39:49
INV_112906,STR_141,PRD_1703,69,43,2026-09-19 21:45:23
INV_112907,STR_8888,PRD_2323,174,25,2026-09-19 21:50:58
INV_112908,STR_104,PRD_1123,49,49,2026-09-19 21:56:32
INV_112909,STR_112,PRD_1795,36,19,2026-09-19T22:02:06.248416561
INV_112910,STR_111,PRD_1291,66,29,2026-09-19 22:07:40
INV_112911,STR_100,PRD_1420,191,46,2026-09-19 22:13:14
INV_112912,STR_8888,PRD_1811,-6,34,2026-09-19T22:18:48.555237015
INV_112913,STR_142,PRD_1049,25,13,2026-09-19 22:24:22
INV_112914,STR_118,PRD_1182,8,41,2026-09-19T22:29:56.759783985
INV_112915,STR_128,PRD_1246,19,37,2026-09-19T22:35:30.862057470
INV_112916,STR_146,PRD_2111,100,49,19/09/2026 22:41
INV_112917,STR_149,PRD_1649,30,22,2026-09-19 22:46:39
INV_112918,STR_147,PRD_1549,165,14,2026-09-19 22:52:13
INV_112919,STR_138,PRD_1560,17,26,2026-09-19 22:57:47
INV_112920,STR_141,PRD_1071,20,16,2026-09-19 23:03:21
INV_112921,STR_124,PRD_1769,174,19,2026-09-19 23:08:55
INV_112922,STR_115,PRD_1555,160,36,19/09/2026 23:14
INV_112923,STR_116,PRD_2314,182,44,19/09/2026 23:20
INV_112924,STR_127,PRD_1503,126,32,2026-09-19T23:25:37.782518834
INV_112925,STR_138,PRD_1627,1,25,2026-09-19 23:31:11
INV_112926,STR_142,PRD_1660,129,36,2026-09-19T23:36:45.987065804
INV_112927,STR_148,PRD_2336,31,24,2026-09-19 23:42:20
INV_112928,STR_104,PRD_2311,190,15,19/09/2026 23:47
INV_112929,STR_100,PRD_1507,170,48,2026-09-19 23:53:28
INV_112930,STR_102,PRD_2094,79,33,2026-09-19T23:59:02.396159744
INV_112931,STR_147,PRD_1160,174,32,2026-09-20T00:04:36.498433229
INV_112932,STR_123,PRD_1126,5,14,2026-09-20T00:10:10.600706713
INV_112933,STR_128,PRD_2479,194,16,2026-09-20T00:15:44.702980198
INV_112934,STR_114,PRD_2327,88,31,2026-09-20 00:21:18
INV_112935,STR_103,PRD_1489,167,38,2026-09-20 00:26:52
INV_112936,STR_143,PRD_1238,121,40,2026-09-20T00:32:27.009800653
INV_112937,STR_100,PRD_1175,104,44,2026-09-20 00:38:01
INV_112938,STR_148,PRD_1209,2,43,2026-09-20 00:43:35
INV_112939,STR_114,PRD_1358,49,28,20/09/2026 00:49
INV_112940,STR_123,PRD_2212,17,43,2026-09-20 00:54:43
INV_112941,STR_8888,PRD_1633,98,39,2026-09-20T01:00:17.521168078
INV_112942,STR_130,PRD_2056,129,28,20/09/2026 01:05
INV_112943,STR_119,PRD_1500,141,27,2026-09-20 01:11:25
INV_112944,STR_109,PRD_1311,81,10,2026-09-20 01:16:59
INV_112945,STR_110,PRD_2174,118,25,2026-09-20T01:22:33.930262017
INV_112946,STR_117,PRD_1110,151,49,2026-09-20 01:28:08
INV_112947,STR_133,PRD_2155,120,37,2026-09-20 01:33:42
INV_112948,STR_127,PRD_1519,11,20,2026-09-20 01:39:16
INV_112949,STR_137,PRD_2328,74,41,20/09/2026 01:44
INV_112950,STR_115,PRD_2052,16,35,2026-09-20T01:50:24.441629442
INV_112951,STR_123,PRD_1849,138,19,20/09/2026 01:55
INV_112952,STR_138,PRD_1932,130,32,2026-09-20 02:01:32
INV_112953,STR_9999,PRD_2374,33,48,2026-09-20 02:07:06
INV_112954,STR_111,PRD_1407,69,42,2026-09-20 02:12:40
INV_112955,STR_149,PRD_1623,99,23,2026-09-20 02:18:14
INV_112956,STR_141,PRD_2128,13,18,2026-09-20 02:23:49
INV_112957,STR_106,PRD_1718,163,23,20/09/2026 02:29
INV_112958,STR_135,PRD_1551,6,45,20/09/2026 02:34
INV_112959,STR_116,PRD_1779,-6,11,2026-09-20 02:40:31
INV_112960,STR_148,PRD_1319,27,20,2026-09-20 02:46:05
INV_112961,STR_103,PRD_2069,48,23,2026-09-20 02:51:39
INV_112962,STR_136,PRD_2264,144,45,2026-09-20T02:57:13.668911260
INV_112963,STR_132,PRD_2293,171,44,2026-09-20T03:02:47.771184745
INV_112964,STR_118,PRD_1666,94,34,20/09/2026 03:08
INV_112965,STR_125,PRD_1627,85,42,2026-09-20 03:13:55
INV_112966,STR_110,PRD_2060,79,18,20/09/2026 03:19
INV_112967,STR_130,PRD_2228,60,22,2026-09-20 03:25:04
INV_112968,STR_100,PRD_2133,89,19,2026-09-20 03:30:38
INV_112969,STR_139,PRD_2341,44,42,2026-09-20 03:36:12
INV_112970,STR_135,PRD_1075,60,18,2026-09-20T03:41:46.487099140
INV_112971,STR_128,PRD_1609,160,49,20/09/2026 03:47
INV_112972,STR_124,PRD_1478,80,22,2026-09-20T03:52:54.691646109
INV_112973,STR_146,PRD_2412,155,33,2026-09-20 03:58:28
INV_112974,STR_148,PRD_1587,101,49,2026-09-20 04:04:02
INV_112975,STR_117,PRD_1592,77,26,2026-09-20 04:09:36
INV_112976,STR_102,PRD_1363,50,42,2026-09-20 04:15:11
INV_112977,STR_117,PRD_1308,162,32,2026-09-20 04:20:45
INV_112978,STR_106,PRD_2086,175,36,20/09/2026 04:26
INV_112979,STR_127,PRD_1266,97,35,2026-09-20 04:31:53
INV_112980,STR_116,PRD_1032,146,33,2026-09-20 04:37:27
INV_112981,STR_124,PRD_1039,171,20,20/09/2026 04:43
INV_112982,STR_117,PRD_1685,23,38,2026-09-20 04:48:35
INV_112983,STR_8888,PRD_1259,138,14,20/09/2026 04:54
INV_112984,STR_139,PRD_1735,34,33,2026-09-20 04:59:43
INV_112985,STR_142,PRD_1266,118,18,20/09/2026 05:05
INV_112986,STR_102,PRD_1666,127,19,2026-09-20 05:10:52
INV_112987,STR_124,PRD_2248,175,20,2026-09-20 05:16:26
INV_112988,STR_106,PRD_2406,83,40,2026-09-20T05:22:00.328021868
INV_112989,STR_146,PRD_1638,17,12,2026-09-20 05:27:34
INV_112990,STR_109,PRD_2028,178,34,2026-09-20T05:33:08.532568838
INV_112991,STR_143,PRD_2020,95,49,2026-09-20 05:38:42
INV_112992,STR_143,PRD_1445,19,36,20/09/2026 05:44
INV_112993,STR_9999,PRD_1287,17,10,2026-09-20 05:49:50
INV_112994,STR_118,PRD_2081,146,25,2026-09-20 05:55:24
INV_112995,STR_114,PRD_2095,20,44,2026-09-20T06:00:59.043936262
INV_112996,STR_120,PRD_1793,96,24,2026-09-20 06:06:33
INV_112997,STR_120,PRD_2105,185,43,2026-09-20 06:12:07
INV_112998,STR_136,PRD_1774,72,20,2026-09-20 06:17:41
INV_112999,STR_127,PRD_1276,191,18,20/09/2026 06:23
INV_113000,STR_144,PRD_1962,98,33,2026-09-20 06:28:49
INV_113001,STR_131,PRD_1735,20,46,2026-09-20 06:34:23
INV_113002,STR_140,PRD_2159,30,44,2026-09-20 06:39:57
INV_113003,STR_126,PRD_1735,53,31,20/09/2026 06:45
INV_113004,STR_122,PRD_1113,111,49,2026-09-20 06:51:05
INV_113005,STR_109,PRD_1771,159,47,2026-09-20T06:56:40.066671111
INV_113006,STR_139,PRD_1156,33,16,2026-09-20 07:02:14
INV_113007,STR_140,PRD_2419,148,39,2026-09-20 07:07:48
INV_113008,STR_105,PRD_2012,105,38,2026-09-20 07:13:22
INV_113009,STR_123,PRD_2252,128,48,2026-09-20 07:18:56
INV_113010,STR_117,PRD_1254,25,18,2026-09-20 07:24:30
INV_113011,STR_109,PRD_2202,97,10,20/09/2026 07:30
INV_113012,STR_114,PRD_2252,21,12,20/09/2026 07:35
INV_113013,STR_144,PRD_2390,93,14,20/09/2026 07:41
INV_113014,STR_142,PRD_2054,156,20,2026-09-20 07:46:46
INV_113015,STR_133,PRD_1107,56,13,2026-09-20 07:52:21
INV_113016,STR_107,PRD_1281,177,42,2026-09-20T07:57:55.191679445
INV_113017,STR_149,PRD_1620,81,42,2026-09-20 08:03:29
INV_113018,STR_134,PRD_1389,14,29,2026-09-20 08:09:03
INV_113019,STR_126,PRD_1528,17,46,2026-09-20 08:14:37
INV_113020,STR_124,PRD_2427,136,29,20/09/2026 08:20
INV_113021,STR_102,PRD_2193,146,43,2026-09-20 08:25:45
INV_113022,STR_120,PRD_1877,167,30,2026-09-20T08:31:19.805320354
INV_113023,STR_138,PRD_2198,8,16,2026-09-20 08:36:53
INV_113024,STR_131,PRD_2097,45,25,20/09/2026 08:42
INV_113025,STR_149,PRD_1453,135,41,2026-09-20 08:48:02
INV_113026,STR_120,PRD_1508,162,45,2026-09-20T08:53:36.214414294
INV_113027,STR_108,PRD_2263,102,20,2026-09-20 08:59:10
INV_113028,STR_149,PRD_1095,77,38,2026-09-20T09:04:44.418961264
INV_113029,STR_100,PRD_1201,91,43,20/09/2026 09:10
INV_113030,STR_103,PRD_2060,115,19,2026-09-20 09:15:52
INV_113031,STR_103,PRD_1090,197,12,20/09/2026 09:21
INV_113032,STR_148,PRD_1232,71,31,20/09/2026 09:27
INV_113033,STR_125,PRD_1658,30,41,20/09/2026 09:32
INV_113034,STR_133,PRD_2010,115,29,20/09/2026 09:38
INV_113035,STR_126,PRD_1808,2,11,20/09/2026 09:43
INV_113036,STR_114,PRD_1911,185,17,2026-09-20 09:49:17
INV_113037,STR_144,PRD_1252,194,34,2026-09-20 09:54:51
INV_113038,STR_131,PRD_2394,88,20,2026-09-20 10:00:25
INV_113039,STR_140,PRD_1723,185,33,2026-09-20 10:05:59
INV_113040,STR_106,PRD_2467,72,35,2026-09-20 10:11:33
INV_113041,STR_143,PRD_1440,13,44,2026-09-20 10:17:07
INV_113042,STR_143,PRD_1995,150,49,2026-09-20 10:22:41
INV_113043,STR_113,PRD_1063,86,14,2026-09-20T10:28:15.953063537
INV_113044,STR_122,PRD_1004,62,24,20/09/2026 10:33
INV_113045,STR_146,PRD_1071,172,23,2026-09-20 10:39:24
INV_113046,STR_100,PRD_2420,-8,46,2026-09-20 10:44:58
INV_113047,STR_131,PRD_1616,-8,27,20/09/2026 10:50
INV_113048,STR_140,PRD_1329,19,21,2026-09-20 10:56:06
INV_113049,STR_125,PRD_2170,135,12,2026-09-20T11:01:40.566704447
INV_113050,STR_147,PRD_2438,183,49,2026-09-20 11:07:14
INV_113051,STR_108,PRD_1348,160,42,2026-09-20 11:12:48
INV_113052,STR_115,PRD_1364,190,13,20/09/2026 11:18
INV_113053,STR_130,PRD_1790,55,49,20/09/2026 11:23
INV_113054,STR_101,PRD_1415,16,35,2026-09-20 11:29:31
INV_113055,STR_131,PRD_1624,89,30,2026-09-20 11:35:05
INV_113056,STR_109,PRD_1506,94,25,2026-09-20 11:40:39
INV_113057,STR_124,PRD_1522,99,32,2026-09-20 11:46:13
INV_113058,STR_117,PRD_1705,8,33,2026-09-20 11:51:47
INV_113059,STR_144,PRD_1249,5,18,20/09/2026 11:57
INV_113060,STR_133,PRD_1900,15,28,20/09/2026 12:02
INV_113061,STR_128,PRD_1248,3,36,2026-09-20 12:08:29
INV_113062,STR_144,PRD_2374,36,49,2026-09-20 12:14:03
INV_113063,STR_123,PRD_2292,135,40,2026-09-20 12:19:37
INV_113064,STR_102,PRD_1853,145,10,2026-09-20 12:25:12
INV_113065,STR_114,PRD_1447,100,22,2026-09-20 12:30:46
INV_113066,STR_102,PRD_1082,136,13,2026-09-20 12:36:20
INV_113067,STR_130,PRD_2430,19,34,2026-09-20 12:41:54
INV_113068,STR_109,PRD_1338,94,19,2026-09-20T12:47:28.509900660
INV_113069,STR_137,PRD_2103,138,32,2026-09-20 12:53:02
INV_113070,STR_121,PRD_1094,138,39,2026-09-20T12:58:36.714447630
INV_113071,STR_113,PRD_1911,37,23,2026-09-20 13:04:10
INV_113072,STR_108,PRD_1258,172,41,2026-09-20 13:09:44
INV_113073,STR_117,PRD_1121,147,39,2026-09-20 13:15:19
INV_113074,STR_107,PRD_2147,31,14,2026-09-20 13:20:53
INV_113075,STR_137,PRD_1534,154,24,2026-09-20 13:26:27
INV_113076,STR_114,PRD_1952,30,26,2026-09-20 13:32:01
INV_113077,STR_145,PRD_1904,163,42,2026-09-20 13:37:35
INV_113078,STR_114,PRD_1946,85,21,2026-09-20 13:43:09
INV_113079,STR_8888,PRD_2312,83,34,2026-09-20T13:48:43.634908994
INV_113080,STR_105,PRD_2485,177,28,2026-09-20 13:54:17
INV_113081,STR_111,PRD_1091,77,32,2026-09-20T13:59:51.839455963
INV_113082,STR_141,PRD_2047,191,48,2026-09-20 14:05:25
INV_113083,STR_118,PRD_2130,-10,14,2026-09-20T14:11:00.044002933
INV_113084,STR_139,PRD_1051,43,49,20/09/2026 14:16
INV_113085,STR_104,PRD_1710,105,30,2026-09-20T14:22:08.248549903
INV_113086,STR_126,PRD_1293,24,45,2026-09-20 14:27:42
INV_113087,STR_109,PRD_1299,133,23,2026-09-20 14:33:16
INV_113088,STR_142,PRD_1344,-6,15,2026-09-20 14:38:50
INV_113089,STR_8888,PRD_2405,148,28,2026-09-20 14:44:24
INV_113090,STR_145,PRD_1193,98,13,2026-09-20T14:49:58.759917327
INV_113091,STR_113,PRD_1435,26,33,2026-09-20 14:55:32
INV_113092,STR_133,PRD_1384,108,35,2026-09-20 15:01:06
INV_113093,STR_148,PRD_1854,142,28,2026-09-20 15:06:41
INV_113094,STR_114,PRD_1750,96,41,2026-09-20T15:12:15.169011267
INV_113095,STR_128,PRD_2395,102,44,20/09/2026 15:17
INV_113096,STR_125,PRD_1319,179,49,2026-09-20T15:23:23.373558237
INV_113097,STR_126,PRD_1238,142,11,20/09/2026 15:28
INV_113098,STR_102,PRD_1391,56,42,2026-09-20 15:34:31
INV_113099,STR_102,PRD_1647,27,19,2026-09-20 15:40:05
INV_113100,STR_134,PRD_2308,165,42,2026-09-20 15:45:39
INV_113101,STR_134,PRD_1012,181,32,2026-09-20 15:51:13
INV_113102,STR_149,PRD_2408,119,43,2026-09-20T15:56:47.987199146
INV_113103,STR_105,PRD_1540,181,45,20/09/2026 16:02
INV_113104,STR_113,PRD_1689,186,39,2026-09-20T16:07:56.191746116
INV_113105,STR_125,PRD_2316,137,48,2026-09-20T16:13:30.294019601
INV_113106,STR_102,PRD_1256,75,14,2026-09-20T16:19:04.396293086
INV_113107,STR_132,PRD_1107,0,30,2026-09-20 16:24:38
INV_113108,STR_141,PRD_1182,108,25,2026-09-20 16:30:12
INV_113109,STR_112,PRD_1366,71,16,2026-09-20 16:35:46
INV_113110,STR_128,PRD_2019,148,18,2026-09-20 16:41:20
INV_113111,STR_108,PRD_1830,24,33,20/09/2026 16:46
INV_113112,STR_131,PRD_1861,161,35,20/09/2026 16:52
INV_113113,STR_121,PRD_2308,172,41,2026-09-20 16:58:03
INV_113114,STR_121,PRD_1873,34,36,2026-09-20 17:03:37
INV_113115,STR_133,PRD_2282,138,28,2026-09-20 17:09:11
INV_113116,STR_109,PRD_1172,169,17,2026-09-20 17:14:45
INV_113117,STR_124,PRD_1759,137,46,20/09/2026 17:20
INV_113118,STR_111,PRD_1770,-2,15,2026-09-20 17:25:53
INV_113119,STR_9999,PRD_2353,84,28,2026-09-20T17:31:27.725848390
INV_113120,STR_102,PRD_1451,126,32,2026-09-20T17:37:01.828121874
INV_113121,STR_118,PRD_1470,175,11,2026-09-20 17:42:35
INV_113122,STR_132,PRD_2104,188,12,2026-09-20 17:48:10
INV_113123,STR_146,PRD_1320,150,11,2026-09-20 17:53:44
INV_113124,STR_125,PRD_1440,-10,22,2026-09-20 17:59:18
INV_113125,STR_112,PRD_1398,-8,41,2026-09-20 18:04:52
INV_113126,STR_106,PRD_1187,156,34,2026-09-20 18:10:26
INV_113127,STR_133,PRD_2461,129,22,20/09/2026 18:16
INV_113128,STR_121,PRD_1884,83,39,2026-09-20T18:21:34.646309754
INV_113129,STR_119,PRD_1849,133,28,2026-09-20 18:27:08
INV_113130,STR_142,PRD_2471,194,33,2026-09-20 18:32:42
INV_113131,STR_122,PRD_1742,167,42,2026-09-20 18:38:16
INV_113132,STR_147,PRD_2493,77,22,2026-09-20 18:43:51
INV_113133,STR_113,PRD_1861,198,40,20/09/2026 18:49
INV_113134,STR_129,PRD_2484,16,47,2026-09-20 18:54:59
INV_113135,STR_122,PRD_1514,18,17,2026-09-20T19:00:33.362224148
INV_113136,STR_146,PRD_2260,116,39,20/09/2026 19:06
INV_113137,STR_8888,PRD_1180,109,28,2026-09-20T19:11:41.566771118
INV_113138,STR_118,PRD_1409,94,41,2026-09-20T19:17:15.669044603
INV_113139,STR_138,PRD_1515,67,39,2026-09-20 19:22:49
INV_113140,STR_140,PRD_1911,58,47,2026-09-20 19:28:23
INV_113141,STR_135,PRD_1859,96,26,2026-09-20 19:33:57
INV_113142,STR_105,PRD_2095,169,43,2026-09-20 19:39:32
INV_113143,STR_122,PRD_1181,91,25,2026-09-20 19:45:06
INV_113144,STR_109,PRD_1103,-5,46,2026-09-20T19:50:40.282685512
INV_113145,STR_134,PRD_2295,141,15,2026-09-20T19:56:14.384958997
INV_113146,STR_120,PRD_1286,29,11,2026-09-20 20:01:48
INV_113147,STR_131,PRD_1086,22,14,2026-09-20T20:07:22.589505967
INV_113148,STR_129,PRD_1385,126,28,2026-09-20 20:12:56
INV_113149,STR_132,PRD_2096,166,10,2026-09-20 20:18:30
INV_113150,STR_105,PRD_1602,56,47,20/09/2026 20:24
INV_113151,STR_104,PRD_2333,140,34,2026-09-20 20:29:38
INV_113152,STR_114,PRD_1698,11,25,2026-09-20 20:35:13
INV_113153,STR_142,PRD_1442,61,39,20/09/2026 20:40
INV_113154,STR_8888,PRD_2259,67,39,20/09/2026 20:46
INV_113155,STR_124,PRD_1584,83,19,20/09/2026 20:51
INV_113156,STR_112,PRD_2253,105,49,2026-09-20T20:57:29.509967331
INV_113157,STR_105,PRD_1253,125,33,2026-09-20 21:03:03
INV_113158,STR_136,PRD_1951,136,30,2026-09-20T21:08:37.714514301
INV_113159,STR_101,PRD_1354,98,48,2026-09-20 21:14:11
INV_113160,STR_116,PRD_1409,155,24,2026-09-20 21:19:45
INV_113161,STR_123,PRD_2222,123,14,2026-09-20T21:25:20.021334755
INV_113162,STR_111,PRD_1428,169,45,2026-09-20 21:30:54
INV_113163,STR_143,PRD_1474,23,31,2026-09-20T21:36:28.225881725
INV_113164,STR_113,PRD_1587,63,17,2026-09-20 21:42:02
INV_113165,STR_106,PRD_1976,84,40,2026-09-20 21:47:36
INV_113166,STR_125,PRD_1916,128,10,2026-09-20 21:53:10
INV_113167,STR_131,PRD_1341,32,29,20/09/2026 21:58
INV_113168,STR_128,PRD_1473,24,37,2026-09-20 22:04:18
INV_113169,STR_145,PRD_1396,128,40,2026-09-20 22:09:52
INV_113170,STR_138,PRD_2449,157,33,2026-09-20 22:15:26
INV_113171,STR_108,PRD_2068,149,16,2026-09-20 22:21:01
INV_113172,STR_113,PRD_2366,166,11,20/09/2026 22:26
INV_113173,STR_116,PRD_1690,79,18,2026-09-20 22:32:09
INV_113174,STR_148,PRD_1733,174,28,20/09/2026 22:37
INV_113175,STR_124,PRD_2040,54,34,20/09/2026 22:43
INV_113176,STR_129,PRD_1218,37,32,2026-09-20 22:48:51
INV_113177,STR_144,PRD_1595,169,19,20/09/2026 22:54
INV_113178,STR_128,PRD_1190,28,32,2026-09-20 22:59:59
INV_113179,STR_128,PRD_2414,171,42,2026-09-20 23:05:33
INV_113180,STR_117,PRD_2462,142,28,2026-09-20T23:11:07.964530968
INV_113181,STR_130,PRD_1643,93,43,2026-09-20 23:16:42
INV_113182,STR_118,PRD_1093,162,46,2026-09-20T23:22:16.169077938
INV_113183,STR_116,PRD_2118,146,12,20/09/2026 23:27
INV_113184,STR_105,PRD_2105,90,16,2026-09-20 23:33:24
INV_113185,STR_111,PRD_1339,21,10,2026-09-20 23:38:58
INV_113186,STR_137,PRD_1807,112,45,2026-09-20 23:44:32
INV_113187,STR_102,PRD_1359,83,10,2026-09-20 23:50:06
INV_113188,STR_146,PRD_1111,113,39,2026-09-20 23:55:40
INV_113189,STR_134,PRD_1302,112,41,21/09/2026 00:01
INV_113190,STR_146,PRD_1050,71,28,2026-09-21 00:06:48
INV_113191,STR_132,PRD_1805,97,19,21/09/2026 00:12
INV_113192,STR_128,PRD_1700,56,42,2026-09-21 00:17:57
INV_113193,STR_102,PRD_1660,1,13,2026-09-21T00:23:31.294086272
INV_113194,STR_104,PRD_2304,175,29,2026-09-21T00:29:05.396359757
INV_113195,STR_113,PRD_2136,9,24,2026-09-21 00:34:39
INV_113196,STR_135,PRD_1035,39,39,2026-09-21 00:40:13
INV_113197,STR_127,PRD_1622,125,16,2026-09-21 00:45:47
INV_113198,STR_140,PRD_1682,148,47,2026-09-21 00:51:21
INV_113199,STR_131,PRD_2101,141,27,2026-09-21T00:56:55.907727181
INV_113200,STR_117,PRD_1848,115,39,2026-09-21 01:02:30
INV_113201,STR_141,PRD_1959,130,17,2026-09-21 01:08:04
INV_113202,STR_139,PRD_1044,189,30,2026-09-21 01:13:38
INV_113203,STR_112,PRD_1872,31,16,2026-09-21T01:19:12.316821121
INV_113204,STR_101,PRD_1951,67,14,21/09/2026 01:24
INV_113205,STR_8888,PRD_2327,196,41,2026-09-21T01:30:20.521368091
INV_113206,STR_124,PRD_2415,68,25,2026-09-21 01:35:54
INV_113207,STR_119,PRD_1653,15,49,2026-09-21T01:41:28.725915061
INV_113208,STR_106,PRD_1014,155,35,2026-09-21 01:47:02
INV_113209,STR_110,PRD_1639,99,36,2026-09-21 01:52:36
INV_113210,STR_104,PRD_1166,27,48,21/09/2026 01:58
INV_113211,STR_128,PRD_1062,172,37,2026-09-21T02:03:45.135009
INV_113212,STR_117,PRD_1202,86,42,2026-09-21 02:09:19
INV_113213,STR_107,PRD_2180,127,11,21/09/2026 02:14
INV_113214,STR_126,PRD_1277,0,24,2026-09-21 02:20:27
INV_113215,STR_141,PRD_2124,120,48,2026-09-21 02:26:01
INV_113216,STR_101,PRD_1894,112,16,21/09/2026 02:31
INV_113217,STR_134,PRD_2192,12,29,2026-09-21 02:37:09
INV_113218,STR_125,PRD_1402,51,22,2026-09-21 02:42:43
INV_113219,STR_122,PRD_2164,187,41,2026-09-21T02:48:17.953196879
INV_113220,STR_104,PRD_1346,30,38,2026-09-21 02:53:52
INV_113221,STR_115,PRD_1786,110,13,2026-09-21 02:59:26
INV_113222,STR_141,PRD_1975,158,28,21/09/2026 03:05
INV_113223,STR_110,PRD_1833,82,19,21/09/2026 03:10
INV_113224,STR_118,PRD_1192,-7,45,2026-09-21 03:16:08
INV_113225,STR_115,PRD_1898,120,21,2026-09-21T03:21:42.566837789
INV_113226,STR_131,PRD_1151,40,31,2026-09-21 03:27:16
INV_113227,STR_111,PRD_1385,172,36,2026-09-21T03:32:50.771384759
INV_113228,STR_101,PRD_2231,96,44,2026-09-21 03:38:24
INV_113229,STR_142,PRD_1988,180,49,2026-09-21 03:43:58
INV_113230,STR_121,PRD_2411,166,26,2026-09-21T03:49:33.078205213
INV_113231,STR_125,PRD_2101,61,15,2026-09-21T03:55:07.180478698
INV_113232,STR_132,PRD_1171,59,23,2026-09-21 04:00:41
INV_113233,STR_123,PRD_1336,58,42,2026-09-21 04:06:15
INV_113234,STR_104,PRD_1891,-3,37,2026-09-21 04:11:49
INV_113235,STR_120,PRD_2454,112,47,2026-09-21 04:17:23
INV_113236,STR_145,PRD_1604,125,16,2026-09-21 04:22:57
INV_113237,STR_117,PRD_1488,136,20,2026-09-21T04:28:31.794119608
INV_113238,STR_138,PRD_1665,101,42,2026-09-21 04:34:05
INV_113239,STR_104,PRD_1105,191,12,2026-09-21 04:39:39
INV_113240,STR_107,PRD_1869,172,31,2026-09-21T04:45:14.100940062
INV_113241,STR_120,PRD_2232,190,22,2026-09-21 04:50:48
INV_113242,STR_146,PRD_2371,61,38,2026-09-21T04:56:22.305487032
INV_113243,STR_104,PRD_1351,-3,15,2026-09-21 05:01:56
INV_113244,STR_112,PRD_1847,174,48,2026-09-21 05:07:30
INV_113245,STR_118,PRD_1047,61,37,2026-09-21 05:13:04
INV_113246,STR_128,PRD_2269,-4,24,2026-09-21 05:18:38
INV_113247,STR_101,PRD_1030,35,33,21/09/2026 05:24
INV_113248,STR_136,PRD_1474,139,35,2026-09-21 05:29:46
INV_113249,STR_125,PRD_1476,70,10,2026-09-21 05:35:21
INV_113250,STR_128,PRD_2280,161,35,2026-09-21 05:40:55
INV_113251,STR_104,PRD_2149,-6,40,2026-09-21 05:46:29
INV_113252,STR_131,PRD_1218,142,32,21/09/2026 05:52
INV_113253,STR_137,PRD_1244,164,41,2026-09-21 05:57:37
INV_113254,STR_147,PRD_1442,160,10,2026-09-21 06:03:11
INV_113255,STR_101,PRD_1500,132,27,21/09/2026 06:08
INV_113256,STR_104,PRD_2250,181,26,21/09/2026 06:14
INV_113257,STR_146,PRD_1897,148,37,21/09/2026 06:19
INV_113258,STR_132,PRD_1768,72,10,2026-09-21 06:25:27
INV_113259,STR_9999,PRD_1254,33,45,2026-09-21T06:31:02.044136275
INV_113260,STR_134,PRD_1069,164,14,2026-09-21T06:36:36.146409760
INV_113261,STR_118,PRD_1454,129,14,2026-09-21T06:42:10.248683245
INV_113262,STR_114,PRD_1577,53,11,2026-09-21 06:47:44
INV_113263,STR_134,PRD_2025,12,20,2026-09-21 06:53:18
INV_113264,STR_107,PRD_1494,39,44,21/09/2026 06:58
INV_113265,STR_146,PRD_1324,114,39,2026-09-21 07:04:26
INV_113266,STR_100,PRD_1780,25,41,2026-09-21 07:10:00
INV_113267,STR_137,PRD_1402,128,17,2026-09-21 07:15:34
INV_113268,STR_121,PRD_1850,75,11,2026-09-21 07:21:08
INV_113269,STR_116,PRD_1128,164,45,2026-09-21T07:26:43.066871124
INV_113270,STR_115,PRD_1145,45,48,2026-09-21 07:32:17
INV_113271,STR_144,PRD_2119,58,34,21/09/2026 07:37
INV_113272,STR_100,PRD_1500,26,28,2026-09-21 07:43:25
INV_113273,STR_102,PRD_2479,127,16,21/09/2026 07:48
INV_113274,STR_105,PRD_2427,173,49,21/09/2026 07:54
INV_113275,STR_8888,PRD_1007,31,23,2026-09-21T08:00:07.680512034
INV_113276,STR_102,PRD_1219,147,13,21/09/2026 08:05
INV_113277,STR_146,PRD_1724,83,42,21/09/2026 08:11
INV_113278,STR_129,PRD_1101,11,46,2026-09-21 08:16:49
INV_113279,STR_146,PRD_1773,172,39,21/09/2026 08:22
INV_113280,STR_110,PRD_1001,155,29,2026-09-21 08:27:58
INV_113281,STR_126,PRD_1694,45,23,21/09/2026 08:33
INV_113282,STR_121,PRD_1770,188,36,21/09/2026 08:39
INV_113283,STR_105,PRD_1833,103,22,2026-09-21 08:44:40
INV_113284,STR_137,PRD_1739,111,16,2026-09-21 08:50:14
INV_113285,STR_140,PRD_1199,153,27,2026-09-21T08:55:48.703246883
INV_113286,STR_145,PRD_1025,67,47,2026-09-21 09:01:22
INV_113287,STR_130,PRD_1943,128,48,2026-09-21 09:06:56
INV_113288,STR_142,PRD_2373,124,18,2026-09-21T09:12:31.010067337
INV_113289,STR_105,PRD_1101,85,32,21/09/2026 09:18
INV_113290,STR_149,PRD_1962,71,40,2026-09-21 09:23:39
INV_113291,STR_119,PRD_2354,23,11,21/09/2026 09:29
INV_113292,STR_146,PRD_1856,52,49,21/09/2026 09:34
INV_113293,STR_140,PRD_1371,-9,47,2026-09-21 09:40:21
INV_113294,STR_110,PRD_1196,179,48,2026-09-21 09:45:55
INV_113295,STR_101,PRD_1509,124,14,2026-09-21 09:51:29
INV_113296,STR_130,PRD_2014,32,32,2026-09-21T09:57:03.828255217
INV_113297,STR_137,PRD_2053,84,41,2026-09-21 10:02:37
INV_113298,STR_125,PRD_1922,7,48,21/09/2026 10:08
INV_113299,STR_126,PRD_1298,137,25,2026-09-21 10:13:46
INV_113300,STR_145,PRD_2156,-4,20,2026-09-21 10:19:20
INV_113301,STR_145,PRD_2331,41,23,2026-09-21 10:24:54
INV_113302,STR_130,PRD_1020,26,12,2026-09-21 10:30:28
INV_113303,STR_123,PRD_2064,87,17,2026-09-21 10:36:02
INV_113304,STR_112,PRD_1963,35,24,2026-09-21T10:41:36.646443096
INV_113305,STR_124,PRD_2495,92,18,2026-09-21 10:47:10
INV_113306,STR_136,PRD_1966,31,25,2026-09-21 10:52:44
INV_113307,STR_140,PRD_2331,49,35,2026-09-21 10:58:18
INV_113308,STR_124,PRD_1458,117,41,21/09/2026 11:03
INV_113309,STR_128,PRD_1513,93,27,2026-09-21 11:09:27
INV_113310,STR_130,PRD_2067,69,17,21/09/2026 11:15
INV_113311,STR_142,PRD_1040,67,48,2026-09-21T11:20:35.362357490
INV_113312,STR_138,PRD_1837,113,41,2026-09-21 11:26:09
INV_113313,STR_101,PRD_1262,21,19,2026-09-21 11:31:43
INV_113314,STR_111,PRD_2317,155,21,2026-09-21T11:37:17.669177945
INV_113315,STR_104,PRD_1684,156,21,2026-09-21T11:42:51.771451430
INV_113316,STR_126,PRD_2032,15,19,21/09/2026 11:48
INV_113317,STR_133,PRD_2076,19,43,21/09/2026 11:53
INV_113318,STR_113,PRD_2022,158,39,21/09/2026 11:59
INV_113319,STR_106,PRD_1127,92,40,2026-09-21 12:05:08
INV_113320,STR_136,PRD_1530,126,47,2026-09-21T12:10:42.282818854
INV_113321,STR_135,PRD_1643,21,34,2026-09-21 12:16:16
INV_113322,STR_109,PRD_1524,173,33,2026-09-21 12:21:50
INV_113323,STR_128,PRD_1756,42,42,2026-09-21 12:27:24
INV_113324,STR_115,PRD_1965,124,18,2026-09-21 12:32:58
INV_113325,STR_137,PRD_2163,193,34,2026-09-21 12:38:32
INV_113326,STR_120,PRD_1893,140,29,2026-09-21T12:44:06.896459764
INV_113327,STR_137,PRD_1758,70,26,21/09/2026 12:49
INV_113328,STR_140,PRD_1231,169,15,2026-09-21T12:55:15.101006733
INV_113329,STR_132,PRD_1932,138,45,2026-09-21 13:00:49
INV_113330,STR_128,PRD_1087,65,29,2026-09-21 13:06:23
INV_113331,STR_147,PRD_1765,140,35,2026-09-21 13:11:57
INV_113332,STR_116,PRD_1636,58,49,2026-09-21 13:17:31
INV_113333,STR_112,PRD_1200,7,21,2026-09-21 13:23:05
INV_113334,STR_105,PRD_1985,26,16,2026-09-21 13:28:39
INV_113335,STR_101,PRD_2411,124,49,2026-09-21 13:34:13
INV_113336,STR_107,PRD_1360,50,39,2026-09-21T13:39:47.919194613
INV_113337,STR_131,PRD_1131,120,31,2026-09-21 13:45:22
INV_113338,STR_135,PRD_1176,-10,38,21/09/2026 13:50
INV_113339,STR_108,PRD_2075,49,31,2026-09-21 13:56:30
INV_113340,STR_122,PRD_1021,123,33,2026-09-21 14:02:04
INV_113341,STR_106,PRD_1652,113,12,21/09/2026 14:07
INV_113342,STR_130,PRD_2342,60,33,2026-09-21 14:13:12
INV_113343,STR_120,PRD_1782,80,35,21/09/2026 14:18
INV_113344,STR_100,PRD_1167,175,14,2026-09-21T14:24:20.737382492
INV_113345,STR_145,PRD_2061,20,22,2026-09-21 14:29:54
INV_113346,STR_101,PRD_1872,-3,46,2026-09-21 14:35:28
INV_113347,STR_139,PRD_1939,195,31,21/09/2026 14:41
INV_113348,STR_110,PRD_2396,108,43,2026-09-21 14:46:37
INV_113349,STR_136,PRD_1631,132,48,2026-09-21 14:52:11
INV_113350,STR_117,PRD_1833,-4,12,21/09/2026 14:57
INV_113351,STR_143,PRD_2450,124,41,2026-09-21 15:03:19
INV_113352,STR_123,PRD_2189,150,33,2026-09-21T15:08:53.555570371
INV_113353,STR_8888,PRD_1721,158,18,2026-09-21 15:14:27
INV_113354,STR_118,PRD_2098,174,12,2026-09-21 15:20:01
INV_113355,STR_104,PRD_1439,124,31,2026-09-21T15:25:35.862390826
INV_113356,STR_128,PRD_2288,176,33,2026-09-21T15:31:09.964664311
INV_113357,STR_138,PRD_2429,9,47,21/09/2026 15:36
INV_113358,STR_101,PRD_1242,60,19,2026-09-21 15:42:18
INV_113359,STR_116,PRD_1600,167,44,2026-09-21 15:47:52
INV_113360,STR_144,PRD_1761,131,29,2026-09-21 15:53:26
INV_113361,STR_110,PRD_1542,107,21,21/09/2026 15:59
INV_113362,STR_136,PRD_1276,132,21,2026-09-21 16:04:34
INV_113363,STR_112,PRD_1549,199,26,2026-09-21 16:10:08
INV_113364,STR_128,PRD_2331,127,13,2026-09-21 16:15:42
INV_113365,STR_131,PRD_1402,114,17,2026-09-21 16:21:16
INV_113366,STR_144,PRD_1649,54,16,2026-09-21 16:26:50
INV_113367,STR_139,PRD_2453,172,27,2026-09-21T16:32:25.089672645
INV_113368,STR_142,PRD_1996,145,35,2026-09-21 16:37:59
INV_113369,STR_107,PRD_1075,87,40,2026-09-21 16:43:33
INV_113370,STR_109,PRD_1338,165,17,21/09/2026 16:49
INV_113371,STR_124,PRD_1764,-8,43,2026-09-21 16:54:41
INV_113372,STR_110,PRD_2473,177,25,2026-09-21 17:00:15
INV_113373,STR_127,PRD_2102,120,29,2026-09-21T17:05:49.703313554
INV_113374,STR_132,PRD_1037,64,19,2026-09-21T17:11:23.805587039
INV_113375,STR_138,PRD_1317,57,14,2026-09-21 17:16:57
INV_113376,STR_125,PRD_2351,156,20,2026-09-21T17:22:32.010134009
INV_113377,STR_107,PRD_2453,171,47,2026-09-21T17:28:06.112407493
INV_113378,STR_137,PRD_2186,149,48,2026-09-21 17:33:40
INV_113379,STR_125,PRD_2381,5,31,21/09/2026 17:39
INV_113380,STR_131,PRD_1639,6,20,21/09/2026 17:44
INV_113381,STR_145,PRD_1669,128,27,2026-09-21 17:50:22
INV_113382,STR_127,PRD_1328,89,27,2026-09-21 17:55:56
INV_113383,STR_8888,PRD_2437,21,40,2026-09-21 18:01:30
INV_113384,STR_106,PRD_1475,110,29,2026-09-21T18:07:04.828321888
INV_113385,STR_134,PRD_2479,107,32,2026-09-21T18:12:38.930595373
INV_113386,STR_101,PRD_2175,144,49,21/09/2026 18:18
INV_113387,STR_121,PRD_1537,101,19,2026-09-21 18:23:47
INV_113388,STR_149,PRD_2438,87,26,2026-09-21 18:29:21
INV_113389,STR_121,PRD_1342,-6,17,2026-09-21T18:34:55.339689312
INV_113390,STR_102,PRD_2409,78,40,2026-09-21 18:40:29
INV_113391,STR_145,PRD_2190,81,49,2026-09-21T18:46:03.544236282
INV_113392,STR_149,PRD_2495,135,35,2026-09-21 18:51:37
INV_113393,STR_144,PRD_1139,-8,18,2026-09-21 18:57:11
INV_113394,STR_107,PRD_2252,17,41,2026-09-21 19:02:45
INV_113395,STR_103,PRD_1072,183,32,2026-09-21T19:08:19.953330222
INV_113396,STR_114,PRD_1427,23,41,2026-09-21 19:13:54
INV_113397,STR_143,PRD_2322,75,45,2026-09-21T19:19:28.157877191
INV_113398,STR_145,PRD_2259,139,14,2026-09-21 19:25:02
INV_113399,STR_8888,PRD_1982,106,10,21/09/2026 19:30
INV_113400,STR_138,PRD_1599,19,40,2026-09-21 19:36:10
INV_113401,STR_111,PRD_1096,37,40,2026-09-21 19:41:44
INV_113402,STR_128,PRD_1477,54,18,2026-09-21T19:47:18.669244616
INV_113403,STR_108,PRD_2021,178,42,2026-09-21 19:52:52
INV_113404,STR_141,PRD_1490,136,44,2026-09-21T19:58:26.873791586
INV_113405,STR_139,PRD_2319,169,35,2026-09-21 20:04:00
INV_113406,STR_119,PRD_1405,30,11,21/09/2026 20:09
INV_113407,STR_133,PRD_1714,82,43,2026-09-21 20:15:09
INV_113408,STR_125,PRD_1446,86,26,21/09/2026 20:20
INV_113409,STR_147,PRD_1698,70,15,2026-09-21 20:26:17
INV_113410,STR_120,PRD_2298,91,46,2026-09-21 20:31:51
INV_113411,STR_122,PRD_2043,182,40,2026-09-21 20:37:25
INV_113412,STR_117,PRD_1584,167,37,2026-09-21 20:42:59
INV_113413,STR_8888,PRD_1426,30,30,2026-09-21T20:48:33.794252950
INV_113414,STR_123,PRD_1953,112,20,2026-09-21 20:54:07
INV_113415,STR_141,PRD_1849,22,45,2026-09-21T20:59:41.998799920
INV_113416,STR_128,PRD_2384,71,48,2026-09-21 21:05:16
INV_113417,STR_137,PRD_2333,134,36,21/09/2026 21:10
INV_113418,STR_137,PRD_1593,73,29,2026-09-21T21:16:24.305620374
INV_113419,STR_8888,PRD_1355,172,29,2026-09-21 21:21:58
INV_113420,STR_112,PRD_1026,163,11,2026-09-21 21:27:32
INV_113421,STR_131,PRD_2070,79,46,2026-09-21T21:33:06.612440829
INV_113422,STR_118,PRD_1455,176,36,2026-09-21 21:38:40
INV_113423,STR_116,PRD_1111,60,27,2026-09-21T21:44:14.816987799
INV_113424,STR_101,PRD_1746,94,22,2026-09-21 21:49:48
INV_113425,STR_117,PRD_1374,46,27,2026-09-21T21:55:23.021534769
INV_113426,STR_138,PRD_2338,9,20,2026-09-21T22:00:57.123808254
INV_113427,STR_126,PRD_1844,158,23,2026-09-21 22:06:31
INV_113428,STR_113,PRD_1125,64,13,2026-09-21 22:12:05
INV_113429,STR_114,PRD_2030,188,48,2026-09-21 22:17:39
INV_113430,STR_107,PRD_1561,27,22,2026-09-21 22:23:13
INV_113431,STR_108,PRD_2383,16,28,2026-09-21 22:28:47
INV_113432,STR_120,PRD_1577,126,48,21/09/2026 22:34
INV_113433,STR_142,PRD_1361,185,34,21/09/2026 22:39
INV_113434,STR_134,PRD_1678,155,24,2026-09-21 22:45:29
INV_113435,STR_8888,PRD_1982,102,29,2026-09-21 22:51:04
INV_113436,STR_113,PRD_1763,142,26,2026-09-21 22:56:38
INV_113437,STR_126,PRD_1774,3,10,2026-09-21 23:02:12
INV_113438,STR_107,PRD_2287,26,38,2026-09-21 23:07:46
INV_113439,STR_134,PRD_1799,167,28,21/09/2026 23:13
INV_113440,STR_117,PRD_1274,81,39,2026-09-21 23:18:54
INV_113441,STR_113,PRD_1395,189,34,21/09/2026 23:24
INV_113442,STR_8888,PRD_2336,159,37,2026-09-21T23:30:02.760184012
INV_113443,STR_107,PRD_1905,192,46,2026-09-21T23:35:36.862457497
INV_113444,STR_148,PRD_1491,43,20,2026-09-21 23:41:10
INV_113445,STR_107,PRD_2427,114,25,2026-09-21 23:46:45
INV_113446,STR_136,PRD_1376,152,27,21/09/2026 23:52
INV_113447,STR_143,PRD_1658,112,18,2026-09-21T23:57:53.271551436
INV_113448,STR_101,PRD_1540,20,37,2026-09-22T00:03:27.373824921
INV_113449,STR_116,PRD_1838,87,36,22/09/2026 00:09
INV_113450,STR_112,PRD_1319,112,47,2026-09-22T00:14:35.578371891
INV_113451,STR_113,PRD_1224,163,32,2026-09-22 00:20:09
INV_113452,STR_140,PRD_1455,134,31,2026-09-22 00:25:43
INV_113453,STR_140,PRD_1650,102,13,2026-09-22T00:31:17.885192346
INV_113454,STR_108,PRD_2312,74,41,2026-09-22 00:36:51
INV_113455,STR_126,PRD_2304,79,33,2026-09-22 00:42:26
INV_113456,STR_119,PRD_1416,81,47,22/09/2026 00:48
INV_113457,STR_137,PRD_1803,170,37,2026-09-22 00:53:34
INV_113458,STR_111,PRD_1778,117,15,2026-09-22 00:59:08
INV_113459,STR_141,PRD_1797,11,42,2026-09-22 01:04:42
INV_113460,STR_121,PRD_2336,175,40,2026-09-22 01:10:16
INV_113461,STR_136,PRD_1608,158,19,2026-09-22 01:15:50
INV_113462,STR_149,PRD_1792,-8,21,2026-09-22T01:21:24.805653710
INV_113463,STR_138,PRD_2014,81,16,2026-09-22 01:26:58
INV_113464,STR_130,PRD_2080,52,33,2026-09-22 01:32:33
INV_113465,STR_112,PRD_2146,55,37,2026-09-22 01:38:07
INV_113466,STR_100,PRD_2313,35,20,2026-09-22 01:43:41
INV_113467,STR_137,PRD_1597,125,41,2026-09-22 01:49:15
INV_113468,STR_139,PRD_1972,28,29,2026-09-22 01:54:49
INV_113469,STR_108,PRD_2333,142,37,22/09/2026 02:00
INV_113470,STR_138,PRD_2251,196,10,2026-09-22 02:05:57
INV_113471,STR_109,PRD_1005,83,36,22/09/2026 02:11
INV_113472,STR_128,PRD_2466,36,25,2026-09-22T02:17:05.828388559
INV_113473,STR_139,PRD_1309,151,45,2026-09-22 02:22:39
INV_113474,STR_129,PRD_1784,57,15,2026-09-22 02:28:14
INV_113475,STR_101,PRD_1855,46,19,2026-09-22 02:33:48
INV_113476,STR_117,PRD_1904,142,48,2026-09-22 02:39:22
INV_113477,STR_127,PRD_2025,190,28,2026-09-22 02:44:56
INV_113478,STR_146,PRD_1773,76,19,2026-09-22 02:50:30
INV_113479,STR_131,PRD_1753,51,35,22/09/2026 02:56
INV_113480,STR_123,PRD_2398,28,43,22/09/2026 03:01
INV_113481,STR_137,PRD_2269,103,10,22/09/2026 03:07
INV_113482,STR_113,PRD_2495,111,19,2026-09-22T03:12:46.851123408
INV_113483,STR_124,PRD_1822,193,42,22/09/2026 03:18
INV_113484,STR_124,PRD_2327,195,35,2026-09-22T03:23:55.055670378
INV_113485,STR_131,PRD_1057,124,43,22/09/2026 03:29
INV_113486,STR_126,PRD_2248,84,46,22/09/2026 03:35
INV_113487,STR_131,PRD_2449,-5,22,2026-09-22 03:40:37
INV_113488,STR_130,PRD_2225,171,47,2026-09-22 03:46:11
INV_113489,STR_149,PRD_1517,112,39,2026-09-22 03:51:45
INV_113490,STR_123,PRD_1029,72,33,2026-09-22 03:57:19
INV_113491,STR_134,PRD_1150,8,43,2026-09-22T04:02:53.771584772
INV_113492,STR_129,PRD_1547,164,46,2026-09-22 04:08:27
INV_113493,STR_132,PRD_1109,8,28,22/09/2026 04:14
INV_113494,STR_132,PRD_2144,23,11,2026-09-22 04:19:36
INV_113495,STR_145,PRD_1240,160,39,2026-09-22 04:25:10
INV_113496,STR_126,PRD_2053,130,31,22/09/2026 04:30
INV_113497,STR_132,PRD_1465,153,41,22/09/2026 04:36
INV_113498,STR_132,PRD_1464,14,42,2026-09-22 04:41:52
INV_113499,STR_103,PRD_1236,86,49,22/09/2026 04:47
INV_113500,STR_129,PRD_2394,45,24,2026-09-22T04:53:00.692046136
INV_113501,STR_143,PRD_2172,10,15,2026-09-22 04:58:34
INV_113502,STR_114,PRD_1373,23,45,22/09/2026 05:04
INV_113503,STR_128,PRD_1599,99,25,2026-09-22T05:09:42.998866591
INV_113504,STR_127,PRD_1515,14,30,22/09/2026 05:15
INV_113505,STR_131,PRD_2456,71,43,2026-09-22T05:20:51.203413561
INV_113506,STR_135,PRD_1251,96,49,2026-09-22 05:26:25
INV_113507,STR_129,PRD_2496,0,47,2026-09-22 05:31:59
INV_113508,STR_141,PRD_1562,8,44,2026-09-22T05:37:33.510234016
INV_113509,STR_142,PRD_1535,166,42,2026-09-22 05:43:07
INV_113510,STR_137,PRD_2069,166,17,2026-09-22 05:48:41
INV_113511,STR_141,PRD_1627,151,21,2026-09-22 05:54:15
INV_113512,STR_111,PRD_1606,119,48,2026-09-22 05:59:49
INV_113513,STR_102,PRD_1434,19,27,2026-09-22T06:05:24.021601440
INV_113514,STR_114,PRD_1610,98,49,22/09/2026 06:10
INV_113515,STR_147,PRD_1275,27,30,2026-09-22 06:16:32
INV_113516,STR_109,PRD_1847,4,36,2026-09-22 06:22:06
INV_113517,STR_121,PRD_2118,64,21,22/09/2026 06:27
INV_113518,STR_122,PRD_2169,49,15,2026-09-22T06:33:14.532968865
INV_113519,STR_110,PRD_1903,121,40,22/09/2026 06:38
INV_113520,STR_115,PRD_1666,72,43,2026-09-22 06:44:22
INV_113521,STR_148,PRD_1781,3,16,2026-09-22T06:49:56.839789319
INV_113522,STR_145,PRD_2425,103,40,2026-09-22T06:55:30.942062804
INV_113523,STR_115,PRD_1832,70,13,22/09/2026 07:01
INV_113524,STR_113,PRD_1503,-3,26,2026-09-22 07:06:39
INV_113525,STR_105,PRD_2438,66,38,22/09/2026 07:12
INV_113526,STR_141,PRD_1275,82,12,22/09/2026 07:17
INV_113527,STR_116,PRD_1325,100,33,2026-09-22T07:23:21.453430229
INV_113528,STR_130,PRD_2279,128,12,22/09/2026 07:28
INV_113529,STR_141,PRD_1556,69,48,2026-09-22 07:34:29
INV_113530,STR_109,PRD_1512,39,36,2026-09-22 07:40:03
INV_113531,STR_145,PRD_2170,76,10,22/09/2026 07:45
INV_113532,STR_119,PRD_1294,65,24,2026-09-22 07:51:11
INV_113533,STR_148,PRD_1374,27,23,2026-09-22 07:56:46
INV_113534,STR_108,PRD_1055,141,13,2026-09-22 08:02:20
INV_113535,STR_114,PRD_1911,84,13,2026-09-22 08:07:54
INV_113536,STR_138,PRD_2249,155,34,2026-09-22 08:13:28
INV_113537,STR_101,PRD_1019,114,20,2026-09-22 08:19:02
INV_113538,STR_103,PRD_2182,179,42,2026-09-22 08:24:36
INV_113539,STR_8888,PRD_2493,173,20,2026-09-22T08:30:10.680712047
INV_113540,STR_123,PRD_1851,54,21,2026-09-22 08:35:44
INV_113541,STR_117,PRD_1590,79,24,2026-09-22T08:41:18.885259017
INV_113542,STR_110,PRD_1920,6,35,2026-09-22 08:46:52
INV_113543,STR_136,PRD_1365,89,33,2026-09-22 08:52:27
INV_113544,STR_125,PRD_1000,134,35,2026-09-22T08:58:01.192079472
INV_113545,STR_107,PRD_1912,16,36,2026-09-22T09:03:35.294352957
INV_113546,STR_121,PRD_1847,78,45,2026-09-22 09:09:09
INV_113547,STR_8888,PRD_2252,14,36,22/09/2026 09:14
INV_113548,STR_104,PRD_1724,91,47,22/09/2026 09:20
INV_113549,STR_101,PRD_2306,85,11,2026-09-22 09:25:51
INV_113550,STR_104,PRD_1759,193,32,22/09/2026 09:31
INV_113551,STR_134,PRD_2142,166,18,2026-09-22 09:36:59
INV_113552,STR_131,PRD_1226,47,17,2026-09-22 09:42:34
INV_113553,STR_143,PRD_2047,113,49,2026-09-22T09:48:08.112540836
INV_113554,STR_118,PRD_1701,-10,10,2026-09-22 09:53:42
INV_113555,STR_138,PRD_1307,130,30,2026-09-22 09:59:16
INV_113556,STR_9999,PRD_2330,170,35,2026-09-22 10:04:50
INV_113557,STR_103,PRD_1961,10,24,2026-09-22 10:10:24
INV_113558,STR_122,PRD_1568,-10,34,2026-09-22 10:15:58
INV_113559,STR_145,PRD_2334,194,48,2026-09-22 10:21:32
INV_113560,STR_118,PRD_2112,148,25,2026-09-22 10:27:06
INV_113561,STR_125,PRD_2298,50,44,2026-09-22 10:32:40
INV_113562,STR_149,PRD_1620,-8,32,2026-09-22 10:38:15
INV_113563,STR_125,PRD_1652,192,21,22/09/2026 10:43
INV_113564,STR_106,PRD_1796,146,28,2026-09-22 10:49:23
INV_113565,STR_131,PRD_1479,165,43,2026-09-22 10:54:57
INV_113566,STR_146,PRD_1901,71,17,2026-09-22T11:00:31.442096140
INV_113567,STR_132,PRD_2480,179,32,22/09/2026 11:06
INV_113568,STR_143,PRD_1896,14,20,2026-09-22 11:11:39
INV_113569,STR_125,PRD_1919,151,43,2026-09-22T11:17:13.748916594
INV_113570,STR_123,PRD_1585,7,14,2026-09-22T11:22:47.851190079
INV_113571,STR_9999,PRD_2378,182,46,2026-09-22 11:28:21
INV_113572,STR_122,PRD_1261,17,34,2026-09-22 11:33:56
INV_113573,STR_137,PRD_2199,-7,33,2026-09-22 11:39:30
INV_113574,STR_125,PRD_1403,108,33,2026-09-22 11:45:04
INV_113575,STR_144,PRD_2253,105,43,2026-09-22 11:50:38
INV_113576,STR_130,PRD_2346,138,27,2026-09-22 11:56:12
INV_113577,STR_105,PRD_1694,59,21,2026-09-22 12:01:46
INV_113578,STR_144,PRD_1785,10,48,22/09/2026 12:07
INV_113579,STR_130,PRD_1276,83,24,2026-09-22 12:12:54
INV_113580,STR_146,PRD_1676,137,21,2026-09-22 12:18:28
INV_113581,STR_147,PRD_2298,115,38,2026-09-22T12:24:02.976198413
INV_113582,STR_139,PRD_1216,158,38,2026-09-22 12:29:37
INV_113583,STR_144,PRD_1189,170,29,2026-09-22 12:35:11
INV_113584,STR_144,PRD_2041,110,24,2026-09-22 12:40:45
INV_113585,STR_8888,PRD_1743,117,12,2026-09-22 12:46:19
INV_113586,STR_8888,PRD_2437,179,25,2026-09-22 12:51:53
INV_113587,STR_111,PRD_2207,20,28,2026-09-22T12:57:27.589839323
INV_113588,STR_9999,PRD_1242,89,16,2026-09-22 13:03:01
INV_113589,STR_116,PRD_2449,142,45,2026-09-22T13:08:35.794386292
INV_113590,STR_125,PRD_1052,58,31,2026-09-22 13:14:09
INV_113591,STR_102,PRD_2249,189,24,2026-09-22 13:19:43
INV_113592,STR_114,PRD_1561,6,18,2026-09-22 13:25:18
INV_113593,STR_148,PRD_1771,196,26,2026-09-22 13:30:52
INV_113594,STR_137,PRD_1318,137,42,2026-09-22 13:36:26
INV_113595,STR_123,PRD_1706,34,11,2026-09-22T13:42:00.408027202
INV_113596,STR_9999,PRD_2392,100,16,2026-09-22 13:47:34
INV_113597,STR_129,PRD_1247,39,40,22/09/2026 13:53
INV_113598,STR_143,PRD_1176,168,23,22/09/2026 13:58
INV_113599,STR_135,PRD_2499,109,46,2026-09-22 14:04:16
INV_113600,STR_143,PRD_1012,189,13,22/09/2026 14:09
INV_113601,STR_126,PRD_2384,195,19,22/09/2026 14:15
INV_113602,STR_121,PRD_1288,150,31,2026-09-22 14:20:59
INV_113603,STR_101,PRD_1430,87,33,2026-09-22 14:26:33
INV_113604,STR_106,PRD_1575,105,27,22/09/2026 14:32
INV_113605,STR_115,PRD_2362,112,20,2026-09-22 14:37:41
INV_113606,STR_123,PRD_1033,18,10,2026-09-22 14:43:15
INV_113607,STR_129,PRD_2347,139,41,2026-09-22 14:48:49
INV_113608,STR_143,PRD_2479,184,25,22/09/2026 14:54
INV_113609,STR_147,PRD_2248,-8,23,2026-09-22 14:59:57
INV_113610,STR_145,PRD_1640,-5,42,2026-09-22 15:05:31
INV_113611,STR_100,PRD_1132,157,16,2026-09-22 15:11:06
INV_113612,STR_126,PRD_1896,65,28,2026-09-22 15:16:40
INV_113613,STR_108,PRD_1981,186,34,2026-09-22 15:22:14
INV_113614,STR_106,PRD_2244,-6,14,2026-09-22T15:27:48.351223415
INV_113615,STR_104,PRD_1400,-8,19,2026-09-22T15:33:22.453496900
INV_113616,STR_129,PRD_1605,-7,13,2026-09-22 15:38:56
INV_113617,STR_141,PRD_1610,180,33,2026-09-22 15:44:30
INV_113618,STR_126,PRD_2083,-6,15,2026-09-22 15:50:04
INV_113619,STR_109,PRD_1640,178,21,2026-09-22T15:55:38.862590839
INV_113620,STR_124,PRD_1131,46,29,22/09/2026 16:01
INV_113621,STR_117,PRD_1392,88,35,2026-09-22 16:06:47
INV_113622,STR_106,PRD_1812,159,21,2026-09-22 16:12:21
INV_113623,STR_130,PRD_1927,72,42,2026-09-22 16:17:55
INV_113624,STR_131,PRD_1580,173,21,22/09/2026 16:23
INV_113625,STR_149,PRD_1013,189,47,2026-09-22T16:29:03.476231749
INV_113626,STR_144,PRD_1434,145,13,22/09/2026 16:34
INV_113627,STR_110,PRD_1473,44,26,2026-09-22 16:40:11
INV_113628,STR_109,PRD_1150,155,19,22/09/2026 16:45
INV_113629,STR_121,PRD_1469,12,28,2026-09-22 16:51:19
INV_113630,STR_130,PRD_1410,124,42,22/09/2026 16:56
INV_113631,STR_140,PRD_1344,27,46,2026-09-22T17:02:28.089872658
INV_113632,STR_146,PRD_1803,194,37,2026-09-22 17:08:02
INV_113633,STR_113,PRD_2219,98,11,2026-09-22 17:13:36
INV_113634,STR_102,PRD_1543,174,47,2026-09-22T17:19:10.396693113
INV_113635,STR_123,PRD_2096,74,47,2026-09-22 17:24:44
INV_113636,STR_113,PRD_1193,26,30,2026-09-22 17:30:18
INV_113637,STR_115,PRD_1937,123,32,22/09/2026 17:35
INV_113638,STR_127,PRD_1628,127,42,22/09/2026 17:41
INV_113639,STR_134,PRD_2215,144,35,2026-09-22 17:47:00
INV_113640,STR_139,PRD_1429,105,39,2026-09-22 17:52:35
INV_113641,STR_101,PRD_1216,95,13,2026-09-22 17:58:09
INV_113642,STR_133,PRD_2020,46,15,22/09/2026 18:03
INV_113643,STR_117,PRD_1969,81,43,2026-09-22T18:09:17.317154477
INV_113644,STR_106,PRD_1484,5,29,22/09/2026 18:14
INV_113645,STR_148,PRD_1600,103,46,2026-09-22T18:20:25.521701447
INV_113646,STR_137,PRD_1359,48,24,2026-09-22T18:25:59.623974932
INV_113647,STR_141,PRD_2332,145,49,2026-09-22 18:31:33
INV_113648,STR_106,PRD_1668,-8,32,2026-09-22 18:37:07
INV_113649,STR_103,PRD_1420,174,18,2026-09-22 18:42:41
INV_113650,STR_142,PRD_1580,182,43,2026-09-22 18:48:16
INV_113651,STR_115,PRD_1781,106,43,22/09/2026 18:53
INV_113652,STR_148,PRD_2434,184,36,2026-09-22 18:59:24
INV_113653,STR_105,PRD_1516,147,25,2026-09-22 19:04:58
INV_113654,STR_119,PRD_1242,8,13,2026-09-22 19:10:32
INV_113655,STR_130,PRD_1629,86,37,22/09/2026 19:16
INV_113656,STR_118,PRD_2016,125,26,2026-09-22T19:21:40.646709781
INV_113657,STR_8888,PRD_1171,179,21,2026-09-22 19:27:14
INV_113658,STR_121,PRD_1654,8,14,2026-09-22 19:32:48
INV_113659,STR_120,PRD_1768,25,44,22/09/2026 19:38
INV_113660,STR_117,PRD_1459,101,47,2026-09-22 19:43:57
INV_113661,STR_131,PRD_2388,186,48,22/09/2026 19:49
INV_113662,STR_146,PRD_2101,49,45,2026-09-22 19:55:05
INV_113663,STR_133,PRD_1531,23,39,2026-09-22 20:00:39
INV_113664,STR_9999,PRD_2229,172,23,22/09/2026 20:06
INV_113665,STR_126,PRD_1290,144,23,22/09/2026 20:11
INV_113666,STR_137,PRD_1658,156,11,22/09/2026 20:17
INV_113667,STR_143,PRD_1851,31,37,2026-09-22 20:22:55
INV_113668,STR_129,PRD_1553,31,30,2026-09-22 20:28:29
INV_113669,STR_132,PRD_1427,77,24,22/09/2026 20:34
INV_113670,STR_126,PRD_1470,165,32,2026-09-22T20:39:38.078538569
INV_113671,STR_122,PRD_1865,148,19,22/09/2026 20:45
INV_113672,STR_142,PRD_1512,11,35,2026-09-22 20:50:46
INV_113673,STR_118,PRD_1323,76,44,2026-09-22 20:56:20
INV_113674,STR_130,PRD_1254,30,43,2026-09-22 21:01:54
INV_113675,STR_103,PRD_1720,13,11,2026-09-22T21:07:28.589905994
INV_113676,STR_118,PRD_1589,157,40,2026-09-22 21:13:02
INV_113677,STR_137,PRD_1050,149,14,2026-09-22T21:18:36.794452963
INV_113678,STR_139,PRD_1799,40,28,2026-09-22 21:24:10
INV_113679,STR_121,PRD_1099,22,39,2026-09-22 21:29:44
INV_113680,STR_108,PRD_1463,17,26,2026-09-22T21:35:19.101273418
INV_113681,STR_130,PRD_1498,198,38,2026-09-22 21:40:53
INV_113682,STR_109,PRD_1914,79,21,2026-09-22 21:46:27
INV_113683,STR_109,PRD_1236,71,17,2026-09-22T21:52:01.408093873
INV_113684,STR_129,PRD_1471,111,24,2026-09-22 21:57:35
INV_113685,STR_109,PRD_2421,68,43,22/09/2026 22:03
INV_113686,STR_135,PRD_1156,91,37,2026-09-22 22:08:43
INV_113687,STR_117,PRD_1297,180,30,2026-09-22T22:14:17.817187812
INV_113688,STR_143,PRD_2037,11,26,22/09/2026 22:19
INV_113689,STR_142,PRD_1115,7,27,2026-09-22T22:25:26.021734782
INV_113690,STR_147,PRD_1138,-9,33,22/09/2026 22:31
INV_113691,STR_118,PRD_1074,83,33,2026-09-22T22:36:34.226281752
INV_113692,STR_142,PRD_1814,78,21,22/09/2026 22:42
INV_113693,STR_122,PRD_2383,143,10,2026-09-22 22:47:42
INV_113694,STR_103,PRD_2047,28,45,2026-09-22 22:53:16
INV_113695,STR_111,PRD_1405,6,41,2026-09-22 22:58:50
INV_113696,STR_148,PRD_1950,5,14,2026-09-22 23:04:24
INV_113697,STR_123,PRD_1566,144,35,22/09/2026 23:09
INV_113698,STR_112,PRD_1325,166,12,22/09/2026 23:15
INV_113699,STR_103,PRD_2357,120,42,2026-09-22T23:21:07.044469631
INV_113700,STR_126,PRD_1328,31,48,2026-09-22 23:26:41
INV_113701,STR_137,PRD_2323,52,29,2026-09-22 23:32:15
INV_113702,STR_138,PRD_1088,18,21,2026-09-22T23:37:49.351290086
INV_113703,STR_107,PRD_1014,119,47,2026-09-22 23:43:23
INV_113704,STR_125,PRD_2324,96,29,2026-09-22 23:48:57
INV_113705,STR_133,PRD_1633,93,26,22/09/2026 23:54
INV_113706,STR_108,PRD_2341,3,17,2026-09-23 00:00:05
INV_113707,STR_109,PRD_1177,1,22,23/09/2026 00:05
INV_113708,STR_9999,PRD_2485,13,18,2026-09-23T00:11:13.964930995
INV_113709,STR_100,PRD_1268,17,28,2026-09-23 00:16:48
INV_113710,STR_147,PRD_2128,135,35,2026-09-23 00:22:22
INV_113711,STR_149,PRD_1338,90,14,2026-09-23 00:27:56
INV_113712,STR_107,PRD_1391,123,34,2026-09-23T00:33:30.374024935
INV_113713,STR_109,PRD_1140,19,14,23/09/2026 00:39
INV_113714,STR_142,PRD_1168,23,32,2026-09-23T00:44:38.578571905
INV_113715,STR_148,PRD_2040,175,44,2026-09-23 00:50:12
INV_113716,STR_124,PRD_1004,145,41,2026-09-23 00:55:46
INV_113717,STR_130,PRD_2160,189,15,2026-09-23 01:01:20
INV_113718,STR_138,PRD_1618,64,23,2026-09-23 01:06:54
INV_113719,STR_102,PRD_2185,170,38,2026-09-23 01:12:29
INV_113720,STR_138,PRD_1768,5,46,2026-09-23 01:18:03
INV_113721,STR_137,PRD_1679,143,31,23/09/2026 01:23
INV_113722,STR_134,PRD_1462,182,29,2026-09-23 01:29:11
INV_113723,STR_107,PRD_2461,174,17,23/09/2026 01:34
INV_113724,STR_100,PRD_2405,148,36,2026-09-23T01:40:19.601306754
INV_113725,STR_104,PRD_1381,16,16,23/09/2026 01:45
INV_113726,STR_9999,PRD_1481,101,43,2026-09-23T01:51:27.805853723
INV_113727,STR_126,PRD_2378,38,37,2026-09-23 01:57:01
INV_113728,STR_144,PRD_2268,126,40,2026-09-23 02:02:36
INV_113729,STR_125,PRD_1624,15,30,23/09/2026 02:08
INV_113730,STR_142,PRD_1475,-5,19,2026-09-23 02:13:44
INV_113731,STR_125,PRD_1464,124,45,2026-09-23 02:19:18
INV_113732,STR_110,PRD_2213,2,22,2026-09-23T02:24:52.419494633
INV_113733,STR_133,PRD_1493,166,35,2026-09-23 02:30:26
INV_113734,STR_140,PRD_1534,-1,43,2026-09-23T02:36:00.624041603
INV_113735,STR_101,PRD_1630,32,28,2026-09-23 02:41:34
INV_113736,STR_120,PRD_1281,99,15,2026-09-23T02:47:08.828588572
INV_113737,STR_9999,PRD_1830,166,24,2026-09-23 02:52:42
INV_113738,STR_125,PRD_1429,101,27,2026-09-23 02:58:17
INV_113739,STR_111,PRD_1580,90,29,2026-09-23 03:03:51
INV_113740,STR_108,PRD_1857,7,10,2026-09-23T03:09:25.237682512
INV_113741,STR_140,PRD_1252,0,31,2026-09-23 03:14:59
INV_113742,STR_122,PRD_1562,-1,45,2026-09-23 03:20:33
INV_113743,STR_141,PRD_2066,145,27,2026-09-23 03:26:07
INV_113744,STR_104,PRD_2164,42,19,2026-09-23 03:31:41
INV_113745,STR_108,PRD_1536,43,29,2026-09-23 03:37:15
INV_113746,STR_149,PRD_1897,142,49,2026-09-23 03:42:49
INV_113747,STR_109,PRD_1269,-5,15,2026-09-23 03:48:23
INV_113748,STR_148,PRD_2384,95,46,2026-09-23 03:53:58
INV_113749,STR_109,PRD_1615,128,31,23/09/2026 03:59
INV_113750,STR_113,PRD_1935,22,13,23/09/2026 04:05
INV_113751,STR_135,PRD_1294,58,13,23/09/2026 04:10
INV_113752,STR_109,PRD_2498,85,28,2026-09-23 04:16:14
INV_113753,STR_149,PRD_1882,163,38,2026-09-23T04:21:48.567237816
INV_113754,STR_136,PRD_1471,77,37,2026-09-23T04:27:22.669511301
INV_113755,STR_140,PRD_1816,194,22,2026-09-23T04:32:56.771784786
INV_113756,STR_137,PRD_2184,44,48,23/09/2026 04:38
INV_113757,STR_147,PRD_1044,187,37,2026-09-23 04:44:04
INV_113758,STR_121,PRD_1798,40,39,23/09/2026 04:49
INV_113759,STR_122,PRD_1879,14,31,23/09/2026 04:55
INV_113760,STR_115,PRD_1677,94,32,2026-09-23 05:00:47
INV_113761,STR_110,PRD_1206,12,27,2026-09-23 05:06:21
INV_113762,STR_146,PRD_2131,167,26,2026-09-23T05:11:55.487699180
INV_113763,STR_9999,PRD_1935,35,40,2026-09-23 05:17:29
INV_113764,STR_134,PRD_1441,194,37,2026-09-23T05:23:03.692246150
INV_113765,STR_147,PRD_2088,161,17,23/09/2026 05:28
INV_113766,STR_119,PRD_1266,130,41,23/09/2026 05:34
INV_113767,STR_136,PRD_1398,188,15,23/09/2026 05:39
INV_113768,STR_140,PRD_1223,165,17,2026-09-23 05:45:20
INV_113769,STR_104,PRD_1664,134,31,2026-09-23 05:50:54
INV_113770,STR_135,PRD_1934,190,49,2026-09-23 05:56:28
INV_113771,STR_112,PRD_2312,3,40,2026-09-23T06:02:02.408160544
INV_113772,STR_8888,PRD_2308,147,15,2026-09-23T06:07:36.510434029
INV_113773,STR_116,PRD_2209,94,13,2026-09-23T06:13:10.612707514
INV_113774,STR_125,PRD_1225,111,16,2026-09-23T06:18:44.714980999
INV_113775,STR_8888,PRD_1199,147,43,2026-09-23T06:24:18.817254484
INV_113776,STR_143,PRD_1503,22,36,2026-09-23 06:29:52
INV_113777,STR_8888,PRD_1010,109,11,2026-09-23 06:35:27
INV_113778,STR_119,PRD_1908,171,23,2026-09-23 06:41:01
INV_113779,STR_138,PRD_1836,174,38,2026-09-23T06:46:35.226348423
INV_113780,STR_132,PRD_1978,20,48,2026-09-23 06:52:09
INV_113781,STR_129,PRD_1276,12,31,2026-09-23 06:57:43
INV_113782,STR_115,PRD_2026,169,14,2026-09-23 07:03:17
INV_113783,STR_106,PRD_1928,104,27,2026-09-23T07:08:51.635442363
INV_113784,STR_129,PRD_1789,43,25,2026-09-23 07:14:25
INV_113785,STR_101,PRD_1004,164,15,23/09/2026 07:19
INV_113786,STR_111,PRD_1520,166,10,2026-09-23T07:25:33.942262817
INV_113787,STR_142,PRD_1279,73,21,2026-09-23 07:31:08
INV_113788,STR_139,PRD_2446,45,33,2026-09-23 07:36:42
INV_113789,STR_100,PRD_1971,81,20,2026-09-23T07:42:16.249083272
INV_113790,STR_102,PRD_2261,-3,43,2026-09-23 07:47:50
INV_113791,STR_107,PRD_1316,139,38,23/09/2026 07:53
INV_113792,STR_125,PRD_1126,51,41,2026-09-23 07:58:58
INV_113793,STR_139,PRD_1303,43,30,2026-09-23 08:04:32
INV_113794,STR_110,PRD_1748,152,49,2026-09-23 08:10:06
INV_113795,STR_120,PRD_1730,108,42,2026-09-23 08:15:40
INV_113796,STR_104,PRD_2201,97,42,2026-09-23 08:21:14
INV_113797,STR_139,PRD_1489,77,37,23/09/2026 08:26
INV_113798,STR_125,PRD_1436,4,45,23/09/2026 08:32
INV_113799,STR_120,PRD_2061,103,10,2026-09-23 08:37:57
INV_113800,STR_108,PRD_1482,-6,21,2026-09-23 08:43:31
INV_113801,STR_116,PRD_1991,6,42,2026-09-23T08:49:05.476365091
INV_113802,STR_136,PRD_1314,81,14,2026-09-23 08:54:39
INV_113803,STR_9999,PRD_2120,106,11,23/09/2026 09:00
INV_113804,STR_9999,PRD_1938,120,45,2026-09-23 09:05:47
INV_113805,STR_101,PRD_1016,136,33,2026-09-23 09:11:21
INV_113806,STR_9999,PRD_1939,91,30,2026-09-23T09:16:55.987732515
INV_113807,STR_146,PRD_1979,198,39,2026-09-23 09:22:30
INV_113808,STR_139,PRD_1446,154,24,2026-09-23 09:28:04
INV_113809,STR_127,PRD_1278,138,18,2026-09-23 09:33:38
INV_113810,STR_126,PRD_1451,90,41,2026-09-23 09:39:12
INV_113811,STR_139,PRD_1665,40,17,2026-09-23 09:44:46
INV_113812,STR_100,PRD_1605,43,32,2026-09-23 09:50:20
INV_113813,STR_145,PRD_1028,128,36,2026-09-23 09:55:54
INV_113814,STR_110,PRD_2033,182,17,23/09/2026 10:01
INV_113815,STR_138,PRD_1801,147,38,2026-09-23 10:07:02
INV_113816,STR_117,PRD_1100,79,20,23/09/2026 10:12
INV_113817,STR_126,PRD_1652,102,30,2026-09-23 10:18:11
INV_113818,STR_146,PRD_1086,160,48,2026-09-23 10:23:45
INV_113819,STR_109,PRD_1469,25,39,2026-09-23T10:29:19.317287819
INV_113820,STR_135,PRD_2324,79,42,23/09/2026 10:34
INV_113821,STR_120,PRD_1639,174,12,23/09/2026 10:40
INV_113822,STR_127,PRD_2229,109,22,23/09/2026 10:46
INV_113823,STR_100,PRD_2105,80,45,2026-09-23 10:51:35
INV_113824,STR_113,PRD_2235,143,32,2026-09-23T10:57:09.828655244
INV_113825,STR_119,PRD_1118,199,35,2026-09-23 11:02:43
INV_113826,STR_8888,PRD_2159,87,19,2026-09-23 11:08:18
INV_113827,STR_108,PRD_1787,49,47,2026-09-23 11:13:52
INV_113828,STR_144,PRD_1376,79,45,2026-09-23 11:19:26
INV_113829,STR_126,PRD_1427,11,32,23/09/2026 11:25
INV_113830,STR_148,PRD_1719,13,17,2026-09-23 11:30:34
INV_113831,STR_8888,PRD_1313,129,23,2026-09-23 11:36:08
INV_113832,STR_103,PRD_2427,64,33,2026-09-23 11:41:42
INV_113833,STR_136,PRD_1242,49,27,2026-09-23 11:47:16
INV_113834,STR_117,PRD_1984,138,49,2026-09-23 11:52:50
INV_113835,STR_130,PRD_2368,69,46,2026-09-23T11:58:24.953663577
INV_113836,STR_148,PRD_1626,153,34,23/09/2026 12:03
INV_113837,STR_138,PRD_2447,-4,29,2026-09-23 12:09:33
INV_113838,STR_109,PRD_1015,178,34,2026-09-23 12:15:07
INV_113839,STR_108,PRD_1515,42,26,23/09/2026 12:20
INV_113840,STR_127,PRD_1265,145,13,2026-09-23 12:26:15
INV_113841,STR_127,PRD_1559,13,30,2026-09-23 12:31:49
INV_113842,STR_112,PRD_1734,42,29,2026-09-23 12:37:23
INV_113843,STR_117,PRD_1715,2,26,2026-09-23 12:42:57
INV_113844,STR_111,PRD_1019,67,44,23/09/2026 12:48
INV_113845,STR_107,PRD_1827,84,32,2026-09-23 12:54:05
INV_113846,STR_122,PRD_1010,61,30,2026-09-23 12:59:40
INV_113847,STR_149,PRD_2043,-10,30,2026-09-23 13:05:14
INV_113848,STR_104,PRD_1278,93,33,2026-09-23 13:10:48
INV_113849,STR_106,PRD_1894,104,46,2026-09-23 13:16:22
INV_113850,STR_114,PRD_1332,70,27,2026-09-23T13:21:56.487765851
INV_113851,STR_102,PRD_2424,30,28,2026-09-23T13:27:30.590039336
INV_113852,STR_117,PRD_1777,176,14,2026-09-23 13:33:04
INV_113853,STR_137,PRD_1743,2,36,2026-09-23T13:38:38.794586306
INV_113854,STR_125,PRD_1037,171,15,2026-09-23 13:44:12
INV_113855,STR_137,PRD_1973,164,23,2026-09-23 13:49:46
INV_113856,STR_8888,PRD_2106,16,12,2026-09-23 13:55:21
INV_113857,STR_132,PRD_1031,194,10,2026-09-23 14:00:55
INV_113858,STR_120,PRD_2077,112,40,23/09/2026 14:06
INV_113859,STR_116,PRD_1736,29,19,2026-09-23 14:12:03
INV_113860,STR_142,PRD_1618,149,40,23/09/2026 14:17
INV_113861,STR_101,PRD_1984,175,26,23/09/2026 14:23
INV_113862,STR_124,PRD_1909,65,48,23/09/2026 14:28
INV_113863,STR_140,PRD_1044,160,49,2026-09-23 14:34:19
INV_113864,STR_118,PRD_1629,41,25,2026-09-23 14:39:53
INV_113865,STR_137,PRD_1293,194,36,2026-09-23T14:45:28.021868124
INV_113866,STR_124,PRD_2148,69,25,2026-09-23 14:51:02
INV_113867,STR_138,PRD_1343,23,13,2026-09-23 14:56:36
INV_113868,STR_103,PRD_2000,123,36,2026-09-23 15:02:10
INV_113869,STR_102,PRD_1891,37,18,2026-09-23T15:07:44.430962064
INV_113870,STR_133,PRD_1422,135,34,2026-09-23T15:13:18.533235549
INV_113871,STR_141,PRD_1166,70,33,23/09/2026 15:18
INV_113872,STR_109,PRD_1268,156,37,23/09/2026 15:24
INV_113873,STR_148,PRD_2217,195,27,23/09/2026 15:30
INV_113874,STR_126,PRD_1929,-4,35,2026-09-23T15:35:34.942329489
INV_113875,STR_147,PRD_2147,-5,19,2026-09-23T15:41:09.044602973
INV_113876,STR_125,PRD_2294,193,43,2026-09-23T15:46:43.146876458
INV_113877,STR_126,PRD_2081,42,47,23/09/2026 15:52
INV_113878,STR_100,PRD_1879,-10,20,2026-09-23 15:57:51
INV_113879,STR_143,PRD_1058,18,23,2026-09-23 16:03:25
INV_113880,STR_119,PRD_1449,81,47,2026-09-23 16:08:59
INV_113881,STR_8888,PRD_1216,186,10,2026-09-23 16:14:33
INV_113882,STR_124,PRD_1243,92,26,2026-09-23 16:20:07
INV_113883,STR_109,PRD_1102,112,26,2026-09-23 16:25:41
INV_113884,STR_100,PRD_1516,91,19,23/09/2026 16:31
INV_113885,STR_115,PRD_1263,87,39,23/09/2026 16:36
INV_113886,STR_110,PRD_1240,166,42,2026-09-23 16:42:24
INV_113887,STR_103,PRD_1860,48,11,2026-09-23 16:47:58
INV_113888,STR_134,PRD_1733,130,29,2026-09-23T16:53:32.374158277
INV_113889,STR_112,PRD_2252,34,41,2026-09-23 16:59:06
INV_113890,STR_120,PRD_2475,163,12,2026-09-23 17:04:40
INV_113891,STR_114,PRD_1930,111,45,2026-09-23 17:10:14
INV_113892,STR_109,PRD_1454,12,14,2026-09-23 17:15:48
INV_113893,STR_137,PRD_1985,21,29,2026-09-23 17:21:22
INV_113894,STR_110,PRD_1543,61,12,2026-09-23 17:26:56
INV_113895,STR_131,PRD_1864,100,12,2026-09-23 17:32:31
INV_113896,STR_132,PRD_1373,64,45,2026-09-23T17:38:05.192346156
INV_113897,STR_119,PRD_2047,130,15,23/09/2026 17:43
INV_113898,STR_135,PRD_2329,42,48,2026-09-23 17:49:13
INV_113899,STR_129,PRD_1373,9,45,2026-09-23 17:54:47
INV_113900,STR_109,PRD_2210,118,33,2026-09-23T18:00:21.601440096
INV_113901,STR_114,PRD_1960,46,47,23/09/2026 18:05
INV_113902,STR_128,PRD_1639,55,46,2026-09-23 18:11:29
INV_113903,STR_100,PRD_1111,128,17,23/09/2026 18:17
INV_113904,STR_120,PRD_1492,35,47,2026-09-23 18:22:38
INV_113905,STR_114,PRD_1293,19,25,2026-09-23 18:28:12
INV_113906,STR_102,PRD_1421,186,10,23/09/2026 18:33
INV_113907,STR_132,PRD_1148,-4,23,2026-09-23T18:39:20.317354490
INV_113908,STR_137,PRD_1150,141,19,2026-09-23 18:44:54
INV_113909,STR_118,PRD_2197,84,19,2026-09-23 18:50:28
INV_113910,STR_103,PRD_2220,165,31,23/09/2026 18:56
INV_113911,STR_111,PRD_2278,32,49,2026-09-23 19:01:36
INV_113912,STR_124,PRD_2437,68,40,23/09/2026 19:07
INV_113913,STR_133,PRD_1167,25,13,2026-09-23 19:12:44
INV_113914,STR_116,PRD_2105,191,32,2026-09-23 19:18:19
INV_113915,STR_105,PRD_1069,118,21,23/09/2026 19:23
INV_113916,STR_111,PRD_1425,-4,17,2026-09-23 19:29:27
INV_113917,STR_114,PRD_2425,33,33,2026-09-23T19:35:01.340089339
INV_113918,STR_116,PRD_1524,50,10,23/09/2026 19:40
INV_113919,STR_100,PRD_1211,15,35,2026-09-23 19:46:09
INV_113920,STR_113,PRD_1101,96,31,2026-09-23 19:51:43
INV_113921,STR_101,PRD_2361,96,34,2026-09-23 19:57:17
INV_113922,STR_103,PRD_1332,110,40,2026-09-23 20:02:51
INV_113923,STR_8888,PRD_1204,147,43,2026-09-23T20:08:25.953730249
INV_113924,STR_101,PRD_1228,-10,46,23/09/2026 20:14
INV_113925,STR_125,PRD_2212,52,20,2026-09-23 20:19:34
INV_113926,STR_145,PRD_2122,4,13,2026-09-23 20:25:08
INV_113927,STR_149,PRD_2434,180,17,2026-09-23 20:30:42
INV_113928,STR_139,PRD_1953,44,44,23/09/2026 20:36
INV_113929,STR_8888,PRD_1459,46,34,23/09/2026 20:41
INV_113930,STR_132,PRD_2217,106,40,2026-09-23T20:47:24.669644643
INV_113931,STR_147,PRD_1554,9,32,23/09/2026 20:52
INV_113932,STR_138,PRD_1889,139,49,2026-09-23 20:58:32
INV_113933,STR_105,PRD_1635,78,47,2026-09-23 21:04:06
INV_113934,STR_129,PRD_2043,167,13,23/09/2026 21:09
INV_113935,STR_121,PRD_1930,106,45,2026-09-23 21:15:15
INV_113936,STR_126,PRD_1310,153,16,2026-09-23 21:20:49
INV_113937,STR_118,PRD_1841,154,19,2026-09-23T21:26:23.385559037
INV_113938,STR_109,PRD_1679,163,15,2026-09-23T21:31:57.487832522
INV_113939,STR_105,PRD_1995,108,40,2026-09-23 21:37:31
INV_113940,STR_125,PRD_1078,144,13,2026-09-23 21:43:05
INV_113941,STR_141,PRD_2193,136,30,2026-09-23 21:48:39
INV_113942,STR_9999,PRD_1245,72,29,2026-09-23T21:54:13.896926462
INV_113943,STR_102,PRD_1782,5,26,23/09/2026 21:59
INV_113944,STR_8888,PRD_1471,43,15,23/09/2026 22:05
INV_113945,STR_102,PRD_2122,84,20,2026-09-23 22:10:56
INV_113946,STR_8888,PRD_1321,151,27,2026-09-23T22:16:30.306020401
INV_113947,STR_105,PRD_1140,68,18,2026-09-23 22:22:04
INV_113948,STR_148,PRD_2132,168,21,2026-09-23 22:27:38
INV_113949,STR_149,PRD_1312,25,40,2026-09-23 22:33:12
INV_113950,STR_109,PRD_2144,116,40,2026-09-23 22:38:46
INV_113951,STR_137,PRD_1098,170,43,2026-09-23 22:44:20
INV_113952,STR_112,PRD_1493,79,25,2026-09-23T22:49:54.919661311
INV_113953,STR_137,PRD_2167,83,21,2026-09-23 22:55:29
INV_113954,STR_111,PRD_1109,179,22,2026-09-23T23:01:03.124208280
INV_113955,STR_145,PRD_1483,148,45,2026-09-23 23:06:37
INV_113956,STR_148,PRD_1129,78,22,2026-09-23 23:12:11
INV_113957,STR_126,PRD_2423,121,11,2026-09-23 23:17:45
INV_113958,STR_107,PRD_1839,1,24,23/09/2026 23:23
INV_113959,STR_104,PRD_1505,170,22,2026-09-23 23:28:53
INV_113960,STR_135,PRD_1768,50,43,23/09/2026 23:34
INV_113961,STR_137,PRD_1209,136,35,2026-09-23 23:40:01
INV_113962,STR_142,PRD_1360,108,15,2026-09-23 23:45:35
INV_113963,STR_129,PRD_1153,173,30,2026-09-23 23:51:10
INV_113964,STR_136,PRD_1532,-2,42,23/09/2026 23:56
INV_113965,STR_128,PRD_2383,14,24,2026-09-24 00:02:18
INV_113966,STR_121,PRD_1309,43,44,24/09/2026 00:07
INV_113967,STR_113,PRD_1473,101,37,24/09/2026 00:13
INV_113968,STR_109,PRD_1735,164,15,2026-09-24 00:19:00
INV_113969,STR_110,PRD_1635,30,46,2026-09-24 00:24:34
INV_113970,STR_134,PRD_1875,168,49,2026-09-24 00:30:08
INV_113971,STR_122,PRD_1299,39,15,2026-09-24 00:35:42
INV_113972,STR_107,PRD_1340,106,20,2026-09-24T00:41:16.965131009
INV_113973,STR_120,PRD_2027,124,23,24/09/2026 00:46
INV_113974,STR_136,PRD_1634,16,30,2026-09-24 00:52:25
INV_113975,STR_127,PRD_1553,165,29,2026-09-24 00:57:59
INV_113976,STR_8888,PRD_2192,100,14,2026-09-24 01:03:33
INV_113977,STR_130,PRD_1419,44,18,2026-09-24 01:09:07
INV_113978,STR_127,PRD_2303,180,39,2026-09-24 01:14:41
INV_113979,STR_141,PRD_1736,96,47,2026-09-24 01:20:15
INV_113980,STR_126,PRD_1388,123,36,2026-09-24 01:25:49
INV_113981,STR_139,PRD_2208,152,14,2026-09-24 01:31:23
INV_113982,STR_120,PRD_2346,149,14,2026-09-24 01:36:57
INV_113983,STR_108,PRD_1010,195,49,2026-09-24 01:42:32
INV_113984,STR_128,PRD_1607,-5,24,2026-09-24T01:48:06.192412827
INV_113985,STR_114,PRD_1277,180,18,24/09/2026 01:53
INV_113986,STR_132,PRD_2162,7,34,24/09/2026 01:59
INV_113987,STR_136,PRD_2017,148,17,2026-09-24 02:04:48
INV_113988,STR_146,PRD_2109,41,23,2026-09-24T02:10:22.601506767
INV_113989,STR_135,PRD_1230,133,48,2026-09-24T02:15:56.703780252
INV_113990,STR_9999,PRD_2474,173,41,2026-09-24 02:21:30
INV_113991,STR_127,PRD_1137,184,40,24/09/2026 02:27
INV_113992,STR_109,PRD_1996,179,32,2026-09-24T02:32:39.010600707
INV_113993,STR_122,PRD_1530,70,10,2026-09-24T02:38:13.112874192
INV_113994,STR_127,PRD_2361,169,40,2026-09-24 02:43:47
INV_113995,STR_133,PRD_2179,122,16,2026-09-24 02:49:21
INV_113996,STR_104,PRD_1606,170,24,2026-09-24T02:54:55.419694646
INV_113997,STR_117,PRD_2040,197,15,2026-09-24 03:00:29
INV_113998,STR_105,PRD_1791,134,25,2026-09-24 03:06:03
INV_113999,STR_141,PRD_2284,148,23,2026-09-24 03:11:37
INV_114000,STR_146,PRD_2183,5,26,2026-09-24 03:17:11
INV_114001,STR_122,PRD_2332,174,19,2026-09-24T03:22:45.931062071
INV_114002,STR_127,PRD_1080,10,38,24/09/2026 03:28
INV_114003,STR_140,PRD_1696,158,17,2026-09-24 03:33:54
INV_114004,STR_112,PRD_1212,28,20,2026-09-24 03:39:28
INV_114005,STR_149,PRD_2450,26,27,24/09/2026 03:45
INV_114006,STR_124,PRD_2365,158,29,2026-09-24 03:50:36
INV_114007,STR_106,PRD_2382,42,25,2026-09-24T03:56:10.544702980
INV_114008,STR_101,PRD_1205,63,36,2026-09-24T04:01:44.646976465
INV_114009,STR_115,PRD_2359,21,32,2026-09-24 04:07:18
INV_114010,STR_101,PRD_2284,14,23,2026-09-24 04:12:52
INV_114011,STR_135,PRD_1899,170,21,24/09/2026 04:18
INV_114012,STR_101,PRD_1747,53,36,2026-09-24 04:24:01
INV_114013,STR_148,PRD_2266,150,22,24/09/2026 04:29
INV_114014,STR_137,PRD_1876,92,25,2026-09-24 04:35:09
INV_114015,STR_109,PRD_1581,91,42,2026-09-24 04:40:43
INV_114016,STR_113,PRD_1394,27,33,2026-09-24 04:46:17
INV_114017,STR_126,PRD_1336,81,21,2026-09-24 04:51:51
INV_114018,STR_114,PRD_1798,68,18,24/09/2026 04:57
INV_114019,STR_120,PRD_1780,125,22,2026-09-24 05:02:59
INV_114020,STR_111,PRD_1278,-10,17,2026-09-24 05:08:33
INV_114021,STR_9999,PRD_1248,191,27,2026-09-24 05:14:07
INV_114022,STR_142,PRD_1832,48,36,2026-09-24 05:19:42
INV_114023,STR_132,PRD_2053,24,42,24/09/2026 05:25
INV_114024,STR_139,PRD_1911,5,16,24/09/2026 05:30
INV_114025,STR_121,PRD_1938,131,22,24/09/2026 05:36
INV_114026,STR_137,PRD_2154,-6,24,2026-09-24T05:41:58.487899193
INV_114027,STR_143,PRD_1523,69,43,2026-09-24 05:47:32
INV_114028,STR_8888,PRD_1459,10,49,2026-09-24T05:53:06.692446163
INV_114029,STR_147,PRD_1394,47,29,2026-09-24 05:58:40
INV_114030,STR_117,PRD_1412,46,46,2026-09-24 06:04:14
INV_114031,STR_143,PRD_1116,128,26,24/09/2026 06:09
INV_114032,STR_8888,PRD_2172,60,38,2026-09-24 06:15:23
INV_114033,STR_101,PRD_1108,110,30,2026-09-24 06:20:57
INV_114034,STR_128,PRD_1235,125,23,24/09/2026 06:26
INV_114035,STR_106,PRD_1825,198,38,2026-09-24T06:32:05.408360557
INV_114036,STR_130,PRD_2450,131,31,2026-09-24 06:37:39
INV_114037,STR_140,PRD_2009,166,42,2026-09-24 06:43:13
INV_114038,STR_117,PRD_2203,97,22,2026-09-24 06:48:47
INV_114039,STR_108,PRD_1908,150,40,24/09/2026 06:54
INV_114040,STR_107,PRD_1395,141,21,2026-09-24T06:59:55.919727982
INV_114041,STR_132,PRD_1976,188,41,2026-09-24 07:05:30
INV_114042,STR_104,PRD_1000,27,15,2026-09-24T07:11:04.124274952
INV_114043,STR_147,PRD_1007,68,20,24/09/2026 07:16
INV_114044,STR_113,PRD_1143,39,32,2026-09-24 07:22:12
INV_114045,STR_112,PRD_1274,78,16,24/09/2026 07:27
INV_114046,STR_110,PRD_1286,53,29,2026-09-24T07:33:20.533368891
INV_114047,STR_119,PRD_1489,114,13,2026-09-24T07:38:54.635642376
INV_114048,STR_122,PRD_1632,198,30,24/09/2026 07:44
INV_114049,STR_144,PRD_1728,119,39,2026-09-24 07:50:02
INV_114050,STR_126,PRD_1030,156,34,2026-09-24 07:55:36
INV_114051,STR_114,PRD_1963,191,40,2026-09-24T08:01:11.044736316
INV_114052,STR_129,PRD_2475,131,11,2026-09-24 08:06:45
INV_114053,STR_115,PRD_1243,129,29,2026-09-24 08:12:19
INV_114054,STR_144,PRD_1139,70,23,2026-09-24T08:17:53.351556770
INV_114055,STR_139,PRD_1400,67,47,24/09/2026 08:23
INV_114056,STR_117,PRD_1724,168,32,24/09/2026 08:29
INV_114057,STR_9999,PRD_1981,-1,14,2026-09-24 08:34:35
INV_114058,STR_146,PRD_1163,33,28,2026-09-24T08:40:09.760650710
INV_114059,STR_141,PRD_1103,29,16,24/09/2026 08:45
INV_114060,STR_122,PRD_1062,98,30,24/09/2026 08:51
INV_114061,STR_135,PRD_1014,177,42,2026-09-24 08:56:52
INV_114062,STR_137,PRD_1178,59,29,2026-09-24T09:02:26.169744650
INV_114063,STR_107,PRD_1440,20,18,2026-09-24 09:08:00
INV_114064,STR_138,PRD_1524,26,40,2026-09-24T09:13:34.374291619
INV_114065,STR_128,PRD_1726,190,17,2026-09-24 09:19:08
INV_114066,STR_111,PRD_1310,175,20,2026-09-24T09:24:42.578838589
INV_114067,STR_117,PRD_1737,160,16,24/09/2026 09:30
INV_114068,STR_149,PRD_1129,98,30,2026-09-24 09:35:50
INV_114069,STR_118,PRD_1967,86,37,2026-09-24T09:41:24.885659044
INV_114070,STR_135,PRD_2489,60,24,2026-09-24 09:46:58
INV_114071,STR_132,PRD_2286,27,17,2026-09-24 09:52:33
INV_114072,STR_104,PRD_2194,-3,21,2026-09-24T09:58:07.192479499
INV_114073,STR_138,PRD_1926,23,14,2026-09-24 10:03:41
INV_114074,STR_127,PRD_2429,134,17,2026-09-24 10:09:15
INV_114075,STR_125,PRD_2048,6,46,2026-09-24T10:14:49.499299953
INV_114076,STR_142,PRD_2011,83,23,2026-09-24 10:20:23
INV_114077,STR_120,PRD_1448,71,13,2026-09-24 10:25:57
INV_114078,STR_122,PRD_1159,42,36,2026-09-24 10:31:31
INV_114079,STR_120,PRD_2240,132,24,2026-09-24 10:37:05
INV_114080,STR_110,PRD_1687,53,29,2026-09-24 10:42:40
INV_114081,STR_141,PRD_1847,98,31,2026-09-24 10:48:14
INV_114082,STR_138,PRD_1489,46,45,2026-09-24 10:53:48
INV_114083,STR_115,PRD_1279,137,39,2026-09-24 10:59:22
INV_114084,STR_132,PRD_1080,50,42,2026-09-24 11:04:56
INV_114085,STR_126,PRD_2148,14,37,24/09/2026 11:10
INV_114086,STR_100,PRD_1169,67,47,2026-09-24T11:16:04.624308287
INV_114087,STR_143,PRD_2113,16,49,24/09/2026 11:21
INV_114088,STR_115,PRD_1379,164,13,2026-09-24 11:27:12
INV_114089,STR_104,PRD_1859,88,23,2026-09-24 11:32:46
INV_114090,STR_145,PRD_1110,17,11,24/09/2026 11:38
INV_114091,STR_117,PRD_1163,123,46,2026-09-24 11:43:55
INV_114092,STR_140,PRD_1414,30,28,2026-09-24 11:49:29
INV_114093,STR_133,PRD_1639,48,23,2026-09-24 11:55:03
INV_114094,STR_143,PRD_1154,67,16,24/09/2026 12:00
INV_114095,STR_124,PRD_1193,178,18,2026-09-24 12:06:11
INV_114096,STR_141,PRD_2499,197,42,2026-09-24 12:11:45
INV_114097,STR_133,PRD_1684,38,33,2026-09-24T12:17:19.749316621
INV_114098,STR_114,PRD_1824,97,30,2026-09-24 12:22:53
INV_114099,STR_103,PRD_1020,89,10,2026-09-24 12:28:27
INV_114100,STR_9999,PRD_1822,-6,30,2026-09-24 12:34:02
INV_114101,STR_103,PRD_2022,0,49,2026-09-24T12:39:36.158410561
INV_114102,STR_124,PRD_1108,75,33,2026-09-24 12:45:10
INV_114103,STR_140,PRD_1398,29,47,2026-09-24 12:50:44
INV_114104,STR_112,PRD_1929,103,13,2026-09-24 12:56:18
INV_114105,STR_141,PRD_1871,59,15,2026-09-24T13:01:52.567504500
INV_114106,STR_145,PRD_1128,156,12,2026-09-24 13:07:26
INV_114107,STR_124,PRD_1279,59,43,24/09/2026 13:13
INV_114108,STR_102,PRD_1426,99,34,2026-09-24 13:18:34
INV_114109,STR_134,PRD_2050,9,36,2026-09-24 13:24:08
INV_114110,STR_8888,PRD_1904,121,27,2026-09-24 13:29:43
INV_114111,STR_147,PRD_1343,2,14,2026-09-24T13:35:17.181145410
INV_114112,STR_108,PRD_2424,38,33,24/09/2026 13:40
INV_114113,STR_113,PRD_1603,65,41,2026-09-24T13:46:25.385692379
INV_114114,STR_121,PRD_2318,-2,30,2026-09-24 13:51:59
INV_114115,STR_147,PRD_1195,48,43,24/09/2026 13:57
INV_114116,STR_108,PRD_1892,105,38,24/09/2026 14:03
INV_114117,STR_123,PRD_1732,-8,14,2026-09-24 14:08:41
INV_114118,STR_122,PRD_1155,0,37,24/09/2026 14:14
INV_114119,STR_136,PRD_1439,-6,15,2026-09-24 14:19:49
INV_114120,STR_144,PRD_1100,152,20,2026-09-24 14:25:24
INV_114121,STR_114,PRD_1747,102,48,24/09/2026 14:30
INV_114122,STR_135,PRD_1499,141,17,2026-09-24 14:36:32
INV_114123,STR_113,PRD_2308,187,44,2026-09-24 14:42:06
INV_114124,STR_8888,PRD_2092,71,20,2026-09-24 14:47:40
INV_114125,STR_119,PRD_1385,114,29,2026-09-24 14:53:14
INV_114126,STR_138,PRD_2475,123,31,24/09/2026 14:58
INV_114127,STR_135,PRD_1137,75,21,2026-09-24 15:04:22
INV_114128,STR_126,PRD_1247,31,14,2026-09-24 15:09:56
INV_114129,STR_116,PRD_1102,32,43,2026-09-24 15:15:31
INV_114130,STR_125,PRD_1509,131,43,2026-09-24 15:21:05
INV_114131,STR_140,PRD_2398,193,39,2026-09-24T15:26:39.226615108
INV_114132,STR_103,PRD_1726,14,32,2026-09-24 15:32:13
INV_114133,STR_102,PRD_2178,7,45,24/09/2026 15:37
INV_114134,STR_118,PRD_1086,141,34,2026-09-24 15:43:21
INV_114135,STR_140,PRD_1879,180,15,2026-09-24 15:48:55
INV_114136,STR_139,PRD_1930,196,38,2026-09-24 15:54:29
INV_114137,STR_138,PRD_2232,95,30,2026-09-24T16:00:03.840256017
INV_114138,STR_106,PRD_2006,-10,16,2026-09-24 16:05:37
INV_114139,STR_135,PRD_2201,4,46,2026-09-24 16:11:12
INV_114140,STR_118,PRD_2013,171,18,2026-09-24 16:16:46
INV_114141,STR_111,PRD_1257,23,45,2026-09-24 16:22:20
INV_114142,STR_119,PRD_1272,169,10,2026-09-24 16:27:54
INV_114143,STR_137,PRD_1862,-9,40,2026-09-24 16:33:28
INV_114144,STR_111,PRD_1847,153,29,2026-09-24 16:39:02
INV_114145,STR_128,PRD_2047,140,37,2026-09-24 16:44:36
INV_114146,STR_129,PRD_1824,141,28,24/09/2026 16:50
INV_114147,STR_119,PRD_1594,99,10,24/09/2026 16:55
INV_114148,STR_103,PRD_1399,149,38,2026-09-24 17:01:18
INV_114149,STR_101,PRD_1352,40,19,2026-09-24 17:06:53
INV_114150,STR_146,PRD_1803,35,45,2026-09-24 17:12:27
INV_114151,STR_129,PRD_2324,130,32,2026-09-24 17:18:01
INV_114152,STR_122,PRD_1009,86,27,24/09/2026 17:23
INV_114153,STR_105,PRD_2066,95,38,2026-09-24T17:29:09.476631775
INV_114154,STR_117,PRD_2074,3,37,2026-09-24 17:34:43
INV_114155,STR_121,PRD_1718,6,16,2026-09-24 17:40:17
INV_114156,STR_136,PRD_1106,111,40,2026-09-24 17:45:51
INV_114157,STR_103,PRD_1770,133,47,2026-09-24 17:51:25
INV_114158,STR_142,PRD_2258,149,11,2026-09-24 17:56:59
INV_114159,STR_110,PRD_1489,196,24,2026-09-24T18:02:34.090272685
INV_114160,STR_140,PRD_1674,96,31,2026-09-24 18:08:08
INV_114161,STR_134,PRD_1474,1,20,24/09/2026 18:13
INV_114162,STR_110,PRD_1580,120,28,2026-09-24 18:19:16
INV_114163,STR_133,PRD_1846,64,15,2026-09-24 18:24:50
INV_114164,STR_108,PRD_2315,170,18,2026-09-24 18:30:24
INV_114165,STR_130,PRD_1459,32,38,24/09/2026 18:35
INV_114166,STR_141,PRD_1424,122,12,2026-09-24T18:41:32.806187079
INV_114167,STR_131,PRD_1328,164,22,2026-09-24 18:47:06
INV_114168,STR_142,PRD_2208,16,24,2026-09-24T18:52:41.010734049
INV_114169,STR_134,PRD_1766,116,14,2026-09-24 18:58:15
INV_114170,STR_148,PRD_1505,169,14,2026-09-24 19:03:49
INV_114171,STR_110,PRD_1627,45,11,2026-09-24 19:09:23
INV_114172,STR_116,PRD_1477,197,47,2026-09-24 19:14:57
INV_114173,STR_9999,PRD_1013,93,39,2026-09-24 19:20:31
INV_114174,STR_135,PRD_1889,197,37,2026-09-24 19:26:05
INV_114175,STR_101,PRD_1726,69,48,24/09/2026 19:31
INV_114176,STR_123,PRD_2116,57,41,2026-09-24 19:37:13
INV_114177,STR_145,PRD_2010,80,29,24/09/2026 19:42
INV_114178,STR_114,PRD_1745,4,29,2026-09-24T19:48:22.033468898
INV_114179,STR_127,PRD_1179,136,38,2026-09-24 19:53:56
INV_114180,STR_102,PRD_1565,15,44,24/09/2026 19:59
INV_114181,STR_128,PRD_1304,196,41,2026-09-24T20:05:04.340289353
INV_114182,STR_8888,PRD_1474,162,26,24/09/2026 20:10
INV_114183,STR_144,PRD_1898,-1,17,2026-09-24 20:16:12
INV_114184,STR_112,PRD_1523,87,30,2026-09-24 20:21:46
INV_114185,STR_149,PRD_2134,91,32,2026-09-24T20:27:20.749383292
INV_114186,STR_121,PRD_2438,143,36,2026-09-24 20:32:54
INV_114187,STR_8888,PRD_1420,125,15,2026-09-24 20:38:28
INV_114188,STR_130,PRD_1410,69,17,24/09/2026 20:44
INV_114189,STR_106,PRD_1680,21,44,24/09/2026 20:49
INV_114190,STR_147,PRD_1615,10,14,2026-09-24 20:55:11
INV_114191,STR_147,PRD_1522,85,42,2026-09-24T21:00:45.363024202
INV_114192,STR_125,PRD_1328,34,10,2026-09-24 21:06:19
INV_114193,STR_130,PRD_1271,172,33,2026-09-24 21:11:53
INV_114194,STR_137,PRD_1013,1,41,2026-09-24T21:17:27.669844656
INV_114195,STR_137,PRD_1174,165,42,2026-09-24 21:23:01
INV_114196,STR_103,PRD_1157,92,47,24/09/2026 21:28
INV_114197,STR_134,PRD_1621,176,11,2026-09-24 21:34:09
INV_114198,STR_132,PRD_1233,63,26,24/09/2026 21:39
INV_114199,STR_102,PRD_1140,59,19,2026-09-24 21:45:18
INV_114200,STR_118,PRD_1118,26,46,2026-09-24 21:50:52
INV_114201,STR_108,PRD_1381,199,46,2026-09-24T21:56:26.385759051
INV_114202,STR_145,PRD_1688,101,11,2026-09-24 22:02:00
INV_114203,STR_118,PRD_2433,148,21,2026-09-24 22:07:34
INV_114204,STR_118,PRD_1048,120,46,2026-09-24 22:13:08
INV_114205,STR_125,PRD_2393,58,39,2026-09-24 22:18:42
INV_114206,STR_112,PRD_2356,87,24,2026-09-24T22:24:16.897126475
INV_114207,STR_121,PRD_1148,176,32,2026-09-24T22:29:50.999399960
INV_114208,STR_147,PRD_1156,22,27,2026-09-24 22:35:25
INV_114209,STR_107,PRD_1603,25,40,2026-09-24T22:40:59.203946930
INV_114210,STR_123,PRD_1151,191,47,2026-09-24 22:46:33
INV_114211,STR_125,PRD_2484,-8,38,24/09/2026 22:52
INV_114212,STR_147,PRD_1375,192,23,2026-09-24 22:57:41
INV_114213,STR_140,PRD_1681,120,49,2026-09-24 23:03:15
INV_114214,STR_140,PRD_1595,95,32,2026-09-24 23:08:49
INV_114215,STR_102,PRD_2448,176,34,2026-09-24 23:14:23
INV_114216,STR_106,PRD_2071,171,47,2026-09-24 23:19:57
INV_114217,STR_8888,PRD_2358,17,37,2026-09-24 23:25:32
INV_114218,STR_149,PRD_1588,126,44,24/09/2026 23:31
INV_114219,STR_101,PRD_2022,15,39,2026-09-24 23:36:40
INV_114220,STR_132,PRD_1775,146,36,2026-09-24 23:42:14
INV_114221,STR_111,PRD_2492,-1,17,2026-09-24T23:47:48.431228748
INV_114222,STR_147,PRD_2268,144,28,2026-09-24 23:53:22
INV_114223,STR_111,PRD_1631,180,10,24/09/2026 23:58
INV_114224,STR_109,PRD_1261,98,29,25/09/2026 00:04
INV_114225,STR_140,PRD_1841,51,39,2026-09-25T00:10:04.840322688
INV_114226,STR_126,PRD_2273,85,38,2026-09-25T00:15:38.942596173
INV_114227,STR_117,PRD_2075,135,17,2026-09-25T00:21:13.044869658
INV_114228,STR_103,PRD_1488,170,23,2026-09-25 00:26:47
INV_114229,STR_139,PRD_2165,199,47,2026-09-25T00:32:21.249416628
INV_114230,STR_122,PRD_2395,75,12,25/09/2026 00:37
INV_114231,STR_120,PRD_1250,134,12,2026-09-25 00:43:29
INV_114232,STR_135,PRD_1313,38,23,2026-09-25 00:49:03
INV_114233,STR_129,PRD_2248,143,30,25/09/2026 00:54
INV_114234,STR_147,PRD_2079,-6,44,2026-09-25 01:00:11
INV_114235,STR_120,PRD_2362,62,36,2026-09-25T01:05:45.863057537
INV_114236,STR_122,PRD_1752,33,37,25/09/2026 01:11
INV_114237,STR_120,PRD_2006,141,37,2026-09-25 01:16:54
INV_114238,STR_107,PRD_1163,174,14,25/09/2026 01:22
INV_114239,STR_138,PRD_2464,110,48,25/09/2026 01:28
INV_114240,STR_112,PRD_1974,-4,19,2026-09-25 01:33:36
INV_114241,STR_139,PRD_1132,9,18,2026-09-25 01:39:10
INV_114242,STR_121,PRD_1080,173,29,2026-09-25 01:44:44
INV_114243,STR_106,PRD_1349,97,38,2026-09-25 01:50:18
INV_114244,STR_123,PRD_1133,189,38,2026-09-25 01:55:52
INV_114245,STR_104,PRD_1974,136,37,25/09/2026 02:01
INV_114246,STR_149,PRD_2075,53,20,25/09/2026 02:07
INV_114247,STR_125,PRD_1493,32,30,25/09/2026 02:12
INV_114248,STR_9999,PRD_1201,33,44,2026-09-25 02:18:09
INV_114249,STR_109,PRD_1709,142,32,2026-09-25 02:23:43
INV_114250,STR_110,PRD_1617,6,38,2026-09-25 02:29:17
INV_114251,STR_139,PRD_1755,28,24,2026-09-25 02:34:51
INV_114252,STR_137,PRD_1972,142,26,2026-09-25 02:40:25
INV_114253,STR_110,PRD_2037,88,33,2026-09-25 02:45:59
INV_114254,STR_147,PRD_2408,28,44,2026-09-25 02:51:33
INV_114255,STR_129,PRD_2224,28,29,2026-09-25 02:57:07
INV_114256,STR_103,PRD_1164,176,45,2026-09-25 03:02:42
INV_114257,STR_101,PRD_1560,183,20,2026-09-25T03:08:16.113074205
INV_114258,STR_112,PRD_2156,5,39,25/09/2026 03:13
INV_114259,STR_138,PRD_1581,42,48,25/09/2026 03:19
INV_114260,STR_116,PRD_1118,95,29,2026-09-25T03:24:58.419894660
INV_114261,STR_122,PRD_1692,195,31,2026-09-25 03:30:32
INV_114262,STR_144,PRD_2206,146,33,2026-09-25T03:36:06.624441629
INV_114263,STR_109,PRD_2481,183,23,2026-09-25 03:41:40
INV_114264,STR_112,PRD_1334,-1,45,2026-09-25 03:47:14
INV_114265,STR_141,PRD_1636,-9,22,2026-09-25T03:52:48.931262084
INV_114266,STR_138,PRD_1230,130,10,2026-09-25 03:58:23
INV_114267,STR_141,PRD_1310,171,36,25/09/2026 04:03
INV_114268,STR_128,PRD_1002,-9,22,2026-09-25 04:09:31
INV_114269,STR_115,PRD_1684,159,44,2026-09-25 04:15:05
INV_114270,STR_102,PRD_1080,3,17,2026-09-25T04:20:39.442629509
INV_114271,STR_135,PRD_2298,198,27,25/09/2026 04:26
INV_114272,STR_103,PRD_1387,40,43,2026-09-25 04:31:47
INV_114273,STR_135,PRD_1826,97,15,25/09/2026 04:37
INV_114274,STR_115,PRD_2368,38,36,2026-09-25T04:42:55.851723448
INV_114275,STR_140,PRD_1218,155,27,2026-09-25 04:48:29
INV_114276,STR_105,PRD_1651,151,18,2026-09-25 04:54:04
INV_114277,STR_141,PRD_1062,18,24,2026-09-25 04:59:38
INV_114278,STR_127,PRD_1439,100,32,2026-09-25 05:05:12
INV_114279,STR_135,PRD_2050,113,12,2026-09-25 05:10:46
INV_114280,STR_122,PRD_1707,53,18,2026-09-25 05:16:20
INV_114281,STR_111,PRD_2404,12,31,2026-09-25 05:21:54
INV_114282,STR_141,PRD_2271,12,32,25/09/2026 05:27
INV_114283,STR_130,PRD_2177,5,29,2026-09-25T05:33:02.772184812
INV_114284,STR_111,PRD_1209,33,16,2026-09-25T05:38:36.874458297
INV_114285,STR_131,PRD_2045,49,26,2026-09-25 05:44:10
INV_114286,STR_124,PRD_2042,188,12,2026-09-25T05:49:45.079005267
INV_114287,STR_9999,PRD_1508,98,16,2026-09-25T05:55:19.181278752
INV_114288,STR_128,PRD_1673,54,22,25/09/2026 06:00
INV_114289,STR_118,PRD_1650,136,32,2026-09-25 06:06:27
INV_114290,STR_121,PRD_1887,162,46,2026-09-25 06:12:01
INV_114291,STR_123,PRD_2452,86,13,2026-09-25 06:17:35
INV_114292,STR_132,PRD_1036,87,18,2026-09-25T06:23:09.692646176
INV_114293,STR_135,PRD_1406,118,15,25/09/2026 06:28
INV_114294,STR_144,PRD_1423,1,27,2026-09-25 06:34:17
INV_114295,STR_139,PRD_1682,142,44,2026-09-25T06:39:51.999466631
INV_114296,STR_145,PRD_1337,76,32,2026-09-25 06:45:26
INV_114297,STR_115,PRD_2294,78,40,2026-09-25 06:51:00
INV_114298,STR_101,PRD_1918,77,29,25/09/2026 06:56
INV_114299,STR_107,PRD_1766,127,16,2026-09-25 07:02:08
INV_114300,STR_112,PRD_1651,183,21,2026-09-25 07:07:42
INV_114301,STR_129,PRD_1947,150,46,2026-09-25 07:13:16
INV_114302,STR_100,PRD_2485,119,13,2026-09-25T07:18:50.715381025
INV_114303,STR_111,PRD_2338,121,21,2026-09-25T07:24:24.817654510
INV_114304,STR_148,PRD_2081,140,24,2026-09-25 07:29:58
INV_114305,STR_106,PRD_1375,99,11,25/09/2026 07:35
INV_114306,STR_147,PRD_2479,30,20,2026-09-25 07:41:07
INV_114307,STR_113,PRD_1406,27,42,2026-09-25 07:46:41
INV_114308,STR_141,PRD_2408,45,23,25/09/2026 07:52
INV_114309,STR_134,PRD_1055,193,36,2026-09-25 07:57:49
INV_114310,STR_127,PRD_2482,161,13,2026-09-25T08:03:23.533568905
INV_114311,STR_111,PRD_1474,181,47,2026-09-25 08:08:57
INV_114312,STR_139,PRD_1016,13,49,2026-09-25 08:14:31
INV_114313,STR_147,PRD_1432,82,29,2026-09-25 08:20:05
INV_114314,STR_123,PRD_1236,158,11,2026-09-25T08:25:39.942662844
INV_114315,STR_100,PRD_1306,17,13,2026-09-25T08:31:14.044936329
INV_114316,STR_116,PRD_1432,51,33,2026-09-25 08:36:48
INV_114317,STR_137,PRD_1023,132,18,2026-09-25T08:42:22.249483299
INV_114318,STR_127,PRD_2323,179,28,25/09/2026 08:47
INV_114319,STR_132,PRD_2261,-1,17,2026-09-25 08:53:30
INV_114320,STR_123,PRD_2013,117,37,2026-09-25 08:59:04
INV_114321,STR_146,PRD_1680,18,22,2026-09-25 09:04:38
INV_114322,STR_144,PRD_1951,148,17,2026-09-25 09:10:12
INV_114323,STR_105,PRD_2311,52,23,2026-09-25 09:15:46
INV_114324,STR_120,PRD_1414,76,19,2026-09-25 09:21:20
INV_114325,STR_144,PRD_1752,135,29,2026-09-25 09:26:55
INV_114326,STR_103,PRD_2423,-4,10,2026-09-25 09:32:29
INV_114327,STR_132,PRD_1415,144,21,2026-09-25 09:38:03
INV_114328,STR_109,PRD_1875,126,44,2026-09-25 09:43:37
INV_114329,STR_135,PRD_1809,9,29,2026-09-25 09:49:11
INV_114330,STR_112,PRD_1889,106,21,2026-09-25 09:54:45
INV_114331,STR_135,PRD_2274,81,21,25/09/2026 10:00
INV_114332,STR_147,PRD_1676,39,48,2026-09-25 10:05:53
INV_114333,STR_108,PRD_1399,178,38,2026-09-25 10:11:27
INV_114334,STR_130,PRD_1852,56,12,2026-09-25T10:17:01.988132542
INV_114335,STR_103,PRD_1140,98,16,2026-09-25 10:22:36
INV_114336,STR_119,PRD_1377,191,32,2026-09-25 10:28:10
INV_114337,STR_107,PRD_2143,134,22,2026-09-25 10:33:44
INV_114338,STR_126,PRD_2361,88,20,2026-09-25T10:39:18.397226482
INV_114339,STR_135,PRD_1449,138,34,2026-09-25 10:44:52
INV_114340,STR_108,PRD_1887,190,29,2026-09-25 10:50:26
INV_114341,STR_142,PRD_2184,198,36,25/09/2026 10:56
INV_114342,STR_123,PRD_2128,149,15,2026-09-25 11:01:34
INV_114343,STR_136,PRD_1849,37,15,2026-09-25 11:07:08
INV_114344,STR_140,PRD_1091,155,48,25/09/2026 11:12
INV_114345,STR_139,PRD_1484,17,18,2026-09-25 11:18:17
INV_114346,STR_129,PRD_2442,199,30,2026-09-25 11:23:51
INV_114347,STR_125,PRD_1420,177,27,2026-09-25 11:29:25
INV_114348,STR_103,PRD_1715,59,10,2026-09-25 11:34:59
INV_114349,STR_8888,PRD_1551,47,21,2026-09-25T11:40:33.522234816
INV_114350,STR_100,PRD_1903,187,10,2026-09-25T11:46:07.624508300
INV_114351,STR_119,PRD_2077,198,37,2026-09-25T11:51:41.726781785
INV_114352,STR_127,PRD_1600,170,33,2026-09-25T11:57:15.829055270
INV_114353,STR_144,PRD_2120,-1,28,2026-09-25 12:02:49
INV_114354,STR_123,PRD_1184,-9,23,2026-09-25 12:08:24
INV_114355,STR_127,PRD_2456,142,23,2026-09-25 12:13:58
INV_114356,STR_127,PRD_2494,155,35,2026-09-25 12:19:32
INV_114357,STR_104,PRD_1964,-10,25,2026-09-25 12:25:06
INV_114358,STR_131,PRD_2148,69,33,2026-09-25 12:30:40
INV_114359,STR_8888,PRD_2357,79,41,25/09/2026 12:36
INV_114360,STR_129,PRD_2287,193,15,2026-09-25 12:41:48
INV_114361,STR_120,PRD_1851,62,39,2026-09-25 12:47:22
INV_114362,STR_141,PRD_1190,2,32,2026-09-25 12:52:56
INV_114363,STR_115,PRD_2244,60,28,25/09/2026 12:58
INV_114364,STR_107,PRD_1198,-10,34,2026-09-25 13:04:05
INV_114365,STR_111,PRD_1343,148,34,2026-09-25 13:09:39
INV_114366,STR_131,PRD_1173,184,11,2026-09-25 13:15:13
INV_114367,STR_124,PRD_1216,45,19,25/09/2026 13:20
INV_114368,STR_102,PRD_2229,136,36,2026-09-25 13:26:21
INV_114369,STR_125,PRD_2396,-7,17,2026-09-25 13:31:55
INV_114370,STR_135,PRD_1173,17,42,2026-09-25T13:37:29.669977998
INV_114371,STR_116,PRD_1077,33,28,2026-09-25 13:43:03
INV_114372,STR_126,PRD_2346,19,39,2026-09-25T13:48:37.874524968
INV_114373,STR_8888,PRD_1575,25,43,2026-09-25 13:54:11
INV_114374,STR_121,PRD_2407,170,23,2026-09-25 13:59:46
INV_114375,STR_144,PRD_1840,95,45,2026-09-25 14:05:20
INV_114376,STR_137,PRD_1436,111,29,2026-09-25 14:10:54
INV_114377,STR_134,PRD_1198,176,32,2026-09-25 14:16:28
INV_114378,STR_145,PRD_1601,185,24,2026-09-25 14:22:02
INV_114379,STR_106,PRD_2030,192,11,2026-09-25T14:27:36.590439363
INV_114380,STR_102,PRD_2286,-7,33,2026-09-25T14:33:10.692712847
INV_114381,STR_105,PRD_2003,0,33,2026-09-25 14:38:44
INV_114382,STR_112,PRD_1633,42,40,25/09/2026 14:44
INV_114383,STR_145,PRD_1627,113,25,2026-09-25T14:49:52.999533302
INV_114384,STR_114,PRD_1524,77,13,25/09/2026 14:55
INV_114385,STR_125,PRD_1962,43,43,2026-09-25T15:01:01.204080272
INV_114386,STR_147,PRD_2043,73,24,2026-09-25 15:06:35
INV_114387,STR_132,PRD_1253,34,28,2026-09-25 15:12:09
INV_114388,STR_114,PRD_1597,134,28,2026-09-25 15:17:43
INV_114389,STR_138,PRD_2203,53,44,25/09/2026 15:23
INV_114390,STR_140,PRD_2376,175,29,2026-09-25T15:28:51.715447696
INV_114391,STR_146,PRD_1572,2,48,25/09/2026 15:34
INV_114392,STR_113,PRD_1892,198,38,2026-09-25T15:39:59.919994666
INV_114393,STR_118,PRD_1214,168,24,2026-09-25T15:45:34.022268151
INV_114394,STR_127,PRD_2381,41,29,2026-09-25 15:51:08
INV_114395,STR_123,PRD_1883,132,41,25/09/2026 15:56
INV_114396,STR_149,PRD_1601,121,22,2026-09-25 16:02:16
INV_114397,STR_140,PRD_1567,71,16,2026-09-25 16:07:50
INV_114398,STR_132,PRD_2243,96,25,25/09/2026 16:13
INV_114399,STR_111,PRD_1605,-2,19,2026-09-25 16:18:58
INV_114400,STR_109,PRD_1551,101,11,25/09/2026 16:24
INV_114401,STR_106,PRD_1336,109,47,25/09/2026 16:30
INV_114402,STR_145,PRD_1318,56,27,25/09/2026 16:35
INV_114403,STR_100,PRD_1465,71,43,25/09/2026 16:41
INV_114404,STR_114,PRD_1728,198,30,25/09/2026 16:46
INV_114405,STR_100,PRD_1899,191,30,25/09/2026 16:52
INV_114406,STR_144,PRD_2177,174,10,2026-09-25T16:57:57.351823455
INV_114407,STR_119,PRD_1350,90,24,2026-09-25T17:03:31.454096940
INV_114408,STR_101,PRD_2085,109,19,25/09/2026 17:09
INV_114409,STR_102,PRD_2483,146,44,2026-09-25 17:14:39
INV_114410,STR_135,PRD_1949,164,34,2026-09-25 17:20:13
INV_114411,STR_115,PRD_2263,105,41,2026-09-25 17:25:47
INV_114412,STR_128,PRD_1189,103,40,2026-09-25 17:31:21
INV_114413,STR_143,PRD_2169,122,19,2026-09-25 17:36:56
INV_114414,STR_135,PRD_2315,100,12,25/09/2026 17:42
INV_114415,STR_143,PRD_2083,187,31,2026-09-25 17:48:04
INV_114416,STR_138,PRD_2496,181,47,25/09/2026 17:53
INV_114417,STR_8888,PRD_1686,48,11,2026-09-25 17:59:12
INV_114418,STR_102,PRD_1072,24,32,2026-09-25T18:04:46.579105274
INV_114419,STR_136,PRD_2262,-6,49,2026-09-25T18:10:20.681378758
INV_114420,STR_143,PRD_1415,39,33,2026-09-25T18:15:54.783652243
INV_114421,STR_111,PRD_1178,49,41,25/09/2026 18:21
INV_114422,STR_119,PRD_2090,4,42,2026-09-25 18:27:02
INV_114423,STR_122,PRD_1076,97,36,25/09/2026 18:32
INV_114424,STR_121,PRD_1247,104,22,25/09/2026 18:38
INV_114425,STR_131,PRD_1706,92,46,2026-09-25 18:43:45
INV_114426,STR_106,PRD_1987,141,48,2026-09-25T18:49:19.397293153
INV_114427,STR_121,PRD_1067,10,38,2026-09-25 18:54:53
INV_114428,STR_143,PRD_1849,-9,34,2026-09-25 19:00:27
INV_114429,STR_101,PRD_2122,162,28,25/09/2026 19:06
INV_114430,STR_113,PRD_1587,71,10,2026-09-25 19:11:35
INV_114431,STR_115,PRD_1842,-1,44,2026-09-25 19:17:09
INV_114432,STR_123,PRD_1780,162,25,2026-09-25 19:22:44
INV_114433,STR_106,PRD_1881,154,17,2026-09-25 19:28:18
INV_114434,STR_103,PRD_1721,140,16,2026-09-25 19:33:52
INV_114435,STR_8888,PRD_1323,162,30,2026-09-25 19:39:26
INV_114436,STR_136,PRD_2146,158,20,2026-09-25T19:45:00.420028002
INV_114437,STR_145,PRD_2056,54,35,2026-09-25 19:50:34
INV_114438,STR_140,PRD_1654,50,24,25/09/2026 19:56
INV_114439,STR_104,PRD_1144,107,15,2026-09-25T20:01:42.726848456
INV_114440,STR_101,PRD_1773,123,46,25/09/2026 20:07
INV_114441,STR_104,PRD_1309,182,13,25/09/2026 20:12
INV_114442,STR_102,PRD_1143,7,28,25/09/2026 20:18
INV_114443,STR_141,PRD_1941,80,30,2026-09-25 20:23:59
INV_114444,STR_107,PRD_1663,101,46,2026-09-25 20:29:33
INV_114445,STR_125,PRD_1892,157,27,2026-09-25T20:35:07.340489366
INV_114446,STR_109,PRD_1516,155,45,2026-09-25 20:40:41
INV_114447,STR_133,PRD_1194,162,46,2026-09-25 20:46:15
INV_114448,STR_145,PRD_2498,6,24,2026-09-25 20:51:49
INV_114449,STR_135,PRD_1817,130,47,2026-09-25 20:57:23
INV_114450,STR_111,PRD_2192,-1,11,25/09/2026 21:02
INV_114451,STR_119,PRD_1728,20,40,25/09/2026 21:08
INV_114452,STR_128,PRD_2206,39,15,25/09/2026 21:14
INV_114453,STR_113,PRD_2136,112,28,2026-09-25 21:19:40
INV_114454,STR_147,PRD_2299,73,47,2026-09-25 21:25:14
INV_114455,STR_104,PRD_1475,140,24,2026-09-25 21:30:48
INV_114456,STR_147,PRD_2201,34,42,2026-09-25T21:36:22.465497700
INV_114457,STR_126,PRD_2314,196,49,2026-09-25 21:41:56
INV_114458,STR_103,PRD_1433,155,35,2026-09-25 21:47:30
INV_114459,STR_128,PRD_2486,128,39,2026-09-25 21:53:04
INV_114460,STR_102,PRD_1416,125,20,2026-09-25 21:58:38
INV_114461,STR_132,PRD_1710,67,10,2026-09-25 22:04:12
INV_114462,STR_129,PRD_1137,117,23,25/09/2026 22:09
INV_114463,STR_135,PRD_1808,2,19,2026-09-25 22:15:21
INV_114464,STR_108,PRD_2191,151,26,25/09/2026 22:20
INV_114465,STR_100,PRD_1133,182,20,2026-09-25T22:26:29.385959064
INV_114466,STR_147,PRD_2184,90,24,2026-09-25T22:32:03.488232549
INV_114467,STR_122,PRD_1783,192,21,2026-09-25 22:37:37
INV_114468,STR_102,PRD_1791,-1,12,25/09/2026 22:43
INV_114469,STR_131,PRD_1733,83,31,25/09/2026 22:48
INV_114470,STR_123,PRD_1376,65,35,2026-09-25T22:54:19.897326488
INV_114471,STR_105,PRD_2353,108,48,2026-09-25T22:59:53.999599973
INV_114472,STR_112,PRD_1394,25,32,25/09/2026 23:05
INV_114473,STR_148,PRD_2195,-7,25,2026-09-25 23:11:02
INV_114474,STR_114,PRD_1469,111,12,2026-09-25T23:16:36.306420428
INV_114475,STR_129,PRD_1770,138,39,2026-09-25 23:22:10
INV_114476,STR_111,PRD_2445,114,22,2026-09-25T23:27:44.510967398
INV_114477,STR_139,PRD_2279,178,17,2026-09-25 23:33:18
INV_114478,STR_147,PRD_2143,83,33,2026-09-25 23:38:52
INV_114479,STR_134,PRD_1018,27,14,25/09/2026 23:44
INV_114480,STR_127,PRD_1807,65,16,2026-09-25 23:50:00
INV_114481,STR_103,PRD_1246,28,36,2026-09-25 23:55:35
INV_114482,STR_106,PRD_2228,78,21,2026-09-26 00:01:09
INV_114483,STR_146,PRD_2443,43,34,2026-09-26 00:06:43
INV_114484,STR_142,PRD_2090,51,42,2026-09-26 00:12:17
INV_114485,STR_115,PRD_1341,8,24,2026-09-26 00:17:51
INV_114486,STR_121,PRD_1344,-9,40,2026-09-26 00:23:25
INV_114487,STR_145,PRD_1923,139,20,2026-09-26T00:28:59.635975732
INV_114488,STR_144,PRD_1386,83,45,2026-09-26 00:34:33
INV_114489,STR_140,PRD_1341,46,15,2026-09-26 00:40:07
INV_114490,STR_124,PRD_1107,89,35,2026-09-26 00:45:41
INV_114491,STR_149,PRD_1676,-8,17,2026-09-26 00:51:16
INV_114492,STR_102,PRD_1632,12,48,2026-09-26T00:56:50.147343156
INV_114493,STR_8888,PRD_1997,-7,46,2026-09-26 01:02:24
INV_114494,STR_121,PRD_2425,145,46,2026-09-26 01:07:58
INV_114495,STR_130,PRD_1595,67,39,2026-09-26 01:13:32
INV_114496,STR_136,PRD_2325,187,47,2026-09-26T01:19:06.556437096
INV_114497,STR_121,PRD_2130,59,25,2026-09-26 01:24:40
INV_114498,STR_126,PRD_1584,158,24,2026-09-26 01:30:14
INV_114499,STR_101,PRD_1476,154,47,2026-09-26 01:35:48
INV_114500,STR_121,PRD_1336,-4,17,2026-09-26 01:41:22
INV_114501,STR_116,PRD_2483,194,44,2026-09-26 01:46:57
INV_114502,STR_147,PRD_1312,-10,18,2026-09-26T01:52:31.170078005
INV_114503,STR_119,PRD_2177,77,30,2026-09-26 01:58:05
INV_114504,STR_123,PRD_1608,151,14,2026-09-26 02:03:39
INV_114505,STR_144,PRD_2372,169,28,2026-09-26 02:09:13
INV_114506,STR_130,PRD_1789,-1,25,2026-09-26T02:14:47.579171945
INV_114507,STR_8888,PRD_1593,108,27,2026-09-26 02:20:21
INV_114508,STR_142,PRD_1299,177,21,2026-09-26 02:25:55
INV_114509,STR_107,PRD_1691,123,25,2026-09-26T02:31:29.885992399
INV_114510,STR_104,PRD_1727,185,14,2026-09-26T02:37:03.988265884
INV_114511,STR_101,PRD_1235,189,12,2026-09-26 02:42:38
INV_114512,STR_103,PRD_1964,99,16,2026-09-26T02:48:12.192812854
INV_114513,STR_134,PRD_1896,114,41,26/09/2026 02:53
INV_114514,STR_133,PRD_1210,165,40,2026-09-26 02:59:20
INV_114515,STR_102,PRD_1285,196,23,2026-09-26 03:04:54
INV_114516,STR_147,PRD_1422,34,33,2026-09-26T03:10:28.601906794
INV_114517,STR_119,PRD_1493,129,42,2026-09-26 03:16:02
INV_114518,STR_108,PRD_2017,92,14,26/09/2026 03:21
INV_114519,STR_105,PRD_2442,100,17,2026-09-26 03:27:10
INV_114520,STR_146,PRD_1836,59,11,2026-09-26T03:32:45.011000733
INV_114521,STR_104,PRD_1766,106,48,2026-09-26T03:38:19.113274218
INV_114522,STR_140,PRD_1344,138,47,2026-09-26T03:43:53.215547703
INV_114523,STR_137,PRD_1522,99,44,2026-09-26 03:49:27
INV_114524,STR_134,PRD_1818,108,47,2026-09-26 03:55:01
INV_114525,STR_130,PRD_1318,64,43,26/09/2026 04:00
INV_114526,STR_112,PRD_2365,25,39,2026-09-26 04:06:09
INV_114527,STR_125,PRD_2402,76,32,2026-09-26 04:11:43
INV_114528,STR_121,PRD_2016,90,13,2026-09-26 04:17:17
INV_114529,STR_131,PRD_1694,12,44,26/09/2026 04:22
INV_114530,STR_114,PRD_1589,172,23,2026-09-26T04:28:26.033735582
INV_114531,STR_110,PRD_1634,144,31,2026-09-26 04:34:00
INV_114532,STR_115,PRD_1207,137,39,2026-09-26T04:39:34.238282552
INV_114533,STR_146,PRD_1185,4,12,2026-09-26T04:45:08.340556037
INV_114534,STR_105,PRD_1976,31,20,26/09/2026 04:50
INV_114535,STR_145,PRD_1016,121,19,2026-09-26 04:56:16
INV_114536,STR_110,PRD_2313,18,12,2026-09-26 05:01:50
INV_114537,STR_8888,PRD_1253,172,14,2026-09-26T05:07:24.749649977
INV_114538,STR_109,PRD_1970,192,24,2026-09-26 05:12:58
INV_114539,STR_115,PRD_1610,38,15,26/09/2026 05:18
INV_114540,STR_111,PRD_1445,60,13,2026-09-26 05:24:07
INV_114541,STR_106,PRD_1995,64,32,2026-09-26 05:29:41
INV_114542,STR_138,PRD_2479,43,10,2026-09-26 05:35:15
INV_114543,STR_126,PRD_2170,150,43,26/09/2026 05:40
INV_114544,STR_123,PRD_1883,85,24,2026-09-26 05:46:23
INV_114545,STR_149,PRD_2137,93,13,2026-09-26T05:51:57.567837856
INV_114546,STR_114,PRD_2120,26,36,2026-09-26 05:57:31
INV_114547,STR_105,PRD_2405,194,22,26/09/2026 06:03
INV_114548,STR_118,PRD_2399,124,49,2026-09-26 06:08:39
INV_114549,STR_107,PRD_1982,13,41,2026-09-26T06:14:13.976931795
INV_114550,STR_8888,PRD_1505,44,18,2026-09-26 06:19:48
INV_114551,STR_146,PRD_2345,128,46,2026-09-26 06:25:22
INV_114552,STR_135,PRD_1327,97,34,2026-09-26 06:30:56
INV_114553,STR_149,PRD_1348,195,12,2026-09-26 06:36:30
INV_114554,STR_112,PRD_2193,161,48,26/09/2026 06:42
INV_114555,STR_132,PRD_1306,79,49,2026-09-26 06:47:38
INV_114556,STR_131,PRD_1198,182,25,2026-09-26T06:53:12.692846190
INV_114557,STR_127,PRD_2200,-5,26,2026-09-26 06:58:46
INV_114558,STR_139,PRD_2147,20,36,2026-09-26 07:04:20
INV_114559,STR_9999,PRD_2180,160,19,2026-09-26 07:09:54
INV_114560,STR_148,PRD_1606,96,10,26/09/2026 07:15
INV_114561,STR_109,PRD_2309,1,38,2026-09-26T07:21:03.204213614
INV_114562,STR_132,PRD_1610,182,27,2026-09-26 07:26:37
INV_114563,STR_100,PRD_1920,169,41,2026-09-26 07:32:11
INV_114564,STR_120,PRD_1234,59,46,2026-09-26 07:37:45
INV_114565,STR_104,PRD_2317,19,42,2026-09-26T07:43:19.613307554
INV_114566,STR_100,PRD_1784,108,31,2026-09-26 07:48:53
INV_114567,STR_120,PRD_1841,194,20,2026-09-26 07:54:27
INV_114568,STR_124,PRD_2041,193,46,2026-09-26 08:00:01
INV_114569,STR_119,PRD_1958,115,38,2026-09-26T08:05:36.022401493
INV_114570,STR_144,PRD_2197,191,29,2026-09-26T08:11:10.124674978
INV_114571,STR_108,PRD_2426,44,31,2026-09-26 08:16:44
INV_114572,STR_115,PRD_1380,28,41,2026-09-26T08:22:18.329221948
INV_114573,STR_127,PRD_2143,191,17,2026-09-26 08:27:52
INV_114574,STR_139,PRD_1767,71,31,2026-09-26 08:33:26
INV_114575,STR_145,PRD_1095,-5,24,2026-09-26 08:39:00
INV_114576,STR_148,PRD_1030,173,44,2026-09-26 08:44:34
INV_114577,STR_135,PRD_1096,-3,25,2026-09-26 08:50:08
INV_114578,STR_138,PRD_2493,44,38,26/09/2026 08:55
INV_114579,STR_148,PRD_1704,94,43,26/09/2026 09:01
INV_114580,STR_123,PRD_2069,5,29,2026-09-26T09:06:51.147409827
INV_114581,STR_115,PRD_1235,109,22,2026-09-26T09:12:25.249683312
INV_114582,STR_113,PRD_1336,119,22,2026-09-26 09:17:59
INV_114583,STR_147,PRD_1673,53,40,2026-09-26T09:23:33.454230282
INV_114584,STR_133,PRD_1284,0,30,2026-09-26T09:29:07.556503767
INV_114585,STR_123,PRD_1133,77,39,2026-09-26 09:34:41
INV_114586,STR_146,PRD_1768,-7,34,26/09/2026 09:40
INV_114587,STR_110,PRD_1694,120,39,26/09/2026 09:45
INV_114588,STR_144,PRD_1538,4,19,2026-09-26 09:51:23
INV_114589,STR_135,PRD_1259,93,16,2026-09-26 09:56:58
INV_114590,STR_100,PRD_1502,57,43,2026-09-26 10:02:32
INV_114591,STR_146,PRD_1591,160,13,2026-09-26 10:08:06
INV_114592,STR_111,PRD_2203,70,31,2026-09-26 10:13:40
INV_114593,STR_120,PRD_1895,-2,38,26/09/2026 10:19
INV_114594,STR_108,PRD_2290,14,13,2026-09-26 10:24:48
INV_114595,STR_138,PRD_2021,54,10,2026-09-26 10:30:22
INV_114596,STR_102,PRD_1083,93,32,2026-09-26 10:35:56
INV_114597,STR_115,PRD_1409,55,32,2026-09-26T10:41:30.886059071
INV_114598,STR_103,PRD_2179,172,15,26/09/2026 10:47
INV_114599,STR_125,PRD_1327,162,14,2026-09-26 10:52:39
INV_114600,STR_145,PRD_1345,22,32,2026-09-26 10:58:13
INV_114601,STR_112,PRD_1922,11,47,2026-09-26 11:03:47
INV_114602,STR_119,PRD_1096,31,16,2026-09-26T11:09:21.397426495
INV_114603,STR_118,PRD_1636,193,14,2026-09-26T11:14:55.499699980
INV_114604,STR_126,PRD_1182,144,42,2026-09-26 11:20:29
INV_114605,STR_101,PRD_2350,0,35,2026-09-26 11:26:03
INV_114606,STR_109,PRD_1813,31,30,26/09/2026 11:31
INV_114607,STR_124,PRD_1895,195,43,26/09/2026 11:37
INV_114608,STR_118,PRD_1660,67,35,26/09/2026 11:42
INV_114609,STR_114,PRD_1944,93,19,26/09/2026 11:48
INV_114610,STR_138,PRD_1801,11,11,2026-09-26T11:53:54.215614374
INV_114611,STR_146,PRD_1377,126,29,26/09/2026 11:59
INV_114612,STR_148,PRD_2110,196,23,2026-09-26 12:05:02
INV_114613,STR_123,PRD_1679,46,16,2026-09-26T12:10:36.522434829
INV_114614,STR_115,PRD_2158,72,19,2026-09-26 12:16:10
INV_114615,STR_116,PRD_1089,20,40,26/09/2026 12:21
INV_114616,STR_115,PRD_1487,7,17,2026-09-26 12:27:18
INV_114617,STR_117,PRD_1819,129,10,2026-09-26 12:32:52
INV_114618,STR_148,PRD_1862,157,38,2026-09-26 12:38:27
INV_114619,STR_103,PRD_1742,111,40,2026-09-26 12:44:01
INV_114620,STR_101,PRD_2112,90,17,2026-09-26 12:49:35
INV_114621,STR_148,PRD_2316,162,25,2026-09-26 12:55:09
INV_114622,STR_148,PRD_1445,166,28,2026-09-26 13:00:43
INV_114623,STR_130,PRD_2422,118,35,2026-09-26T13:06:17.545169678
INV_114624,STR_101,PRD_2418,87,19,2026-09-26 13:11:51
INV_114625,STR_101,PRD_1863,124,27,26/09/2026 13:17
INV_114626,STR_114,PRD_2040,119,11,2026-09-26 13:22:59
INV_114627,STR_147,PRD_2265,110,46,26/09/2026 13:28
INV_114628,STR_142,PRD_1685,75,38,26/09/2026 13:34
INV_114629,STR_128,PRD_2027,-7,11,2026-09-26 13:39:42
INV_114630,STR_133,PRD_1280,162,12,2026-09-26 13:45:16
INV_114631,STR_139,PRD_1968,163,33,2026-09-26 13:50:50
INV_114632,STR_131,PRD_1532,184,18,2026-09-26T13:56:24.465631042
INV_114633,STR_120,PRD_2494,-2,23,2026-09-26 14:01:58
INV_114634,STR_129,PRD_2261,199,20,2026-09-26 14:07:32
INV_114635,STR_123,PRD_1604,174,33,26/09/2026 14:13
INV_114636,STR_143,PRD_1477,5,23,2026-09-26 14:18:40
INV_114637,STR_113,PRD_1088,40,27,2026-09-26 14:24:14
INV_114638,STR_127,PRD_2136,41,45,2026-09-26 14:29:49
INV_114639,STR_113,PRD_1609,126,22,26/09/2026 14:35
INV_114640,STR_143,PRD_1141,72,43,26/09/2026 14:40
INV_114641,STR_133,PRD_1661,123,28,26/09/2026 14:46
INV_114642,STR_113,PRD_1559,33,20,2026-09-26 14:52:05
INV_114643,STR_124,PRD_1050,196,35,2026-09-26 14:57:39
INV_114644,STR_111,PRD_1207,106,14,2026-09-26 15:03:13
INV_114645,STR_140,PRD_1522,123,30,26/09/2026 15:08
INV_114646,STR_139,PRD_2293,-6,18,2026-09-26 15:14:21
INV_114647,STR_119,PRD_2286,163,21,26/09/2026 15:19
INV_114648,STR_147,PRD_1708,16,10,26/09/2026 15:25
INV_114649,STR_141,PRD_2209,103,23,2026-09-26 15:31:04
INV_114650,STR_106,PRD_1807,34,35,2026-09-26T15:36:38.306553770
INV_114651,STR_114,PRD_2244,158,16,26/09/2026 15:42
INV_114652,STR_108,PRD_1080,79,25,2026-09-26 15:47:46
INV_114653,STR_103,PRD_1408,17,24,2026-09-26T15:53:20.613374225
INV_114654,STR_130,PRD_1973,171,13,2026-09-26T15:58:54.715647710
INV_114655,STR_122,PRD_1890,21,39,26/09/2026 16:04
INV_114656,STR_105,PRD_1681,42,32,2026-09-26T16:10:02.920194680
INV_114657,STR_127,PRD_1085,60,31,2026-09-26 16:15:37
INV_114658,STR_111,PRD_1103,19,24,2026-09-26T16:21:11.124741649
INV_114659,STR_146,PRD_2307,42,26,2026-09-26 16:26:45
INV_114660,STR_9999,PRD_1459,148,11,2026-09-26T16:32:19.329288619
INV_114661,STR_121,PRD_1739,129,17,26/09/2026 16:37
INV_114662,STR_123,PRD_1460,-2,15,2026-09-26T16:43:27.533835589
INV_114663,STR_133,PRD_2144,56,48,2026-09-26T16:49:01.636109074
INV_114664,STR_118,PRD_2375,154,37,2026-09-26 16:54:35
INV_114665,STR_123,PRD_1439,103,14,2026-09-26T17:00:09.840656044
INV_114666,STR_119,PRD_1568,145,30,2026-09-26 17:05:43
INV_114667,STR_8888,PRD_2212,143,29,26/09/2026 17:11
INV_114668,STR_133,PRD_1868,72,43,2026-09-26T17:16:52.147476498
INV_114669,STR_146,PRD_1549,138,16,2026-09-26T17:22:26.249749983
INV_114670,STR_126,PRD_1228,90,39,2026-09-26 17:28:00
INV_114671,STR_143,PRD_2409,-1,39,26/09/2026 17:33
INV_114672,STR_128,PRD_2154,69,24,26/09/2026 17:39
INV_114673,STR_100,PRD_1170,13,36,2026-09-26 17:44:42
INV_114674,STR_145,PRD_2353,14,18,2026-09-26T17:50:16.761117408
INV_114675,STR_135,PRD_1034,169,36,2026-09-26T17:55:50.863390893
INV_114676,STR_142,PRD_2224,79,11,2026-09-26 18:01:24
INV_114677,STR_138,PRD_2191,118,45,2026-09-26 18:06:59
INV_114678,STR_144,PRD_2269,42,36,2026-09-26 18:12:33
INV_114679,STR_145,PRD_2247,185,49,2026-09-26 18:18:07
INV_114680,STR_106,PRD_1340,96,34,26/09/2026 18:23
INV_114681,STR_142,PRD_1569,195,45,2026-09-26 18:29:15
INV_114682,STR_119,PRD_1536,13,49,26/09/2026 18:34
INV_114683,STR_119,PRD_2463,16,16,2026-09-26 18:40:23
INV_114684,STR_124,PRD_1543,96,22,2026-09-26T18:45:57.783852257
INV_114685,STR_142,PRD_2173,144,46,2026-09-26T18:51:31.886125742
INV_114686,STR_120,PRD_1355,77,29,2026-09-26T18:57:05.988399227
INV_114687,STR_108,PRD_1744,182,31,2026-09-26T19:02:40.090672711
INV_114688,STR_126,PRD_2019,113,27,2026-09-26 19:08:14
INV_114689,STR_127,PRD_1532,28,20,2026-09-26T19:13:48.295219681
INV_114690,STR_124,PRD_1372,66,15,2026-09-26T19:19:22.397493166
INV_114691,STR_135,PRD_2435,73,13,2026-09-26 19:24:56
INV_114692,STR_133,PRD_2275,91,12,2026-09-26 19:30:30
INV_114693,STR_101,PRD_2015,153,15,2026-09-26 19:36:04
INV_114694,STR_108,PRD_1013,65,24,2026-09-26T19:41:38.806587106
INV_114695,STR_118,PRD_1214,186,12,2026-09-26T19:47:12.908860591
INV_114696,STR_114,PRD_1535,-6,26,2026-09-26 19:52:47
INV_114697,STR_120,PRD_2043,70,39,2026-09-26 19:58:21
INV_114698,STR_149,PRD_1927,127,31,26/09/2026 20:03
INV_114699,STR_115,PRD_1435,5,11,2026-09-26 20:09:29
INV_114700,STR_101,PRD_2344,170,25,2026-09-26 20:15:03
INV_114701,STR_125,PRD_1990,131,31,2026-09-26T20:20:37.522501500
INV_114702,STR_143,PRD_2075,191,20,2026-09-26 20:26:11
INV_114703,STR_128,PRD_1356,18,45,2026-09-26T20:31:45.727048470
INV_114704,STR_132,PRD_1718,145,21,2026-09-26 20:37:19
INV_114705,STR_133,PRD_1871,107,49,2026-09-26T20:42:53.931595440
INV_114706,STR_145,PRD_1606,106,44,2026-09-26 20:48:28
INV_114707,STR_126,PRD_2371,134,24,2026-09-26 20:54:02
INV_114708,STR_106,PRD_1777,186,30,2026-09-26 20:59:36
INV_114709,STR_148,PRD_1325,183,13,26/09/2026 21:05
INV_114710,STR_114,PRD_1526,25,16,2026-09-26 21:10:44
INV_114711,STR_116,PRD_1686,93,38,2026-09-26 21:16:18
INV_114712,STR_108,PRD_1218,163,15,2026-09-26 21:21:52
INV_114713,STR_112,PRD_1521,34,48,2026-09-26 21:27:26
INV_114714,STR_131,PRD_1404,92,26,2026-09-26T21:33:00.852056804
INV_114715,STR_101,PRD_2042,-2,45,26/09/2026 21:38
INV_114716,STR_131,PRD_1579,153,11,2026-09-26 21:44:09
INV_114717,STR_146,PRD_1789,-6,26,2026-09-26 21:49:43
INV_114718,STR_119,PRD_1293,68,38,26/09/2026 21:55
INV_114719,STR_142,PRD_1014,62,36,26/09/2026 22:00
INV_114720,STR_118,PRD_1325,78,16,2026-09-26 22:06:25
INV_114721,STR_145,PRD_1970,167,20,2026-09-26T22:11:59.567971198
INV_114722,STR_126,PRD_1157,17,35,26/09/2026 22:17
INV_114723,STR_135,PRD_2127,16,48,2026-09-26T22:23:07.772518168
INV_114724,STR_129,PRD_1899,99,41,2026-09-26 22:28:41
INV_114725,STR_110,PRD_1805,164,32,2026-09-26 22:34:15
INV_114726,STR_115,PRD_2305,150,49,26/09/2026 22:39
INV_114727,STR_125,PRD_1146,104,16,2026-09-26 22:45:24
INV_114728,STR_129,PRD_1513,111,10,2026-09-26 22:50:58
INV_114729,STR_101,PRD_2091,86,34,2026-09-26 22:56:32
INV_114730,STR_133,PRD_1503,155,40,26/09/2026 23:02
INV_114731,STR_140,PRD_2092,125,15,26/09/2026 23:07
INV_114732,STR_121,PRD_1412,121,37,2026-09-26 23:13:14
INV_114733,STR_130,PRD_2087,101,40,26/09/2026 23:18
INV_114734,STR_120,PRD_1591,153,45,2026-09-26T23:24:22.897526502
INV_114735,STR_135,PRD_1765,96,25,2026-09-26 23:29:56
INV_114736,STR_139,PRD_1236,148,24,2026-09-26 23:35:31
INV_114737,STR_122,PRD_1395,191,31,26/09/2026 23:41
INV_114738,STR_125,PRD_2162,166,27,2026-09-26 23:46:39
INV_114739,STR_117,PRD_2339,158,17,2026-09-26 23:52:13
INV_114740,STR_114,PRD_2446,125,19,2026-09-26 23:57:47
INV_114741,STR_133,PRD_1131,147,46,27/09/2026 00:03
INV_114742,STR_121,PRD_1225,131,48,2026-09-27 00:08:55
INV_114743,STR_127,PRD_2496,34,15,2026-09-27 00:14:29
INV_114744,STR_142,PRD_1117,99,19,2026-09-27T00:20:03.920261351
INV_114745,STR_148,PRD_1637,35,48,2026-09-27 00:25:38
INV_114746,STR_106,PRD_1338,184,16,2026-09-27T00:31:12.124808320
INV_114747,STR_139,PRD_1418,82,44,27/09/2026 00:36
INV_114748,STR_141,PRD_2458,5,37,2026-09-27T00:42:20.329355290
INV_114749,STR_123,PRD_2202,127,34,27/09/2026 00:47
INV_114750,STR_134,PRD_1461,57,37,2026-09-27 00:53:28
INV_114751,STR_112,PRD_1675,169,18,2026-09-27 00:59:02
INV_114752,STR_148,PRD_1717,39,14,2026-09-27 01:04:36
INV_114753,STR_112,PRD_2127,57,25,2026-09-27 01:10:10
INV_114754,STR_130,PRD_1113,-9,38,27/09/2026 01:15
INV_114755,STR_118,PRD_2294,64,32,2026-09-27 01:21:19
INV_114756,STR_128,PRD_1562,196,27,2026-09-27 01:26:53
INV_114757,STR_121,PRD_1305,64,35,27/09/2026 01:32
INV_114758,STR_140,PRD_1622,177,14,2026-09-27 01:38:01
INV_114759,STR_120,PRD_1054,167,17,2026-09-27 01:43:35
INV_114760,STR_115,PRD_1523,118,49,27/09/2026 01:49
INV_114761,STR_129,PRD_1433,86,28,2026-09-27T01:54:43.658910594
INV_114762,STR_104,PRD_1189,98,46,2026-09-27 02:00:17
INV_114763,STR_140,PRD_1388,154,37,2026-09-27 02:05:51
INV_114764,STR_140,PRD_1666,140,13,2026-09-27 02:11:25
INV_114765,STR_105,PRD_2358,166,29,2026-09-27 02:17:00
INV_114766,STR_120,PRD_1345,106,31,2026-09-27 02:22:34
INV_114767,STR_141,PRD_1264,199,21,2026-09-27 02:28:08
INV_114768,STR_149,PRD_1871,191,10,27/09/2026 02:33
INV_114769,STR_110,PRD_2127,181,17,2026-09-27T02:39:16.477098473
INV_114770,STR_123,PRD_1140,6,36,2026-09-27T02:44:50.579371958
INV_114771,STR_127,PRD_1748,60,30,2026-09-27 02:50:24
INV_114772,STR_114,PRD_1555,132,42,2026-09-27T02:55:58.783918928
INV_114773,STR_138,PRD_1238,40,47,2026-09-27 03:01:32
INV_114774,STR_145,PRD_2453,144,42,2026-09-27T03:07:06.988465898
INV_114775,STR_139,PRD_2121,-2,46,2026-09-27 03:12:41
INV_114776,STR_9999,PRD_1835,53,14,2026-09-27 03:18:15
INV_114777,STR_146,PRD_2484,180,24,2026-09-27 03:23:49
INV_114778,STR_118,PRD_1969,74,39,27/09/2026 03:29
INV_114779,STR_149,PRD_1564,170,12,2026-09-27T03:34:57.499833322
INV_114780,STR_116,PRD_1620,82,37,2026-09-27 03:40:31
INV_114781,STR_102,PRD_1256,31,39,2026-09-27 03:46:05
INV_114782,STR_102,PRD_2034,106,45,2026-09-27 03:51:39
INV_114783,STR_138,PRD_1177,59,12,27/09/2026 03:57
INV_114784,STR_127,PRD_2416,78,40,2026-09-27 04:02:48
INV_114785,STR_130,PRD_2317,24,23,27/09/2026 04:08
INV_114786,STR_141,PRD_1982,6,15,2026-09-27T04:13:56.215747716
INV_114787,STR_148,PRD_1396,33,28,2026-09-27T04:19:30.318021201
INV_114788,STR_146,PRD_2412,160,14,27/09/2026 04:25
INV_114789,STR_107,PRD_1536,93,35,2026-09-27 04:30:38
INV_114790,STR_116,PRD_1637,78,27,2026-09-27T04:36:12.624841656
INV_114791,STR_134,PRD_1265,193,46,27/09/2026 04:41
INV_114792,STR_135,PRD_2156,96,45,2026-09-27 04:47:20
INV_114793,STR_126,PRD_2301,107,40,27/09/2026 04:52
INV_114794,STR_139,PRD_1984,33,27,2026-09-27 04:58:29
INV_114795,STR_144,PRD_2124,155,18,2026-09-27T05:04:03.136209081
INV_114796,STR_132,PRD_1403,158,35,2026-09-27 05:09:37
INV_114797,STR_149,PRD_2307,142,11,2026-09-27 05:15:11
INV_114798,STR_110,PRD_2300,38,41,2026-09-27 05:20:45
INV_114799,STR_120,PRD_1138,49,15,2026-09-27 05:26:19
INV_114800,STR_105,PRD_2244,-9,29,27/09/2026 05:31
INV_114801,STR_147,PRD_1068,54,17,2026-09-27 05:37:27
INV_114802,STR_120,PRD_1804,103,13,27/09/2026 05:43
INV_114803,STR_9999,PRD_1176,-8,34,2026-09-27T05:48:35.954396960
INV_114804,STR_127,PRD_2396,82,40,27/09/2026 05:54
INV_114805,STR_116,PRD_1544,131,28,2026-09-27 05:59:44
INV_114806,STR_117,PRD_1300,162,16,2026-09-27T06:05:18.261217414
INV_114807,STR_110,PRD_2251,151,46,2026-09-27 06:10:52
INV_114808,STR_145,PRD_2395,153,39,2026-09-27T06:16:26.465764384
INV_114809,STR_143,PRD_2014,4,36,2026-09-27 06:22:00
INV_114810,STR_124,PRD_1645,26,26,2026-09-27T06:27:34.670311354
INV_114811,STR_129,PRD_1398,127,41,2026-09-27 06:33:08
INV_114812,STR_8888,PRD_2166,-2,28,2026-09-27 06:38:42
INV_114813,STR_124,PRD_1756,39,34,27/09/2026 06:44
INV_114814,STR_106,PRD_2160,152,38,2026-09-27T06:49:51.079405294
INV_114815,STR_148,PRD_1572,35,34,2026-09-27 06:55:25
INV_114816,STR_136,PRD_1055,95,41,2026-09-27T07:00:59.283952263
INV_114817,STR_145,PRD_1381,70,46,27/09/2026 07:06
INV_114818,STR_126,PRD_1470,36,20,2026-09-27 07:12:07
INV_114819,STR_125,PRD_2231,7,13,2026-09-27 07:17:41
INV_114820,STR_112,PRD_1634,102,40,2026-09-27 07:23:15
INV_114821,STR_123,PRD_1742,142,45,2026-09-27T07:28:49.795319688
INV_114822,STR_111,PRD_1034,152,13,2026-09-27 07:34:23
INV_114823,STR_113,PRD_2289,197,11,2026-09-27 07:39:57
INV_114824,STR_108,PRD_1975,40,48,2026-09-27T07:45:32.102140143
INV_114825,STR_130,PRD_1020,98,42,27/09/2026 07:51
INV_114826,STR_103,PRD_2163,78,36,2026-09-27 07:56:40
INV_114827,STR_118,PRD_1264,172,35,2026-09-27T08:02:14.408960597
INV_114828,STR_100,PRD_2423,5,28,2026-09-27T08:07:48.511234082
INV_114829,STR_128,PRD_1456,77,48,2026-09-27 08:13:22
INV_114830,STR_144,PRD_2143,1,42,2026-09-27 08:18:56
INV_114831,STR_105,PRD_1949,88,47,2026-09-27 08:24:30
INV_114832,STR_100,PRD_1382,48,19,2026-09-27 08:30:04
INV_114833,STR_124,PRD_1534,62,10,2026-09-27 08:35:39
INV_114834,STR_126,PRD_2062,101,44,27/09/2026 08:41
INV_114835,STR_121,PRD_1983,154,20,2026-09-27 08:46:47
INV_114836,STR_116,PRD_2045,21,23,2026-09-27 08:52:21
INV_114837,STR_128,PRD_1046,174,15,27/09/2026 08:57
INV_114838,STR_102,PRD_1745,11,48,2026-09-27 09:03:29
INV_114839,STR_116,PRD_1538,162,49,2026-09-27 09:09:03
INV_114840,STR_101,PRD_2407,87,34,2026-09-27 09:14:37
INV_114841,STR_131,PRD_2071,72,32,2026-09-27T09:20:11.840789386
INV_114842,STR_121,PRD_1678,1,14,2026-09-27T09:25:45.943062871
INV_114843,STR_138,PRD_1983,199,35,2026-09-27T09:31:20.045336356
INV_114844,STR_132,PRD_2104,-6,27,2026-09-27 09:36:54
INV_114845,STR_121,PRD_1044,15,41,27/09/2026 09:42
INV_114846,STR_146,PRD_1274,105,30,27/09/2026 09:48
INV_114847,STR_103,PRD_1984,80,35,2026-09-27 09:53:36
INV_114848,STR_137,PRD_2334,9,44,2026-09-27T09:59:10.556703780
INV_114849,STR_112,PRD_1231,178,19,27/09/2026 10:04
INV_114850,STR_122,PRD_1085,125,37,2026-09-27 10:10:18
INV_114851,STR_112,PRD_2128,179,40,2026-09-27 10:15:52
INV_114852,STR_119,PRD_1176,171,24,27/09/2026 10:21
INV_114853,STR_132,PRD_1637,69,49,2026-09-27T10:27:01.068071205
INV_114854,STR_133,PRD_2212,47,17,27/09/2026 10:32
INV_114855,STR_137,PRD_2083,183,19,2026-09-27 10:38:09
INV_114856,STR_128,PRD_2243,162,19,27/09/2026 10:43
INV_114857,STR_131,PRD_1587,182,47,2026-09-27T10:49:17.477165144
INV_114858,STR_110,PRD_1602,-6,27,2026-09-27T10:54:51.579438629
INV_114859,STR_117,PRD_2139,148,37,2026-09-27 11:00:25
INV_114860,STR_144,PRD_2493,12,37,27/09/2026 11:05
INV_114861,STR_120,PRD_2190,138,29,2026-09-27 11:11:33
INV_114862,STR_111,PRD_1637,129,33,2026-09-27 11:17:07
INV_114863,STR_8888,PRD_2468,-7,15,2026-09-27 11:22:42
INV_114864,STR_138,PRD_2256,26,41,2026-09-27 11:28:16
INV_114865,STR_119,PRD_1113,64,15,2026-09-27 11:33:50
INV_114866,STR_106,PRD_1998,93,20,2026-09-27 11:39:24
INV_114867,STR_126,PRD_1611,106,39,2026-09-27 11:44:58
INV_114868,STR_106,PRD_1150,126,12,2026-09-27 11:50:32
INV_114869,STR_101,PRD_1583,15,17,2026-09-27 11:56:06
INV_114870,STR_142,PRD_1987,16,42,2026-09-27 12:01:40
INV_114871,STR_132,PRD_1369,179,28,27/09/2026 12:07
INV_114872,STR_120,PRD_2372,167,19,2026-09-27 12:12:49
INV_114873,STR_128,PRD_1974,78,28,2026-09-27 12:18:23
INV_114874,STR_131,PRD_2190,71,18,2026-09-27 12:23:57
INV_114875,STR_144,PRD_1071,189,16,2026-09-27 12:29:31
INV_114876,STR_111,PRD_1859,119,23,2026-09-27T12:35:05.420361357
INV_114877,STR_112,PRD_1352,116,11,2026-09-27 12:40:39
INV_114878,STR_138,PRD_2034,92,31,2026-09-27 12:46:13
INV_114879,STR_143,PRD_1809,143,29,2026-09-27 12:51:47
INV_114880,STR_148,PRD_1740,82,35,2026-09-27 12:57:21
INV_114881,STR_139,PRD_1637,186,13,2026-09-27 13:02:55
INV_114882,STR_102,PRD_1152,35,48,2026-09-27 13:08:30
INV_114883,STR_138,PRD_2185,195,49,2026-09-27 13:14:04
INV_114884,STR_9999,PRD_1385,180,32,27/09/2026 13:19
INV_114885,STR_8888,PRD_1690,59,25,2026-09-27 13:25:12
INV_114886,STR_107,PRD_2167,140,34,2026-09-27 13:30:46
INV_114887,STR_145,PRD_1138,134,18,27/09/2026 13:36
INV_114888,STR_145,PRD_1205,77,20,2026-09-27 13:41:54
INV_114889,STR_101,PRD_1095,93,34,2026-09-27 13:47:28
INV_114890,STR_105,PRD_1725,53,40,2026-09-27 13:53:02
INV_114891,STR_147,PRD_2379,146,36,2026-09-27 13:58:36
INV_114892,STR_140,PRD_2494,41,45,2026-09-27 14:04:11
INV_114893,STR_114,PRD_1317,115,23,27/09/2026 14:09
INV_114894,STR_9999,PRD_1511,83,32,2026-09-27 14:15:19
INV_114895,STR_146,PRD_1018,117,25,2026-09-27 14:20:53
INV_114896,STR_111,PRD_2436,13,29,2026-09-27 14:26:27
INV_114897,STR_140,PRD_1406,152,12,2026-09-27T14:32:01.568104540
INV_114898,STR_147,PRD_1968,114,15,2026-09-27 14:37:35
INV_114899,STR_131,PRD_2425,164,38,2026-09-27 14:43:09
INV_114900,STR_105,PRD_1862,90,13,27/09/2026 14:48
INV_114901,STR_8888,PRD_1100,40,10,2026-09-27T14:54:17.977198480
INV_114902,STR_126,PRD_1592,-9,17,2026-09-27 14:59:52
INV_114903,STR_146,PRD_1694,138,29,2026-09-27 15:05:26
INV_114904,STR_112,PRD_1017,157,25,27/09/2026 15:11
INV_114905,STR_122,PRD_2178,94,40,2026-09-27 15:16:34
INV_114906,STR_109,PRD_1128,58,41,27/09/2026 15:22
INV_114907,STR_113,PRD_1991,24,43,2026-09-27 15:27:42
INV_114908,STR_102,PRD_2338,161,38,27/09/2026 15:33
INV_114909,STR_111,PRD_1365,152,21,27/09/2026 15:38
INV_114910,STR_124,PRD_1461,72,13,2026-09-27T15:44:24.897659844
INV_114911,STR_100,PRD_2184,197,43,27/09/2026 15:49
INV_114912,STR_131,PRD_1934,142,15,2026-09-27 15:55:33
INV_114913,STR_123,PRD_2399,69,18,2026-09-27 16:01:07
INV_114914,STR_147,PRD_1331,20,14,2026-09-27 16:06:41
INV_114915,STR_141,PRD_1684,198,25,2026-09-27 16:12:15
INV_114916,STR_108,PRD_1910,169,10,2026-09-27 16:17:49
INV_114917,STR_149,PRD_1019,152,29,2026-09-27 16:23:23
INV_114918,STR_100,PRD_1545,140,44,27/09/2026 16:28
INV_114919,STR_141,PRD_1571,38,19,2026-09-27 16:34:31
INV_114920,STR_138,PRD_1461,133,34,2026-09-27 16:40:05
INV_114921,STR_109,PRD_2181,47,37,2026-09-27 16:45:40
INV_114922,STR_143,PRD_2387,39,44,27/09/2026 16:51
INV_114923,STR_142,PRD_1908,67,42,2026-09-27 16:56:48
INV_114924,STR_140,PRD_1604,53,24,2026-09-27 17:02:22
INV_114925,STR_129,PRD_1322,41,30,2026-09-27T17:07:56.431762117
INV_114926,STR_104,PRD_1088,29,44,2026-09-27 17:13:30
INV_114927,STR_103,PRD_1172,94,46,2026-09-27 17:19:04
INV_114928,STR_8888,PRD_1039,43,19,27/09/2026 17:24
INV_114929,STR_144,PRD_1933,103,25,27/09/2026 17:30
INV_114930,STR_107,PRD_1202,86,29,2026-09-27 17:35:46
INV_114931,STR_115,PRD_1242,134,17,2026-09-27 17:41:21
INV_114932,STR_100,PRD_1087,121,40,2026-09-27T17:46:55.147676512
INV_114933,STR_148,PRD_1673,197,17,2026-09-27 17:52:29
INV_114934,STR_114,PRD_1531,45,22,2026-09-27T17:58:03.352223481
INV_114935,STR_123,PRD_1659,19,33,27/09/2026 18:03
INV_114936,STR_114,PRD_1712,97,21,2026-09-27 18:09:11
INV_114937,STR_149,PRD_2174,151,26,2026-09-27T18:14:45.659043936
INV_114938,STR_105,PRD_2123,161,45,2026-09-27 18:20:19
INV_114939,STR_101,PRD_1246,115,21,2026-09-27T18:25:53.863590906
INV_114940,STR_104,PRD_1624,186,45,2026-09-27 18:31:27
INV_114941,STR_9999,PRD_1730,182,22,27/09/2026 18:37
INV_114942,STR_138,PRD_1984,93,44,2026-09-27 18:42:36
INV_114943,STR_140,PRD_1495,170,14,2026-09-27 18:48:10
INV_114944,STR_133,PRD_2312,116,22,2026-09-27T18:53:44.374958330
INV_114945,STR_138,PRD_1414,187,17,2026-09-27 18:59:18
INV_114946,STR_131,PRD_1969,76,20,2026-09-27 19:04:52
INV_114947,STR_128,PRD_1614,22,17,2026-09-27 19:10:26
INV_114948,STR_128,PRD_1078,67,40,2026-09-27T19:16:00.784052270
INV_114949,STR_123,PRD_2408,25,21,2026-09-27T19:21:34.886325755
INV_114950,STR_145,PRD_2461,7,20,27/09/2026 19:27
INV_114951,STR_130,PRD_1527,108,26,2026-09-27 19:32:43
INV_114952,STR_123,PRD_2364,40,36,2026-09-27T19:38:17.193146210
INV_114953,STR_114,PRD_2082,174,22,2026-09-27 19:43:51
INV_114954,STR_111,PRD_1705,161,45,2026-09-27 19:49:25
INV_114955,STR_119,PRD_1636,-1,22,2026-09-27 19:54:59
INV_114956,STR_103,PRD_1898,28,31,27/09/2026 20:00
INV_114957,STR_112,PRD_1910,173,33,2026-09-27 20:06:07
INV_114958,STR_140,PRD_1543,38,39,27/09/2026 20:11
INV_114959,STR_143,PRD_2015,47,22,2026-09-27 20:17:15
INV_114960,STR_109,PRD_1689,65,17,2026-09-27T20:22:50.011334089
INV_114961,STR_140,PRD_1218,91,14,2026-09-27 20:28:24
INV_114962,STR_122,PRD_2123,140,15,27/09/2026 20:33
INV_114963,STR_106,PRD_1994,124,16,27/09/2026 20:39
INV_114964,STR_111,PRD_1102,34,31,27/09/2026 20:45
INV_114965,STR_147,PRD_1883,99,39,2026-09-27 20:50:40
INV_114966,STR_114,PRD_1629,78,24,2026-09-27T20:56:14.624974998
INV_114967,STR_106,PRD_1754,44,46,2026-09-27 21:01:48
INV_114968,STR_107,PRD_2142,113,29,2026-09-27 21:07:22
INV_114969,STR_106,PRD_1006,172,40,2026-09-27 21:12:56
INV_114970,STR_142,PRD_1387,194,14,27/09/2026 21:18
INV_114971,STR_103,PRD_1827,155,21,27/09/2026 21:24
INV_114972,STR_149,PRD_2304,136,46,27/09/2026 21:29
INV_114973,STR_9999,PRD_1041,98,39,2026-09-27 21:35:13
INV_114974,STR_106,PRD_1095,139,48,2026-09-27T21:40:47.443162877
INV_114975,STR_144,PRD_1245,0,12,2026-09-27 21:46:21
INV_114976,STR_140,PRD_2247,120,22,27/09/2026 21:51
INV_114977,STR_129,PRD_1113,136,20,2026-09-27 21:57:29
INV_114978,STR_117,PRD_1543,80,19,2026-09-27 22:03:03
INV_114979,STR_129,PRD_1329,124,39,2026-09-27 22:08:37
INV_114980,STR_106,PRD_2176,108,18,27/09/2026 22:14
INV_114981,STR_8888,PRD_2240,23,39,2026-09-27T22:19:46.159077272
INV_114982,STR_147,PRD_1271,0,38,2026-09-27 22:25:20
INV_114983,STR_122,PRD_2423,-6,47,2026-09-27 22:30:54
INV_114984,STR_136,PRD_2373,60,43,2026-09-27 22:36:28
INV_114985,STR_106,PRD_2445,153,35,2026-09-27T22:42:02.568171211
INV_114986,STR_137,PRD_1260,-6,11,2026-09-27 22:47:36
INV_114987,STR_128,PRD_1716,173,45,27/09/2026 22:53
INV_114988,STR_133,PRD_1263,122,16,2026-09-27T22:58:44.874991666
INV_114989,STR_138,PRD_1800,16,45,2026-09-27 23:04:18
INV_114990,STR_140,PRD_1317,82,49,2026-09-27T23:09:53.079538636
INV_114991,STR_144,PRD_2139,144,23,27/09/2026 23:15
INV_114992,STR_148,PRD_2235,149,36,27/09/2026 23:21
INV_114993,STR_148,PRD_1159,78,35,27/09/2026 23:26
INV_114994,STR_146,PRD_1476,103,29,2026-09-27 23:32:09
INV_114995,STR_117,PRD_1640,87,44,2026-09-27T23:37:43.590906060
INV_114996,STR_146,PRD_1858,4,20,2026-09-27 23:43:17
INV_114997,STR_142,PRD_1147,94,35,27/09/2026 23:48
INV_114998,STR_124,PRD_2470,87,44,2026-09-27 23:54:25
INV_114999,STR_126,PRD_2101,171,14,2026-09-28 00:00:00
