customer_id,full_name,email,phone_number,created_at,city,pincode,device_type
CUST_14838,Suresh Banerjee,suresh.banerjee77@hotmail.com,8837202283,2024-09-15 13:13:53,blr,560100,iOS
CUST_11077,Rahul Banerjee,updated_rahul.banerjee30@yahoo.com,9946453579,2024-03-25 13:26:33,Bangalore,560075,iOS
CUST_13065,Ananya Shah,updated_ananya.shah68@gmail.com,7492487564,2024-03-17 04:22:07,Hyderabad,560069,Android
CUST_14027,Priya Das,priya.das25@yahoo.com,7687911847,2025-12-14 21:21:34,Gurugram,560035,Android
CUST_10955,Priya Agarwal,priya.agarwal41@hotmail.com,+91-7798562311,2024-03-02 18:20:05,Bangalore,560086,Android
CUST_14460,Avani Gupta,  avani.gupta31@yahoo.com  ,8537236901,2026-06-13 07:27:38,Bengaluru,560092,iOS
CUST_12205,Pooja Kulkarni,updated_pooja.kulkarni45@gmail.com,08039358422,2024-04-15 23:49:03,Bengaluru,560034,iOS
CUST_13708,Suresh Mishra,suresh.mishra36@outlook.com,8277800746,2026-01-07 11:10:18,Delhi,560012,iOS
CUST_14911,Priya Mishra,priya.mishra34@hotmail.com,+91-8704953530,2025-08-12 09:18:32,Bengaluru,560027,Android
CUST_10010,Aarav Mehta,aarav.mehta59@outlook.com,08931203123,2024-09-10 16:19:41,Hyderabad,560002,iOS
CUST_14731,Aditya Shah,aditya.shah20@outlook.com,+91-7104055688,2025-07-30 08:00:28,Hyderabad,560077,Android
CUST_14338,Angel Mishra,angel.mishra15@hotmail.com,7929903933,2026-04-24 10:22:12,Delhi,560030,iOS
CUST_14555,Amit Chowdhury,amit.chowdhury22@outlook.com,8407152240,2024-03-02 08:58:57,Gurugram,560086,Android
CUST_12607,Rohan Singh,rohan.singh13@hotmail.com,7800960335,2024-07-03 07:37:26,mumbai,560079,Android
CUST_13916,Ananya Gupta,  ananya.gupta66@outlook.com  ,7735568174,2024-09-06 09:27:11,BANGALORE,560002,Android
CUST_13036,Avani Verma,avani.verma95@hotmail.com,7080586694,2024-04-04 21:16:40,blr,560014,Android
CUST_14387,Sai Nair,sai.nair34@hotmail.com,8634511641,2025-01-11 14:58:09,Bangalore,560040,Android
CUST_13777,Sneha Banerjee,sneha.banerjee63@gmail.com,8589472403,2025-10-18 09:53:58,Hyderabad,560051,iOS
CUST_13496,Krishna Gupta,krishna.gupta12AToutlook.com,9598966800,2024-07-10 21:59:35,Gurugram,560092,iOS
CUST_10247,Pooja Patel,pooja.patel83@hotmail.com,07933167221,2025-04-20 00:25:03,Gurgaon,560077,Android
CUST_10960,Ishaan Nair,ishaan.nair76@hotmail.com,+91-7188334950,2025-06-21 04:06:17,Mumbai,560098,Android
CUST_13139,Pari Patel,pari.patel87@outlook.com,9453514582,2025-09-26 18:50:54,blr,560086,Android
CUST_14721,Anika Gupta,anika.gupta28@outlook.com,07841313636,2025-12-31 15:30:25,blr,560009,Android
CUST_10882,Rahul Reddy,rahul.reddy49@gmail.com,9638678581,2024-03-12 12:08:29,Mumbai,560053,Android
CUST_12776,Aarav Bhat,aarav.bhat85@hotmail.com,7290330325,2025-09-18 09:46:29,New Delhi,560066,Android
CUST_11222,Amit Kulkarni,AMIT.KULKARNI18@YAHOO.COM,07125291217,2026-05-29 16:45:01,BANGALORE,560020,Android
CUST_11994,Ishaan Chowdhury,ishaan.chowdhury55@yahoo.com,7083776227,2025-06-03 19:55:43,Hyderabad,560067,Android
CUST_11292,Ishaan Sharma,ishaan.sharma84@outlook.com,9423725937,2025-03-21 04:58:08,Bangalore,560026,Android
CUST_10224,Vikram Kumar,vikram.kumar28@yahoo.com,7875988791,2025-02-22 21:41:26,blr,560046,Android
CUST_13151,Avani Joshi,avani.joshi13@hotmail.com,+91-7156787700,2024-05-10 22:21:46,Bengaluru,560087,Android
CUST_11603,Krishna Deshmukh,krishna.deshmukh60@gmail.com,08982002586,2025-09-30 02:20:34,Gurgaon,560082,Android
CUST_13561,Vivaan Reddy,vivaan.reddy30@outlook.com,8455849672,2025-01-27 00:23:02,New Delhi,560003,Web
CUST_13065,Ananya Shah,ananya.shah68@gmail.com,7492487564,2024-03-17 04:22:07,Hyderabad,560069,Android
CUST_11200,Diya Shah,diya.shah55@yahoo.com,07833066037,2025-02-15 02:38:43,New Delhi,560083,iOS
CUST_13203,Aditya Singh,aditya.singh76@outlook.com,7026095389,2024-08-08 18:03:40,Bangalore,560007,Android
CUST_10139,Vivaan Deshmukh,vivaan.deshmukh70@hotmail.com,7902741416,2026-05-01 20:03:47,Hyderabad,560055,iOS
CUST_11626,Vikram Mehta,updated_vikram.mehta73@gmail.com,,2024-09-06 04:46:37,blr,560041,iOS
CUST_10661,Pari Nair,pari.nair11@outlook.com,7032978199,2026-03-18 23:55:58,Gurugram,,Android
CUST_11649,Pooja Das,POOJA.DAS57@GMAIL.COM,7701666774,2026-01-11 04:01:06,Bangalore,560019,iOS
CUST_14156,Ananya Gupta,ananya.gupta65@yahoo.com,INVALID_PHONE,2024-10-11 01:48:18,Hyderabad,560036,iOS
CUST_14492,Myra Banerjee,updated_myra.banerjee83@gmail.com,INVALID_PHONE,2025-12-22 07:03:09,blr,560055,iOS
CUST_10736,Neha Kumar,neha.kumar58@outlook.com,+91-9902627488,2024-08-21 19:21:44,Hyderabad,560029,Android
CUST_10290,Ishaan Deshmukh,ishaan.deshmukh41@yahoo.com,+91-8564687810,2025-01-15 21:50:39,Bengaluru,560073,iOS
CUST_14514,Avani Singh,updated_avani.singh36@outlook.com,8598077881,2025-04-22 08:31:52,Bengaluru,560015,Android
CUST_13311,Ayaan Verma,ayaan.verma88@outlook.com,8168133460,2026-05-10 09:48:47,Bangalore,560072,Android
CUST_14046,Pari Deshmukh,pari.deshmukh59@yahoo.com,8288022508,2024-07-24 22:40:29,Bengaluru,560036,Android
CUST_10741,Krishna Verma,krishna.verma11@hotmail.com,7329440259,2025-01-26 01:00:12,Hyderabad,560055,Android
CUST_14442,Diya Agarwal,diya.agarwal45@hotmail.com,+91-9198814136,2026-02-27 21:40:17,blr,560065,Android
CUST_11324,Ishaan Reddy,ishaan.reddy92@gmail.com,7239816127,2024-10-18 20:51:02,blr,560027,Android
CUST_14708,Krishna Sharma,krishna.sharma60@hotmail.com,7232944485,2025-03-06 04:54:23,Bengaluru,560067,iOS
CUST_12023,Amit Patel,amit.patel45@gmail.com,9063303628,2024-09-24 17:00:35,Bangalore,560031,Android
CUST_10140,Neha Joshi,neha.joshi46@yahoo.com,7378847276,2024-07-04 21:01:58,BANGALORE,560072,Android
CUST_14986,Diya Verma,diya.verma45@hotmail.com,8498042158,2024-06-14 14:42:53,Bengaluru,560022,Android
CUST_12408,Pari Nair,pari.nair31@hotmail.com,+91-7990940346,2025-12-14 12:00:25,BANGALORE,560013,
CUST_11027,Ananya Gupta,ananya.gupta83@gmail.com,+91-8411042599,2025-01-01 07:08:03,BANGALORE,560066,Android
CUST_11728,Rahul Chowdhury,rahul.chowdhury89@outlook.com,8514069522,2026-06-19 08:25:15,Mumbai,560061,iOS
CUST_11192,Rohan Rao,rohan.rao10@hotmail.com,7547954839,2024-07-09 13:15:36,Gurgaon,560062,iOS
CUST_13371,Avani Kulkarni,updated_avani.kulkarni88@hotmail.com,+91-8290719288,2025-01-03 05:53:44,New Delhi,560051,Android
CUST_14230,Reyansh Patel,reyansh.patel38@yahoo.com,,2026-08-01 19:11:56,BANGALORE,560030,Android
CUST_13083,Vihaan Bhat,VIHAAN.BHAT35@HOTMAIL.COM,,2026-08-08 05:30:41,Mumbai,560040,iOS
CUST_14490,Anika Gupta,anika.gupta27ATyahoo.com,7410628611,2024-09-14 23:12:10,Bangalore,560017,Android
CUST_13885,Aarav Gupta,aarav.gupta49@outlook.com,8187359637,2024-10-20 10:15:34,mumbai,560064,Android
CUST_11303,Rahul Patel,rahul.patel28@outlook.com,8315761074,2024-05-20 16:10:10,Hyderabad,560091,Android
CUST_11334,Suresh Kulkarni,  suresh.kulkarni39@outlook.com  ,9357863158,2026-02-16 05:06:12,New Delhi,560003,iOS
CUST_13898,Ananya Shah,updated_ananya.shah47@yahoo.com,7780796277,2025-11-11 13:44:25,blr,560025,iOS
CUST_13535,Amit Nair,updated_AMIT.NAIR53@GMAIL.COM,08403238217,2025-09-15 16:18:31,Mumbai,560080,iOS
CUST_12850,Vihaan Rao,vihaan.rao51@yahoo.com,INVALID_PHONE,2024-08-04 01:50:02,mumbai,560024,iOS
CUST_13062,Sai Gupta,sai.gupta64ATgmail.com,+91-7957483041,2024-06-11 07:13:14,Mumbai,560087,Android
CUST_12818,Anika Singh,anika.singh79@yahoo.com,8593397328,2024-09-28 00:30:14,Bangalore,560100,Android
CUST_14101,Ananya Deshmukh,ananya.deshmukh77@hotmail.com,+91-7705253342,2026-05-21 07:40:36,BANGALORE,560043,Android
CUST_11166,Aditya Rao,aditya.rao47@gmail.com,9593618560,2024-02-15 04:51:48,Bengaluru,560014,Android
CUST_14711,Diya Deshmukh,diya.deshmukh43@hotmail.com,7770186914,2026-02-21 02:00:24,Hyderabad,560091,iOS
CUST_11202,Aditya Verma,  aditya.verma42@gmail.com  ,8794990061,2024-01-13 01:55:13,Gurugram,560040,Android
CUST_13258,Amit Banerjee,amit.banerjee54@gmail.com,,2024-12-03 06:23:24,Hyderabad,560057,iOS
CUST_13208,Avani Deshmukh,avani.deshmukh40@hotmail.com,9539865012,2026-05-01 06:02:05,Mumbai,560056,Web
CUST_14352,Navya Patel,navya.patel65@gmail.com,9337713084,2024-01-15 00:40:54,mumbai,560054,iOS
CUST_10748,Vivaan Deshmukh,vivaan.deshmukh25@outlook.com,8710015388,2025-09-29 16:59:26,Hyderabad,560061,Android
CUST_10416,Aarav Chowdhury,aarav.chowdhury27@gmail.com,7431116746,2025-06-04 23:59:08,Mumbai,,
CUST_13956,Anika Kumar,anika.kumar75@gmail.com,8662008703,2024-04-06 10:41:12,New Delhi,560058,iOS
CUST_12160,Navya Kulkarni,updated_  navya.kulkarni85@gmail.com  ,7342679856,2025-03-28 14:39:43,Mumbai,560055,Android
CUST_10582,Pooja Reddy,updated_pooja.reddy10@yahoo.com,7953493830,2024-02-14 14:50:05,Gurugram,560089,Android
CUST_12508,Ayaan Kumar,ayaan.kumar52AThotmail.com,9369363652,2025-12-30 02:05:52,Gurgaon,560029,Android
CUST_14234,Sai Verma,sai.verma63@hotmail.com,INVALID_PHONE,2026-06-20 03:07:31,Bangalore,560083,Android
CUST_11419,Rahul Mehta,rahul.mehta54@outlook.com,9055040376,2026-05-16 20:07:32,Bangalore,560056,Android
CUST_13390,Myra Deshmukh,myra.deshmukh81@yahoo.com,8121067116,2024-06-05 10:56:11,Mumbai,560005,Android
CUST_10543,Aarav Gupta,aarav.gupta73@hotmail.com,9535877298,2024-07-24 17:59:55,BANGALORE,560057,iOS
CUST_14660,Amit Verma,amit.verma51@yahoo.com,+91-8051585004,2026-07-15 15:41:56,Bengaluru,560080,iOS
CUST_11163,Pooja Mehta,pooja.mehta77@gmail.com,7216225514,2024-03-13 16:11:54,New Delhi,560039,iOS
CUST_12063,Diya Sharma,updated_diya.sharma14@hotmail.com,9742888862,2025-10-21 12:43:03,Bangalore,560035,Android
CUST_14018,Arjun Bhat,arjun.bhat73@outlook.com,8817881125,2024-09-26 11:05:42,Gurugram,560055,Android
CUST_10156,Vikram Verma,vikram.verma14@yahoo.com,08644682083,2026-06-13 02:47:04,Bengaluru,560053,Android
CUST_12524,Reyansh Sharma,reyansh.sharma85@gmail.com,7754973803,2025-07-10 11:02:31,Gurugram,560076,
CUST_10840,Aarav Singh,updated_aarav.singh21@hotmail.com,8186972555,2025-10-08 11:25:00,Bangalore,560083,Android
CUST_10847,Neha Sharma,updated_neha.sharma23@outlook.com,+91-7072592237,2025-10-02 15:07:57,Delhi,560048,iOS
CUST_13575,Ayaan Kumar,ayaan.kumar11@gmail.com,9536332134,2025-08-03 19:33:32,Bangalore,560028,Web
CUST_12377,Krishna Kulkarni,updated_krishna.kulkarni54@gmail.com,9037791664,2024-06-16 18:09:08,Mumbai,560031,Android
CUST_11306,Aadhya Kumar,aadhya.kumar27@gmail.com,8387688916,2024-08-12 06:13:53,Hyderabad,560062,Android
CUST_13538,Rahul Sharma,updated_rahul.sharma95@gmail.com,7058452078,2024-01-14 05:58:37,blr,560063,Android
CUST_11279,Sneha Agarwal,  sneha.agarwal21@hotmail.com  ,+91-8571289488,2025-11-24 19:43:03,Gurgaon,560097,Android
CUST_11124,Amit Kulkarni,amit.kulkarni17@outlook.com,INVALID_PHONE,2025-11-28 07:53:16,Gurugram,560057,iOS
CUST_13732,Aditya Rao,aditya.rao60@yahoo.com,9466665907,2024-10-22 23:02:57,BANGALORE,560065,iOS
CUST_13236,Kavita Banerjee,kavita.banerjee28@hotmail.com,+91-9771112192,2026-08-08 14:51:49,Bangalore,560048,iOS
CUST_11794,Pari Patel,pari.patel46@gmail.com,07459429001,2024-04-05 06:37:48,Hyderabad,560088,Android
CUST_12784,Sai Mehta,sai.mehta53@yahoo.com,9608683528,2024-07-28 01:29:35,Delhi,560004,Android
CUST_13735,Diya Bhat,diya.bhat44@hotmail.com,8106759217,2024-07-24 08:38:47,blr,560014,Android
CUST_14389,Saanvi Rao,saanvi.rao18@yahoo.com,07308153577,2026-08-20 21:27:37,Bengaluru,560014,iOS
CUST_14081,Avani Gupta,avani.gupta13@yahoo.com,9576049174,2025-05-17 02:24:01,Gurugram,560081,Web
CUST_10820,Priya Patel,priya.patel27@gmail.com,+91-7502395125,2025-05-17 16:25:43,Gurugram,560075,iOS
CUST_10251,Suresh Das,suresh.das82@yahoo.com,,2024-06-18 12:14:15,Gurugram,560029,Android
CUST_14512,Amit Singh,amit.singh17@gmail.com,,2026-06-10 13:59:41,Bengaluru,560052,iOS
CUST_13944,Vivaan Sharma,VIVAAN.SHARMA84@GMAIL.COM,07098157779,2026-02-20 21:19:50,Hyderabad,560026,Android
CUST_13354,Angel Rao,angel.rao72@gmail.com,8080049781,2026-08-26 03:42:57,Mumbai,560009,Web
CUST_11587,Sneha Banerjee,sneha.banerjee97@hotmail.com,8294325268,2025-07-08 16:57:25,blr,560089,Android
CUST_13696,Anika Banerjee,anika.banerjee27@yahoo.com,7145040668,2026-07-17 19:08:11,Bengaluru,560073,Android
CUST_13760,Aadhya Chowdhury,  aadhya.chowdhury51@outlook.com  ,9280861884,2025-06-05 14:00:50,New Delhi,560095,Android
CUST_12117,Vivaan Reddy,vivaan.reddy19ATyahoo.com,8004818518,2025-10-24 10:51:35,New Delhi,560021,Android
CUST_14830,Sneha Reddy,updated_sneha.reddy32@yahoo.com,9186910855,2025-09-05 13:08:59,Mumbai,560056,iOS
CUST_12622,Pari Joshi,pari.joshi98ATyahoo.com,+91-8185507525,2024-11-14 13:28:51,BANGALORE,560012,Android
CUST_14485,Vihaan Rao,vihaan.rao95@yahoo.com,+91-8235655372,2024-05-13 01:48:01,blr,560025,Android
CUST_14199,Sneha Shah,updated_sneha.shah45@outlook.com,+91-9848658029,2026-06-07 01:49:27,Gurugram,560082,iOS
CUST_12974,Aarav Mishra,aarav.mishra75@gmail.com,8079429565,2025-08-08 11:47:10,Hyderabad,560073,Android
CUST_13519,Pari Verma,pari.verma75@outlook.com,9044614006,2026-05-09 01:04:48,Bangalore,560063,Android
CUST_13157,Krishna Das,krishna.das45@outlook.com,7095576623,2025-12-27 13:18:29,Gurgaon,560072,iOS
CUST_10326,Priya Bhat,priya.bhat60@gmail.com,+91-7207947126,2026-05-09 05:45:22,Gurugram,560041,Android
CUST_13211,Neha Shah,  neha.shah51@yahoo.com  ,8019648095,2025-03-13 00:34:16,BANGALORE,560027,iOS
CUST_14371,Anika Kulkarni,anika.kulkarni64@yahoo.com,7419880567,2026-07-23 20:05:48,Bangalore,560097,Android
CUST_14200,Vivaan Kumar,vivaan.kumar38@gmail.com,7199102124,2024-05-19 12:06:46,Mumbai,560023,Android
CUST_10265,Vihaan Agarwal,vihaan.agarwal22@yahoo.com,8145803920,2024-02-12 02:02:42,BANGALORE,560073,Android
CUST_12207,Suresh Singh,suresh.singh38@gmail.com,9691361085,2026-07-07 01:56:57,Mumbai,560017,iOS
CUST_12502,Diya Chowdhury,diya.chowdhury57@outlook.com,7686204475,2024-12-15 22:20:19,Gurugram,560096,iOS
CUST_10537,Angel Banerjee,updated_angel.banerjee99@outlook.com,8633160903,2024-09-07 22:51:43,BANGALORE,560088,Android
CUST_11461,Saanvi Deshmukh,saanvi.deshmukh11@yahoo.com,8079871004,2026-04-07 16:13:20,BANGALORE,560038,iOS
CUST_12439,Rohan Banerjee,rohan.banerjee13@yahoo.com,9550109762,2025-04-30 03:34:36,Gurgaon,560018,Android
CUST_12948,Sai Kumar,sai.kumar26@hotmail.com,9184832424,2024-06-27 06:39:49,Bangalore,560027,iOS
CUST_10488,Krishna Banerjee,krishna.banerjee57@outlook.com,9083151010,2025-10-03 14:30:47,Hyderabad,560052,iOS
CUST_13375,Priya Mehta,priya.mehta36@hotmail.com,9334589803,2024-08-28 10:21:03,BANGALORE,560089,Android
CUST_13142,Rahul Sharma,rahul.sharma83@gmail.com,7716989654,2025-07-16 02:39:00,Gurugram,560082,Android
CUST_12746,Sneha Joshi,  sneha.joshi71@yahoo.com  ,8816133371,2025-10-25 05:33:51,Gurgaon,560044,Android
CUST_11079,Pooja Kumar,pooja.kumar10@hotmail.com,+91-8666113813,2025-05-09 12:01:52,Bengaluru,560078,iOS
CUST_10390,Suresh Sharma,SURESH.SHARMA14@OUTLOOK.COM,7459731923,2024-04-07 00:42:55,Gurgaon,560073,
CUST_12482,Aadhya Chowdhury,aadhya.chowdhury47@hotmail.com,8075386202,2024-12-14 22:57:29,blr,560005,Android
CUST_13535,Amit Nair,updated_AMIT.NAIR53@GMAIL.COM,08403238217,2025-09-15 16:18:31,Mumbai,560080,iOS
CUST_12523,Anika Kumar,ANIKA.KUMAR44@OUTLOOK.COM,+91-7385392023,2024-11-23 07:54:25,Gurugram,560047,Android
CUST_14742,Navya Das,navya.das70@outlook.com,+91-7846668455,2025-04-24 21:19:15,Bengaluru,560091,Android
CUST_12629,Pooja Agarwal,pooja.agarwal53@hotmail.com,9382744285,2025-01-21 22:48:16,Gurgaon,560006,iOS
CUST_13388,Anika Mishra,anika.mishra18@yahoo.com,8838706194,2024-10-22 18:22:23,Mumbai,560092,iOS
CUST_14100,Krishna Verma,  krishna.verma42@gmail.com  ,+91-8261714031,2024-09-02 21:16:57,Hyderabad,560020,iOS
CUST_12614,Vivaan Bhat,vivaan.bhat55@gmail.com,9756767823,2025-04-03 10:56:46,Hyderabad,560023,Android
CUST_11115,Krishna Verma,krishna.verma34@yahoo.com,7199264368,2025-11-13 03:08:57,Gurugram,560030,Android
CUST_13501,Reyansh Banerjee,reyansh.banerjee72@hotmail.com,+91-9975362860,2025-11-04 22:45:06,blr,560002,Web
CUST_12700,Ishaan Chowdhury,ishaan.chowdhury97@gmail.com,7672337401,2025-03-22 23:03:15,mumbai,560080,Android
CUST_12624,Neha Sharma,  neha.sharma15@gmail.com  ,09039438911,2024-01-15 14:42:36,BANGALORE,560027,iOS
CUST_13890,Avani Shah,avani.shah74@outlook.com,+91-9760912498,2024-08-10 21:29:55,Gurgaon,560021,Android
CUST_14830,Sneha Reddy,sneha.reddy32@yahoo.com,9186910855,2025-09-05 13:08:59,Mumbai,560056,iOS
CUST_13943,Vikram Mehta,  vikram.mehta24@hotmail.com  ,8765338584,2024-05-16 23:19:23,Mumbai,560070,Android
CUST_10504,Aadhya Rao,aadhya.rao69@hotmail.com,7453940193,2026-01-05 12:24:37,BANGALORE,560071,Android
CUST_10635,Kavita Mehta,kavita.mehta91@gmail.com,9656630966,2025-02-10 15:05:39,BANGALORE,560001,iOS
CUST_13931,Pari Mishra,pari.mishra95@yahoo.com,9944160184,2025-09-23 20:42:23,Hyderabad,560056,iOS
CUST_14992,Pooja Rao,pooja.rao28@outlook.com,+91-7379146623,2026-08-25 18:21:49,Delhi,560070,Android
CUST_12560,Kavita Rao,kavita.rao56@hotmail.com,8755652793,2025-05-02 21:02:33,BANGALORE,560074,Android
CUST_13543,Ishaan Mishra,ISHAAN.MISHRA21@GMAIL.COM,7025502063,2024-09-18 11:22:24,Delhi,560090,Android
CUST_10501,Ananya Das,ananya.das47@outlook.com,+91-7920592953,2024-03-19 12:28:56,blr,560008,Web
CUST_14850,Amit Verma,amit.verma16@gmail.com,07540229249,2026-03-20 08:39:56,Gurgaon,560026,Web
CUST_11901,Vikram Verma,vikram.verma55@hotmail.com,8062412912,2025-04-20 14:26:45,BANGALORE,560049,Android
CUST_10283,Diya Deshmukh,diya.deshmukh17@hotmail.com,7920141741,2024-10-24 03:06:22,Bangalore,560014,Android
CUST_12370,Aarav Singh,aarav.singh35@gmail.com,+91-8706439544,2024-03-22 05:56:54,Delhi,560018,Android
CUST_11020,Aditya Reddy,aditya.reddy76@yahoo.com,9860802144,2025-04-20 23:47:54,blr,560005,Android
CUST_14471,Rahul Shah,rahul.shah37@outlook.com,08902654475,2026-01-04 22:22:55,Gurgaon,560015,Android
CUST_13244,Aadhya Bhat,aadhya.bhat93@outlook.com,7491505940,2026-04-13 07:49:49,Hyderabad,560046,Android
CUST_11233,Suresh Joshi,suresh.joshi28@gmail.com,8689022627,2025-12-24 01:08:16,Mumbai,560087,Android
CUST_12602,Anika Kulkarni,ANIKA.KULKARNI72@OUTLOOK.COM,7187872166,2025-01-16 02:31:13,BANGALORE,560015,Android
CUST_10249,Kavita Banerjee,kavita.banerjee92@gmail.com,7799501440,2024-02-12 06:43:16,Delhi,560043,Android
CUST_13253,Aarav Bhat,aarav.bhat32@outlook.com,07711265503,2026-05-07 21:01:24,New Delhi,560015,Android
CUST_13862,Vihaan Deshmukh,vihaan.deshmukh53@outlook.com,INVALID_PHONE,2025-05-03 20:25:23,Delhi,560079,Web
CUST_13839,Rohan Mishra,rohan.mishra51@hotmail.com,9608771784,2024-08-27 10:58:12,Delhi,560021,Android
CUST_12323,Vihaan Chowdhury,vihaan.chowdhury85@yahoo.com,7919058248,2024-09-30 08:37:03,BANGALORE,560067,Web
CUST_12533,Vihaan Patel,vihaan.patel68@gmail.com,08110458654,2024-04-10 17:33:42,Mumbai,560006,Android
CUST_14146,Ishaan Deshmukh,ishaan.deshmukh26@gmail.com,9794440967,2026-03-23 06:48:27,blr,560028,Android
CUST_12557,Vivaan Patel,vivaan.patel95@gmail.com,7558440316,2025-02-26 09:51:40,Bangalore,560029,Android
CUST_12937,Rahul Patel,rahul.patel64@yahoo.com,8151917506,2025-06-20 00:02:52,Gurgaon,560040,Android
CUST_11914,Vivaan Deshmukh,updated_vivaan.deshmukh39@gmail.com,8618645994,2026-03-17 19:52:33,Hyderabad,560047,Android
CUST_10090,Amit Singh,amit.singh67@outlook.com,7131572627,2026-02-20 07:18:08,New Delhi,560066,Android
CUST_10013,Pari Shah,pari.shah57@yahoo.com,9734391601,2024-07-13 15:27:32,BANGALORE,560092,iOS
CUST_14737,Navya Rao,navya.rao61@yahoo.com,7670272631,2024-02-20 11:07:08,blr,560080,Android
CUST_11170,Suresh Shah,suresh.shah97@gmail.com,9499174734,2026-07-15 11:01:22,New Delhi,560023,Android
CUST_13305,Anika Singh,anika.singh90@outlook.com,9999610322,2025-04-21 04:28:28,BANGALORE,560049,Android
CUST_14153,Reyansh Sharma,reyansh.sharma13@hotmail.com,+91-7885323437,2025-10-29 21:47:29,Mumbai,560034,Web
CUST_12728,Suresh Reddy,suresh.reddy10@gmail.com,7525186371,2025-09-18 19:07:37,Gurugram,560032,iOS
CUST_11737,Rahul Mehta,rahul.mehta33@outlook.com,7702440934,2024-05-12 21:07:27,Bangalore,560027,iOS
CUST_14759,Aadhya Joshi,aadhya.joshi85@hotmail.com,8741487603,2025-01-18 10:38:02,Delhi,560026,Android
CUST_10563,Vivaan Das,vivaan.das35@gmail.com,9828799272,2024-05-10 08:20:04,Mumbai,560051,Android
CUST_10940,Diya Agarwal,diya.agarwal61@gmail.com,09958576651,2025-08-16 11:30:28,Gurgaon,,Android
CUST_10856,Vikram Verma,vikram.verma38@gmail.com,8153939830,2026-05-14 02:39:35,Mumbai,560100,Android
CUST_14175,Rohan Verma,rohan.verma15@outlook.com,+91-7838539452,2024-05-31 09:21:25,BANGALORE,560095,Web
CUST_12895,Aarav Reddy,aarav.reddy66@yahoo.com,8200412573,2024-11-30 12:55:27,Bangalore,560054,Android
CUST_13185,Saanvi Sharma,SAANVI.SHARMA53@HOTMAIL.COM,8724312219,2025-06-17 15:56:03,blr,560067,Android
CUST_14457,Pooja Chowdhury,updated_pooja.chowdhury43@yahoo.com,07056568838,2024-05-09 04:16:39,Bangalore,560045,Android
CUST_14505,Vivaan Nair,vivaan.nair55@yahoo.com,9867467876,2026-02-10 22:50:51,Bengaluru,560027,iOS
CUST_12043,Vivaan Deshmukh,vivaan.deshmukh94@outlook.com,8827932425,2024-04-22 10:07:48,Bengaluru,560077,Android
CUST_14576,Ayaan Bhat,updated_ayaan.bhat92@outlook.com,7426098428,2025-11-26 13:48:09,Hyderabad,560007,Android
CUST_14141,Amit Rao,AMIT.RAO77@OUTLOOK.COM,8360710805,2024-06-30 14:09:28,New Delhi,560085,Web
CUST_13263,Pooja Sharma,pooja.sharma97@hotmail.com,09778181813,2024-07-13 20:08:06,Gurugram,560027,iOS
CUST_11244,Myra Kulkarni,  myra.kulkarni12@gmail.com  ,9596991321,2024-07-06 10:26:31,Bangalore,560029,Android
CUST_10646,Rahul Rao,rahul.rao97@gmail.com,9051949453,2024-10-18 16:10:27,Gurugram,560032,Android
CUST_14780,Neha Banerjee,  neha.banerjee11@yahoo.com  ,09250230688,2025-07-18 20:06:57,Bengaluru,560078,iOS
CUST_13805,Krishna Chowdhury,krishna.chowdhury82@outlook.com,+91-9249596046,2026-08-14 06:28:18,mumbai,560040,Android
CUST_14097,Rahul Joshi,rahul.joshi39@gmail.com,8406162979,2025-06-29 17:51:17,Bangalore,560071,Android
CUST_11409,Priya Bhat,priya.bhat74@outlook.com,+91-7535502069,2025-12-14 07:19:51,Gurgaon,560079,iOS
CUST_14132,Rahul Banerjee,rahul.banerjee68@yahoo.com,7283917447,2024-09-30 22:38:46,Delhi,560092,iOS
CUST_12731,Angel Agarwal,angel.agarwal59@gmail.com,7477459038,2025-05-31 07:45:30,Gurugram,560080,iOS
CUST_14749,Krishna Mehta,krishna.mehta45@hotmail.com,9902921301,2025-04-08 21:52:40,Bangalore,560010,
CUST_11869,Vikram Patel,vikram.patel61@outlook.com,7761542378,2025-04-29 18:13:28,Bengaluru,560010,Android
CUST_11704,Arjun Rao,  arjun.rao55@hotmail.com  ,09910434160,2025-02-01 11:18:57,Bengaluru,560087,iOS
CUST_13241,Sai Shah,sai.shah30@yahoo.com,+91-9809118843,2024-07-26 12:05:02,Bengaluru,560068,Web
CUST_12783,Aditya Patel,ADITYA.PATEL95@GMAIL.COM,9164447467,2026-04-25 09:45:02,blr,560021,Web
CUST_10093,Avani Joshi,avani.joshi70@hotmail.com,08471591036,2024-10-06 04:54:06,Bengaluru,560088,Android
CUST_13511,Aadhya Kulkarni,aadhya.kulkarni26@gmail.com,09826688042,2025-07-14 22:35:35,Delhi,560084,iOS
CUST_11322,Reyansh Reddy,reyansh.reddy70@outlook.com,,2025-07-05 18:48:53,Mumbai,560078,iOS
CUST_10001,Aarav Nair,aarav.nair36@yahoo.com,,2024-12-18 20:28:51,BANGALORE,560029,Android
CUST_13532,Neha Mehta,neha.mehta29@yahoo.com,9087000110,2026-08-09 23:35:48,Bengaluru,560042,Android
CUST_11919,Aarav Mishra,updated_aarav.mishra32@outlook.com,+91-8925078968,2024-10-28 19:20:00,Gurugram,560021,iOS
CUST_10406,Rahul Reddy,rahul.reddy68@hotmail.com,8826091683,2026-04-25 05:04:28,BANGALORE,560084,iOS
CUST_12176,Arjun Shah,arjun.shah82@outlook.com,7051061723,2024-08-01 17:43:13,blr,,Android
CUST_10733,Pari Kulkarni,pari.kulkarni42@outlook.com,9162355776,2024-04-15 00:26:12,mumbai,560096,Android
CUST_11227,Pari Reddy,pari.reddy11@gmail.com,+91-7871981668,2024-10-13 14:35:41,Bangalore,560053,Android
CUST_12434,Neha Verma,neha.verma83@gmail.com,7935461091,2025-05-21 23:18:13,Gurugram,560044,Android
CUST_14671,Rahul Deshmukh,rahul.deshmukh30@gmail.com,7544644595,2024-06-09 08:27:33,New Delhi,560001,Android
CUST_13423,Angel Deshmukh,angel.deshmukh36@outlook.com,9671528643,2024-06-21 10:22:46,Hyderabad,560056,iOS
CUST_11493,Suresh Shah,suresh.shah99@gmail.com,09585321704,2024-06-18 02:53:07,mumbai,560067,Android
CUST_10495,Ishaan Gupta,ishaan.gupta37@hotmail.com,7489361872,2025-02-03 14:45:12,Gurgaon,560001,Android
CUST_11147,Vikram Das,vikram.das21@gmail.com,+91-9611316142,2026-04-14 07:12:39,Bengaluru,560007,iOS
CUST_13295,Anika Mishra,anika.mishra15@hotmail.com,7038461161,2025-09-03 14:23:18,blr,560096,Android
CUST_13884,Pari Banerjee,pari.banerjee14@hotmail.com,9990720476,2024-01-06 15:36:28,Hyderabad,560027,Android
CUST_10705,Neha Joshi,neha.joshi33@outlook.com,9220796601,2026-03-31 06:31:45,Bengaluru,560065,Android
CUST_13067,Aarav Gupta,aarav.gupta26@hotmail.com,INVALID_PHONE,2025-01-17 06:34:38,BANGALORE,560022,iOS
CUST_10795,Ananya Agarwal,ANANYA.AGARWAL90@GMAIL.COM,8314582306,2024-01-03 08:06:49,BANGALORE,560092,
CUST_12980,Vikram Agarwal,vikram.agarwal18@outlook.com,9537040461,2025-04-30 08:15:10,Bangalore,560033,Android
CUST_14239,Pooja Das,pooja.das50@gmail.com,,2025-08-25 05:56:02,mumbai,560048,Android
CUST_10550,Rohan Das,rohan.das27@yahoo.com,7214857371,2026-07-19 08:32:44,Gurgaon,560097,Android
CUST_11144,Reyansh Patel,reyansh.patel56@hotmail.com,9365370642,2025-03-12 05:52:00,mumbai,560052,Web
CUST_10107,Kavita Agarwal,kavita.agarwal87AToutlook.com,8119819986,2024-10-11 11:09:26,Bangalore,560079,Android
CUST_12267,Ishaan Agarwal,ishaan.agarwal90@gmail.com,+91-9108657073,2026-04-21 07:33:06,Delhi,560021,Android
CUST_10424,Avani Mehta,  avani.mehta11@yahoo.com  ,+91-7130919403,2025-05-23 03:21:38,Gurgaon,560041,
CUST_11367,Sneha Verma,sneha.verma50@outlook.com,,2025-11-12 03:46:07,New Delhi,560037,iOS
CUST_13957,Reyansh Mehta,reyansh.mehta82@yahoo.com,7422158567,2024-04-18 12:36:26,Mumbai,560047,Android
CUST_13844,Priya Patel,priya.patel38@outlook.com,9384731945,2026-07-17 23:48:45,mumbai,560022,
CUST_10204,Ishaan Patel,ishaan.patel85@outlook.com,7953850032,2026-04-17 19:22:53,mumbai,560029,Android
CUST_10174,Aditya Agarwal,updated_ADITYA.AGARWAL37@GMAIL.COM,9874685014,2024-11-30 08:14:52,Hyderabad,560082,Android
CUST_13313,Neha Patel,  neha.patel46@gmail.com  ,7510484517,2024-04-29 19:49:23,New Delhi,560059,Android
CUST_13278,Aadhya Mishra,AADHYA.MISHRA66@GMAIL.COM,8809380515,2024-01-27 16:37:49,BANGALORE,560078,iOS
CUST_14834,Rohan Joshi,rohan.joshi65@gmail.com,9070079016,2024-12-02 11:41:07,Delhi,560081,Android
CUST_10484,Myra Rao,myra.rao31@outlook.com,8256776246,2024-01-10 03:46:42,Bengaluru,560034,Web
CUST_11014,Kavita Patel,kavita.patel16@hotmail.com,09424814195,2026-05-06 16:57:59,New Delhi,560040,Android
CUST_13607,Vihaan Kumar,vihaan.kumar39@yahoo.com,9924422854,2026-08-22 10:52:09,Delhi,560056,Android
CUST_14852,Rohan Das,rohan.das67@gmail.com,8831670849,2024-01-22 01:01:21,Mumbai,560095,
CUST_11398,Aarav Nair,aarav.nair68@hotmail.com,+91-8817745462,2026-05-11 23:13:20,Gurugram,,Android
CUST_13625,Amit Sharma,amit.sharma53@hotmail.com,7528745862,2024-12-12 00:48:58,Gurugram,560049,Android
CUST_10534,Pari Rao,  pari.rao69@hotmail.com  ,8798678969,2024-06-10 12:30:57,Gurugram,560033,Android
CUST_13466,Suresh Patel,updated_suresh.patel70@hotmail.com,7503497576,2026-06-09 19:17:24,New Delhi,560005,Android
CUST_10342,Vikram Mehta,updated_vikram.mehta38ATyahoo.com,09675653010,2026-01-20 17:08:56,Gurgaon,560020,Web
CUST_14652,Amit Banerjee,amit.banerjee19@outlook.com,+91-7592961003,2024-06-26 02:36:24,mumbai,560064,Android
CUST_13809,Suresh Rao,suresh.rao21@hotmail.com,INVALID_PHONE,2025-04-06 04:24:43,Mumbai,560086,iOS
CUST_11261,Amit Mehta,amit.mehta87@yahoo.com,9551719683,2026-01-08 01:12:00,Gurgaon,560016,Web
CUST_11272,Vivaan Verma,vivaan.verma10@yahoo.com,7801694256,2024-03-06 15:51:27,Gurugram,560017,Web
CUST_11323,Krishna Mehta,KRISHNA.MEHTA53@OUTLOOK.COM,7916936734,2024-01-18 12:51:07,BANGALORE,560068,
CUST_10807,Neha Patel,neha.patel22@yahoo.com,08930718638,2026-06-23 15:17:45,Bangalore,,Android
CUST_12431,Ishaan Nair,ishaan.nair60@gmail.com,7637306122,2024-08-18 02:30:56,Gurugram,560023,iOS
CUST_10719,Vihaan Reddy,vihaan.reddy48@hotmail.com,8825310322,2026-04-06 21:31:04,Mumbai,560038,Android
CUST_10859,Vivaan Gupta,vivaan.gupta93@outlook.com,8284585263,2026-02-24 00:08:55,Gurugram,560047,iOS
CUST_14795,Vikram Gupta,vikram.gupta27@gmail.com,+91-7180658300,2024-11-28 09:29:12,Bangalore,560085,Android
CUST_14540,Ishaan Kulkarni,ishaan.kulkarni42@yahoo.com,9749413576,2024-08-18 21:13:12,blr,560068,
CUST_13907,Angel Reddy,angel.reddy58@gmail.com,9418609598,2026-04-22 16:17:05,blr,560055,Web
CUST_11095,Aadhya Deshmukh,AADHYA.DESHMUKH54@GMAIL.COM,8610478031,2025-01-12 19:01:34,Gurugram,560091,Android
CUST_12108,Priya Rao,priya.rao30@hotmail.com,8615210904,2025-09-12 22:50:34,Gurgaon,560022,Android
CUST_13888,Pari Singh,pari.singh97@yahoo.com,7722908561,2025-10-07 02:41:01,Gurugram,560001,iOS
CUST_10513,Aditya Singh,aditya.singh55@gmail.com,9642304584,2025-01-14 13:06:41,Gurugram,560007,Android
CUST_13106,Sneha Singh,sneha.singh51@gmail.com,7849802225,2025-08-31 20:55:21,New Delhi,560077,Android
CUST_12356,Krishna Chowdhury,updated_krishna.chowdhury82@yahoo.com,+91-7515182601,2025-04-30 22:16:52,blr,560034,iOS
CUST_14298,Vivaan Chowdhury,vivaan.chowdhury46@hotmail.com,9718004140,2026-07-22 06:41:15,blr,560075,Android
CUST_11785,Pari Shah,pari.shah65@outlook.com,7662152203,2025-02-11 14:28:29,mumbai,560063,Android
CUST_11819,Anika Rao,anika.rao97@yahoo.com,9138155063,2025-07-14 17:55:01,Delhi,560098,iOS
CUST_13072,Saanvi Kulkarni,saanvi.kulkarni28@yahoo.com,+91-7844508229,2025-07-12 05:07:38,Gurugram,560087,Android
CUST_11730,Aditya Das,ADITYA.DAS22@YAHOO.COM,9982618259,2025-09-12 08:48:52,New Delhi,560069,Android
CUST_13470,Amit Verma,updated_amit.verma29@yahoo.com,+91-7349760224,2025-08-20 09:01:50,blr,560040,iOS
CUST_13771,Diya Deshmukh,diya.deshmukh82@yahoo.com,8416599547,2026-04-22 06:55:57,Gurugram,560053,Android
CUST_12153,Navya Joshi,navya.joshi19@yahoo.com,+91-7934747250,2026-01-25 09:22:34,Bangalore,560088,iOS
CUST_11162,Saanvi Das,saanvi.das71@outlook.com,+91-9388057510,2024-06-07 00:20:44,mumbai,560054,Android
CUST_13806,Aditya Banerjee,aditya.banerjee81@outlook.com,9237761767,2024-01-29 01:21:48,Hyderabad,560018,iOS
CUST_12862,Ayaan Reddy,ayaan.reddy49@outlook.com,,2024-11-16 21:35:40,New Delhi,560022,Android
CUST_14290,Ayaan Joshi,ayaan.joshi36@yahoo.com,8181539037,2026-07-29 02:21:08,Hyderabad,560021,iOS
CUST_14218,Rahul Banerjee,rahul.banerjee90@hotmail.com,7830331772,2025-03-23 03:43:49,mumbai,560069,iOS
CUST_12211,Neha Sharma,neha.sharma90@gmail.com,8934293327,2024-11-21 04:28:10,mumbai,560043,Android
CUST_14397,Sai Kumar,sai.kumar34@outlook.com,08496156574,2026-06-29 02:13:39,Bangalore,560037,
CUST_12416,Avani Rao,updated_avani.rao56@outlook.com,9272409296,2026-07-05 17:12:58,Mumbai,560055,Android
CUST_11391,Suresh Chowdhury,suresh.chowdhury73@gmail.com,09645479082,2025-11-26 04:27:01,Mumbai,560051,iOS
CUST_13448,Sneha Mehta,sneha.mehta44@yahoo.com,7336970254,2026-01-12 03:23:56,New Delhi,560090,Web
CUST_13991,Pari Bhat,pari.bhat40@yahoo.com,7956247353,2025-11-22 06:55:40,Mumbai,,Android
CUST_13652,Reyansh Rao,reyansh.rao70@yahoo.com,7572353457,2026-06-02 00:14:41,mumbai,560095,
CUST_14809,Rahul Patel,rahul.patel52@hotmail.com,7458286294,2025-06-05 04:39:42,BANGALORE,560042,Android
CUST_13704,Aarav Reddy,aarav.reddy77AToutlook.com,09162186852,2024-09-20 00:46:57,Gurgaon,560047,Android
CUST_13463,Pooja Banerjee,pooja.banerjee49@gmail.com,+91-7048567107,2024-09-14 18:31:36,Mumbai,560049,iOS
CUST_13502,Ananya Shah,ananya.shah31@gmail.com,8211814294,2026-08-05 02:41:36,New Delhi,560016,Android
CUST_14279,Vikram Singh,vikram.singh30@gmail.com,7125528733,2025-04-19 05:42:47,Gurgaon,560096,iOS
CUST_12259,Krishna Rao,krishna.rao61@hotmail.com,7743601496,2025-12-15 11:23:16,Delhi,560070,iOS
CUST_13050,Vivaan Singh,vivaan.singh67@yahoo.com,8718988851,2024-08-01 08:22:05,New Delhi,560007,Android
CUST_14420,Priya Kumar,priya.kumar47@gmail.com,07250629827,2025-04-19 19:44:29,BANGALORE,560056,iOS
CUST_11117,Saanvi Bhat,saanvi.bhat88@yahoo.com,9323636846,2025-03-07 08:57:48,BANGALORE,560092,Android
CUST_11907,Aarav Chowdhury,AARAV.CHOWDHURY87@YAHOO.COM,8799588085,2025-03-11 06:29:09,Gurgaon,560024,iOS
CUST_13399,Sneha Gupta,sneha.gupta10@outlook.com,07011932066,2026-06-04 17:42:38,Hyderabad,560083,Android
CUST_10351,Reyansh Chowdhury,reyansh.chowdhury94@yahoo.com,07386978549,2025-09-02 15:00:28,Gurgaon,560032,Android
CUST_11471,Amit Sharma,amit.sharma99@yahoo.com,8614801437,2025-08-14 03:23:39,Mumbai,560044,iOS
CUST_11786,Aadhya Deshmukh,aadhya.deshmukh82@hotmail.com,7740282587,2025-03-01 17:21:19,Gurugram,560075,Android
CUST_13906,Myra Joshi,myra.joshi59@yahoo.com,8553978509,2024-09-04 06:00:56,Mumbai,560071,Android
CUST_14045,Vivaan Singh,vivaan.singh38@yahoo.com,+91-9003876110,2024-03-18 22:27:14,Gurugram,560097,iOS
CUST_11338,Saanvi Das,saanvi.das61@gmail.com,INVALID_PHONE,2025-08-31 06:53:39,Delhi,560045,iOS
CUST_12189,Vivaan Sharma,vivaan.sharma43@gmail.com,9963890121,2026-01-31 00:59:03,Gurgaon,560064,Android
CUST_10080,Vihaan Rao,updated_vihaan.rao14@outlook.com,,2025-04-08 03:10:24,Gurgaon,560072,iOS
CUST_14732,Pooja Bhat,pooja.bhat15@outlook.com,09790569355,2024-04-05 01:57:14,Bangalore,560096,Android
CUST_12845,Krishna Patel,krishna.patel49@hotmail.com,9943130161,2026-02-08 14:44:02,BANGALORE,560097,Android
CUST_10051,Pooja Joshi,updated_pooja.joshi68@outlook.com,8253561824,2024-12-03 15:44:32,Bangalore,560060,iOS
CUST_10651,Saanvi Chowdhury,saanvi.chowdhury51@hotmail.com,8814547042,2024-11-27 14:46:55,New Delhi,560032,Android
CUST_11355,Sneha Singh,sneha.singh86@gmail.com,+91-8196824169,2024-02-26 12:04:45,Bangalore,560001,Android
CUST_12749,Suresh Rao,suresh.rao68@outlook.com,+91-7436994120,2026-03-28 08:23:14,Gurugram,560033,Android
CUST_11847,Aadhya Patel,aadhya.patel52@gmail.com,+91-7942058840,2026-03-11 23:35:30,Bengaluru,560049,iOS
CUST_10979,Reyansh Reddy,reyansh.reddy19@hotmail.com,9210492515,2026-06-26 04:05:08,Bengaluru,560026,iOS
CUST_12640,Avani Banerjee,avani.banerjee45@gmail.com,,2024-10-24 21:48:38,Gurugram,560065,Android
CUST_13923,Suresh Kumar,suresh.kumar18@gmail.com,+91-9371634681,2025-06-21 13:27:25,Bengaluru,560028,Web
CUST_14733,Anika Chowdhury,anika.chowdhury47@outlook.com,7575329655,2025-05-24 07:25:02,Delhi,,iOS
CUST_13577,Priya Kumar,priya.kumar99@gmail.com,,2024-11-30 03:34:18,mumbai,560070,Web
CUST_12067,Navya Reddy,navya.reddy25@hotmail.com,+91-8981028339,2025-01-08 21:30:12,Delhi,560088,iOS
CUST_13251,Krishna Kumar,krishna.kumar33@gmail.com,7281706850,2024-04-13 20:22:48,Gurugram,560092,Android
CUST_10200,Suresh Mehta,suresh.mehta26@outlook.com,8645262644,2026-04-17 05:21:11,blr,560061,Android
CUST_14034,Arjun Agarwal,arjun.agarwal97@outlook.com,7381084883,2026-08-22 01:31:01,Mumbai,560025,
CUST_13009,Rohan Mishra,rohan.mishra15@outlook.com,+91-9515142452,2026-06-18 13:42:58,blr,560060,iOS
CUST_10097,Ayaan Verma,ayaan.verma87@outlook.com,7602816534,2026-03-17 05:50:51,Bengaluru,560046,Web
CUST_11499,Ayaan Chowdhury,updated_ayaan.chowdhury91@outlook.com,9040772264,2024-11-13 23:27:09,Gurugram,560048,Android
CUST_14941,Ishaan Nair,ishaan.nair44@gmail.com,9139151310,2024-10-25 21:11:29,Delhi,560053,Android
CUST_14762,Kavita Chowdhury,kavita.chowdhury23@gmail.com,8441254323,2025-04-23 07:54:43,Gurugram,560082,iOS
CUST_10599,Krishna Chowdhury,krishna.chowdhury40@yahoo.com,09040583558,2025-04-13 00:04:36,BANGALORE,560045,Android
CUST_14295,Aadhya Verma,updated_aadhya.verma28@gmail.com,8898468176,2026-06-24 19:21:09,Gurugram,560021,Android
CUST_10075,Angel Sharma,angel.sharma16@hotmail.com,7661061266,2026-04-13 17:10:57,New Delhi,560055,Android
CUST_12217,Ayaan Shah,ayaan.shah41@yahoo.com,7496885473,2024-12-07 17:56:28,blr,560049,Android
CUST_13933,Ishaan Shah,ishaan.shah81@hotmail.com,8987577332,2025-02-23 02:22:00,Gurugram,560081,Android
CUST_14842,Vikram Patel,vikram.patel77@outlook.com,+91-9213791254,2026-08-24 14:18:24,Delhi,560099,Android
CUST_10419,Saanvi Das,saanvi.das75@hotmail.com,8820229805,2024-07-26 16:45:36,Delhi,560072,Android
CUST_10921,Rohan Agarwal,rohan.agarwal25@yahoo.com,7194868820,2025-08-10 05:52:17,mumbai,560030,iOS
CUST_13102,Ayaan Rao,ayaan.rao61@gmail.com,8625646518,2026-06-17 09:39:34,blr,560085,
CUST_10976,Ishaan Singh,ishaan.singh96@outlook.com,INVALID_PHONE,2024-07-06 15:07:05,Bangalore,560004,Android
CUST_14135,Diya Rao,diya.rao18@outlook.com,+91-9949086637,2026-02-26 22:17:27,mumbai,560015,Android
CUST_12144,Ananya Kumar,updated_ananya.kumar83@outlook.com,8984799299,2025-08-06 13:01:30,Delhi,560069,Android
CUST_13503,Reyansh Mehta,reyansh.mehta93@yahoo.com,7338704421,2024-08-27 20:19:20,blr,560018,Android
CUST_14516,Kavita Joshi,kavita.joshi28AThotmail.com,7089575269,2026-04-11 23:05:50,Gurugram,560097,Android
CUST_13938,Aarav Agarwal,aarav.agarwal39@yahoo.com,9613592803,2026-04-23 01:38:13,mumbai,560005,Android
CUST_14659,Angel Sharma,angel.sharma13@gmail.com,,2025-02-25 15:09:23,New Delhi,560098,Android
CUST_14440,Navya Deshmukh,navya.deshmukh84@gmail.com,8808092379,2024-12-05 23:51:21,Bengaluru,560044,iOS
CUST_11394,Priya Patel,priya.patel30ATgmail.com,+91-8561609608,2025-12-24 05:48:50,Mumbai,,
CUST_14459,Arjun Shah,arjun.shah20@hotmail.com,,2025-04-11 01:18:55,mumbai,560037,Android
CUST_14171,Anika Agarwal,anika.agarwal69@outlook.com,07309675734,2024-05-02 17:57:54,Mumbai,560007,iOS
CUST_14585,Sneha Mishra,sneha.mishra94@gmail.com,7901582600,2025-11-07 11:32:29,New Delhi,560095,Android
CUST_14382,Priya Bhat,priya.bhat75@gmail.com,INVALID_PHONE,2025-09-09 05:59:47,BANGALORE,560055,Android
CUST_10383,Anika Sharma,anika.sharma40@hotmail.com,8193703596,2025-02-09 06:21:40,Gurgaon,560052,Android
CUST_10363,Krishna Chowdhury,krishna.chowdhury25@outlook.com,9813875271,2025-12-01 10:42:22,Gurgaon,560038,Android
CUST_14412,Amit Kumar,amit.kumar22@gmail.com,INVALID_PHONE,2024-03-12 02:47:21,Mumbai,560046,Android
CUST_12410,Ishaan Bhat,ISHAAN.BHAT81@OUTLOOK.COM,7380408507,2024-08-09 03:24:48,blr,560065,Android
CUST_11786,Aadhya Deshmukh,updated_aadhya.deshmukh82@hotmail.com,7740282587,2025-03-01 17:21:19,Gurugram,560075,Android
CUST_14745,Rohan Bhat,rohan.bhat75@gmail.com,7018658620,2026-07-30 11:05:07,mumbai,560005,Android
CUST_12648,Saanvi Patel,saanvi.patel69@hotmail.com,8905421822,2024-05-11 07:42:54,Mumbai,560029,Android
CUST_12901,Myra Shah,myra.shah56@outlook.com,+91-7720578321,2024-09-01 17:13:33,Hyderabad,560095,Android
CUST_12252,Aadhya Singh,aadhya.singh13@hotmail.com,7092804531,2026-06-17 00:18:26,Gurugram,560051,iOS
CUST_14088,Priya Shah,priya.shah64@gmail.com,+91-7945666867,2025-08-13 08:41:23,Bengaluru,560068,iOS
CUST_11009,Arjun Nair,arjun.nair43@gmail.com,8188418369,2025-05-20 19:14:49,Bengaluru,560025,Android
CUST_10981,Aditya Rao,updated_aditya.rao57ATyahoo.com,08335110462,2024-10-22 13:41:49,mumbai,560004,Web
CUST_11538,Neha Banerjee,  neha.banerjee13@yahoo.com  ,08994595982,2024-02-06 01:05:06,blr,560058,Android
CUST_14274,Pari Chowdhury,pari.chowdhury85@hotmail.com,8522499879,2026-08-06 06:45:00,blr,560054,iOS
CUST_13982,Sneha Mehta,sneha.mehta75@outlook.com,9826948184,2024-05-30 00:37:26,New Delhi,560044,Android
CUST_11577,Suresh Gupta,suresh.gupta27@yahoo.com,9873366854,2026-06-22 06:33:46,Gurgaon,560097,iOS
CUST_14005,Pooja Rao,pooja.rao91@yahoo.com,9292718044,2025-09-20 22:33:52,New Delhi,560042,iOS
CUST_13896,Pooja Rao,pooja.rao99@outlook.com,08904614281,2024-05-03 22:01:19,Hyderabad,560075,Android
CUST_12325,Myra Shah,myra.shah61@outlook.com,+91-9670855343,2024-03-23 19:21:26,blr,560069,Web
CUST_11633,Ishaan Singh,ISHAAN.SINGH46@GMAIL.COM,9320451762,2026-01-23 15:17:27,BANGALORE,560070,iOS
CUST_12232,Pari Chowdhury,pari.chowdhury90@yahoo.com,7150160297,2025-02-26 00:30:32,BANGALORE,560047,iOS
CUST_11357,Anika Mishra,anika.mishra80@yahoo.com,9702821952,2024-12-23 17:23:03,Gurgaon,560019,Android
CUST_14914,Neha Agarwal,neha.agarwal75@hotmail.com,7577889214,2026-05-26 04:34:48,BANGALORE,560069,Android
CUST_10308,Vivaan Reddy,vivaan.reddy78@gmail.com,9464676951,2026-03-03 14:31:05,blr,560088,Android
CUST_11640,Navya Kulkarni,navya.kulkarni22@outlook.com,9808129503,2024-08-26 06:54:48,mumbai,560084,Android
CUST_13554,Navya Patel,navya.patel20@yahoo.com,9524445831,2026-06-05 17:05:29,BANGALORE,560056,Android
CUST_13995,Anika Gupta,anika.gupta45@hotmail.com,7449556922,2025-03-24 17:08:21,Mumbai,560030,iOS
CUST_10671,Rahul Nair,rahul.nair86@hotmail.com,7214758450,2024-08-16 03:45:15,mumbai,560084,
CUST_10714,Angel Patel,  angel.patel64@outlook.com  ,8539165622,2026-08-13 11:46:01,Mumbai,560094,Android
CUST_13999,Vivaan Joshi,vivaan.joshi98@hotmail.com,7439816366,2024-08-09 08:05:22,Gurugram,560072,Android
CUST_11414,Ayaan Reddy,ayaan.reddy47@outlook.com,7385003286,2024-05-15 00:33:42,Mumbai,560085,iOS
CUST_13334,Rahul Agarwal,  rahul.agarwal47@gmail.com  ,8710063308,2025-04-13 18:46:52,Gurgaon,560021,Android
CUST_12664,Anika Sharma,anika.sharma42@outlook.com,7173166131,2025-09-13 22:13:25,mumbai,560041,Android
CUST_10432,Ayaan Das,ayaan.das98@outlook.com,8235770782,2024-10-23 17:45:14,Delhi,560089,Android
CUST_12092,Pari Das,pari.das79@gmail.com,,2025-02-15 07:19:17,Gurgaon,560096,Android
CUST_10059,Arjun Reddy,arjun.reddy99@yahoo.com,7153757571,2026-08-21 20:50:27,New Delhi,560041,iOS
CUST_12979,Sai Banerjee,sai.banerjee56@hotmail.com,,2026-07-02 09:43:18,Bangalore,560040,Android
CUST_11958,Reyansh Bhat,reyansh.bhat46@gmail.com,7507955342,2024-08-16 22:27:32,Gurugram,560057,iOS
CUST_11870,Arjun Chowdhury,arjun.chowdhury33@yahoo.com,7888238419,2026-01-02 09:35:32,blr,560029,Android
CUST_11437,Priya Mishra,priya.mishra65@outlook.com,8449696804,2024-11-24 16:38:24,New Delhi,560034,iOS
CUST_10322,Angel Reddy,angel.reddy87@outlook.com,9019049580,2025-12-02 05:24:38,Bengaluru,,Android
CUST_12145,Aadhya Mishra,aadhya.mishra90@yahoo.com,+91-8409463095,2026-05-25 09:52:32,Gurgaon,560019,
CUST_14059,Rohan Kulkarni,rohan.kulkarni65@outlook.com,7403913052,2024-05-29 19:56:52,Bengaluru,560060,Android
CUST_10043,Avani Singh,avani.singh53@yahoo.com,7544920020,2026-05-24 15:10:15,Bangalore,560050,Web
CUST_10255,Priya Mishra,priya.mishra36ATyahoo.com,8834380748,2025-10-16 15:48:51,Bengaluru,560019,Android
CUST_14548,Rahul Reddy,rahul.reddy34@yahoo.com,7747792036,2024-04-01 04:25:52,New Delhi,560066,Android
CUST_11989,Sneha Mishra,sneha.mishra58@yahoo.com,08882376418,2024-11-14 04:07:43,Bengaluru,560050,iOS
CUST_11733,Angel Bhat,ANGEL.BHAT31@YAHOO.COM,7741584057,2026-08-12 07:42:37,Bengaluru,560090,Android
CUST_11883,Ananya Bhat,ananya.bhat57@hotmail.com,09851102404,2025-09-08 20:38:38,New Delhi,560043,Android
CUST_14391,Arjun Kulkarni,arjun.kulkarni30@yahoo.com,+91-9736547681,2025-01-10 01:33:37,mumbai,560072,Android
CUST_12881,Suresh Shah,suresh.shah98@outlook.com,8944089291,2024-04-15 14:27:55,New Delhi,560032,iOS
CUST_11540,Rahul Agarwal,updated_rahul.agarwal33@yahoo.com,9428514728,2024-08-26 20:56:30,New Delhi,560014,Web
CUST_10971,Suresh Kumar,suresh.kumar19@hotmail.com,9241556196,2026-02-14 11:01:05,Bangalore,560099,iOS
CUST_14977,Priya Patel,priya.patel67@gmail.com,7212037953,2025-09-27 08:52:37,Bangalore,560036,
CUST_12543,Rahul Banerjee,rahul.banerjee30@hotmail.com,8327693143,2026-01-05 03:03:29,Gurugram,560051,Android
CUST_11377,Navya Banerjee,navya.banerjee20@gmail.com,+91-8623856081,2024-06-10 17:11:32,Bangalore,560012,Android
CUST_12020,Kavita Shah,kavita.shah50@gmail.com,9781061289,2025-05-27 10:14:08,mumbai,560060,Android
CUST_14095,Sneha Nair,sneha.nair14@outlook.com,7402813568,2025-11-29 21:17:49,BANGALORE,560045,Android
CUST_11691,Ishaan Banerjee,ishaan.banerjee56@outlook.com,8112153878,2025-03-14 23:19:57,Hyderabad,560068,
CUST_12571,Sai Patel,sai.patel46@hotmail.com,7625237388,2024-06-27 16:00:57,blr,560007,Android
CUST_13223,Aarav Deshmukh,  aarav.deshmukh81@gmail.com  ,8166317160,2026-01-09 05:15:25,Hyderabad,560012,Android
CUST_10695,Aditya Rao,aditya.rao76@outlook.com,INVALID_PHONE,2024-08-18 11:52:04,Hyderabad,560023,Android
CUST_14920,Avani Agarwal,avani.agarwal86@outlook.com,7873201611,2025-11-23 06:18:30,mumbai,560086,Android
CUST_14197,Angel Singh,  angel.singh35@gmail.com  ,08599610053,2025-10-01 01:43:24,Gurgaon,560080,Android
CUST_11524,Kavita Kulkarni,kavita.kulkarni32@outlook.com,8278800218,2025-01-19 19:22:01,Bengaluru,560055,iOS
CUST_10471,Amit Bhat,amit.bhat34@yahoo.com,7282517918,2026-06-06 21:08:53,Bangalore,560064,Android
CUST_11307,Aadhya Mishra,aadhya.mishra99@yahoo.com,8594359303,2026-02-13 02:17:06,New Delhi,560074,Android
CUST_12379,Navya Deshmukh,navya.deshmukh46@outlook.com,7894401704,2026-06-20 12:28:39,blr,560070,Android
CUST_12162,Ayaan Singh,ayaan.singh55AToutlook.com,7097340796,2025-02-13 17:54:44,mumbai,560039,iOS
CUST_12785,Angel Sharma,angel.sharma49@yahoo.com,+91-9885453190,2024-05-25 03:43:14,Gurgaon,560039,iOS
CUST_11695,Avani Agarwal,avani.agarwal64@yahoo.com,9967752910,2025-07-06 22:52:18,Bangalore,560067,Web
CUST_10876,Amit Nair,amit.nair50@yahoo.com,9267547234,2026-04-10 14:21:52,New Delhi,560091,iOS
CUST_12589,Anika Banerjee,anika.banerjee87@outlook.com,7344919612,2024-08-08 13:23:06,Gurgaon,560048,Android
CUST_14543,Navya Joshi,updated_navya.joshi77@gmail.com,9142746909,2025-04-20 05:05:37,Gurugram,560027,iOS
CUST_12670,Rahul Shah,rahul.shah48@hotmail.com,9358113048,2024-04-10 12:53:08,Bengaluru,560059,iOS
CUST_10839,Sneha Nair,updated_sneha.nair26@outlook.com,7203429728,2025-11-06 12:09:38,New Delhi,560086,Android
CUST_10194,Navya Nair,navya.nair76@yahoo.com,,2026-07-04 08:28:59,Bangalore,,iOS
CUST_11560,Myra Chowdhury,myra.chowdhury36@outlook.com,8320236659,2024-01-11 21:51:48,Hyderabad,560075,Android
CUST_13733,Anika Kumar,anika.kumar29@gmail.com,8193126253,2026-04-20 17:31:24,Delhi,560058,Android
CUST_11350,Vivaan Patel,vivaan.patel87@hotmail.com,08910013071,2025-09-28 17:36:35,BANGALORE,560073,Android
CUST_13462,Neha Joshi,neha.joshi29@yahoo.com,7011565670,2025-02-12 13:51:20,Gurgaon,560004,iOS
CUST_10342,Vikram Mehta,vikram.mehta38ATyahoo.com,09675653010,2026-01-20 17:08:56,Gurgaon,560020,Web
CUST_11086,Navya Deshmukh,navya.deshmukh71@hotmail.com,+91-9348210315,2026-01-29 16:15:04,Mumbai,560003,iOS
CUST_13268,Ayaan Singh,ayaan.singh13@hotmail.com,+91-9576296583,2025-12-31 10:49:51,blr,560099,
CUST_10103,Amit Kumar,amit.kumar46@gmail.com,7954329496,2024-09-16 12:36:43,Gurugram,560018,Android
CUST_13528,Rahul Patel,rahul.patel12@yahoo.com,INVALID_PHONE,2026-05-26 09:15:22,Delhi,,Android
CUST_11747,Vihaan Nair,vihaan.nair43@gmail.com,08245097201,2025-07-10 20:23:40,blr,560011,iOS
CUST_11293,Avani Banerjee,avani.banerjee77@yahoo.com,8163311266,2024-03-19 17:09:31,Bengaluru,560081,Web
CUST_10053,Aditya Mishra,aditya.mishra48@hotmail.com,8450500471,2024-12-14 18:16:55,Delhi,560093,
CUST_12897,Priya Singh,priya.singh81@hotmail.com,9511617773,2025-08-04 00:14:06,blr,560002,iOS
CUST_10101,Suresh Gupta,suresh.gupta70@yahoo.com,9474129657,2024-10-26 15:53:45,Delhi,560009,iOS
CUST_12014,Aditya Nair,aditya.nair73@hotmail.com,7588097066,2025-08-26 00:38:18,Gurugram,560056,Android
CUST_11340,Neha Banerjee,neha.banerjee33@gmail.com,8115667531,2026-07-03 13:46:43,mumbai,560088,Android
CUST_10250,Ayaan Mishra,ayaan.mishra34@gmail.com,7125698929,2024-07-03 02:56:52,Gurgaon,560007,Android
CUST_11444,Pari Shah,pari.shah18@hotmail.com,+91-7238035126,2026-03-04 04:32:47,BANGALORE,,iOS
CUST_13508,Diya Shah,diya.shah94@outlook.com,9377456946,2026-02-13 20:59:23,Bangalore,560062,iOS
CUST_13886,Anika Patel,ANIKA.PATEL37@OUTLOOK.COM,+91-8805108759,2025-08-24 15:54:20,Mumbai,560032,iOS
CUST_12758,Ananya Gupta,ananya.gupta76@hotmail.com,09090257408,2026-02-25 08:52:54,Hyderabad,560009,Android
CUST_13419,Saanvi Das,saanvi.das15@outlook.com,+91-8799779064,2024-04-26 21:40:52,Delhi,560026,Android
CUST_12392,Sai Shah,sai.shah37@gmail.com,+91-7456557748,2025-12-18 04:51:13,mumbai,,iOS
CUST_12893,Aditya Deshmukh,updated_aditya.deshmukh83@yahoo.com,8285453971,2025-07-08 07:36:16,BANGALORE,560045,Android
CUST_12669,Amit Singh,amit.singh77@hotmail.com,9893675861,2026-05-04 04:10:36,Delhi,,Android
CUST_14356,Pari Agarwal,updated_PARI.AGARWAL86@GMAIL.COM,+91-7861450988,2025-02-14 03:15:52,New Delhi,560054,iOS
CUST_10313,Reyansh Deshmukh,reyansh.deshmukh88@hotmail.com,+91-7640875165,2026-01-02 14:16:06,Bangalore,560075,Web
CUST_11290,Priya Patel,PRIYA.PATEL78@YAHOO.COM,,2026-04-10 00:20:09,Gurugram,,Android
CUST_13242,Avani Das,avani.das41@yahoo.com,8411186998,2024-01-30 05:25:13,Gurugram,560035,Web
CUST_12984,Aditya Banerjee,aditya.banerjee70@gmail.com,9723212664,2024-09-05 14:44:54,Delhi,560006,Android
CUST_10699,Vikram Kulkarni,vikram.kulkarni41@yahoo.com,9633988037,2025-07-05 14:08:19,Gurugram,560075,Android
CUST_11390,Kavita Deshmukh,kavita.deshmukh80@gmail.com,8901356014,2024-01-28 01:58:58,New Delhi,560009,Android
CUST_12373,Ayaan Verma,ayaan.verma17AToutlook.com,INVALID_PHONE,2026-08-08 19:32:23,BANGALORE,560068,iOS
CUST_13857,Vikram Joshi,vikram.joshi18@hotmail.com,+91-8446469285,2024-09-03 11:18:39,Gurgaon,560066,Android
CUST_12147,Ayaan Mehta,ayaan.mehta11ATyahoo.com,INVALID_PHONE,2024-03-11 12:45:39,Bangalore,560018,iOS
CUST_13741,Aditya Banerjee,aditya.banerjee60@gmail.com,9842576217,2026-07-12 08:12:17,Gurugram,560028,Android
CUST_10460,Diya Kulkarni,diya.kulkarni12ATyahoo.com,7500275778,2024-07-14 14:50:23,BANGALORE,560078,iOS
CUST_13218,Reyansh Singh,updated_reyansh.singh83@gmail.com,+91-8633725500,2025-03-29 00:00:51,Bangalore,560033,Web
CUST_10852,Saanvi Rao,saanvi.rao95@gmail.com,7320116263,2025-03-29 23:23:42,blr,560018,Android
CUST_10810,Saanvi Kumar,saanvi.kumar72@outlook.com,07484169993,2024-12-26 01:29:52,Mumbai,560036,Android
CUST_12107,Navya Verma,navya.verma89@gmail.com,+91-9596742432,2026-01-08 19:54:17,Gurgaon,,iOS
CUST_11378,Vikram Kumar,  vikram.kumar39@yahoo.com  ,8507810226,2025-05-21 04:35:57,blr,,Android
CUST_12174,Aarav Kulkarni,aarav.kulkarni48@outlook.com,7088766347,2025-04-17 16:18:14,Mumbai,560006,Android
CUST_11001,Saanvi Shah,saanvi.shah99@hotmail.com,9350044911,2026-08-13 16:26:35,New Delhi,560004,Android
CUST_14011,Rohan Banerjee,ROHAN.BANERJEE78@HOTMAIL.COM,08299455916,2024-12-07 22:37:02,blr,560024,Android
CUST_13650,Angel Deshmukh,updated_angel.deshmukh45@yahoo.com,9592890617,2025-12-19 04:14:04,mumbai,560002,Android
CUST_11974,Amit Gupta,amit.gupta63@gmail.com,9034641212,2026-07-27 22:17:44,Bengaluru,560062,iOS
CUST_14727,Avani Gupta,updated_avani.gupta26@hotmail.com,9436267362,2025-03-05 10:12:07,BANGALORE,560023,iOS
CUST_11189,Krishna Mishra,updated_krishna.mishra44@gmail.com,7843029426,2024-04-24 18:14:37,Delhi,560072,Android
CUST_12880,Rohan Sharma,rohan.sharma15@outlook.com,9518500656,2024-05-07 14:52:06,Gurgaon,560084,iOS
CUST_11804,Sneha Agarwal,sneha.agarwal27@hotmail.com,9196282206,2025-03-28 09:59:09,Gurugram,560053,Android
CUST_11717,Angel Singh,angel.singh86@hotmail.com,+91-7369163932,2026-06-28 02:50:49,Gurugram,560015,Android
CUST_12923,Navya Nair,navya.nair83@outlook.com,+91-8157346745,2024-11-20 14:26:28,BANGALORE,560019,Android
CUST_12343,Rahul Reddy,updated_RAHUL.REDDY76@GMAIL.COM,+91-9125720295,2024-12-28 23:38:23,blr,560043,Android
CUST_14608,Ayaan Mehta,ayaan.mehta90AThotmail.com,+91-8582550355,2024-08-12 01:33:19,Gurgaon,560035,
CUST_12400,Anika Kumar,updated_anika.kumar51@hotmail.com,8096501981,2025-05-07 22:37:19,Bengaluru,560084,iOS
CUST_12185,Diya Agarwal,diya.agarwal25@hotmail.com,8320160317,2024-06-29 19:27:12,blr,560020,Android
CUST_12704,Arjun Verma,arjun.verma89@yahoo.com,9482007078,2025-02-19 18:52:21,blr,560048,
CUST_13671,Vikram Das,vikram.das69@yahoo.com,07752423225,2025-10-05 17:57:02,Bengaluru,560057,iOS
CUST_12223,Rohan Gupta,rohan.gupta46@yahoo.com,8962524048,2024-12-04 10:26:48,mumbai,560048,Android
CUST_14698,Myra Gupta,myra.gupta15@gmail.com,INVALID_PHONE,2026-06-11 08:41:57,Mumbai,560073,Android
CUST_11325,Ishaan Rao,ishaan.rao46@gmail.com,8772315019,2025-04-02 16:14:29,Gurgaon,560017,
CUST_11611,Ananya Deshmukh,ananya.deshmukh11@hotmail.com,7338792579,2026-08-03 22:38:11,Delhi,560059,Android
CUST_14068,Amit Mishra,amit.mishra65@hotmail.com,8931655058,2024-05-23 04:57:33,New Delhi,560025,Android
CUST_14808,Angel Kulkarni,angel.kulkarni67@hotmail.com,7441654521,2026-02-28 16:22:33,Bengaluru,560067,iOS
CUST_10217,Vivaan Sharma,  vivaan.sharma24@gmail.com  ,07615093463,2024-12-26 20:12:08,mumbai,,Android
CUST_14188,Priya Shah,priya.shah46@hotmail.com,7082005169,2024-03-31 14:24:10,Gurgaon,560011,Android
CUST_11783,Neha Agarwal,neha.agarwal84@hotmail.com,8872140357,2024-06-09 22:29:15,mumbai,560028,
CUST_10784,Rohan Sharma,updated_rohan.sharma93@hotmail.com,+91-9756454100,2024-05-14 05:51:25,Hyderabad,560002,iOS
CUST_13351,Saanvi Kumar,saanvi.kumar26@yahoo.com,+91-7521486540,2025-01-30 17:13:50,Bengaluru,560068,Web
CUST_11339,Rohan Nair,rohan.nair38@outlook.com,9171045626,2025-01-20 09:23:43,New Delhi,560100,Android
CUST_10537,Angel Banerjee,angel.banerjee99@outlook.com,8633160903,2024-09-07 22:51:43,BANGALORE,560088,Android
CUST_12149,Ananya Kulkarni,  ananya.kulkarni43@outlook.com  ,7885238643,2024-12-08 07:58:10,BANGALORE,560076,
CUST_12649,Vivaan Singh,vivaan.singh22@yahoo.com,7014873954,2025-02-23 07:02:34,Gurgaon,560083,
CUST_13294,Arjun Sharma,arjun.sharma34@outlook.com,8969368575,2026-08-29 11:12:36,Bangalore,560078,Android
CUST_14725,Ishaan Shah,ishaan.shah30@gmail.com,7026853733,2026-01-09 14:36:33,Hyderabad,560070,Android
CUST_10476,Ishaan Sharma,ishaan.sharma15@yahoo.com,9568104126,2025-10-21 17:23:37,Bangalore,560026,Android
CUST_12579,Rahul Verma,rahul.verma93@outlook.com,9596742567,2026-05-06 21:38:33,Gurgaon,560040,iOS
CUST_10165,Vivaan Shah,vivaan.shah67@yahoo.com,7587765275,2024-10-13 19:16:15,mumbai,560025,iOS
CUST_10021,Ananya Patel,ananya.patel65ATgmail.com,7009669982,2026-02-01 05:02:27,mumbai,560075,Android
CUST_14467,Aditya Sharma,aditya.sharma97AThotmail.com,7437141113,2024-02-12 20:44:59,blr,560055,Android
CUST_10708,Arjun Reddy,arjun.reddy18@yahoo.com,+91-9038328457,2026-03-27 13:40:57,mumbai,560005,Android
CUST_11557,Neha Kumar,neha.kumar72@gmail.com,8065210643,2024-04-13 01:40:31,New Delhi,560079,iOS
CUST_14796,Ayaan Agarwal,ayaan.agarwal19@hotmail.com,7051635183,2026-02-25 18:14:02,BANGALORE,560049,Android
CUST_14984,Pari Nair,updated_pari.nair75@gmail.com,+91-7588863144,2026-02-14 06:20:31,Bengaluru,560097,Android
CUST_10126,Ayaan Nair,ayaan.nair23@gmail.com,,2026-01-27 17:29:23,Delhi,560068,iOS
CUST_10134,Vihaan Chowdhury,vihaan.chowdhury92@hotmail.com,9572689888,2025-10-18 14:34:32,BANGALORE,560019,Android
CUST_14800,Pooja Reddy,pooja.reddy38@yahoo.com,+91-8936184007,2025-02-11 23:49:37,New Delhi,560054,Android
CUST_11582,Aditya Kumar,aditya.kumar80AThotmail.com,+91-7034257064,2024-08-03 07:07:45,New Delhi,560089,iOS
CUST_13169,Sai Chowdhury,sai.chowdhury50@outlook.com,7200535605,2024-01-13 11:16:21,Bengaluru,560041,iOS
CUST_10540,Vikram Chowdhury,updated_vikram.chowdhury57@yahoo.com,9868968361,2024-08-31 03:49:00,Hyderabad,560037,iOS
CUST_10123,Vikram Verma,vikram.verma29@gmail.com,8659056039,2025-10-28 13:03:31,Mumbai,560058,Android
CUST_14066,Amit Reddy,  amit.reddy12@hotmail.com  ,8095841741,2026-07-07 11:18:05,New Delhi,560021,Android
CUST_13457,Krishna Rao,krishna.rao18@gmail.com,INVALID_PHONE,2025-11-01 05:54:18,mumbai,560087,iOS
CUST_14118,Amit Das,amit.das69@hotmail.com,8128323094,2026-05-06 12:17:25,Mumbai,560025,iOS
CUST_10634,Kavita Joshi,kavita.joshi66@gmail.com,9498681346,2026-04-20 08:10:16,blr,560009,iOS
CUST_10571,Vivaan Mishra,vivaan.mishra30@gmail.com,8843864884,2025-12-24 10:29:24,Hyderabad,560043,Android
CUST_11103,Aditya Chowdhury,aditya.chowdhury89@yahoo.com,8344769730,2024-11-17 20:58:31,BANGALORE,560090,iOS
CUST_13879,Kavita Agarwal,updated_kavita.agarwal20@yahoo.com,7682757684,2024-11-24 02:36:42,Gurgaon,,Android
CUST_12106,Saanvi Deshmukh,saanvi.deshmukh70@hotmail.com,08701038041,2026-05-05 03:33:27,Bengaluru,560029,Android
CUST_11055,Aarav Agarwal,aarav.agarwal92@gmail.com,+91-8519841079,2026-02-08 19:24:37,Bangalore,560044,iOS
CUST_11417,Neha Agarwal,neha.agarwal59@outlook.com,8125875722,2025-06-25 06:18:13,blr,560063,Web
CUST_12294,Priya Banerjee,priya.banerjee12@gmail.com,+91-7731800936,2024-11-17 02:16:15,Gurgaon,560053,iOS
CUST_13566,Aarav Kulkarni,aarav.kulkarni42@hotmail.com,7481525566,2026-03-18 19:15:23,New Delhi,560042,Android
CUST_14323,Amit Nair,amit.nair45@yahoo.com,8060421046,2025-06-24 02:14:48,Bengaluru,560032,iOS
CUST_10980,Arjun Kumar,arjun.kumar91@yahoo.com,9036394000,2026-08-03 03:55:55,New Delhi,560028,Android
CUST_13262,Avani Reddy,avani.reddy81@gmail.com,9426428467,2026-02-05 07:14:23,Delhi,560021,iOS
CUST_11862,Myra Kulkarni,MYRA.KULKARNI87@GMAIL.COM,9645461266,2026-08-07 15:28:59,blr,560055,iOS
CUST_12684,Kavita Joshi,kavita.joshi24@hotmail.com,INVALID_PHONE,2025-06-15 21:50:57,BANGALORE,560035,Android
CUST_11950,Diya Kumar,diya.kumar26@hotmail.com,7458779130,2024-07-04 07:00:16,Mumbai,560067,
CUST_10234,Priya Patel,priya.patel82@outlook.com,8627404374,2026-02-11 08:12:00,BANGALORE,,Android
CUST_10802,Aadhya Das,aadhya.das71@outlook.com,9569324014,2026-01-22 11:14:03,Gurgaon,560070,
CUST_12710,Rahul Rao,rahul.rao97@gmail.com,7320379890,2025-02-10 01:03:56,blr,,Android
CUST_11137,Anika Bhat,anika.bhat65@yahoo.com,7801177244,2025-12-28 12:41:20,Hyderabad,560091,iOS
CUST_14252,Ayaan Patel,  ayaan.patel86@hotmail.com  ,8456354197,2026-06-18 09:02:24,blr,560054,Android
CUST_13782,Rohan Das,rohan.das25@gmail.com,,2026-06-08 19:54:34,Hyderabad,560094,Android
CUST_14583,Vikram Mehta,vikram.mehta98@hotmail.com,9535492230,2024-05-13 15:49:43,Gurugram,560014,Android
CUST_14633,Saanvi Banerjee,saanvi.banerjee98ATyahoo.com,9783579535,2025-06-01 07:08:20,Bengaluru,560005,Android
CUST_11652,Ananya Chowdhury,ananya.chowdhury27@gmail.com,8453161195,2026-05-21 12:21:10,Hyderabad,560044,iOS
CUST_14317,Rohan Das,rohan.das10@yahoo.com,07947786054,2026-07-29 07:01:42,Bangalore,560037,Android
CUST_10321,Pari Verma,pari.verma92@gmail.com,7021098926,2024-09-05 10:04:20,Bengaluru,560099,iOS
CUST_13426,Angel Agarwal,angel.agarwal66@outlook.com,9214641518,2025-08-28 13:25:41,Delhi,560100,iOS
CUST_14293,Arjun Shah,arjun.shah20@gmail.com,8710392953,2024-11-27 00:45:13,BANGALORE,560073,Android
CUST_13882,Rahul Joshi,rahul.joshi53@yahoo.com,8374389542,2025-04-24 11:58:07,Delhi,560009,Android
CUST_14441,Reyansh Banerjee,reyansh.banerjee39@gmail.com,8119599244,2024-02-24 13:19:04,Delhi,560096,Android
CUST_12960,Anika Banerjee,anika.banerjee58@gmail.com,+91-7713889456,2024-03-11 03:24:31,Mumbai,560048,Android
CUST_10706,Pooja Patel,pooja.patel90@gmail.com,7257563260,2025-05-18 06:27:26,Mumbai,560089,Android
CUST_10619,Ananya Kumar,updated_ananya.kumar18@gmail.com,9553560749,2025-03-13 05:14:50,Bengaluru,560024,Android
CUST_14611,Reyansh Gupta,REYANSH.GUPTA30@OUTLOOK.COM,9669962442,2025-02-03 05:24:03,mumbai,560046,Android
CUST_13456,Ayaan Reddy,ayaan.reddy96@gmail.com,,2024-03-08 09:56:34,mumbai,560035,Android
CUST_14144,Vivaan Deshmukh,vivaan.deshmukh42@outlook.com,INVALID_PHONE,2025-09-17 10:23:38,Bangalore,560023,Web
CUST_14327,Pooja Gupta,pooja.gupta53@hotmail.com,07994816683,2026-01-24 05:19:10,Gurgaon,560058,
CUST_10647,Vikram Sharma,vikram.sharma38@gmail.com,8058264906,2025-02-27 23:16:12,Hyderabad,560004,Android
CUST_12516,Avani Verma,avani.verma61@outlook.com,+91-7136181174,2026-07-06 02:34:06,Bangalore,,Android
CUST_12202,Rohan Joshi,rohan.joshi66@outlook.com,08497564726,2025-12-31 01:28:43,Gurugram,560071,iOS
CUST_14641,Rohan Kumar,rohan.kumar16@gmail.com,+91-7567130806,2025-04-11 20:01:12,Gurgaon,560098,Android
CUST_10080,Vihaan Rao,vihaan.rao14@outlook.com,,2025-04-08 03:10:24,Gurgaon,560072,iOS
CUST_10361,Vikram Reddy,vikram.reddy51@outlook.com,8503132592,2025-03-14 13:58:49,Gurgaon,560084,iOS
CUST_13643,Navya Verma,navya.verma75@gmail.com,8049520993,2025-04-14 18:09:43,Gurugram,560037,Android
CUST_11084,Vikram Verma,vikram.verma52@gmail.com,8840278232,2025-07-21 04:13:46,Mumbai,560089,Android
CUST_12495,Vihaan Deshmukh,vihaan.deshmukh21@yahoo.com,8679684601,2024-03-24 04:42:35,Gurugram,560037,Android
CUST_11342,Suresh Mehta,suresh.mehta71@hotmail.com,9915048479,2024-06-26 16:38:07,Mumbai,560051,iOS
CUST_10963,Diya Gupta,diya.gupta94@gmail.com,,2025-03-20 14:56:26,Gurugram,560055,Android
CUST_12229,Pooja Patel,pooja.patel32@gmail.com,INVALID_PHONE,2026-07-08 10:40:55,New Delhi,560031,Android
CUST_13166,Reyansh Kumar,reyansh.kumar50@hotmail.com,9779027333,2025-11-17 00:40:19,Gurugram,560011,iOS
CUST_14522,Aarav Kumar,aarav.kumar92@yahoo.com,INVALID_PHONE,2025-04-12 05:22:20,Gurugram,560050,Android
CUST_14948,Vivaan Mishra,vivaan.mishra86@yahoo.com,8619161065,2024-11-06 18:26:08,Mumbai,560059,iOS
CUST_10798,Avani Chowdhury,updated_avani.chowdhury20@outlook.com,7449486070,2026-02-17 04:29:02,blr,560004,Android
CUST_11397,Sneha Reddy,sneha.reddy19@yahoo.com,7968523055,2025-01-12 04:59:52,New Delhi,560094,Android
CUST_14040,Neha Singh,neha.singh40@yahoo.com,+91-8601371204,2025-03-18 16:10:45,Delhi,560070,Android
CUST_12481,Arjun Agarwal,arjun.agarwal35@yahoo.com,9468550248,2026-02-14 01:39:57,blr,560040,Android
CUST_11114,Avani Chowdhury,avani.chowdhury14@hotmail.com,8811423233,2025-09-25 00:45:48,Mumbai,560041,Android
CUST_13921,Rohan Verma,rohan.verma14@hotmail.com,9328528700,2024-07-15 00:11:31,Bengaluru,560060,Android
CUST_12507,Aarav Reddy,aarav.reddy63@outlook.com,+91-9405240479,2025-03-17 16:47:54,Bangalore,560088,Android
CUST_14704,Vivaan Das,vivaan.das12ATyahoo.com,+91-9437319308,2026-06-16 05:36:09,mumbai,560002,iOS
CUST_14125,Vikram Deshmukh,vikram.deshmukh60@yahoo.com,8164306303,2025-01-21 08:46:34,blr,560011,iOS
CUST_12066,Vihaan Mishra,vihaan.mishra93@gmail.com,8270436719,2026-08-27 07:46:21,Hyderabad,560027,Web
CUST_11631,Amit Deshmukh,amit.deshmukh85@outlook.com,9977041253,2024-06-12 11:16:38,Mumbai,560098,Android
CUST_11644,Diya Agarwal,diya.agarwal81@hotmail.com,7808843873,2025-10-31 11:12:02,Bengaluru,560088,iOS
CUST_12054,Saanvi Shah,saanvi.shah78@outlook.com,8407425306,2026-03-05 22:37:54,Mumbai,560065,Android
CUST_10584,Ishaan Mehta,ishaan.mehta61@yahoo.com,9155252343,2025-01-21 18:07:42,Hyderabad,560087,Android
CUST_10227,Myra Mehta,myra.mehta46@yahoo.com,09025767464,2025-07-07 08:13:26,BANGALORE,560014,Android
CUST_12741,Sai Shah,sai.shah23ATyahoo.com,8983672651,2024-12-05 14:30:13,mumbai,560010,Android
CUST_13281,Ishaan Patel,updated_ishaan.patel49@hotmail.com,,2025-03-31 12:48:14,Delhi,560044,Android
CUST_11463,Ananya Gupta,ananya.gupta73@hotmail.com,9833339397,2026-08-16 23:56:15,Mumbai,560076,Android
CUST_13345,Arjun Banerjee,arjun.banerjee63@outlook.com,9050671820,2025-05-04 05:46:31,Bengaluru,560060,iOS
CUST_10379,Pari Joshi,pari.joshi65@gmail.com,+91-9069540519,2024-12-17 16:25:26,Delhi,560087,Android
CUST_13418,Amit Shah,amit.shah48@yahoo.com,8501571515,2024-02-11 02:39:52,mumbai,,Android
CUST_10621,Arjun Bhat,arjun.bhat66@yahoo.com,9348077425,2025-08-18 14:56:43,New Delhi,560024,Android
CUST_13224,Navya Gupta,navya.gupta54@outlook.com,09201727731,2025-09-22 11:58:24,Gurgaon,560008,iOS
CUST_13431,Aadhya Chowdhury,aadhya.chowdhury41@yahoo.com,INVALID_PHONE,2025-01-25 15:39:04,Bangalore,560019,Android
CUST_11705,Diya Agarwal,diya.agarwal25@gmail.com,7637106637,2024-08-25 02:51:23,Mumbai,560065,Android
CUST_11321,Avani Banerjee,avani.banerjee77@hotmail.com,7499693386,2025-03-07 04:17:14,blr,560058,Android
CUST_13089,Amit Joshi,amit.joshi48@gmail.com,7176851161,2024-08-13 00:56:10,Gurugram,560064,Web
CUST_11034,Ishaan Banerjee,ishaan.banerjee61@gmail.com,,2026-01-08 05:52:34,Mumbai,560009,
CUST_11060,Aditya Bhat,aditya.bhat55@gmail.com,+91-8686506613,2024-04-02 17:50:25,BANGALORE,560012,Android
CUST_14420,Priya Kumar,updated_priya.kumar47@gmail.com,07250629827,2025-04-19 19:44:29,BANGALORE,560056,iOS
CUST_10582,Pooja Reddy,pooja.reddy10@yahoo.com,7953493830,2024-02-14 14:50:05,Gurugram,560089,Android
CUST_13335,Arjun Kulkarni,arjun.kulkarni40@hotmail.com,+91-8948647680,2024-04-20 06:41:33,Mumbai,560016,Android
CUST_14193,Diya Gupta,diya.gupta29@outlook.com,8193465561,2025-12-16 06:05:32,Gurgaon,560006,Android
CUST_10162,Priya Banerjee,priya.banerjee11@hotmail.com,INVALID_PHONE,2026-05-31 20:11:16,Gurugram,560053,
CUST_11174,Priya Bhat,priya.bhat61AThotmail.com,9823324830,2026-03-01 15:45:24,blr,560086,Android
CUST_11396,Anika Joshi,anika.joshi55@gmail.com,7953738372,2025-12-16 01:24:58,mumbai,560056,Web
CUST_10327,Angel Agarwal,angel.agarwal93@gmail.com,7651921884,2025-05-13 09:33:14,Mumbai,560059,
CUST_12353,Arjun Rao,arjun.rao96@hotmail.com,9187495939,2025-01-04 23:58:50,New Delhi,560095,Android
CUST_14602,Aditya Joshi,aditya.joshi35@yahoo.com,+91-9498671279,2026-06-27 17:29:40,Bengaluru,560065,Android
CUST_10523,Priya Mishra,priya.mishra34@yahoo.com,8713699053,2026-04-25 23:46:44,Bangalore,560005,iOS
CUST_13303,Amit Deshmukh,amit.deshmukh27@outlook.com,+91-9962263827,2025-11-05 08:06:14,New Delhi,560090,iOS
CUST_11142,Reyansh Agarwal,updated_reyansh.agarwal97@yahoo.com,+91-8478552143,2026-06-06 16:28:19,Delhi,560087,Android
CUST_13160,Priya Reddy,priya.reddy30@yahoo.com,7582566452,2025-04-12 14:43:28,Mumbai,560053,Android
CUST_10127,Priya Banerjee,priya.banerjee81@gmail.com,8233964503,2025-03-08 22:22:20,Hyderabad,560091,Android
CUST_11944,Avani Das,avani.das83@outlook.com,8298235387,2026-07-28 12:19:26,Mumbai,560049,Android
CUST_12284,Ayaan Nair,ayaan.nair72@gmail.com,+91-8078332679,2024-06-19 06:56:31,Delhi,560099,Android
CUST_11697,Vihaan Kumar,VIHAAN.KUMAR83@GMAIL.COM,9672752086,2025-07-30 22:02:11,Bengaluru,560006,Android
CUST_10467,Amit Singh,amit.singh57@yahoo.com,+91-9417726351,2024-03-25 08:45:59,Mumbai,560091,Android
CUST_13801,Avani Patel,avani.patel95@hotmail.com,8512107966,2024-10-31 22:09:05,New Delhi,560020,iOS
CUST_11997,Aditya Chowdhury,aditya.chowdhury39@gmail.com,7149977994,2026-06-05 07:44:20,BANGALORE,560026,Android
CUST_10391,Avani Kumar,avani.kumar50@gmail.com,,2025-05-20 05:13:07,mumbai,560044,iOS
CUST_13709,Vivaan Singh,updated_VIVAAN.SINGH30@GMAIL.COM,7568122898,2024-05-20 20:50:44,Bengaluru,560087,Android
CUST_10450,Rohan Banerjee,rohan.banerjee28@hotmail.com,8876079729,2024-09-09 02:55:08,BANGALORE,560071,Web
CUST_11754,Pari Shah,pari.shah82@hotmail.com,+91-7713867006,2025-12-27 08:37:55,BANGALORE,560077,Android
CUST_13204,Diya Reddy,diya.reddy90@outlook.com,8322682329,2024-12-23 08:01:55,BANGALORE,,Android
CUST_14373,Neha Sharma,neha.sharma22@hotmail.com,7069680846,2026-08-28 16:30:20,Hyderabad,560084,Android
CUST_10088,Avani Mishra,avani.mishra70ATgmail.com,9660900416,2025-11-25 23:46:27,Bengaluru,560022,
CUST_13485,Priya Deshmukh,priya.deshmukh72@hotmail.com,INVALID_PHONE,2024-08-28 00:59:54,Mumbai,560064,iOS
CUST_10145,Aadhya Singh,aadhya.singh39@yahoo.com,7921131321,2026-07-18 09:09:54,Bangalore,560009,iOS
CUST_12934,Reyansh Kumar,reyansh.kumar10@outlook.com,8193378953,2026-07-11 13:30:01,Gurugram,560068,iOS
CUST_11087,Suresh Mehta,suresh.mehta25@outlook.com,8886488460,2024-05-24 23:02:40,New Delhi,560068,iOS
CUST_10946,Navya Singh,navya.singh50@gmail.com,+91-7283085972,2025-06-04 14:37:59,blr,560020,Android
CUST_10312,Vikram Shah,vikram.shah65@yahoo.com,7401876836,2024-09-11 11:01:57,Hyderabad,560069,Android
CUST_13315,Anika Deshmukh,anika.deshmukh34@gmail.com,9140667400,2024-01-20 20:57:56,Hyderabad,560047,Android
CUST_10159,Krishna Das,krishna.das63@outlook.com,7258309321,2025-08-07 07:43:46,Hyderabad,560013,Android
CUST_12135,Krishna Nair,krishna.nair67@outlook.com,9544062728,2024-03-27 07:31:40,Bengaluru,560046,Android
CUST_12300,Vikram Bhat,vikram.bhat48@hotmail.com,7284690860,2025-10-19 13:57:23,mumbai,560053,Android
CUST_11328,Diya Banerjee,diya.banerjee87@yahoo.com,7128796081,2025-02-17 01:24:24,New Delhi,,Android
CUST_11051,Aarav Bhat,updated_aarav.bhat71@hotmail.com,+91-9114466913,2026-02-04 03:10:58,New Delhi,560012,Android
CUST_10076,Priya Patel,priya.patel11@gmail.com,7556144650,2024-11-08 12:31:15,Mumbai,560046,iOS
CUST_12384,Pari Singh,pari.singh23@yahoo.com,9798367367,2025-09-23 16:01:49,Mumbai,560053,iOS
CUST_10731,Ayaan Mehta,ayaan.mehta48@yahoo.com,,2024-06-15 14:05:44,Gurgaon,560029,Android
CUST_12356,Krishna Chowdhury,krishna.chowdhury82@yahoo.com,+91-7515182601,2025-04-30 22:16:52,blr,560034,iOS
CUST_11814,Ananya Chowdhury,ananya.chowdhury22@hotmail.com,+91-8328450056,2025-04-09 11:54:22,Delhi,560016,Android
CUST_12552,Aditya Patel,updated_aditya.patel51@hotmail.com,8693252587,2026-08-15 15:12:16,mumbai,560095,iOS
CUST_10840,Aarav Singh,aarav.singh21@hotmail.com,8186972555,2025-10-08 11:25:00,Bangalore,560083,Android
CUST_14183,Ayaan Gupta,ayaan.gupta90@hotmail.com,+91-7658858909,2026-02-21 11:21:32,mumbai,560063,Web
CUST_14871,Sai Deshmukh,sai.deshmukh74@hotmail.com,+91-7607978501,2026-08-06 16:06:08,Mumbai,560079,iOS
CUST_13590,Kavita Kumar,kavita.kumar29@yahoo.com,8593410040,2024-06-20 10:59:56,Hyderabad,560019,Android
CUST_13585,Diya Das,diya.das15@hotmail.com,7907790182,2026-06-27 08:08:32,Mumbai,560070,Web
CUST_13972,Pari Bhat,pari.bhat73@gmail.com,7198514136,2024-02-21 05:49:24,Gurgaon,560077,Android
CUST_11366,Aadhya Singh,AADHYA.SINGH60@YAHOO.COM,+91-7800189248,2026-04-05 22:08:14,Hyderabad,560044,Android
CUST_14535,Aadhya Das,aadhya.das98@gmail.com,7251625882,2025-01-27 23:45:53,Delhi,560091,iOS
CUST_12458,Kavita Shah,kavita.shah98@outlook.com,8108158361,2024-02-03 21:38:51,Delhi,560025,Android
CUST_12026,Ayaan Bhat,ayaan.bhat49@yahoo.com,8599297304,2024-03-31 05:03:02,Delhi,560042,Android
CUST_14922,Aarav Nair,aarav.nair17@gmail.com,7889126913,2026-01-11 22:43:22,Delhi,560026,Android
CUST_12939,Aadhya Joshi,aadhya.joshi84@hotmail.com,08924732548,2025-08-06 08:20:55,blr,560096,Android
CUST_13230,Pari Kumar,pari.kumar65@yahoo.com,9314030436,2025-04-11 15:20:37,Delhi,560051,iOS
CUST_13289,Sai Patel,sai.patel67@gmail.com,+91-7697100212,2025-05-11 06:06:59,Bengaluru,560097,Android
CUST_12190,Arjun Shah,arjun.shah39@hotmail.com,9297856850,2026-06-12 03:24:13,Delhi,560074,Android
CUST_12184,Anika Sharma,anika.sharma46@yahoo.com,+91-9463186295,2025-07-23 02:59:27,New Delhi,560092,iOS
CUST_14794,Krishna Banerjee,krishna.banerjee88@hotmail.com,,2025-07-31 12:03:53,mumbai,560098,iOS
CUST_14646,Sai Deshmukh,sai.deshmukh32@gmail.com,9052235733,2026-04-23 10:59:21,Gurgaon,560012,Android
CUST_11249,Aarav Patel,aarav.patel39@outlook.com,7556094202,2024-04-04 16:36:06,Mumbai,560029,Android
CUST_11811,Navya Deshmukh,updated_navya.deshmukh55@yahoo.com,+91-9503317958,2026-06-28 07:31:23,blr,560016,Android
CUST_14452,Aditya Mishra,aditya.mishra22@gmail.com,7478118677,2025-03-13 09:55:24,New Delhi,560085,Web
CUST_12885,Angel Nair,angel.nair17AThotmail.com,9126703326,2025-07-27 19:13:05,Mumbai,560084,Android
CUST_14782,Vivaan Gupta,vivaan.gupta13@gmail.com,7153426182,2026-05-06 02:56:17,Hyderabad,560008,iOS
CUST_10264,Krishna Verma,krishna.verma21@gmail.com,09387761884,2025-10-04 09:13:04,blr,560092,iOS
CUST_10853,Neha Joshi,neha.joshi95ATyahoo.com,,2025-07-01 16:36:58,blr,560050,Android
CUST_11985,Angel Agarwal,angel.agarwal78@outlook.com,7873191606,2024-08-13 05:36:44,Hyderabad,,Android
CUST_12702,Navya Patel,updated_navya.patel63@outlook.com,9984307117,2026-02-23 14:47:47,Bengaluru,560098,iOS
CUST_14353,Anika Mehta,anika.mehta19@hotmail.com,7310756853,2026-06-19 03:44:41,Mumbai,560093,iOS
CUST_12551,Amit Bhat,amit.bhat27@outlook.com,9869804817,2025-03-27 10:36:19,Hyderabad,560081,Android
CUST_13523,Vihaan Verma,vihaan.verma72@hotmail.com,7243546754,2026-02-18 13:13:01,Delhi,560093,Android
CUST_10412,Saanvi Mehta,saanvi.mehta91@hotmail.com,+91-7508994811,2024-05-18 17:24:29,blr,560049,iOS
CUST_13639,Neha Joshi,neha.joshi85@yahoo.com,+91-7797727537,2026-08-02 04:33:04,Bangalore,560002,iOS
CUST_13537,Avani Kumar,avani.kumar90@hotmail.com,7011922964,2025-05-30 03:42:05,Mumbai,560076,iOS
CUST_10375,Arjun Das,updated_arjun.das35@yahoo.com,7559778590,2026-07-21 02:37:51,blr,560028,iOS
CUST_12967,Krishna Singh,krishna.singh30@yahoo.com,+91-8021183382,2026-08-26 13:04:05,Gurgaon,560006,Android
CUST_14344,Amit Reddy,amit.reddy67@hotmail.com,7356645402,2025-05-26 15:31:51,Bengaluru,560024,Android
CUST_11105,Angel Rao,angel.rao41@hotmail.com,07454269512,2026-01-28 02:50:31,Delhi,560017,Android
CUST_13753,Vikram Agarwal,vikram.agarwal16@yahoo.com,,2024-12-04 19:47:56,Gurgaon,560029,iOS
CUST_11188,Kavita Gupta,kavita.gupta45@yahoo.com,8545765374,2025-10-20 22:41:21,Delhi,560084,Android
CUST_13694,Avani Nair,updated_AVANI.NAIR26@OUTLOOK.COM,07323978991,2025-04-05 19:03:35,blr,560061,iOS
CUST_13616,Rahul Banerjee,rahul.banerjee76@outlook.com,,2026-07-09 05:23:12,Mumbai,560017,Android
CUST_14814,Saanvi Banerjee,saanvi.banerjee15@hotmail.com,8655194965,2025-08-03 00:51:16,Hyderabad,560014,Android
CUST_13727,Diya Kulkarni,DIYA.KULKARNI84@OUTLOOK.COM,INVALID_PHONE,2024-12-13 23:34:39,Delhi,560081,Android
CUST_10929,Aditya Rao,aditya.rao25@gmail.com,08469613841,2025-07-04 19:26:03,Mumbai,560073,iOS
CUST_11827,Angel Bhat,  angel.bhat22@yahoo.com  ,09828253152,2025-05-18 01:46:52,New Delhi,560052,Android
CUST_12028,Kavita Sharma,kavita.sharma28@gmail.com,7733247365,2025-12-25 23:53:57,Hyderabad,560091,iOS
CUST_12995,Saanvi Shah,saanvi.shah30@outlook.com,,2025-10-22 12:05:54,Gurugram,560077,iOS
CUST_13040,Suresh Kumar,suresh.kumar84@gmail.com,7862395932,2024-10-17 21:28:11,blr,560047,iOS
CUST_14788,Ananya Kumar,ananya.kumar91@outlook.com,,2025-06-11 00:56:44,blr,560031,Android
CUST_13772,Neha Shah,updated_neha.shah22@gmail.com,8246069247,2026-06-20 21:49:47,Gurgaon,,Android
CUST_10156,Vikram Verma,updated_vikram.verma14@yahoo.com,08644682083,2026-06-13 02:47:04,Bengaluru,560053,Android
CUST_13580,Kavita Reddy,  kavita.reddy55@outlook.com  ,07388964867,2026-01-10 18:39:58,New Delhi,560043,iOS
CUST_10032,Rahul Gupta,rahul.gupta55@hotmail.com,07312940652,2024-03-24 23:24:51,blr,560015,iOS
CUST_14073,Suresh Gupta,SURESH.GUPTA19@OUTLOOK.COM,7123144447,2026-04-11 04:23:34,Delhi,560073,iOS
CUST_14897,Suresh Rao,suresh.rao61AThotmail.com,08970930560,2026-07-18 23:11:36,Gurgaon,,Android
CUST_11030,Sneha Patel,sneha.patel11@outlook.com,7760843165,2025-07-18 15:26:23,BANGALORE,560048,iOS
CUST_12085,Rahul Joshi,rahul.joshi93@gmail.com,+91-7747703504,2024-06-07 05:01:18,Bangalore,560011,iOS
CUST_12987,Angel Sharma,angel.sharma41@yahoo.com,7730812425,2025-07-15 07:56:44,BANGALORE,560081,Android
CUST_14952,Krishna Singh,krishna.singh59@gmail.com,INVALID_PHONE,2026-04-01 10:35:10,Bangalore,560082,Android
CUST_11007,Suresh Mishra,suresh.mishra96@outlook.com,8420982733,2025-12-09 15:06:13,Gurugram,560063,iOS
CUST_12635,Suresh Verma,suresh.verma48@yahoo.com,7218736404,2026-06-15 10:53:53,Delhi,560023,Android
CUST_14269,Diya Kumar,diya.kumar84@gmail.com,+91-9428833045,2024-06-25 03:13:34,BANGALORE,560036,Android
CUST_11382,Diya Singh,diya.singh53@hotmail.com,7800955683,2026-02-22 15:24:57,Bengaluru,560022,Android
CUST_11457,Vivaan Rao,vivaan.rao55@outlook.com,9033781197,2025-09-22 21:19:33,Bangalore,560058,Android
CUST_10169,Myra Banerjee,myra.banerjee35@hotmail.com,9506401725,2025-02-28 13:17:55,Mumbai,560018,iOS
CUST_10690,Rohan Patel,rohan.patel36@gmail.com,,2025-11-24 01:00:46,Mumbai,560046,Android
CUST_10970,Ananya Joshi,ananya.joshi89@outlook.com,7604942882,2026-08-14 15:49:26,Mumbai,560092,iOS
CUST_12883,Amit Shah,amit.shah87@outlook.com,8867662490,2025-02-24 01:44:51,Gurugram,560045,iOS
CUST_11450,Neha Mishra,neha.mishra21@outlook.com,7524091904,2024-01-31 09:28:37,Bangalore,560030,iOS
CUST_14837,Krishna Gupta,krishna.gupta89@yahoo.com,8149696795,2024-12-28 09:36:41,Gurgaon,560031,iOS
CUST_10766,Krishna Singh,krishna.singh21@outlook.com,INVALID_PHONE,2025-03-11 01:48:35,Gurgaon,560072,Android
CUST_10631,Diya Agarwal,diya.agarwal55@yahoo.com,9647710620,2024-02-26 02:43:37,Mumbai,560036,Android
CUST_13915,Sai Rao,sai.rao87@gmail.com,7115856179,2026-07-16 01:03:05,BANGALORE,560074,Android
CUST_10787,Aadhya Patel,aadhya.patel33@yahoo.com,7631719079,2024-05-07 05:30:58,Gurugram,560034,Android
CUST_13146,Saanvi Agarwal,saanvi.agarwal54@outlook.com,9790921611,2024-01-03 17:27:57,blr,560063,Android
CUST_11619,Vikram Bhat,vikram.bhat23@hotmail.com,9365367627,2024-05-29 10:35:44,Gurugram,560025,Android
CUST_10258,Amit Nair,amit.nair61@gmail.com,8014780786,2024-11-17 06:56:49,Hyderabad,560066,Android
CUST_11665,Pari Kulkarni,updated_PARI.KULKARNI25@YAHOO.COM,7527661361,2024-04-28 01:44:16,Bangalore,560012,Android
CUST_11054,Ishaan Chowdhury,ishaan.chowdhury37@hotmail.com,9365429772,2024-03-13 02:10:12,BANGALORE,560088,Android
CUST_14694,Saanvi Verma,updated_saanvi.verma51@hotmail.com,8764083499,2024-03-02 04:18:23,blr,560054,Android
CUST_10136,Aadhya Das,aadhya.das25@yahoo.com,08432866087,2025-12-23 15:47:08,Mumbai,,Android
CUST_13679,Rahul Deshmukh,rahul.deshmukh46@yahoo.com,8409847407,2025-01-17 15:55:46,mumbai,560028,Android
CUST_14369,Priya Mehta,priya.mehta95@hotmail.com,7498242535,2026-01-13 12:07:55,Mumbai,560031,Android
CUST_13862,Vihaan Deshmukh,updated_vihaan.deshmukh53@outlook.com,INVALID_PHONE,2025-05-03 20:25:23,Delhi,560079,Web
CUST_13609,Amit Agarwal,amit.agarwal65@outlook.com,09726481225,2025-11-13 07:49:32,Bengaluru,560007,iOS
CUST_11632,Sneha Gupta,sneha.gupta40@gmail.com,9826229079,2024-02-22 14:33:23,mumbai,560018,iOS
CUST_11453,Saanvi Gupta,saanvi.gupta54@outlook.com,+91-8655137747,2025-12-21 07:40:18,Gurgaon,560015,Android
CUST_11069,Saanvi Reddy,saanvi.reddy29@hotmail.com,8220678512,2026-04-24 05:41:38,mumbai,560094,iOS
CUST_13170,Anika Kumar,anika.kumar91@yahoo.com,7881525720,2025-10-15 21:06:35,Gurugram,560020,Android
CUST_13709,Vivaan Singh,VIVAAN.SINGH30@GMAIL.COM,7568122898,2024-05-20 20:50:44,Bengaluru,560087,Android
CUST_14979,Myra Patel,myra.patel49@hotmail.com,8791684517,2026-03-01 11:04:50,BANGALORE,560074,Android
CUST_13231,Arjun Bhat,arjun.bhat60@yahoo.com,+91-9024973917,2026-01-26 04:04:50,blr,560047,Android
CUST_14115,Vihaan Verma,vihaan.verma18@gmail.com,7678393194,2026-01-30 01:36:12,Bengaluru,560022,Android
CUST_14913,Rahul Chowdhury,updated_rahul.chowdhury40@hotmail.com,7131984371,2024-10-26 20:34:19,New Delhi,560088,iOS
CUST_14616,Priya Patel,priya.patel23@gmail.com,+91-8006451779,2025-10-25 10:14:25,New Delhi,560073,Android
CUST_13997,Pooja Shah,pooja.shah95@yahoo.com,+91-9076175457,2025-08-04 23:36:57,Gurugram,560058,Android
CUST_12107,Navya Verma,updated_navya.verma89@gmail.com,+91-9596742432,2026-01-08 19:54:17,Gurgaon,,iOS
CUST_14508,Vivaan Rao,vivaan.rao45@outlook.com,8909683249,2024-03-01 18:57:15,Gurgaon,560094,Android
CUST_14062,Diya Nair,diya.nair20@outlook.com,7424694413,2026-03-02 05:47:06,blr,560072,iOS
CUST_13270,Suresh Deshmukh,updated_suresh.deshmukh34@outlook.com,7736546111,2024-04-29 15:08:49,Gurugram,560050,iOS
CUST_11815,Sai Banerjee,sai.banerjee48@hotmail.com,7573658230,2026-03-06 17:20:10,BANGALORE,560028,
CUST_14635,Ananya Banerjee,ananya.banerjee99@gmail.com,+91-7113828266,2024-05-08 23:36:05,Gurugram,560090,Android
CUST_14740,Aadhya Deshmukh,aadhya.deshmukh47@yahoo.com,,2025-11-18 04:43:44,BANGALORE,560098,Android
CUST_13715,Suresh Agarwal,  suresh.agarwal15@yahoo.com  ,7591503344,2024-08-17 17:09:48,Gurgaon,560001,iOS
CUST_12592,Aditya Nair,aditya.nair78@hotmail.com,8317365278,2024-08-06 23:58:33,Gurugram,560037,Android
CUST_12929,Aarav Bhat,aarav.bhat19@yahoo.com,7575084537,2025-03-13 23:57:07,Mumbai,560026,iOS
CUST_10667,Sai Gupta,sai.gupta37@outlook.com,INVALID_PHONE,2026-08-04 07:59:19,Bengaluru,560039,iOS
CUST_12388,Sai Nair,sai.nair52@hotmail.com,+91-8481533521,2024-10-06 14:15:14,Bangalore,560100,Android
CUST_11515,Pooja Das,pooja.das14@gmail.com,8624081444,2024-09-08 22:14:34,Bengaluru,560001,Android
CUST_14997,Ananya Nair,ananya.nair72@yahoo.com,7871032245,2026-07-21 21:20:07,Hyderabad,560041,Android
CUST_10549,Anika Bhat,anika.bhat82@gmail.com,9049282300,2025-06-09 02:11:03,blr,560057,Android
CUST_10082,Pari Sharma,pari.sharma75@outlook.com,09685214232,2025-03-19 01:31:53,Gurugram,560004,Web
CUST_14062,Diya Nair,updated_diya.nair20@outlook.com,7424694413,2026-03-02 05:47:06,blr,560072,iOS
CUST_10522,Pooja Shah,pooja.shah97@hotmail.com,7303265004,2025-03-06 23:36:40,BANGALORE,560088,Android
CUST_12090,Vihaan Kumar,vihaan.kumar42@gmail.com,+91-7779705253,2024-05-12 07:05:44,blr,560071,Android
CUST_13637,Amit Verma,amit.verma26@hotmail.com,7029702158,2024-12-29 08:59:31,Gurugram,560031,Android
CUST_10681,Myra Verma,myra.verma39@gmail.com,7124087330,2024-06-05 15:36:45,Mumbai,,Android
CUST_13721,Avani Agarwal,avani.agarwal73@gmail.com,9844813383,2025-02-09 01:41:06,Delhi,560073,Android
CUST_10874,Reyansh Rao,reyansh.rao23@outlook.com,7684212401,2025-09-15 11:37:57,mumbai,560062,Android
CUST_12913,Vikram Verma,updated_vikram.verma75@hotmail.com,7894002803,2025-04-21 18:30:10,mumbai,,Android
CUST_11948,Myra Deshmukh,myra.deshmukh64AToutlook.com,,2025-05-22 22:41:04,Gurgaon,560077,Android
CUST_13093,Kavita Sharma,kavita.sharma17@outlook.com,+91-9131206829,2025-12-31 06:09:17,Bengaluru,560016,Web
CUST_13726,Aditya Rao,aditya.rao36@yahoo.com,INVALID_PHONE,2026-05-19 13:35:29,Gurgaon,,Web
CUST_13690,Ishaan Das,ishaan.das51@gmail.com,08857556008,2025-08-28 18:06:15,BANGALORE,560095,Android
CUST_13367,Pari Sharma,pari.sharma39@gmail.com,8309791783,2024-11-25 20:41:48,Delhi,560038,iOS
CUST_12279,Saanvi Deshmukh,saanvi.deshmukh52@outlook.com,9799887348,2026-05-02 14:46:03,BANGALORE,560009,iOS
CUST_13966,Arjun Gupta,arjun.gupta60@outlook.com,9531796037,2026-02-21 06:40:58,Gurugram,560097,iOS
CUST_14760,Kavita Gupta,kavita.gupta25@outlook.com,9740779511,2025-05-14 18:17:12,Gurugram,560021,Android
CUST_11755,Rahul Bhat,updated_rahul.bhat39@yahoo.com,+91-8607138181,2025-01-03 01:13:09,Bengaluru,560040,Android
CUST_12539,Rahul Chowdhury,rahul.chowdhury65@gmail.com,INVALID_PHONE,2026-04-09 14:59:01,Gurgaon,560048,iOS
CUST_14651,Priya Bhat,priya.bhat89@outlook.com,7667061516,2026-07-09 00:42:37,Delhi,560005,Android
CUST_14654,Reyansh Rao,updated_reyansh.rao51@outlook.com,8221848984,2024-10-19 06:12:10,BANGALORE,560086,Android
CUST_11576,Navya Verma,navya.verma13@hotmail.com,7938563221,2025-04-10 20:38:21,blr,560012,iOS
CUST_12578,Vihaan Kumar,vihaan.kumar54@gmail.com,8858963336,2024-04-03 21:53:49,New Delhi,560077,Android
CUST_14575,Amit Agarwal,amit.agarwal25@hotmail.com,7389321077,2026-02-27 12:19:09,Hyderabad,560088,iOS
CUST_12285,Myra Verma,myra.verma30@hotmail.com,+91-7036201156,2024-07-09 03:54:28,mumbai,560052,Android
CUST_13243,Rohan Shah,rohan.shah33@gmail.com,+91-8927445160,2024-01-11 17:11:14,blr,560059,iOS
CUST_11949,Saanvi Chowdhury,saanvi.chowdhury19@gmail.com,9303969980,2024-01-05 06:52:29,BANGALORE,560034,iOS
CUST_10482,Rohan Banerjee,updated_rohan.banerjee36@gmail.com,7516589779,2024-10-15 08:40:48,Mumbai,560025,Android
CUST_11741,Sai Agarwal,sai.agarwal31@yahoo.com,9942478710,2026-03-17 15:11:59,Bengaluru,560048,Android
CUST_11101,Krishna Gupta,krishna.gupta72@gmail.com,,2024-05-09 13:37:47,Mumbai,560011,iOS
CUST_14077,Saanvi Reddy,saanvi.reddy61@hotmail.com,9773731306,2025-12-21 17:01:27,Bengaluru,560080,Android
CUST_10808,Diya Chowdhury,diya.chowdhury76@gmail.com,08011318028,2026-02-26 03:35:10,Gurgaon,560015,Android
CUST_13082,Ishaan Joshi,ishaan.joshi29@outlook.com,9033157950,2024-06-29 05:25:30,Mumbai,560003,iOS
CUST_10739,Suresh Banerjee,suresh.banerjee35@yahoo.com,INVALID_PHONE,2025-05-17 11:45:09,mumbai,560082,Android
CUST_14931,Vikram Das,vikram.das20@hotmail.com,8031071948,2025-05-22 08:39:22,New Delhi,560037,Android
CUST_13675,Aditya Patel,aditya.patel50@gmail.com,9256022785,2026-01-22 15:54:37,blr,560013,Android
CUST_14879,Pari Mishra,updated_pari.mishra81@outlook.com,9017135943,2024-03-03 17:42:55,Delhi,560051,iOS
CUST_14453,Neha Das,neha.das23@outlook.com,+91-9832964353,2026-07-22 02:00:41,Mumbai,560096,iOS
CUST_10684,Suresh Rao,suresh.rao64@yahoo.com,INVALID_PHONE,2025-07-20 09:31:30,Bengaluru,560007,
CUST_11240,Anika Sharma,updated_anika.sharma52@outlook.com,8094081577,2025-05-27 00:53:00,Mumbai,560043,iOS
CUST_13633,Anika Joshi,anika.joshi50@outlook.com,7836695218,2025-08-13 04:00:48,Bengaluru,560087,iOS
CUST_10707,Pari Gupta,pari.gupta18@outlook.com,+91-9305755109,2024-01-10 13:07:50,Mumbai,560037,Android
CUST_14839,Anika Chowdhury,updated_anika.chowdhury47@gmail.com,9597391532,2024-10-16 03:23:04,Hyderabad,560020,Web
CUST_13849,Navya Patel,updated_navya.patel40@outlook.com,8520149894,2026-01-23 10:36:53,Bengaluru,560082,iOS
CUST_13559,Navya Das,navya.das34@yahoo.com,7614877803,2024-08-21 10:00:36,Hyderabad,560073,Android
CUST_13509,Aditya Patel,aditya.patel94@gmail.com,,2025-04-13 23:27:26,New Delhi,560086,
CUST_14172,Vivaan Reddy,vivaan.reddy93@outlook.com,8130770182,2025-11-21 12:13:23,Hyderabad,560082,Android
CUST_10118,Angel Reddy,angel.reddy89@yahoo.com,7960155647,2025-10-21 08:02:29,Bengaluru,560099,Android
CUST_13784,Vikram Joshi,vikram.joshi11@gmail.com,INVALID_PHONE,2026-01-17 09:39:17,Bengaluru,560076,iOS
CUST_12819,Angel Reddy,angel.reddy86@outlook.com,9104945219,2025-03-21 23:40:24,Bengaluru,560018,Web
CUST_13895,Rohan Gupta,rohan.gupta42@gmail.com,INVALID_PHONE,2026-03-28 03:42:40,Delhi,,Android
CUST_11838,Myra Banerjee,myra.banerjee41@hotmail.com,7480678369,2025-12-18 18:52:55,Mumbai,560056,iOS
CUST_10762,Pooja Agarwal,pooja.agarwal97@yahoo.com,08660490206,2024-11-19 10:23:04,mumbai,560075,Android
CUST_14511,Navya Mishra,navya.mishra69@yahoo.com,7059016231,2025-08-17 10:53:18,Mumbai,560018,Android
CUST_11386,Aarav Joshi,aarav.joshi88@gmail.com,8512897448,2025-10-03 19:11:21,Delhi,560022,iOS
CUST_13860,Aarav Banerjee,aarav.banerjee94AToutlook.com,+91-8856269407,2025-04-04 15:00:10,Bengaluru,560096,iOS
CUST_13567,Priya Kulkarni,priya.kulkarni40@gmail.com,7801754137,2025-02-07 02:55:25,Bangalore,560064,Android
CUST_10828,Arjun Banerjee,arjun.banerjee10@hotmail.com,9397057357,2025-05-17 21:06:18,Gurgaon,560050,
CUST_10694,Saanvi Kumar,saanvi.kumar92@gmail.com,+91-7653504294,2025-04-25 20:42:06,Hyderabad,560071,Web
CUST_13001,Ishaan Agarwal,ishaan.agarwal73@yahoo.com,+91-7738309542,2025-04-01 07:30:31,Mumbai,560098,iOS
CUST_11906,Pari Das,PARI.DAS58@OUTLOOK.COM,8513302909,2025-09-20 13:12:44,mumbai,560051,iOS
CUST_13780,Rohan Kumar,ROHAN.KUMAR28@HOTMAIL.COM,8164016127,2025-10-28 03:42:22,New Delhi,560073,Android
CUST_10077,Priya Mehta,priya.mehta90@outlook.com,,2025-09-27 18:13:45,Bangalore,560084,iOS
CUST_10650,Ishaan Kulkarni,ishaan.kulkarni63@gmail.com,7302295513,2025-02-05 04:09:44,mumbai,560038,Web
CUST_14600,Rahul Rao,rahul.rao15@yahoo.com,+91-7265403963,2025-02-14 17:17:35,mumbai,560065,Android
CUST_13773,Avani Sharma,AVANI.SHARMA57@YAHOO.COM,+91-9242645296,2024-06-01 22:45:58,Gurugram,560082,iOS
CUST_11599,Navya Kumar,navya.kumar67@yahoo.com,07234538185,2025-12-03 09:28:02,mumbai,560089,Android
CUST_14568,Vikram Mishra,vikram.mishra78@gmail.com,8383660266,2024-08-15 23:04:41,Hyderabad,560079,Android
CUST_11155,Pooja Kulkarni,updated_pooja.kulkarni15@yahoo.com,7908110713,2024-01-06 01:34:46,Delhi,560009,iOS
CUST_14767,Ayaan Patel,ayaan.patel40@gmail.com,8800907756,2025-10-26 14:17:50,blr,560022,Android
CUST_12110,Aarav Deshmukh,aarav.deshmukh29@gmail.com,INVALID_PHONE,2026-06-17 14:20:08,BANGALORE,560052,Android
CUST_12699,Priya Mehta,priya.mehta69@yahoo.com,8108220315,2024-05-14 10:31:59,Bengaluru,560079,Android
CUST_11505,Vivaan Kulkarni,vivaan.kulkarni24@yahoo.com,+91-7393829222,2024-01-03 12:47:23,BANGALORE,560052,Android
CUST_11413,Saanvi Agarwal,saanvi.agarwal29@gmail.com,9714934783,2025-10-15 07:04:53,Delhi,560099,Android
CUST_12027,Aarav Verma,aarav.verma25@hotmail.com,9580340198,2025-12-19 13:35:12,blr,560084,Android
CUST_12214,Vivaan Singh,  vivaan.singh22@hotmail.com  ,8028252920,2025-12-03 04:47:28,blr,560100,iOS
CUST_11406,Vivaan Patel,vivaan.patel75@hotmail.com,7680301004,2025-04-07 13:08:42,Delhi,560047,Android
CUST_11654,Priya Deshmukh,priya.deshmukh38@yahoo.com,7684974506,2025-10-10 05:30:06,BANGALORE,560001,Android
CUST_14312,Neha Shah,neha.shah69@outlook.com,9435920606,2024-07-04 11:40:50,BANGALORE,560009,Android
CUST_12444,Sai Rao,sai.rao50@gmail.com,INVALID_PHONE,2024-04-20 16:02:41,Hyderabad,560015,iOS
CUST_12844,Priya Gupta,priya.gupta39@yahoo.com,7168953974,2024-10-02 12:03:18,BANGALORE,,Android
CUST_11572,Neha Mehta,neha.mehta78@gmail.com,7735888343,2026-03-17 10:31:25,Mumbai,560098,Android
CUST_12078,Rohan Deshmukh,rohan.deshmukh18@outlook.com,8029271419,2024-05-27 07:09:29,BANGALORE,560024,Android
CUST_13461,Neha Gupta,neha.gupta55@yahoo.com,+91-9112681241,2024-10-06 18:55:48,Gurgaon,560006,iOS
CUST_11476,Ayaan Das,ayaan.das57@hotmail.com,7002267468,2026-02-15 01:02:47,Bangalore,560071,iOS
CUST_12720,Rahul Verma,rahul.verma36@outlook.com,7999320967,2026-01-27 22:09:57,Gurgaon,560016,Android
CUST_12930,Vikram Kumar,vikram.kumar92@hotmail.com,7506395539,2025-05-04 19:48:14,Gurugram,560087,Android
CUST_11673,Aditya Kulkarni,aditya.kulkarni45@hotmail.com,07243376637,2025-04-26 15:24:22,BANGALORE,560001,iOS
CUST_13914,Vihaan Das,updated_vihaan.das27@yahoo.com,9158594334,2025-12-20 12:58:02,Bangalore,560082,Android
CUST_13403,Suresh Kulkarni,suresh.kulkarni82@gmail.com,7656851651,2025-09-15 02:16:49,mumbai,560065,Android
CUST_14152,Arjun Verma,  arjun.verma48@hotmail.com  ,8044573716,2026-07-25 04:49:47,Bengaluru,560041,iOS
CUST_12506,Sai Deshmukh,sai.deshmukh11@yahoo.com,+91-9661827204,2024-01-04 21:31:21,Delhi,560022,Web
CUST_14361,Ishaan Gupta,ishaan.gupta32@yahoo.com,+91-7263639731,2024-03-09 04:38:50,Hyderabad,560065,Android
CUST_12133,Sai Kulkarni,sai.kulkarni56@outlook.com,,2024-04-27 02:21:26,New Delhi,560037,Android
CUST_13135,Anika Mehta,anika.mehta38@outlook.com,7288379420,2026-08-23 10:15:00,mumbai,560061,
CUST_14474,Suresh Deshmukh,suresh.deshmukh61@outlook.com,7032881375,2025-05-29 04:19:15,Delhi,560054,iOS
CUST_12003,Rahul Kumar,rahul.kumar17ATyahoo.com,,2026-04-28 21:55:16,Gurugram,,iOS
CUST_14428,Aarav Deshmukh,aarav.deshmukh19@outlook.com,7791267902,2024-03-16 19:00:59,Mumbai,560043,Android
CUST_14967,Myra Shah,myra.shah96@gmail.com,+91-7015253593,2025-07-24 11:43:26,BANGALORE,560018,Android
CUST_10242,Aarav Singh,aarav.singh60@hotmail.com,9359543699,2025-11-05 03:25:40,Hyderabad,560064,Web
CUST_14658,Diya Mehta,diya.mehta13@gmail.com,9603927113,2024-08-25 16:53:05,Bengaluru,560009,iOS
CUST_14401,Arjun Das,arjun.das59@hotmail.com,07220757740,2025-01-25 06:17:55,blr,560005,Android
CUST_12498,Aditya Verma,ADITYA.VERMA14@GMAIL.COM,9958490202,2025-06-24 20:57:05,blr,560058,Android
CUST_11179,Aadhya Bhat,updated_aadhya.bhat75@outlook.com,9304913884,2026-05-14 12:00:43,Bangalore,560086,Android
CUST_10025,Neha Das,neha.das41@outlook.com,,2026-08-24 09:37:50,Gurgaon,560079,iOS
CUST_10244,Pooja Chowdhury,updated_pooja.chowdhury95@outlook.com,9772059094,2024-09-22 13:34:20,Gurugram,560096,Android
CUST_10577,Angel Kumar,angel.kumar95@outlook.com,08527167374,2024-04-03 07:52:07,Bengaluru,560095,iOS
CUST_13400,Pari Verma,  pari.verma10@gmail.com  ,8754456263,2025-08-19 04:58:25,mumbai,560056,iOS
CUST_14538,Sneha Sharma,sneha.sharma18@gmail.com,INVALID_PHONE,2024-10-07 08:57:30,Bangalore,560003,iOS
CUST_11427,Navya Kulkarni,navya.kulkarni87@outlook.com,8254289033,2025-05-25 16:09:01,Hyderabad,560065,Android
CUST_14545,Aarav Patel,aarav.patel51@outlook.com,,2025-01-21 13:27:08,Bangalore,560093,Android
CUST_10291,Angel Sharma,angel.sharma48@outlook.com,7233176443,2025-02-07 12:16:33,BANGALORE,560060,iOS
CUST_10129,Arjun Shah,  arjun.shah31@gmail.com  ,+91-8316920008,2024-02-06 10:26:14,Gurgaon,560019,iOS
CUST_14989,Neha Shah,neha.shah97@hotmail.com,8101378288,2025-10-13 08:19:12,New Delhi,560096,iOS
CUST_11536,Reyansh Mishra,updated_reyansh.mishra13@gmail.com,8169947394,2024-07-20 15:47:59,New Delhi,560067,Web
CUST_14126,Myra Sharma,myra.sharma31@gmail.com,9934948750,2024-07-11 07:20:43,Hyderabad,560060,Android
CUST_10230,Ishaan Kulkarni,ishaan.kulkarni80@hotmail.com,8503615233,2025-08-13 13:21:57,blr,560100,Android
CUST_13379,Amit Mehta,AMIT.MEHTA54@OUTLOOK.COM,8648169807,2024-12-23 22:03:37,Bangalore,560042,
CUST_12013,Krishna Bhat,  krishna.bhat79@yahoo.com  ,8873413019,2025-08-29 12:48:32,Mumbai,,Android
CUST_12338,Ananya Kumar,ananya.kumar71@gmail.com,7844364282,2024-02-27 02:06:27,Bangalore,560053,iOS
CUST_11666,Amit Nair,AMIT.NAIR50@YAHOO.COM,8837285131,2024-03-24 18:44:17,BANGALORE,560016,Android
CUST_13705,Vikram Mehta,vikram.mehta92@outlook.com,7580989010,2025-03-18 11:30:11,mumbai,560086,Android
CUST_11864,Avani Mehta,avani.mehta41@yahoo.com,7268211135,2024-12-15 12:59:11,mumbai,560073,iOS
CUST_11502,Myra Singh,myra.singh63@yahoo.com,9709974895,2025-03-24 07:47:13,BANGALORE,560077,Android
CUST_14968,Reyansh Shah,reyansh.shah20@yahoo.com,8330248345,2026-04-19 08:47:26,Gurugram,560036,Web
CUST_14591,Sai Kulkarni,sai.kulkarni10@outlook.com,07193950781,2026-03-26 18:58:41,Gurgaon,560094,iOS
CUST_13233,Aarav Verma,aarav.verma49@hotmail.com,8618795335,2026-02-06 06:37:13,mumbai,560038,iOS
CUST_11077,Rahul Banerjee,rahul.banerjee30@yahoo.com,9946453579,2024-03-25 13:26:33,Bangalore,560075,iOS
CUST_13394,Krishna Verma,krishna.verma62@gmail.com,7145836599,2026-01-07 15:50:52,mumbai,560090,Android
CUST_13404,Pooja Verma,updated_pooja.verma12@outlook.com,9798761273,2025-12-09 19:46:47,Hyderabad,560031,iOS
CUST_12161,Amit Shah,amit.shah15@gmail.com,INVALID_PHONE,2024-05-18 22:05:03,Bengaluru,560080,Android
CUST_12627,Angel Mehta,angel.mehta87ATgmail.com,7424778419,2025-05-24 21:26:45,mumbai,560032,Android
CUST_12955,Avani Shah,avani.shah37@hotmail.com,+91-9452778054,2026-04-26 09:07:53,Gurgaon,560087,Web
CUST_11578,Suresh Verma,suresh.verma20@yahoo.com,9759710803,2024-03-21 11:14:37,blr,,Android
CUST_11984,Aditya Mehta,aditya.mehta13@yahoo.com,9561691258,2024-10-13 23:56:49,Gurgaon,560100,iOS
CUST_11874,Ayaan Kumar,ayaan.kumar65@yahoo.com,09077270310,2026-06-09 05:15:42,Delhi,560023,Android
CUST_11618,Myra Patel,myra.patel77@yahoo.com,+91-7957014405,2024-07-05 20:24:49,Bengaluru,560077,Android
CUST_12412,Ananya Shah,ananya.shah97@gmail.com,9107521970,2025-04-25 11:20:58,Hyderabad,560001,Android
CUST_12009,Arjun Nair,arjun.nair87@outlook.com,8607285191,2024-02-13 10:46:41,Bengaluru,560007,iOS
CUST_14376,Kavita Reddy,kavita.reddy25@gmail.com,7693946330,2024-01-15 10:02:02,BANGALORE,560009,Android
CUST_11371,Vikram Verma,updated_vikram.verma74@gmail.com,9973404615,2024-11-25 11:20:40,blr,560047,iOS
CUST_14854,Aarav Deshmukh,aarav.deshmukh74@hotmail.com,+91-9338044925,2024-08-27 06:17:38,blr,560049,Android
CUST_11337,Ishaan Gupta,ishaan.gupta26@yahoo.com,09825837249,2025-05-14 13:36:38,Bangalore,560087,
CUST_10281,Navya Rao,NAVYA.RAO73@OUTLOOK.COM,9012239476,2025-08-19 23:40:42,blr,560039,
CUST_13401,Saanvi Mehta,saanvi.mehta59@gmail.com,9259978617,2024-10-28 05:18:18,mumbai,560020,Web
CUST_10978,Amit Banerjee,amit.banerjee78@yahoo.com,7378346991,2026-07-13 16:56:16,blr,560007,Android
CUST_11903,Rohan Das,rohan.das45@hotmail.com,+91-9605751511,2024-04-02 08:29:17,Hyderabad,560086,iOS
CUST_12002,Vihaan Sharma,vihaan.sharma17@gmail.com,INVALID_PHONE,2024-10-13 09:55:07,Mumbai,560096,iOS
CUST_14122,Priya Deshmukh,updated_priya.deshmukh51@yahoo.com,,2025-06-09 16:12:46,mumbai,560084,Android
CUST_11580,Aadhya Kumar,aadhya.kumar71@yahoo.com,8157960656,2025-08-23 16:31:29,New Delhi,,Android
CUST_12496,Navya Shah,navya.shah43@yahoo.com,+91-9280105582,2025-01-22 17:30:32,Bangalore,560099,Android
CUST_13965,Priya Chowdhury,priya.chowdhury95@hotmail.com,+91-9066083854,2025-01-10 10:54:45,New Delhi,560004,iOS
CUST_10757,Reyansh Gupta,updated_reyansh.gupta41@outlook.com,9813438925,2025-03-12 10:32:34,Hyderabad,560020,iOS
CUST_13035,Pooja Mehta,pooja.mehta52@outlook.com,+91-8224238891,2025-01-25 01:37:21,Gurugram,560025,Android
CUST_13150,Krishna Banerjee,krishna.banerjee37@yahoo.com,8839984083,2025-07-13 13:51:37,mumbai,560017,iOS
CUST_11767,Neha Das,NEHA.DAS97@GMAIL.COM,07794511095,2026-07-16 19:45:21,mumbai,,Android
CUST_12714,Vihaan Agarwal,vihaan.agarwal30@outlook.com,8619447437,2025-12-20 17:38:36,Bengaluru,560088,Android
CUST_14332,Vihaan Deshmukh,vihaan.deshmukh52@hotmail.com,8175240348,2026-07-22 20:42:58,Hyderabad,560037,iOS
CUST_14362,Vihaan Singh,  vihaan.singh11@outlook.com  ,9428693488,2026-06-03 18:19:48,Hyderabad,560043,Android
CUST_11926,Suresh Patel,suresh.patel23@outlook.com,+91-8908415665,2025-09-22 07:17:50,New Delhi,560024,
CUST_12565,Priya Singh,priya.singh34@gmail.com,9483268925,2025-10-23 02:07:36,New Delhi,560052,Android
CUST_10675,Vihaan Reddy,vihaan.reddy91@hotmail.com,,2025-06-18 19:59:28,Gurugram,560059,Android
CUST_10019,Amit Joshi,amit.joshi73@gmail.com,7629402424,2025-04-15 08:11:25,Bangalore,560023,iOS
CUST_14832,Kavita Singh,kavita.singh55@gmail.com,9832351202,2026-06-14 02:09:54,Delhi,560063,Android
CUST_13640,Ananya Agarwal,ananya.agarwal41@outlook.com,9980986361,2024-04-18 17:17:00,blr,560083,Android
CUST_12671,Sai Kumar,sai.kumar50@outlook.com,8511390357,2024-06-25 07:54:08,Delhi,560080,iOS
CUST_12952,Sai Nair,updated_sai.nair35@hotmail.com,9666362215,2026-05-28 22:02:45,Bangalore,560007,iOS
CUST_13849,Navya Patel,navya.patel40@outlook.com,8520149894,2026-01-23 10:36:53,Bengaluru,560082,iOS
CUST_10917,Sai Banerjee,sai.banerjee25@hotmail.com,8573853610,2026-07-08 15:21:29,mumbai,560025,Android
CUST_10421,Aadhya Singh,aadhya.singh28@outlook.com,+91-7418451486,2024-04-08 14:07:27,Mumbai,560084,Android
CUST_12265,Saanvi Sharma,saanvi.sharma83ATyahoo.com,8411546477,2026-01-13 02:46:47,BANGALORE,560014,iOS
CUST_13308,Suresh Sharma,suresh.sharma72@gmail.com,8888133879,2024-10-09 21:44:54,Bengaluru,560046,Android
CUST_13306,Reyansh Nair,reyansh.nair61@outlook.com,8098833824,2026-03-09 20:09:15,New Delhi,560044,iOS
CUST_13122,Avani Sharma,avani.sharma76@gmail.com,9727695107,2024-02-23 13:56:13,Bangalore,560099,Web
CUST_14328,Avani Joshi,avani.joshi53@gmail.com,INVALID_PHONE,2025-11-01 19:56:00,Bangalore,560023,Android
CUST_13848,Avani Mehta,avani.mehta19@hotmail.com,INVALID_PHONE,2026-03-20 22:41:38,Bangalore,560088,Android
CUST_12365,Aditya Rao,aditya.rao11@hotmail.com,07231041653,2024-04-22 05:27:14,BANGALORE,,Android
CUST_11626,Vikram Mehta,vikram.mehta73@gmail.com,,2024-09-06 04:46:37,blr,560041,iOS
CUST_10779,Vihaan Das,vihaan.das10@yahoo.com,7903085659,2024-05-06 01:27:34,Bangalore,560010,Android
CUST_11726,Ayaan Nair,ayaan.nair78@gmail.com,INVALID_PHONE,2024-07-31 18:20:22,mumbai,560061,iOS
CUST_10768,Arjun Sharma,arjun.sharma76@yahoo.com,7050746336,2024-11-08 07:50:41,Bengaluru,560075,iOS
CUST_12535,Avani Mishra,AVANI.MISHRA35@YAHOO.COM,8311947155,2026-06-16 19:37:52,Bengaluru,560081,iOS
CUST_13998,Ishaan Agarwal,ISHAAN.AGARWAL88@YAHOO.COM,9797744731,2025-12-30 20:48:09,Gurugram,560007,iOS
CUST_11788,Reyansh Nair,reyansh.nair11@outlook.com,7772601857,2025-07-03 15:22:38,Gurugram,560021,iOS
CUST_10414,Aditya Bhat,aditya.bhat71@outlook.com,+91-7890000799,2025-02-01 15:59:31,Delhi,560001,iOS
CUST_13762,Saanvi Mehta,saanvi.mehta72@outlook.com,8289225548,2026-07-05 03:11:16,Bangalore,560064,iOS
CUST_14638,Vihaan Patel,vihaan.patel16@yahoo.com,,2026-07-27 12:56:36,blr,560025,
CUST_10790,Diya Agarwal,diya.agarwal67@yahoo.com,8657842637,2026-08-04 03:18:45,Hyderabad,560021,Web
CUST_12740,Krishna Kumar,krishna.kumar64ATgmail.com,+91-9883841176,2025-05-04 10:27:06,Gurgaon,560025,iOS
CUST_11724,Priya Banerjee,priya.banerjee14@hotmail.com,7212531074,2024-08-22 00:02:18,Gurugram,560071,Android
CUST_13932,Reyansh Joshi,reyansh.joshi67@hotmail.com,+91-8943185031,2025-12-02 19:26:20,Gurugram,560015,iOS
CUST_13245,Rohan Mehta,rohan.mehta25@hotmail.com,9573016409,2025-06-19 10:01:10,Bengaluru,560032,iOS
CUST_10901,Myra Deshmukh,myra.deshmukh22@yahoo.com,,2025-06-18 05:57:46,Hyderabad,560091,Android
CUST_14569,Sai Kulkarni,sai.kulkarni23@outlook.com,7598286758,2026-05-11 13:52:11,Delhi,560023,iOS
CUST_12826,Arjun Patel,arjun.patel62AThotmail.com,INVALID_PHONE,2024-04-26 07:39:09,Bangalore,560080,Android
CUST_10806,Ananya Chowdhury,updated_ananya.chowdhury95@gmail.com,9786134479,2026-01-10 09:18:49,Mumbai,560010,Android
CUST_13717,Sneha Gupta,sneha.gupta27@hotmail.com,8845547107,2026-08-06 20:46:42,Gurugram,560033,Android
CUST_14727,Avani Gupta,avani.gupta26@hotmail.com,9436267362,2025-03-05 10:12:07,BANGALORE,560023,iOS
CUST_12936,Saanvi Agarwal,saanvi.agarwal38@hotmail.com,9556783546,2025-07-22 08:17:11,Bangalore,560097,Android
CUST_11013,Rahul Bhat,rahul.bhat82@hotmail.com,8705385024,2025-02-19 14:11:47,New Delhi,560057,Android
CUST_11449,Suresh Sharma,suresh.sharma33@gmail.com,,2025-12-05 03:33:09,Gurgaon,560029,Android
CUST_11156,Navya Reddy,navya.reddy34@outlook.com,8427285255,2025-04-03 20:17:54,Bengaluru,560060,Android
CUST_11539,Sneha Reddy,sneha.reddy68@hotmail.com,7472059673,2025-07-19 19:29:48,mumbai,560001,iOS
CUST_14815,Rahul Kulkarni,rahul.kulkarni90@gmail.com,9487397995,2025-12-21 02:59:44,New Delhi,560014,
CUST_12411,Suresh Agarwal,updated_suresh.agarwal72@hotmail.com,7470451217,2025-04-01 21:32:13,Bengaluru,560006,Android
CUST_11696,Reyansh Das,reyansh.das97@hotmail.com,8118624699,2024-07-09 08:35:02,blr,560014,iOS
CUST_12298,Vikram Verma,vikram.verma51@outlook.com,8983524522,2026-04-03 14:01:24,New Delhi,560022,iOS
CUST_13388,Anika Mishra,updated_anika.mishra18@yahoo.com,8838706194,2024-10-22 18:22:23,Mumbai,560092,iOS
CUST_11768,Diya Gupta,diya.gupta28@outlook.com,9138928644,2026-08-30 10:35:27,Delhi,,iOS
CUST_10087,Suresh Bhat,suresh.bhat44@outlook.com,8675700516,2024-09-09 12:16:16,New Delhi,560090,iOS
CUST_12208,Ananya Rao,updated_ananya.rao51@yahoo.com,,2024-02-15 23:34:04,Hyderabad,560073,
CUST_14285,Myra Banerjee,myra.banerjee67@hotmail.com,8176261314,2024-08-11 02:10:29,Hyderabad,560038,Android
CUST_13167,Pooja Kumar,pooja.kumar22@gmail.com,8413460102,2026-06-18 23:04:07,New Delhi,560043,Android
CUST_11837,Sai Das,sai.das27@hotmail.com,9441053065,2024-05-15 05:14:16,Bengaluru,560067,Android
CUST_14768,Arjun Mishra,arjun.mishra90@yahoo.com,INVALID_PHONE,2024-09-12 05:44:13,Bengaluru,560061,
CUST_12869,Anika Mehta,anika.mehta12@yahoo.com,09801252445,2024-05-01 04:33:22,BANGALORE,,Android
CUST_11223,Navya Mehta,navya.mehta19@outlook.com,INVALID_PHONE,2026-08-09 00:12:57,Mumbai,560089,Android
CUST_10928,Saanvi Bhat,saanvi.bhat57@gmail.com,+91-8714973730,2026-03-16 06:28:00,blr,560089,Android
CUST_13928,Pari Mehta,pari.mehta27@gmail.com,8348448771,2024-07-02 03:34:01,Delhi,560062,Android
CUST_11026,Saanvi Reddy,saanvi.reddy21@yahoo.com,9949259866,2025-04-27 05:26:04,Bengaluru,560066,Android
CUST_14821,Ananya Rao,ananya.rao64@gmail.com,,2024-10-02 16:43:52,blr,560095,
CUST_12168,Myra Deshmukh,myra.deshmukh85@hotmail.com,7634826048,2024-10-17 12:07:03,Gurugram,560037,
CUST_11258,Angel Rao,angel.rao88@hotmail.com,9204340919,2026-02-20 16:39:16,mumbai,560019,Android
CUST_13749,Avani Shah,avani.shah82@hotmail.com,9515664674,2025-08-17 06:12:44,Gurugram,560085,Android
CUST_14552,Rahul Patel,rahul.patel85@yahoo.com,8322051984,2025-07-03 06:01:30,New Delhi,,iOS
CUST_14288,Neha Chowdhury,neha.chowdhury63@yahoo.com,7082029532,2025-04-02 02:12:47,blr,560063,Android
CUST_10860,Krishna Das,krishna.das39@yahoo.com,7387819549,2025-02-27 04:33:56,Bengaluru,560031,iOS
CUST_12331,Vikram Kulkarni,updated_vikram.kulkarni51@outlook.com,8926940563,2026-04-16 05:58:20,New Delhi,560018,iOS
CUST_13483,Rahul Reddy,rahul.reddy66@yahoo.com,8451467626,2025-09-22 02:37:16,Mumbai,560068,iOS
CUST_12464,Navya Rao,navya.rao82@outlook.com,+91-7415671551,2024-10-05 10:11:50,Hyderabad,560041,iOS
CUST_10657,Kavita Deshmukh,kavita.deshmukh23@hotmail.com,9781500263,2024-09-25 11:42:51,New Delhi,560017,iOS
CUST_13986,Rahul Kulkarni,rahul.kulkarni53@gmail.com,8367052613,2025-01-20 18:44:51,blr,560010,Android
CUST_12712,Vivaan Kulkarni,vivaan.kulkarni86@outlook.com,7201222319,2024-01-13 06:35:47,Mumbai,560007,
CUST_10751,Aditya Mishra,aditya.mishra42@hotmail.com,7714500627,2025-05-02 11:41:25,mumbai,560086,Web
CUST_14433,Rohan Mishra,rohan.mishra21@yahoo.com,+91-8644034370,2025-09-29 21:40:00,Delhi,560006,Android
CUST_14347,Navya Chowdhury,navya.chowdhury60@hotmail.com,7693850227,2025-03-05 05:31:33,Hyderabad,560061,Android
CUST_10818,Myra Mehta,myra.mehta22@gmail.com,7910924450,2026-07-08 20:02:03,Gurgaon,560056,Android
CUST_14650,Vihaan Gupta,vihaan.gupta76@yahoo.com,9315636230,2026-04-15 15:56:38,Delhi,560086,iOS
CUST_12888,Saanvi Deshmukh,saanvi.deshmukh24@outlook.com,09343507222,2025-05-06 09:12:46,Delhi,560071,Web
CUST_13171,Vikram Bhat,vikram.bhat58@yahoo.com,7877677990,2025-10-30 16:29:45,Bengaluru,560017,Android
CUST_11118,Pooja Singh,pooja.singh21@gmail.com,8778135967,2025-09-24 01:22:57,Gurugram,560030,
CUST_10547,Myra Verma,MYRA.VERMA98@HOTMAIL.COM,08684076128,2024-06-14 00:41:11,Delhi,560100,Android
CUST_10715,Pari Kulkarni,PARI.KULKARNI49@YAHOO.COM,7058497330,2026-05-24 19:50:49,Gurgaon,560022,Android
CUST_13351,Saanvi Kumar,updated_saanvi.kumar26@yahoo.com,+91-7521486540,2025-01-30 17:13:50,Bengaluru,560068,Web
CUST_13588,Myra Mehta,myra.mehta61@outlook.com,7673881490,2025-02-21 17:38:02,Gurugram,560086,Android
CUST_14292,Ayaan Shah,ayaan.shah29@gmail.com,+91-7526073741,2026-04-25 14:25:36,Gurugram,560023,iOS
CUST_13595,Sneha Singh,  sneha.singh61@hotmail.com  ,8754016563,2024-12-17 07:04:18,BANGALORE,560100,Android
CUST_13996,Priya Mehta,priya.mehta86@outlook.com,8337295283,2024-01-26 12:34:25,Mumbai,560065,iOS
CUST_11347,Ayaan Reddy,ayaan.reddy34@hotmail.com,+91-9272195593,2026-03-26 04:56:59,BANGALORE,560029,
CUST_12121,Myra Shah,myra.shah87@outlook.com,8759213235,2025-09-07 11:54:40,mumbai,560042,Android
CUST_12555,Pari Rao,pari.rao78@gmail.com,8663985663,2025-12-16 10:46:06,Gurugram,560003,iOS
CUST_14333,Saanvi Das,saanvi.das77@outlook.com,7431175505,2026-06-30 10:57:38,New Delhi,560079,Web
CUST_13677,Rohan Kulkarni,rohan.kulkarni45@yahoo.com,+91-9889086401,2026-06-13 12:08:12,Bengaluru,560014,iOS
CUST_12226,Krishna Mishra,krishna.mishra10@outlook.com,9792402703,2026-02-24 04:49:29,Bangalore,560082,Android
CUST_14693,Saanvi Chowdhury,saanvi.chowdhury75@yahoo.com,8657440151,2024-07-30 14:16:58,Bengaluru,560055,Web
CUST_14157,Pooja Mehta,pooja.mehta67@yahoo.com,8771900786,2025-12-17 00:47:49,Bengaluru,560073,iOS
CUST_10314,Anika Deshmukh,anika.deshmukh97@hotmail.com,7719321409,2024-02-09 08:34:45,Mumbai,560025,Android
CUST_10576,Reyansh Nair,reyansh.nair49@outlook.com,+91-7611344332,2025-05-12 19:31:31,Gurgaon,560019,iOS
CUST_12157,Ayaan Sharma,AYAAN.SHARMA99@YAHOO.COM,+91-7351826678,2024-07-08 04:31:38,Bangalore,560076,iOS
CUST_12428,Priya Kumar,  priya.kumar87@hotmail.com  ,7041782916,2024-12-21 18:37:22,Mumbai,560012,iOS
CUST_13103,Aditya Deshmukh,updated_aditya.deshmukh84@yahoo.com,7587618001,2025-08-13 22:43:05,Gurgaon,560068,Android
CUST_11969,Arjun Deshmukh,arjun.deshmukh36@hotmail.com,7815845741,2025-06-29 03:49:34,Gurgaon,560083,Android
CUST_14925,Ananya Kulkarni,ananya.kulkarni95@yahoo.com,INVALID_PHONE,2025-06-28 18:28:26,Bangalore,560021,Android
CUST_11462,Pari Deshmukh,updated_pari.deshmukh68@yahoo.com,7748526435,2025-01-19 10:00:53,Bengaluru,560001,iOS
CUST_14150,Vikram Das,vikram.das87@outlook.com,7256729710,2024-12-13 18:54:04,New Delhi,560016,Android
CUST_14166,Pari Mehta,pari.mehta26@outlook.com,7227113759,2025-01-23 02:51:40,Bengaluru,560039,iOS
CUST_12158,Vikram Nair,VIKRAM.NAIR47@GMAIL.COM,9618876090,2024-11-27 05:25:47,Bengaluru,,iOS
CUST_10816,Pooja Kumar,pooja.kumar58@gmail.com,9210550684,2026-03-14 17:03:28,Bangalore,560010,Android
CUST_12053,Ayaan Das,ayaan.das96@hotmail.com,+91-7496739408,2025-07-13 09:11:03,blr,560032,Android
CUST_12365,Aditya Rao,updated_aditya.rao11@hotmail.com,07231041653,2024-04-22 05:27:14,BANGALORE,,Android
CUST_14244,Pooja Sharma,pooja.sharma57@gmail.com,8163055314,2026-08-12 21:44:19,mumbai,560030,Android
CUST_10355,Ananya Banerjee,ananya.banerjee76@hotmail.com,9475746069,2024-09-12 15:05:21,New Delhi,560002,Android
CUST_13552,Kavita Deshmukh,kavita.deshmukh66@yahoo.com,+91-9719948584,2024-08-14 14:20:42,Bangalore,560062,Android
CUST_10603,Suresh Shah,suresh.shah73@outlook.com,,2026-06-27 03:27:58,Delhi,560038,iOS
CUST_13937,Aditya Shah,aditya.shah24@gmail.com,8299227370,2024-08-03 16:28:54,Bengaluru,560069,Android
CUST_13449,Navya Mehta,NAVYA.MEHTA92@OUTLOOK.COM,INVALID_PHONE,2025-03-14 04:37:41,blr,560004,Android
CUST_14093,Pari Gupta,pari.gupta30@yahoo.com,8808078259,2024-08-05 05:53:26,blr,560041,Web
CUST_10120,Aarav Gupta,aarav.gupta72@hotmail.com,+91-8680274149,2024-08-29 23:45:35,Mumbai,560023,iOS
CUST_14637,Arjun Das,arjun.das60@yahoo.com,9783151662,2025-11-19 08:47:08,mumbai,560096,iOS
CUST_14448,Saanvi Sharma,saanvi.sharma63@gmail.com,7430744877,2024-10-10 07:06:02,BANGALORE,560031,Android
CUST_10788,Anika Das,ANIKA.DAS35@OUTLOOK.COM,9157530529,2025-01-12 23:42:08,Delhi,560075,Android
CUST_11062,Pooja Bhat,pooja.bhat33@outlook.com,8305938292,2024-08-08 04:01:58,Hyderabad,560018,Android
CUST_12220,Neha Gupta,updated_NEHA.GUPTA43@OUTLOOK.COM,9834784237,2024-07-18 07:41:10,Bangalore,560087,Android
CUST_13562,Sneha Bhat,sneha.bhat91@hotmail.com,07859126555,2024-11-02 16:14:12,Bangalore,560014,iOS
CUST_13846,Sai Nair,sai.nair10@gmail.com,9617322531,2025-01-07 22:07:22,blr,560035,Android
CUST_13138,Kavita Singh,kavita.singh81@outlook.com,9222770973,2026-08-31 19:19:25,New Delhi,560012,Android
CUST_14336,Sai Mehta,SAI.MEHTA68@HOTMAIL.COM,INVALID_PHONE,2026-06-22 01:53:12,mumbai,,Android
CUST_10451,Pari Sharma,pari.sharma66@yahoo.com,7339016427,2025-08-12 13:59:06,Bengaluru,560034,iOS
CUST_14694,Saanvi Verma,saanvi.verma51@hotmail.com,8764083499,2024-03-02 04:18:23,blr,560054,Android
CUST_11731,Avani Banerjee,avani.banerjee98@hotmail.com,9569153335,2026-04-01 05:54:35,New Delhi,560070,Android
CUST_14329,Neha Verma,neha.verma23@outlook.com,09859948086,2025-08-02 20:10:42,mumbai,560045,iOS
CUST_10744,Pari Reddy,pari.reddy57@outlook.com,INVALID_PHONE,2025-11-18 23:26:00,Delhi,560092,iOS
CUST_14446,Rahul Chowdhury,rahul.chowdhury22AToutlook.com,9574854627,2024-07-27 20:49:01,Mumbai,560092,Android
CUST_10983,Navya Mehta,navya.mehta50@outlook.com,07303754004,2024-08-12 15:35:02,Hyderabad,560069,iOS
CUST_13175,Angel Shah,angel.shah30@yahoo.com,8717149150,2025-06-03 10:34:35,Hyderabad,560085,Android
CUST_13475,Neha Agarwal,neha.agarwal98@yahoo.com,08596640022,2026-08-17 18:38:31,Bengaluru,560090,Android
CUST_11464,Priya Mehta,priya.mehta24@outlook.com,+91-7371419975,2024-08-24 03:28:33,Gurugram,560028,iOS
CUST_10403,Myra Deshmukh,myra.deshmukh69@outlook.com,8592951859,2024-06-15 00:04:01,blr,560061,iOS
CUST_14134,Angel Kulkarni,angel.kulkarni30@gmail.com,INVALID_PHONE,2025-07-09 11:39:41,New Delhi,560049,Android
CUST_13868,Avani Kulkarni,avani.kulkarni14@outlook.com,7075429229,2025-06-08 12:09:21,mumbai,560080,
CUST_10729,Ishaan Banerjee,ishaan.banerjee12@outlook.com,08136994212,2024-07-11 02:40:09,Delhi,,iOS
CUST_11209,Ishaan Rao,ishaan.rao36@outlook.com,8528402439,2024-04-28 06:24:50,mumbai,560003,Android
CUST_11025,Ananya Bhat,ananya.bhat19@yahoo.com,7406968435,2024-01-12 07:12:57,BANGALORE,,Android
CUST_14634,Priya Agarwal,priya.agarwal16@yahoo.com,8795684935,2025-01-05 09:19:59,mumbai,560075,Android
CUST_11229,Vivaan Rao,vivaan.rao12@gmail.com,9152153207,2024-07-25 22:03:20,Gurgaon,560087,iOS
CUST_12036,Sneha Joshi,sneha.joshi17@hotmail.com,+91-8070034629,2024-01-20 16:17:22,Gurgaon,560004,iOS
CUST_11591,Aadhya Sharma,aadhya.sharma72AToutlook.com,9029877260,2025-08-06 03:40:21,Hyderabad,560073,Android
CUST_10146,Krishna Das,krishna.das64@outlook.com,9043784381,2024-01-05 20:54:12,Gurgaon,560050,
CUST_12442,Kavita Singh,kavita.singh25ATgmail.com,9440091732,2025-12-07 21:01:06,New Delhi,560096,Android
CUST_12127,Vihaan Verma,VIHAAN.VERMA39@OUTLOOK.COM,9877593484,2024-07-29 14:54:07,Gurugram,560067,Android
CUST_10241,Vikram Chowdhury,VIKRAM.CHOWDHURY59@YAHOO.COM,07439160186,2024-07-21 19:51:24,Bengaluru,560088,Android
CUST_12913,Vikram Verma,vikram.verma75@hotmail.com,7894002803,2025-04-21 18:30:10,mumbai,,Android
CUST_12503,Vikram Kumar,vikram.kumar94@gmail.com,7954638875,2024-06-23 18:29:35,Gurugram,560008,Android
CUST_13275,Pooja Nair,updated_pooja.nair83@yahoo.com,07515597471,2024-10-24 07:46:56,Hyderabad,560045,Android
CUST_13855,Sai Gupta,sai.gupta36@yahoo.com,7956798523,2026-06-23 19:58:19,Delhi,560070,iOS
CUST_13679,Rahul Deshmukh,updated_rahul.deshmukh46@yahoo.com,8409847407,2025-01-17 15:55:46,mumbai,560028,Android
CUST_14063,Krishna Patel,krishna.patel66@outlook.com,08287854063,2025-07-15 03:16:10,BANGALORE,,Android
CUST_11456,Sneha Banerjee,sneha.banerjee99@outlook.com,7984572295,2024-11-25 06:40:06,Delhi,,iOS
CUST_14154,Neha Shah,neha.shah72@yahoo.com,8394028169,2024-06-13 20:00:37,Hyderabad,560084,iOS
CUST_10836,Amit Agarwal,amit.agarwal59@hotmail.com,8242804604,2024-07-20 01:46:17,mumbai,560095,Android
CUST_12193,Kavita Bhat,kavita.bhat13@gmail.com,INVALID_PHONE,2026-05-18 18:53:13,Mumbai,560028,Android
CUST_13091,Priya Das,priya.das81@hotmail.com,8912533163,2025-04-28 04:48:55,BANGALORE,560054,iOS
CUST_10844,Sai Kumar,sai.kumar94@yahoo.com,9528454087,2024-06-21 05:42:12,blr,560009,Android
CUST_14601,Angel Verma,angel.verma35ATyahoo.com,+91-9775097146,2025-11-09 19:39:18,Gurgaon,560093,iOS
CUST_12000,Vivaan Rao,vivaan.rao78@gmail.com,9954646054,2024-09-30 03:56:29,blr,560089,iOS
CUST_11182,Navya Kumar,navya.kumar47@hotmail.com,+91-7380879989,2024-04-14 05:43:56,Bangalore,560001,iOS
CUST_10225,Angel Verma,angel.verma85AToutlook.com,8989369119,2025-12-18 09:31:47,BANGALORE,560074,Android
CUST_12139,Ayaan Rao,ayaan.rao87@hotmail.com,9845736193,2025-05-21 18:37:39,BANGALORE,560020,Android
CUST_12360,Neha Banerjee,neha.banerjee76@hotmail.com,7476566742,2025-12-13 17:18:09,Gurugram,560048,Android
CUST_12778,Navya Bhat,navya.bhat58@outlook.com,7894408980,2024-07-29 05:32:59,Mumbai,560074,Android
CUST_14326,Pooja Mishra,pooja.mishra90@hotmail.com,7349197256,2024-08-14 04:59:34,Delhi,560068,Android
CUST_14715,Vihaan Mishra,vihaan.mishra76ATyahoo.com,8105527294,2024-03-13 20:52:28,Mumbai,560030,iOS
CUST_10096,Vikram Rao,vikram.rao85@hotmail.com,9549470760,2024-01-19 21:35:06,blr,560030,Android
CUST_12421,Kavita Nair,updated_kavita.nair32@gmail.com,INVALID_PHONE,2026-03-14 03:01:45,Bangalore,560026,iOS
CUST_10018,Arjun Mishra,arjun.mishra92@yahoo.com,08739825492,2024-04-18 21:57:34,Mumbai,560059,Android
CUST_11296,Neha Verma,updated_neha.verma10@yahoo.com,7273083209,2025-09-08 01:56:22,mumbai,560082,Android
CUST_14839,Anika Chowdhury,anika.chowdhury47@gmail.com,9597391532,2024-10-16 03:23:04,Hyderabad,560020,Web
CUST_10223,Vihaan Gupta,vihaan.gupta72@gmail.com,08126958052,2024-08-21 00:39:27,mumbai,,Android
CUST_14075,Vihaan Bhat,vihaan.bhat36@yahoo.com,9724791259,2026-04-08 10:55:37,Delhi,560065,Android
CUST_11173,Pari Das,pari.das81@outlook.com,,2024-01-24 09:08:10,New Delhi,560094,Web
CUST_13174,Ishaan Nair,updated_ishaan.nair66@hotmail.com,9163439554,2026-01-13 07:27:21,blr,560079,Web
CUST_11609,Rohan Verma,updated_rohan.verma57@yahoo.com,7009950704,2026-04-30 16:00:23,Hyderabad,560085,Android
CUST_12366,Rahul Bhat,rahul.bhat63@yahoo.com,7621480683,2025-09-01 10:57:03,Delhi,560012,iOS
CUST_11701,Ananya Joshi,updated_ananya.joshi68@yahoo.com,9748000701,2026-04-01 19:56:18,Hyderabad,560060,
CUST_11193,Avani Mehta,avani.mehta90@hotmail.com,+91-7892741768,2024-03-31 23:45:18,blr,560075,Android
CUST_13781,Anika Kumar,anika.kumar68@yahoo.com,9918207579,2026-02-13 16:18:49,BANGALORE,560017,Android
CUST_12068,Aadhya Banerjee,aadhya.banerjee82@hotmail.com,+91-9493576245,2026-02-28 21:03:07,mumbai,560057,
CUST_14546,Ayaan Kumar,ayaan.kumar82@hotmail.com,9900443486,2026-08-14 20:30:00,blr,560044,Android
CUST_10125,Aditya Bhat,aditya.bhat68@gmail.com,,2024-04-10 03:32:00,Delhi,560020,iOS
CUST_11670,Angel Mehta,updated_angel.mehta76@yahoo.com,+91-9054661342,2024-03-07 05:53:09,Delhi,560085,
CUST_13350,Aarav Deshmukh,aarav.deshmukh15@outlook.com,8863278556,2026-06-02 04:55:15,Gurugram,,iOS
CUST_14785,Vikram Chowdhury,vikram.chowdhury86@gmail.com,+91-8039340361,2025-08-30 16:51:56,mumbai,560057,iOS
CUST_12095,Saanvi Mishra,saanvi.mishra19@outlook.com,9198412860,2025-01-31 07:15:32,Bangalore,560005,iOS
CUST_10040,Saanvi Mishra,saanvi.mishra85@outlook.com,09677641523,2024-08-31 08:29:34,Mumbai,560045,iOS
CUST_12234,Anika Deshmukh,anika.deshmukh71@yahoo.com,8983532641,2024-12-11 01:26:07,Gurugram,560055,Android
CUST_13555,Vikram Joshi,vikram.joshi35@hotmail.com,+91-7929240240,2025-06-28 23:09:00,Mumbai,560005,Web
CUST_13613,Avani Reddy,updated_avani.reddy18AThotmail.com,,2024-03-25 22:47:41,Delhi,560087,iOS
CUST_13227,Aditya Deshmukh,updated_aditya.deshmukh18@hotmail.com,9995201670,2024-10-15 13:21:22,mumbai,560081,Android
CUST_14829,Ishaan Gupta,ishaan.gupta37@gmail.com,9484649031,2024-09-25 07:02:17,New Delhi,560075,Android
CUST_11797,Avani Deshmukh,avani.deshmukh37@hotmail.com,+91-9464867254,2025-06-30 12:33:33,BANGALORE,560068,Android
CUST_13292,Neha Sharma,neha.sharma56@yahoo.com,+91-7386653460,2025-09-11 23:27:44,blr,560018,Android
CUST_14150,Vikram Das,updated_vikram.das87@outlook.com,7256729710,2024-12-13 18:54:04,New Delhi,560016,Android
CUST_11058,Sai Gupta,updated_sai.gupta10@outlook.com,+91-7990417800,2024-09-08 08:12:51,blr,,iOS
CUST_13365,Suresh Nair,suresh.nair70@outlook.com,+91-9649735809,2026-05-30 06:46:44,Mumbai,560074,iOS
CUST_11412,Rohan Rao,rohan.rao41@gmail.com,09397776387,2026-07-28 21:40:34,Gurgaon,560038,Android
CUST_11630,Myra Kumar,myra.kumar86@hotmail.com,9488699764,2024-11-07 22:29:32,Bangalore,560050,Android
CUST_10272,Vivaan Chowdhury,  vivaan.chowdhury33@gmail.com  ,9480811424,2026-04-15 20:37:12,Hyderabad,560041,Android
CUST_12177,Reyansh Banerjee,reyansh.banerjee46@hotmail.com,9873058075,2026-06-19 17:46:23,Gurgaon,560053,Android
CUST_12725,Aarav Nair,aarav.nair87@hotmail.com,8806511001,2026-02-27 02:58:01,blr,560037,Android
CUST_14170,Anika Sharma,anika.sharma16@hotmail.com,9819842331,2026-02-24 23:31:46,mumbai,560040,Android
CUST_10745,Kavita Kulkarni,kavita.kulkarni72@hotmail.com,9109917504,2024-02-10 17:18:44,Mumbai,560008,iOS
CUST_11119,Aarav Kumar,aarav.kumar58@outlook.com,8043572787,2024-01-17 22:49:25,Mumbai,560055,Android
CUST_10947,Vivaan Reddy,updated_vivaan.reddy15@yahoo.com,+91-8509390106,2025-09-10 19:24:19,Bengaluru,560084,Android
CUST_13229,Ayaan Rao,ayaan.rao13@outlook.com,7323602964,2025-08-24 06:33:11,Gurugram,,Android
CUST_10404,Ananya Mishra,updated_ananya.mishra89@gmail.com,9907986921,2024-06-01 18:05:24,Delhi,560015,Android
CUST_13113,Ayaan Reddy,ayaan.reddy79@outlook.com,8150694273,2024-09-02 07:15:15,BANGALORE,560095,Android
CUST_13020,Aadhya Mehta,aadhya.mehta70@hotmail.com,7389294423,2026-07-25 09:30:21,BANGALORE,560044,Android
CUST_12051,Myra Rao,myra.rao64@gmail.com,8487241262,2025-08-23 07:10:21,Bangalore,560014,Android
CUST_12463,Kavita Deshmukh,kavita.deshmukh69@gmail.com,08866429755,2025-06-05 18:41:24,Delhi,560094,Android
CUST_11407,Pari Rao,PARI.RAO57@GMAIL.COM,7858578119,2025-08-18 00:55:01,Bengaluru,560036,iOS
CUST_14949,Arjun Verma,arjun.verma54@gmail.com,8372798445,2026-06-28 12:11:57,blr,560049,Android
CUST_13100,Navya Mehta,NAVYA.MEHTA19@YAHOO.COM,08260237462,2026-06-11 22:43:39,mumbai,,Android
CUST_14304,Rahul Chowdhury,RAHUL.CHOWDHURY36@OUTLOOK.COM,9528151641,2025-10-01 15:45:07,Gurgaon,,Android
CUST_14129,Ananya Gupta,updated_ananya.gupta87@hotmail.com,09301860574,2024-12-20 00:32:15,Gurugram,560083,iOS
CUST_13947,Vihaan Rao,vihaan.rao71@yahoo.com,+91-8021323160,2024-05-23 18:59:16,Mumbai,560027,iOS
CUST_11823,Kavita Kulkarni,kavita.kulkarni20@hotmail.com,8210188537,2025-04-01 16:51:39,Bangalore,560039,Android
CUST_11480,Vivaan Chowdhury,vivaan.chowdhury93@outlook.com,+91-9674688127,2025-10-08 16:05:34,Gurugram,560006,Android
CUST_13443,Arjun Rao,arjun.rao94@outlook.com,9955200167,2025-10-05 13:16:28,BANGALORE,560001,Android
CUST_14002,Navya Banerjee,navya.banerjee36@outlook.com,7852345296,2025-01-05 18:41:07,Mumbai,560035,Android
CUST_13672,Aditya Nair,aditya.nair67@outlook.com,8259864579,2024-12-06 13:53:03,BANGALORE,560029,
CUST_10913,Arjun Nair,arjun.nair96@yahoo.com,09590546190,2025-04-09 02:33:14,Bangalore,560074,Android
CUST_14853,Pooja Kumar,pooja.kumar87@gmail.com,+91-8024578053,2025-06-26 10:21:37,BANGALORE,560019,
CUST_14236,Ishaan Mishra,ishaan.mishra41@yahoo.com,9746979121,2024-02-15 00:11:14,Bangalore,560056,iOS
CUST_14470,Angel Das,angel.das17@outlook.com,8350417425,2025-11-25 09:44:45,Gurugram,560046,Android
CUST_11423,Amit Reddy,amit.reddy60@outlook.com,7656126124,2024-12-18 11:07:43,BANGALORE,560030,Android
CUST_14777,Pooja Nair,pooja.nair22@outlook.com,9278893868,2025-03-03 02:05:18,Bangalore,560076,Android
CUST_14774,Reyansh Singh,reyansh.singh19@gmail.com,7003927406,2025-04-18 11:00:30,mumbai,560008,Android
CUST_13874,Aditya Das,aditya.das97@outlook.com,9618480368,2024-03-13 11:31:20,Mumbai,,iOS
CUST_10728,Vivaan Verma,vivaan.verma29@outlook.com,9729700891,2025-11-21 21:34:31,New Delhi,560020,Android
CUST_11554,Saanvi Joshi,saanvi.joshi19@outlook.com,8440528552,2026-01-29 20:55:38,Bangalore,560017,iOS
CUST_10438,Reyansh Kulkarni,reyansh.kulkarni68@gmail.com,8498658260,2025-04-22 22:33:34,blr,560065,iOS
CUST_14025,Sneha Shah,sneha.shah70@outlook.com,7511209378,2026-03-28 17:44:22,Hyderabad,560009,Android
CUST_10365,Ananya Joshi,ananya.joshi76@gmail.com,9443278421,2026-06-24 00:38:53,Bangalore,560032,Android
CUST_12235,Saanvi Mehta,saanvi.mehta48@yahoo.com,8388690959,2025-03-09 07:43:29,Delhi,560085,Android
CUST_14022,Krishna Nair,krishna.nair16@outlook.com,9633484925,2024-11-15 03:30:34,Bangalore,,iOS
CUST_12238,Pooja Shah,pooja.shah86@hotmail.com,8759196016,2026-03-26 09:37:33,Delhi,560098,Android
CUST_14119,Aarav Banerjee,aarav.banerjee32@yahoo.com,8282608480,2024-03-13 06:50:46,Bengaluru,560005,Android
CUST_14248,Neha Das,neha.das61@outlook.com,09493487142,2025-02-03 10:04:37,Hyderabad,560099,Android
CUST_14870,Aadhya Kulkarni,aadhya.kulkarni47ATgmail.com,7628898562,2024-10-15 18:01:56,BANGALORE,560025,Android
CUST_13623,Reyansh Reddy,reyansh.reddy86@yahoo.com,9008061491,2026-05-28 17:22:11,Bengaluru,,iOS
CUST_10231,Vikram Verma,vikram.verma18@gmail.com,8378035387,2026-06-22 20:35:28,blr,560049,iOS
CUST_10384,Neha Mehta,neha.mehta16@hotmail.com,+91-9572972335,2026-04-02 23:59:42,mumbai,560093,iOS
CUST_10422,Neha Bhat,neha.bhat49@hotmail.com,9878463345,2024-12-13 04:52:22,Bengaluru,560096,iOS
CUST_12916,Rohan Nair,rohan.nair78@outlook.com,INVALID_PHONE,2024-04-05 11:18:22,Hyderabad,560055,
CUST_13649,Ananya Verma,ananya.verma59@yahoo.com,7616999789,2024-06-09 13:08:07,Gurugram,,iOS
CUST_14771,Pari Banerjee,pari.banerjee92@hotmail.com,7401930380,2025-07-17 16:03:33,Bengaluru,560029,iOS
CUST_12068,Aadhya Banerjee,updated_aadhya.banerjee82@hotmail.com,+91-9493576245,2026-02-28 21:03:07,mumbai,560057,
CUST_12707,Amit Singh,amit.singh12@hotmail.com,+91-7101297211,2025-06-20 23:25:43,Gurgaon,560082,iOS
CUST_12220,Neha Gupta,NEHA.GUPTA43@OUTLOOK.COM,9834784237,2024-07-18 07:41:10,Bangalore,560087,Android
CUST_12931,Pari Singh,pari.singh68@outlook.com,+91-9132077494,2024-10-14 13:58:32,blr,560082,iOS
CUST_13958,Ananya Kulkarni,ananya.kulkarni41AToutlook.com,7574731456,2026-05-14 16:41:17,Mumbai,560006,iOS
CUST_14770,Pooja Rao,pooja.rao27@outlook.com,+91-9669887546,2026-05-23 01:45:43,BANGALORE,560071,Android
CUST_11434,Sai Joshi,sai.joshi50@gmail.com,8519297269,2026-06-14 11:31:03,blr,560068,iOS
CUST_14445,Ananya Kumar,  ananya.kumar80@hotmail.com  ,8768882529,2025-08-25 01:15:28,Gurugram,560060,iOS
CUST_10967,Arjun Agarwal,arjun.agarwal27@yahoo.com,8341139505,2024-06-13 01:18:21,Delhi,560077,iOS
CUST_13824,Suresh Bhat,suresh.bhat55@outlook.com,8052912964,2025-06-16 11:52:39,Hyderabad,560001,Android
CUST_12776,Aarav Bhat,updated_aarav.bhat85@hotmail.com,7290330325,2025-09-18 09:46:29,New Delhi,560066,Android
CUST_10323,Sneha Patel,sneha.patel10@gmail.com,+91-9949669846,2026-02-10 18:10:17,Mumbai,560012,iOS
CUST_11910,Sai Nair,updated_sai.nair85@hotmail.com,8502995956,2025-05-16 07:41:45,Bengaluru,560023,Android
CUST_10138,Priya Patel,priya.patel10@yahoo.com,7369410866,2025-04-08 17:12:06,Delhi,560029,iOS
CUST_14570,Aarav Gupta,aarav.gupta27@yahoo.com,7972208035,2025-06-10 10:55:02,BANGALORE,560084,Android
CUST_14168,Ayaan Gupta,ayaan.gupta28@gmail.com,7009876694,2025-05-15 03:38:20,Gurugram,560069,iOS
CUST_11594,Angel Rao,angel.rao50@gmail.com,+91-7043639637,2026-07-10 23:28:18,Gurugram,,Android
CUST_10114,Pari Patel,pari.patel96@yahoo.com,09530269341,2025-03-04 06:08:42,New Delhi,560003,iOS
CUST_12075,Pari Gupta,pari.gupta62@gmail.com,09275693316,2024-06-14 05:21:45,Delhi,560089,iOS
CUST_13159,Arjun Shah,arjun.shah68@hotmail.com,7516438779,2024-10-26 01:52:03,Mumbai,560055,iOS
CUST_10907,Aditya Bhat,aditya.bhat47@yahoo.com,+91-9890402468,2026-04-27 08:30:43,blr,560078,Web
CUST_10957,Aditya Joshi,aditya.joshi94@outlook.com,7976730375,2026-06-24 14:40:35,Bangalore,560099,iOS
CUST_13580,Kavita Reddy,updated_  kavita.reddy55@outlook.com  ,07388964867,2026-01-10 18:39:58,New Delhi,560043,iOS
CUST_14843,Suresh Singh,suresh.singh34@hotmail.com,,2024-02-06 15:06:48,Gurgaon,560007,iOS
CUST_12403,Ayaan Nair,ayaan.nair58@outlook.com,7545038707,2024-03-20 21:12:55,Bangalore,560080,iOS
CUST_12273,Kavita Patel,kavita.patel93@gmail.com,8163889399,2025-04-14 04:08:01,Hyderabad,560064,
CUST_10252,Saanvi Rao,updated_saanvi.rao70@gmail.com,09434707917,2024-05-11 03:02:20,BANGALORE,560087,Android
CUST_14877,Rohan Reddy,rohan.reddy61@gmail.com,9076309451,2025-07-30 03:19:54,New Delhi,560001,Android
CUST_12859,Pooja Joshi,pooja.joshi28@hotmail.com,INVALID_PHONE,2024-10-30 22:46:15,Gurugram,560041,Android
CUST_14331,Vikram Verma,vikram.verma37@yahoo.com,7880977229,2026-06-01 19:34:07,BANGALORE,560089,Android
CUST_11316,Navya Deshmukh,navya.deshmukh20@yahoo.com,8227996564,2024-10-19 01:31:36,Gurgaon,560070,Android
CUST_13898,Ananya Shah,ananya.shah47@yahoo.com,7780796277,2025-11-11 13:44:25,blr,560025,iOS
CUST_13284,Krishna Agarwal,krishna.agarwal85@yahoo.com,,2025-05-28 09:36:58,Mumbai,560018,Android
CUST_10512,Sai Mehta,sai.mehta43@gmail.com,09939244352,2025-04-08 07:50:58,Mumbai,560007,iOS
CUST_13615,Saanvi Gupta,saanvi.gupta28@yahoo.com,+91-8098051612,2024-11-21 23:10:27,Delhi,560093,Android
CUST_13121,Priya Banerjee,priya.banerjee47@yahoo.com,+91-9099073994,2026-01-04 08:21:13,New Delhi,560012,Android
CUST_13370,Vikram Sharma,vikram.sharma40@outlook.com,9422460343,2024-12-07 13:15:54,Bengaluru,560080,iOS
CUST_12677,Sneha Reddy,sneha.reddy63@gmail.com,08697634625,2025-01-13 09:03:16,Hyderabad,560079,Android
CUST_10072,Ananya Deshmukh,ananya.deshmukh84@yahoo.com,9327772552,2024-06-24 13:11:52,New Delhi,560051,iOS
CUST_13654,Vikram Rao,vikram.rao51@hotmail.com,INVALID_PHONE,2024-12-31 07:45:12,mumbai,560075,Android
CUST_11570,Neha Kulkarni,neha.kulkarni25@yahoo.com,INVALID_PHONE,2024-03-26 22:10:32,mumbai,560075,Android
CUST_12086,Diya Das,diya.das33@outlook.com,9041045082,2024-07-13 10:46:58,BANGALORE,560096,Web
CUST_11518,Aadhya Mehta,aadhya.mehta52@yahoo.com,8220167593,2024-02-12 11:23:50,New Delhi,560027,iOS
CUST_12001,Priya Singh,priya.singh11@yahoo.com,+91-7991820478,2024-12-27 10:13:51,Mumbai,560051,Android
CUST_14411,Ananya Banerjee,ananya.banerjee20@yahoo.com,+91-8560293505,2026-05-21 21:42:18,Gurugram,560039,Android
CUST_14076,Vihaan Das,vihaan.das50@hotmail.com,,2026-01-26 22:47:07,Gurugram,560059,
CUST_11349,Ayaan Reddy,ayaan.reddy19@hotmail.com,7633885220,2024-09-13 23:49:20,blr,560012,iOS
CUST_12005,Sai Banerjee,  sai.banerjee46@gmail.com  ,8689617200,2026-08-18 18:01:22,Bangalore,560026,Android
CUST_13819,Arjun Mishra,arjun.mishra28@outlook.com,08746058356,2026-07-29 11:42:17,Hyderabad,560040,Web
CUST_12999,Anika Reddy,anika.reddy56@gmail.com,08377134062,2025-10-09 15:28:24,Gurugram,560049,Android
CUST_13103,Aditya Deshmukh,aditya.deshmukh84@yahoo.com,7587618001,2025-08-13 22:43:05,Gurgaon,560068,Android
CUST_11895,Anika Nair,anika.nair68@hotmail.com,7407901307,2025-08-21 03:44:06,blr,560091,Android
CUST_11415,Arjun Banerjee,updated_arjun.banerjee30@outlook.com,9117397955,2025-03-09 21:45:11,Delhi,560072,Android
CUST_14187,Diya Patel,diya.patel54@hotmail.com,,2025-05-18 20:29:08,Bangalore,560099,iOS
CUST_14135,Diya Rao,updated_diya.rao18@outlook.com,+91-9949086637,2026-02-26 22:17:27,mumbai,560015,Android
CUST_12603,Priya Deshmukh,updated_priya.deshmukh56@gmail.com,07691480553,2024-03-05 16:28:36,mumbai,560064,iOS
CUST_10556,Diya Joshi,diya.joshi23@hotmail.com,+91-9370169121,2025-11-17 10:01:27,Hyderabad,560001,Android
CUST_14885,Saanvi Singh,saanvi.singh49@yahoo.com,9619560253,2025-12-05 08:13:43,mumbai,560070,Android
CUST_12933,Navya Nair,navya.nair83@hotmail.com,8327101968,2026-01-12 22:06:13,BANGALORE,560011,Web
CUST_12810,Vivaan Gupta,vivaan.gupta84@outlook.com,INVALID_PHONE,2024-04-07 10:04:03,Gurugram,560031,iOS
CUST_13651,Navya Verma,navya.verma56@gmail.com,7913545677,2026-06-27 22:10:15,Hyderabad,560096,iOS
CUST_11658,Aditya Nair,aditya.nair43@gmail.com,+91-7069757657,2025-06-14 13:06:58,mumbai,560058,iOS
CUST_12703,Aarav Deshmukh,aarav.deshmukh34@gmail.com,+91-9311523864,2025-04-13 04:45:10,Hyderabad,560081,iOS
CUST_10417,Suresh Banerjee,updated_suresh.banerjee17@yahoo.com,8186141066,2025-01-27 05:03:36,Gurgaon,560023,iOS
CUST_10645,Pari Singh,pari.singh53ATyahoo.com,7251633857,2025-02-25 01:07:41,Delhi,560033,iOS
CUST_11208,Anika Mehta,anika.mehta51@hotmail.com,08889658333,2025-02-28 03:56:47,New Delhi,560097,Android
CUST_12065,Kavita Rao,kavita.rao94@hotmail.com,INVALID_PHONE,2026-04-29 11:56:58,BANGALORE,,Android
CUST_14182,Avani Agarwal,  avani.agarwal75@yahoo.com  ,07410497666,2024-07-17 03:37:46,blr,560009,Android
CUST_11492,Ishaan Reddy,ishaan.reddy91@hotmail.com,9078217542,2025-05-31 17:06:38,Hyderabad,560062,Android
CUST_10028,Aditya Mehta,aditya.mehta15@gmail.com,8439033163,2024-03-14 20:15:18,Bengaluru,560098,iOS
CUST_12689,Priya Kulkarni,priya.kulkarni50@hotmail.com,+91-9482766780,2025-10-20 13:20:13,Delhi,560039,Android
CUST_10543,Aarav Gupta,updated_aarav.gupta73@hotmail.com,9535877298,2024-07-24 17:59:55,BANGALORE,560057,iOS
CUST_13670,Myra Mishra,myra.mishra20@hotmail.com,+91-9649339160,2025-04-27 19:27:47,mumbai,560009,Android
CUST_11072,Neha Joshi,neha.joshi48@hotmail.com,7950825813,2024-07-06 01:05:23,Delhi,560068,iOS
CUST_14129,Ananya Gupta,ananya.gupta87@hotmail.com,09301860574,2024-12-20 00:32:15,Gurugram,560083,iOS
CUST_14614,Sai Sharma,sai.sharma14@yahoo.com,8478021550,2024-11-14 18:09:26,Hyderabad,560091,
CUST_12997,Vihaan Chowdhury,vihaan.chowdhury76@yahoo.com,9278071297,2025-10-16 06:27:43,Mumbai,560089,Android
CUST_14437,Aditya Mehta,aditya.mehta52@hotmail.com,7477736069,2024-03-29 01:36:47,Mumbai,560087,iOS
CUST_10382,Krishna Gupta,krishna.gupta23@outlook.com,07991307635,2025-04-28 18:50:37,Gurugram,560095,Android
CUST_12290,Ayaan Mehta,ayaan.mehta93@outlook.com,07548537294,2026-06-26 22:47:24,Mumbai,560024,
CUST_13093,Kavita Sharma,updated_kavita.sharma17@outlook.com,+91-9131206829,2025-12-31 06:09:17,Bengaluru,560016,Web
CUST_13993,Vikram Agarwal,vikram.agarwal34@hotmail.com,INVALID_PHONE,2026-07-11 08:49:26,BANGALORE,560038,iOS
CUST_11961,Ishaan Verma,ishaan.verma61@gmail.com,7167866743,2026-07-17 09:47:03,Hyderabad,560033,iOS
CUST_11241,Aditya Deshmukh,aditya.deshmukh29@yahoo.com,,2024-06-22 05:05:03,BANGALORE,560097,iOS
CUST_14529,Ayaan Mishra,ayaan.mishra12@yahoo.com,7185676987,2025-12-05 17:34:52,mumbai,560051,Android
CUST_14286,Suresh Das,suresh.das75@hotmail.com,8819400913,2024-09-21 14:11:29,mumbai,560076,iOS
CUST_14106,Sneha Mishra,  sneha.mishra62@hotmail.com  ,+91-8618747976,2025-01-09 02:10:46,Bangalore,560053,Android
CUST_13309,Vihaan Reddy,vihaan.reddy72@gmail.com,8195638790,2025-01-07 17:26:48,BANGALORE,560015,Android
CUST_12661,Vihaan Das,vihaan.das69@outlook.com,INVALID_PHONE,2026-03-23 02:07:53,mumbai,560027,Android
CUST_12386,Myra Mehta,myra.mehta43@gmail.com,7103536368,2024-09-11 15:42:31,Mumbai,560063,iOS
CUST_11635,Myra Deshmukh,myra.deshmukh69@hotmail.com,9796561049,2024-01-27 21:18:23,BANGALORE,560040,Web
CUST_14578,Vihaan Shah,vihaan.shah53@yahoo.com,7562735040,2025-06-20 04:43:26,Bangalore,560036,iOS
CUST_14155,Ayaan Banerjee,ayaan.banerjee12@yahoo.com,+91-7278841795,2025-10-23 06:48:10,Mumbai,560068,iOS
CUST_14642,Aarav Patel,aarav.patel40@gmail.com,09899843526,2025-07-10 06:21:57,Hyderabad,560097,Android
CUST_10163,Arjun Mishra,arjun.mishra77@yahoo.com,09208711729,2024-11-04 14:59:53,blr,560091,Android
CUST_10060,Neha Mehta,neha.mehta13@yahoo.com,8895822452,2025-06-12 19:01:51,BANGALORE,560080,Android
CUST_12825,Kavita Mehta,kavita.mehta10@hotmail.com,8241031314,2025-07-10 01:41:23,Gurugram,560040,Web
CUST_12033,Angel Chowdhury,angel.chowdhury44@hotmail.com,,2025-12-18 00:10:39,Gurugram,560099,Android
CUST_12167,Amit Reddy,amit.reddy29@gmail.com,7201838019,2025-05-28 18:58:06,Gurgaon,560038,iOS
CUST_11993,Rohan Gupta,rohan.gupta25@hotmail.com,+91-9060950229,2026-04-27 17:51:51,Bengaluru,560019,Android
CUST_13920,Diya Banerjee,DIYA.BANERJEE63@OUTLOOK.COM,,2024-05-27 11:50:03,BANGALORE,560097,Android
CUST_12141,Vikram Mehta,vikram.mehta50@gmail.com,8285224858,2024-07-29 10:13:33,New Delhi,560088,iOS
CUST_10341,Diya Joshi,diya.joshi88@hotmail.com,8068046073,2025-08-21 13:05:14,mumbai,560006,Android
CUST_10977,Reyansh Joshi,reyansh.joshi98@yahoo.com,8775623669,2024-09-26 01:44:33,blr,560009,Android
CUST_13406,Krishna Bhat,krishna.bhat46@outlook.com,8247171256,2025-12-05 22:15:26,Mumbai,560041,Android
CUST_14180,Aditya Patel,aditya.patel28@hotmail.com,+91-8402053108,2025-03-21 09:38:42,Delhi,560040,Android
CUST_13804,Rahul Verma,updated_rahul.verma10@gmail.com,INVALID_PHONE,2024-05-19 02:45:37,Bangalore,560087,iOS
CUST_12593,Rohan Joshi,rohan.joshi24@yahoo.com,09908415349,2025-01-24 20:56:47,Gurgaon,560086,Android
CUST_14308,Aarav Banerjee,aarav.banerjee54@gmail.com,9855911777,2024-08-13 14:57:52,Delhi,560054,iOS
CUST_11905,Sneha Singh,sneha.singh92@outlook.com,+91-9161089991,2025-01-05 04:39:24,blr,560005,iOS
CUST_14410,Vihaan Sharma,vihaan.sharma50AToutlook.com,7008661237,2025-01-23 16:53:23,Delhi,560092,Android
CUST_11158,Pooja Kumar,  pooja.kumar81@hotmail.com  ,8344098630,2026-08-27 21:48:04,Gurugram,560077,iOS
CUST_14121,Sneha Verma,updated_sneha.verma41@gmail.com,09351808519,2025-03-03 06:45:52,Hyderabad,560092,Android
CUST_11183,Ishaan Singh,ishaan.singh80@gmail.com,INVALID_PHONE,2024-05-25 22:25:31,mumbai,560072,Android
CUST_10583,Rahul Singh,rahul.singh67@gmail.com,INVALID_PHONE,2026-03-12 18:17:47,Bangalore,560069,Android
CUST_13078,Krishna Singh,krishna.singh98ATyahoo.com,08078070559,2024-06-29 00:44:56,blr,560014,iOS
CUST_13321,Krishna Banerjee,updated_krishna.banerjee55@gmail.com,8991115524,2024-11-06 13:45:34,mumbai,560036,iOS
CUST_12743,Aarav Joshi,aarav.joshi31AThotmail.com,+91-8269746085,2025-07-11 01:04:14,blr,560095,Android
CUST_13734,Vihaan Nair,vihaan.nair90@hotmail.com,9569064405,2024-06-15 09:25:10,BANGALORE,560041,Android
CUST_14142,Rohan Mishra,rohan.mishra92@hotmail.com,07575581797,2024-03-16 09:39:51,Delhi,560023,Android
CUST_11742,Vivaan Shah,vivaan.shah52@outlook.com,9538766351,2025-03-27 01:15:10,mumbai,560091,Android
CUST_14357,Saanvi Gupta,saanvi.gupta73@yahoo.com,INVALID_PHONE,2024-05-08 18:55:31,Hyderabad,560059,Android
CUST_10873,Vivaan Sharma,vivaan.sharma76@yahoo.com,9424945917,2025-08-07 03:03:12,BANGALORE,560085,Android
CUST_10644,Amit Patel,amit.patel13@gmail.com,+91-9573149844,2025-07-27 23:53:39,blr,560090,Android
CUST_11090,Ishaan Kulkarni,ishaan.kulkarni51@outlook.com,9151580382,2024-01-25 08:31:00,Gurgaon,560060,Web
CUST_10832,Amit Nair,AMIT.NAIR39@OUTLOOK.COM,+91-8269041320,2024-03-17 23:04:24,Bengaluru,560037,Android
CUST_10300,Priya Gupta,priya.gupta93@yahoo.com,8534867848,2025-09-13 17:32:51,Bengaluru,560028,Android
CUST_11501,Vivaan Mehta,vivaan.mehta95@hotmail.com,9737622702,2024-06-12 15:57:12,BANGALORE,560084,Android
CUST_10122,Ayaan Gupta,ayaan.gupta15@hotmail.com,9102953893,2026-05-24 10:29:41,Bengaluru,,iOS
CUST_11002,Pari Das,pari.das80@hotmail.com,,2024-07-20 11:07:25,blr,560040,Android
CUST_13792,Myra Joshi,myra.joshi13@gmail.com,8650088134,2026-02-21 16:02:06,Bangalore,560061,Android
CUST_13155,Rahul Kulkarni,rahul.kulkarni55@hotmail.com,08702344849,2025-05-08 17:19:35,BANGALORE,560032,iOS
CUST_14381,Anika Shah,anika.shah74@outlook.com,9714423281,2026-04-14 16:33:47,New Delhi,560003,iOS
CUST_14934,Aadhya Kumar,aadhya.kumar68@outlook.com,9125386812,2026-07-15 20:22:30,Mumbai,560012,iOS
CUST_12047,Diya Gupta,diya.gupta13@hotmail.com,,2026-01-01 00:51:33,Hyderabad,560025,iOS
CUST_14449,Ishaan Kulkarni,ishaan.kulkarni94@hotmail.com,9303385112,2024-01-17 08:47:43,Delhi,560055,Android
CUST_11045,Vihaan Verma,vihaan.verma73@outlook.com,8490458947,2025-03-15 22:42:48,Bengaluru,560023,Android
CUST_10055,Vikram Joshi,vikram.joshi48@gmail.com,9703750755,2025-08-01 20:47:51,blr,560028,Web
CUST_13044,Ayaan Kulkarni,ayaan.kulkarni91@gmail.com,+91-9542132058,2024-06-16 13:28:34,Gurugram,560087,Android
CUST_12856,Rahul Shah,rahul.shah44@yahoo.com,+91-7954738591,2024-10-31 08:07:23,Gurgaon,560056,Android
CUST_13120,Vihaan Gupta,vihaan.gupta98@outlook.com,INVALID_PHONE,2025-10-04 23:14:46,Bangalore,560088,iOS
CUST_13880,Krishna Kulkarni,krishna.kulkarni90@gmail.com,09151178412,2024-12-16 12:22:02,New Delhi,560095,Android
CUST_12695,Amit Kulkarni,amit.kulkarni46@outlook.com,7018948637,2026-05-13 21:59:00,Gurgaon,560001,Android
CUST_12632,Angel Mishra,angel.mishra42@gmail.com,7668245701,2026-07-19 17:53:52,Mumbai,560093,Android
CUST_13412,Angel Deshmukh,angel.deshmukh68@hotmail.com,9070869458,2024-08-30 13:47:18,mumbai,560086,iOS
CUST_12701,Pooja Sharma,pooja.sharma59@outlook.com,INVALID_PHONE,2025-09-26 09:29:46,mumbai,560028,Android
CUST_14388,Ayaan Banerjee,  ayaan.banerjee12@gmail.com  ,INVALID_PHONE,2025-07-31 02:42:45,Gurugram,560062,Android
CUST_10189,Sneha Gupta,sneha.gupta40@yahoo.com,7996817103,2024-07-16 18:16:38,New Delhi,560091,Android
CUST_13172,Angel Joshi,angel.joshi43@outlook.com,,2025-10-30 21:10:20,New Delhi,560080,iOS
CUST_11980,Navya Rao,navya.rao93@hotmail.com,+91-7914201261,2026-06-09 09:56:16,Bangalore,560016,Android
CUST_10586,Aadhya Gupta,aadhya.gupta82@outlook.com,7590383561,2026-02-08 05:22:54,Bangalore,560086,iOS
CUST_13917,Avani Patel,avani.patel56@outlook.com,09917612736,2024-12-12 05:29:32,Mumbai,,Android
CUST_10243,Neha Joshi,neha.joshi79@gmail.com,8887794959,2024-05-12 02:25:10,Gurugram,560014,Web
CUST_11146,Pari Singh,pari.singh36@outlook.com,7722621777,2025-02-21 03:36:19,New Delhi,560016,iOS
CUST_14116,Aditya Gupta,aditya.gupta44@yahoo.com,9087214965,2025-01-22 03:28:50,New Delhi,560068,iOS
CUST_13802,Kavita Rao,kavita.rao34@yahoo.com,+91-7739369568,2025-01-18 05:57:28,mumbai,560082,Android
CUST_12339,Avani Agarwal,avani.agarwal23@outlook.com,9335179561,2024-07-10 17:19:01,mumbai,560039,
CUST_11898,Myra Kumar,myra.kumar54@outlook.com,7717466364,2026-07-21 11:58:59,Bengaluru,560012,Android
CUST_12425,Vikram Verma,vikram.verma52@gmail.com,09266815325,2026-07-16 05:43:39,BANGALORE,,iOS
CUST_14425,Vikram Verma,VIKRAM.VERMA45@HOTMAIL.COM,8726106260,2024-11-24 07:17:16,Delhi,560020,Android
CUST_10262,Vihaan Nair,vihaan.nair13@hotmail.com,8050210461,2024-11-07 17:48:58,blr,560074,Android
CUST_10565,Krishna Joshi,updated_krishna.joshi36@yahoo.com,09748773178,2024-09-08 12:53:26,Gurgaon,560076,iOS
CUST_13569,Ayaan Bhat,ayaan.bhat46@yahoo.com,+91-9291133806,2025-03-09 03:02:54,Gurugram,560046,iOS
CUST_10171,Sai Verma,updated_sai.verma78@hotmail.com,8200606941,2024-04-02 13:09:51,blr,560042,iOS
CUST_11912,Krishna Gupta,krishna.gupta18@gmail.com,7071452367,2024-11-12 05:22:02,BANGALORE,560073,Android
CUST_10809,Diya Nair,diya.nair58@hotmail.com,07443254994,2024-04-27 21:03:42,mumbai,560028,Android
CUST_10340,Ayaan Nair,ayaan.nair34@gmail.com,9272704351,2026-08-24 23:39:32,Gurgaon,560045,iOS
CUST_11574,Sneha Mehta,SNEHA.MEHTA37@HOTMAIL.COM,9149649429,2024-09-29 23:15:55,Bangalore,,Android
CUST_10128,Reyansh Mehta,reyansh.mehta74@gmail.com,7962960506,2024-04-26 17:00:18,Gurugram,560086,Web
CUST_10573,Avani Banerjee,avani.banerjee71@gmail.com,7651500993,2024-03-12 16:49:03,Bangalore,560072,iOS
CUST_11315,Priya Banerjee,priya.banerjee56@yahoo.com,07526304466,2024-10-16 12:44:13,Mumbai,560063,iOS
CUST_10417,Suresh Banerjee,suresh.banerjee17@yahoo.com,8186141066,2025-01-27 05:03:36,Gurgaon,560023,iOS
CUST_12651,Suresh Chowdhury,suresh.chowdhury51@yahoo.com,7241540794,2026-08-10 08:56:56,BANGALORE,560002,Android
CUST_12402,Avani Sharma,avani.sharma40@outlook.com,9206303804,2024-12-08 17:19:18,Gurgaon,560099,Android
CUST_13758,Neha Mishra,neha.mishra52ATyahoo.com,7701578854,2025-11-16 05:58:03,Delhi,560099,Android
CUST_12140,Anika Chowdhury,anika.chowdhury46@hotmail.com,7317736032,2025-08-23 21:12:03,Bangalore,560092,iOS
CUST_11712,Diya Deshmukh,diya.deshmukh22@gmail.com,7633219338,2024-01-08 19:02:43,Mumbai,560097,Android
CUST_11661,Neha Deshmukh,neha.deshmukh43@hotmail.com,07042781409,2025-07-21 13:34:54,Gurgaon,560020,Android
CUST_11750,Angel Shah,  angel.shah70@gmail.com  ,,2026-01-21 07:10:38,Bengaluru,560002,Android
CUST_13870,Suresh Mishra,suresh.mishra13@hotmail.com,07976493768,2026-08-12 03:02:03,Gurugram,560080,iOS
CUST_11527,Vivaan Nair,vivaan.nair22@yahoo.com,7382367554,2024-12-19 01:09:25,BANGALORE,560025,Android
CUST_13070,Neha Mehta,neha.mehta74@yahoo.com,8671126301,2024-11-26 01:22:23,New Delhi,560005,Android
CUST_10713,Aarav Nair,aarav.nair40@gmail.com,09557757778,2024-03-21 01:53:29,Mumbai,560059,iOS
CUST_11854,Reyansh Shah,reyansh.shah81@outlook.com,7809824919,2024-03-01 00:14:58,BANGALORE,560034,Android
CUST_10024,Pooja Verma,pooja.verma97@hotmail.com,09702285745,2024-02-07 05:08:30,Bengaluru,560041,iOS
CUST_11752,Ayaan Das,  ayaan.das70@gmail.com  ,8419888806,2024-10-30 08:44:33,mumbai,560037,Android
CUST_14783,Diya Agarwal,diya.agarwal52@outlook.com,INVALID_PHONE,2026-08-15 10:31:42,Hyderabad,560068,iOS
CUST_14904,Sneha Reddy,sneha.reddy37@gmail.com,INVALID_PHONE,2026-08-31 09:58:17,Bangalore,560012,Android
CUST_10044,Angel Reddy,angel.reddy37@yahoo.com,7162298789,2024-07-27 16:08:26,BANGALORE,560022,Android
CUST_14960,Kavita Kumar,updated_kavita.kumar50@hotmail.com,7862311003,2024-10-01 07:59:54,blr,560038,iOS
CUST_10107,Kavita Agarwal,updated_kavita.agarwal87AToutlook.com,8119819986,2024-10-11 11:09:26,Bangalore,560079,Android
CUST_14789,Ayaan Patel,ayaan.patel43AThotmail.com,08418081099,2025-02-09 20:23:22,New Delhi,560002,iOS
CUST_12255,Vihaan Joshi,vihaan.joshi81@hotmail.com,8117240068,2024-04-07 19:25:11,mumbai,560032,
CUST_12660,Vivaan Shah,vivaan.shah66@yahoo.com,8650114777,2025-02-25 19:49:57,blr,560011,Android
CUST_13686,Myra Kumar,myra.kumar80@gmail.com,7533937899,2025-02-21 08:16:53,New Delhi,560033,Android
CUST_12928,Vikram Agarwal,vikram.agarwal93@hotmail.com,,2024-08-29 19:05:01,Hyderabad,560006,iOS
CUST_12400,Anika Kumar,anika.kumar51@hotmail.com,8096501981,2025-05-07 22:37:19,Bengaluru,560084,iOS
CUST_12680,Pari Kumar,pari.kumar78@yahoo.com,7163429669,2025-06-25 20:19:55,mumbai,560059,Android
CUST_14360,Ananya Singh,ananya.singh59@hotmail.com,07848177764,2026-07-02 14:23:53,Gurgaon,560008,Web
CUST_11142,Reyansh Agarwal,reyansh.agarwal97@yahoo.com,+91-8478552143,2026-06-06 16:28:19,Delhi,560087,Android
CUST_13215,Arjun Reddy,arjun.reddy23@yahoo.com,+91-8541002185,2024-11-14 08:48:17,blr,560084,Web
CUST_10902,Navya Gupta,navya.gupta51@gmail.com,8962448532,2026-04-02 19:19:08,New Delhi,560011,Android
CUST_14617,Ananya Das,ananya.das30@yahoo.com,+91-8653866299,2024-06-20 15:40:30,New Delhi,560085,iOS
CUST_10181,Aadhya Shah,aadhya.shah64@gmail.com,+91-9638752841,2025-06-25 15:39:21,Gurgaon,560087,iOS
CUST_11063,Angel Sharma,angel.sharma55@gmail.com,7052419297,2025-04-02 06:53:21,Hyderabad,560100,Android
CUST_13168,Anika Sharma,ANIKA.SHARMA91@OUTLOOK.COM,08415150402,2025-08-13 18:02:31,Mumbai,560057,iOS
CUST_13598,Neha Patel,neha.patel29@yahoo.com,7130925027,2026-06-15 20:15:01,blr,560078,Web
CUST_14138,Saanvi Mehta,saanvi.mehta77@outlook.com,7491587815,2026-03-08 06:44:43,Mumbai,560053,iOS
CUST_10115,Ayaan Reddy,ayaan.reddy32@gmail.com,09983274325,2024-01-16 23:26:35,mumbai,560011,Android
CUST_11624,Vivaan Gupta,vivaan.gupta35@yahoo.com,7143819005,2024-06-25 12:34:42,blr,560038,Android
CUST_12573,Pari Nair,pari.nair14@hotmail.com,7899687829,2025-06-23 16:53:40,blr,560018,iOS
CUST_11250,Aadhya Kumar,aadhya.kumar59@yahoo.com,8655024161,2025-02-01 20:40:05,Mumbai,560079,iOS
CUST_14902,Krishna Reddy,krishna.reddy54@outlook.com,8969906937,2024-06-23 09:08:27,mumbai,560065,Android
CUST_13699,Ayaan Mishra,ayaan.mishra56@hotmail.com,+91-8902455078,2024-06-11 21:14:56,New Delhi,560029,Android
CUST_12878,Vikram Sharma,vikram.sharma30@hotmail.com,9525922250,2026-01-06 21:08:36,Hyderabad,560088,iOS
CUST_12797,Aditya Verma,aditya.verma17@outlook.com,8406051524,2024-01-19 07:33:24,Mumbai,560086,iOS
CUST_10992,Neha Das,neha.das44@yahoo.com,8039195584,2026-05-15 11:23:33,Gurgaon,560068,
CUST_14475,Ishaan Mehta,ishaan.mehta84@hotmail.com,8875529151,2024-04-30 09:51:05,mumbai,560075,iOS
CUST_10887,Aadhya Sharma,aadhya.sharma52@yahoo.com,8619437043,2026-01-17 19:00:25,Hyderabad,560094,iOS
CUST_13058,Avani Singh,avani.singh94@gmail.com,,2025-10-22 21:27:02,New Delhi,560087,Android
CUST_12443,Suresh Mehta,suresh.mehta66@gmail.com,7521057194,2026-05-09 15:06:31,Mumbai,560059,Android
CUST_10050,Ayaan Verma,AYAAN.VERMA31@OUTLOOK.COM,8077054528,2024-01-26 21:55:33,Mumbai,560050,iOS
CUST_12753,Navya Reddy,updated_navya.reddy52@outlook.com,8132043592,2024-12-10 06:43:51,New Delhi,560026,Android
CUST_10994,Saanvi Reddy,saanvi.reddy11@gmail.com,7259740229,2025-09-30 07:01:08,Gurugram,560089,Android
CUST_11710,Neha Banerjee,neha.banerjee16@outlook.com,9292552515,2025-03-25 21:11:46,Delhi,560067,Android
CUST_12938,Priya Reddy,priya.reddy43@yahoo.com,9432485696,2025-07-30 17:21:36,Mumbai,560095,Web
CUST_12652,Vihaan Nair,vihaan.nair18@hotmail.com,9009822493,2025-03-02 16:44:10,BANGALORE,560073,Android
CUST_14530,Pooja Mehta,pooja.mehta92@outlook.com,+91-8367291673,2025-08-15 02:46:29,Gurugram,560038,iOS
CUST_10410,Pooja Shah,pooja.shah85@yahoo.com,7011733978,2025-06-20 18:45:09,Bengaluru,560010,Android
CUST_12007,Navya Nair,navya.nair87ATyahoo.com,,2025-09-14 21:36:15,mumbai,560034,Android
CUST_10995,Pari Agarwal,  pari.agarwal58@yahoo.com  ,8172562536,2026-03-05 03:55:37,Gurgaon,560048,Android
CUST_10352,Ananya Shah,ananya.shah18@yahoo.com,INVALID_PHONE,2025-05-07 17:56:45,Bangalore,560077,Android
CUST_12781,Vikram Mishra,vikram.mishra32@outlook.com,+91-9593052392,2025-12-15 20:44:24,Bangalore,560020,Android
CUST_12697,Myra Shah,myra.shah61@hotmail.com,08563276537,2026-04-03 09:20:50,blr,560065,iOS
CUST_13527,Aarav Joshi,updated_aarav.joshi75@gmail.com,+91-7272831041,2026-06-04 13:02:04,mumbai,560017,Android
CUST_14723,Reyansh Rao,reyansh.rao31@hotmail.com,9961694953,2024-01-14 01:18:03,Bangalore,560002,Android
CUST_14619,Vihaan Kumar,vihaan.kumar63@gmail.com,9295551019,2024-10-24 12:27:30,Gurugram,560004,Android
CUST_13971,Avani Singh,avani.singh40@hotmail.com,9609072126,2024-02-22 23:54:31,BANGALORE,560095,iOS
CUST_10137,Kavita Verma,kavita.verma66@outlook.com,8155920788,2024-05-28 20:34:02,Delhi,560054,Android
CUST_14981,Arjun Sharma,arjun.sharma31@hotmail.com,8691822439,2024-06-05 20:17:19,Bengaluru,560002,iOS
CUST_14447,Saanvi Deshmukh,SAANVI.DESHMUKH15@HOTMAIL.COM,+91-8167987740,2024-01-10 08:27:16,Delhi,,Android
CUST_13271,Ayaan Nair,ayaan.nair33@yahoo.com,8744377398,2026-07-22 16:02:24,Delhi,560047,iOS
CUST_10878,Vihaan Sharma,vihaan.sharma73@outlook.com,9233550541,2025-11-25 00:23:37,Bengaluru,560062,Android
CUST_12748,Amit Agarwal,amit.agarwal52@gmail.com,+91-8538040889,2025-01-27 14:24:44,Gurgaon,560078,Android
CUST_11097,Vikram Deshmukh,  vikram.deshmukh16@hotmail.com  ,+91-9107869060,2026-03-19 04:36:32,Hyderabad,560046,Android
CUST_14431,Aditya Joshi,aditya.joshi13@hotmail.com,9806375203,2026-08-25 04:20:06,blr,560098,Android
CUST_12556,Krishna Das,krishna.das54@outlook.com,8718800209,2025-04-22 17:53:00,mumbai,560004,iOS
CUST_12480,Anika Gupta,anika.gupta34@hotmail.com,+91-8381483291,2025-07-03 10:42:04,Delhi,560009,
CUST_11800,Saanvi Kulkarni,saanvi.kulkarni49@gmail.com,+91-9758941857,2024-09-10 02:17:58,Gurgaon,560093,
CUST_13520,Sneha Reddy,sneha.reddy62@hotmail.com,8170966230,2026-01-12 08:04:30,Delhi,560086,Android
CUST_13105,Aditya Mehta,aditya.mehta28@hotmail.com,+91-9955858391,2024-12-28 00:15:33,mumbai,560085,
CUST_10205,Vikram Kumar,vikram.kumar43@outlook.com,9737276407,2024-06-17 03:30:16,Delhi,560090,Android
CUST_12052,Neha Agarwal,neha.agarwal23@outlook.com,+91-8342726255,2026-03-03 23:52:13,Gurugram,560027,iOS
CUST_13768,Navya Mehta,navya.mehta11@hotmail.com,7553053788,2025-05-10 16:05:16,Gurgaon,560091,Android
CUST_14334,Avani Verma,AVANI.VERMA77@YAHOO.COM,INVALID_PHONE,2024-05-08 09:34:23,blr,560011,Android
CUST_12946,Vivaan Kumar,vivaan.kumar33@gmail.com,8177119450,2026-03-24 10:51:52,Gurugram,560028,Android
CUST_13712,Vivaan Kumar,vivaan.kumar92@gmail.com,9032562483,2024-07-17 17:39:28,Hyderabad,560051,Android
CUST_14038,Amit Deshmukh,amit.deshmukh53@hotmail.com,7973963937,2026-07-13 21:36:50,Bengaluru,560078,Android
CUST_14504,Saanvi Singh,SAANVI.SINGH36@OUTLOOK.COM,9513341056,2024-07-08 09:12:12,Gurgaon,560007,Web
CUST_12770,Sneha Agarwal,updated_SNEHA.AGARWAL84@HOTMAIL.COM,09217038113,2024-07-24 03:58:13,BANGALORE,560014,Android
CUST_13507,Amit Chowdhury,amit.chowdhury15@hotmail.com,+91-8440041378,2024-09-21 04:50:21,mumbai,560045,Android
CUST_11782,Ananya Sharma,ANANYA.SHARMA34@GMAIL.COM,9497805448,2025-08-07 17:04:54,Hyderabad,560064,Android
CUST_11035,Rahul Kumar,rahul.kumar88@yahoo.com,7357160151,2026-05-25 00:31:23,Hyderabad,560069,Android
CUST_12964,Pooja Shah,pooja.shah85@gmail.com,+91-7404101220,2026-03-13 13:00:03,Gurugram,560020,Android
CUST_14106,Sneha Mishra,updated_  sneha.mishra62@hotmail.com  ,+91-8618747976,2025-01-09 02:10:46,Bangalore,560053,Android
CUST_10431,Krishna Das,krishna.das34@outlook.com,,2024-02-04 02:19:25,Bengaluru,560085,Android
CUST_10485,Anika Banerjee,anika.banerjee92@hotmail.com,+91-8640694771,2024-04-07 14:44:37,Bengaluru,560088,iOS
CUST_10154,Anika Banerjee,anika.banerjee31@outlook.com,7374250708,2026-08-10 22:58:38,Gurugram,560063,iOS
CUST_10939,Rohan Mishra,ROHAN.MISHRA18@YAHOO.COM,9219253242,2024-07-23 09:15:57,Bengaluru,560056,Android
CUST_12843,Aditya Rao,aditya.rao34@gmail.com,7833301577,2026-01-07 01:49:10,Gurgaon,560010,
CUST_12371,Reyansh Mishra,reyansh.mishra78@outlook.com,+91-8470258460,2026-06-02 14:16:23,BANGALORE,560042,Android
CUST_14889,Suresh Banerjee,updated_suresh.banerjee76@yahoo.com,9925995592,2025-07-13 23:12:45,blr,560099,Android
CUST_14593,Reyansh Bhat,reyansh.bhat55@outlook.com,+91-7649501094,2026-04-18 23:26:17,Bengaluru,560059,Android
CUST_12815,Ishaan Das,ishaan.das24@outlook.com,09763660892,2026-08-22 15:32:43,Bangalore,560033,iOS
CUST_13382,Aadhya Joshi,aadhya.joshi29@hotmail.com,INVALID_PHONE,2025-07-23 17:01:09,Gurugram,560019,Android
CUST_12166,Suresh Verma,suresh.verma33@gmail.com,8912526985,2024-10-18 02:08:45,Hyderabad,,Android
CUST_10479,Vivaan Verma,vivaan.verma41@gmail.com,9743975564,2025-10-11 23:35:13,Bengaluru,560074,Android
CUST_11802,Avani Singh,AVANI.SINGH94@GMAIL.COM,+91-7742581643,2026-03-11 00:12:40,Gurgaon,,iOS
CUST_11920,Anika Gupta,anika.gupta63@gmail.com,09648889546,2026-02-18 17:53:35,Hyderabad,560063,iOS
CUST_13402,Neha Chowdhury,neha.chowdhury38@gmail.com,8431106825,2026-02-22 20:05:31,Mumbai,560038,Android
CUST_10510,Krishna Gupta,updated_krishna.gupta13@yahoo.com,9343968374,2025-11-20 12:50:33,BANGALORE,560009,Android
CUST_14519,Vihaan Mehta,  vihaan.mehta70@gmail.com  ,9588760751,2025-02-16 20:43:49,Mumbai,560088,Android
CUST_14225,Vihaan Agarwal,vihaan.agarwal75@hotmail.com,INVALID_PHONE,2024-06-30 04:48:20,mumbai,560042,Android
CUST_12583,Anika Shah,anika.shah97@outlook.com,+91-8716567076,2024-05-04 16:43:35,Mumbai,560090,iOS
CUST_10884,Suresh Kulkarni,suresh.kulkarni90@yahoo.com,9539880044,2025-01-22 22:11:06,BANGALORE,560077,Web
CUST_11039,Aarav Nair,aarav.nair87@outlook.com,9430480366,2024-11-07 03:47:16,mumbai,560067,Web
CUST_12485,Aarav Verma,aarav.verma72AThotmail.com,7230504525,2025-08-22 21:49:13,Mumbai,560037,iOS
CUST_14404,Angel Verma,angel.verma14@outlook.com,07285311697,2025-05-15 08:18:54,Mumbai,560027,iOS
CUST_14468,Aadhya Nair,aadhya.nair83@yahoo.com,8057741786,2024-06-30 18:50:03,BANGALORE,560051,iOS
CUST_13156,Saanvi Deshmukh,  saanvi.deshmukh55@yahoo.com  ,8889921401,2025-05-27 05:33:34,Bengaluru,560047,Android
CUST_10397,Sai Agarwal,sai.agarwal81@gmail.com,+91-9646289131,2024-11-25 01:59:32,Mumbai,560044,Android
CUST_12829,Ananya Mehta,ananya.mehta75@hotmail.com,07444809792,2026-08-14 11:08:52,blr,560085,Android
CUST_13177,Vihaan Singh,vihaan.singh24@yahoo.com,9738816756,2024-11-14 22:50:00,Delhi,560025,Android
CUST_10172,Navya Gupta,navya.gupta59@yahoo.com,INVALID_PHONE,2026-02-11 17:33:08,Gurgaon,560071,Android
CUST_11130,Pari Gupta,pari.gupta50@gmail.com,09549478372,2024-11-29 13:32:36,Bangalore,560010,Android
CUST_10372,Myra Shah,updated_myra.shah83@gmail.com,8541962282,2024-10-16 22:05:21,BANGALORE,560064,iOS
CUST_14021,Avani Nair,avani.nair35@hotmail.com,+91-7935998710,2025-02-19 23:32:55,Gurgaon,560077,Android
CUST_10047,Sneha Mehta,sneha.mehta65@gmail.com,9844615148,2024-11-29 04:11:28,Gurgaon,560046,Android
CUST_11177,Rohan Shah,rohan.shah83@yahoo.com,07231818040,2025-01-04 19:18:16,blr,560091,iOS
CUST_12483,Ananya Chowdhury,  ananya.chowdhury99@outlook.com  ,INVALID_PHONE,2026-03-29 12:26:38,Hyderabad,560013,Android
CUST_11429,Vihaan Verma,vihaan.verma24@hotmail.com,,2026-07-07 15:58:39,Delhi,560050,Android
CUST_11194,Aditya Bhat,aditya.bhat51ATgmail.com,8189698284,2024-09-13 14:28:12,Bangalore,560053,Android
CUST_10588,Pari Patel,pari.patel83@gmail.com,9264346695,2025-11-29 07:16:07,Mumbai,560022,Android
CUST_11010,Vivaan Banerjee,vivaan.banerjee97@yahoo.com,8689956001,2026-03-06 07:59:02,Delhi,560031,Android
CUST_14874,Ayaan Sharma,ayaan.sharma23@yahoo.com,9099636955,2024-10-20 00:54:26,BANGALORE,560092,Web
CUST_11267,Angel Kulkarni,angel.kulkarni89@hotmail.com,9451969458,2026-06-25 18:44:00,blr,560027,Android
CUST_14109,Vihaan Kumar,vihaan.kumar89@gmail.com,7550789562,2024-12-24 21:26:27,New Delhi,560089,iOS
CUST_10815,Vihaan Kulkarni,updated_vihaan.kulkarni56@outlook.com,07740463004,2025-01-04 00:36:00,Gurgaon,560066,Android
CUST_14163,Diya Verma,diya.verma61@outlook.com,9709530837,2024-11-15 08:11:08,mumbai,560010,Android
CUST_12814,Avani Gupta,avani.gupta35@outlook.com,07756187935,2026-03-04 18:34:29,Bengaluru,560093,Android
CUST_14363,Krishna Patel,krishna.patel20@hotmail.com,7413039982,2024-10-20 19:36:42,mumbai,560090,Android
CUST_14840,Sneha Joshi,updated_sneha.joshi24@yahoo.com,7018470355,2024-08-26 02:14:14,Bangalore,560080,Web
CUST_10900,Ayaan Chowdhury,AYAAN.CHOWDHURY99@OUTLOOK.COM,9192566886,2025-09-19 18:30:27,BANGALORE,560012,iOS
CUST_10934,Avani Agarwal,avani.agarwal85@yahoo.com,9160792413,2026-08-21 06:48:45,blr,560093,iOS
CUST_10851,Diya Singh,diya.singh42@outlook.com,9526842181,2024-11-04 19:40:27,mumbai,,Android
CUST_13018,Krishna Deshmukh,krishna.deshmukh27@gmail.com,9529660077,2024-09-20 10:08:05,New Delhi,,Android
CUST_10920,Pari Shah,pari.shah41@gmail.com,,2026-02-16 00:25:38,New Delhi,560057,iOS
CUST_12409,Reyansh Das,reyansh.das28@outlook.com,9823293294,2025-04-26 10:43:48,Bengaluru,560038,Android
CUST_14405,Priya Joshi,priya.joshi34@gmail.com,8087790219,2024-03-18 08:25:32,Bengaluru,560099,Android
CUST_13422,Sai Singh,  sai.singh90@hotmail.com  ,7629696985,2024-11-05 00:21:01,mumbai,560075,Android
CUST_12730,Amit Shah,amit.shah76@outlook.com,8378476699,2024-04-12 02:17:41,mumbai,560050,Web
CUST_12418,Anika Gupta,anika.gupta64@yahoo.com,9685760051,2024-02-21 10:29:58,BANGALORE,560018,iOS
CUST_12873,Kavita Kumar,kavita.kumar64@outlook.com,8943741147,2025-07-20 23:33:12,Bangalore,560059,Android
CUST_11551,Pooja Banerjee,pooja.banerjee23@yahoo.com,9637460052,2025-02-19 04:50:39,Gurugram,,iOS
CUST_10629,Aditya Banerjee,aditya.banerjee96@hotmail.com,8694448961,2024-04-14 19:45:38,Mumbai,560070,iOS
CUST_12270,Reyansh Singh,REYANSH.SINGH12@OUTLOOK.COM,8824580432,2026-05-07 11:40:16,Gurugram,560088,Android
CUST_10959,Priya Deshmukh,priya.deshmukh98@hotmail.com,+91-9446034887,2025-05-31 12:26:04,Bengaluru,560004,Web
CUST_11735,Angel Verma,angel.verma86@hotmail.com,8093185848,2026-07-25 18:51:29,Mumbai,560086,Android
CUST_11148,Aditya Joshi,ADITYA.JOSHI26@GMAIL.COM,7734082043,2026-06-03 08:58:40,Bengaluru,560054,
CUST_10906,Amit Singh,amit.singh66@outlook.com,7320526074,2026-01-15 20:14:44,blr,,Android
CUST_10003,Arjun Patel,arjun.patel46@yahoo.com,8004440422,2024-06-18 16:54:49,New Delhi,560034,Android
CUST_14894,Ananya Kumar,ananya.kumar28@outlook.com,08209243444,2024-04-21 15:25:31,Gurgaon,560056,Android
CUST_10006,Aadhya Verma,aadhya.verma49@yahoo.com,07493858811,2025-05-26 10:51:17,Gurgaon,560065,
CUST_13282,Rohan Das,rohan.das23@hotmail.com,9795855101,2024-02-07 00:27:56,Bangalore,560022,iOS
CUST_14245,Anika Bhat,anika.bhat49@yahoo.com,8691386839,2025-08-24 20:34:54,Gurugram,560031,iOS
CUST_14364,Rahul Kumar,rahul.kumar92@yahoo.com,9541238912,2026-02-08 10:03:28,Gurgaon,560046,iOS
CUST_12847,Anika Joshi,  anika.joshi23@hotmail.com  ,INVALID_PHONE,2024-03-09 18:40:32,New Delhi,560019,Android
CUST_10572,Navya Kulkarni,navya.kulkarni26@outlook.com,+91-8945876866,2024-11-05 09:42:09,Hyderabad,,Android
CUST_11364,Neha Verma,neha.verma49@gmail.com,9930964876,2026-06-23 10:37:11,Bengaluru,560054,Android
CUST_12793,Neha Kumar,neha.kumar95@gmail.com,9951948901,2026-06-17 23:41:16,Gurugram,560010,Android
CUST_14315,Kavita Deshmukh,kavita.deshmukh64@hotmail.com,+91-9928858602,2025-01-12 00:19:17,Mumbai,560049,iOS
CUST_12257,Aadhya Mehta,aadhya.mehta62@outlook.com,9691639577,2026-08-12 17:03:45,Bangalore,560005,Android
CUST_12173,Sneha Shah,sneha.shah22@yahoo.com,,2025-11-05 22:07:56,Delhi,560053,iOS
CUST_12266,Aadhya Gupta,aadhya.gupta78@yahoo.com,8948517122,2025-08-16 06:49:54,Bengaluru,560027,iOS
CUST_14249,Myra Shah,myra.shah40@hotmail.com,8751153225,2024-02-13 06:06:07,Bangalore,560053,Android
CUST_10456,Saanvi Banerjee,saanvi.banerjee38@hotmail.com,8730804550,2024-02-25 17:22:28,mumbai,560059,iOS
CUST_11108,Priya Rao,priya.rao95@outlook.com,9841084189,2024-05-04 07:22:27,mumbai,560096,Android
CUST_10668,Pari Kulkarni,pari.kulkarni48AToutlook.com,9930921810,2025-06-25 01:37:39,Mumbai,560007,Web
CUST_13988,Anika Gupta,anika.gupta44@hotmail.com,9764702488,2024-03-26 17:29:58,Gurugram,560008,Android
CUST_10968,Rahul Gupta,rahul.gupta85@hotmail.com,8405437000,2025-04-10 11:17:13,blr,560051,iOS
CUST_12824,Aarav Mehta,aarav.mehta85@outlook.com,9333006197,2026-06-04 08:21:30,mumbai,560061,iOS
CUST_12032,Sai Verma,  sai.verma73@gmail.com  ,8234673635,2026-08-27 12:26:56,Delhi,560045,iOS
CUST_12868,Saanvi Rao,saanvi.rao68@hotmail.com,+91-8664801050,2025-07-02 06:38:40,Delhi,560067,Android
CUST_11871,Sneha Verma,sneha.verma79@hotmail.com,9154362726,2024-03-27 16:52:48,Gurgaon,560072,iOS
CUST_14699,Sneha Gupta,sneha.gupta90@outlook.com,INVALID_PHONE,2025-06-18 15:18:54,blr,560007,iOS
CUST_10178,Ayaan Shah,AYAAN.SHAH12@GMAIL.COM,8362910285,2024-12-22 22:40:47,BANGALORE,560040,Android
CUST_11470,Suresh Sharma,suresh.sharma34@outlook.com,7392233507,2025-06-06 04:02:32,BANGALORE,560023,Android
CUST_10606,Pari Mehta,pari.mehta23@hotmail.com,8547546235,2024-03-23 10:00:18,Gurgaon,560062,
CUST_11594,Angel Rao,updated_angel.rao50@gmail.com,+91-7043639637,2026-07-10 23:28:18,Gurugram,,Android
CUST_13239,Angel Das,updated_angel.das19@gmail.com,9495027067,2024-01-23 23:47:02,New Delhi,560039,iOS
CUST_10880,Sai Kumar,sai.kumar28ATgmail.com,+91-9272633072,2024-10-13 05:14:33,Gurgaon,560084,Android
CUST_11609,Rohan Verma,rohan.verma57@yahoo.com,7009950704,2026-04-30 16:00:23,Hyderabad,560085,Android
CUST_14084,Avani Patel,avani.patel59@hotmail.com,+91-8346247145,2025-12-03 14:08:37,BANGALORE,,Android
CUST_12552,Aditya Patel,aditya.patel51@hotmail.com,8693252587,2026-08-15 15:12:16,mumbai,560095,iOS
CUST_12340,Priya Deshmukh,updated_priya.deshmukh99@gmail.com,7042848293,2024-07-28 15:31:17,Hyderabad,560067,iOS
CUST_14069,Navya Joshi,navya.joshi51ATgmail.com,INVALID_PHONE,2025-12-17 14:49:31,Delhi,560008,iOS
CUST_13684,Amit Singh,amit.singh57@yahoo.com,9672911638,2026-06-09 23:57:59,Mumbai,560009,Android
CUST_13685,Sneha Joshi,updated_sneha.joshi50@outlook.com,+91-9367017171,2025-10-05 22:37:36,mumbai,560083,iOS
CUST_14123,Krishna Kumar,krishna.kumar44@gmail.com,8436763455,2026-01-20 07:47:48,New Delhi,560027,iOS
CUST_13858,Angel Das,angel.das67@gmail.com,9696970209,2024-03-23 05:19:44,New Delhi,560065,Android
CUST_13128,Kavita Nair,KAVITA.NAIR45@HOTMAIL.COM,7353709432,2024-05-19 07:26:12,Delhi,560048,Android
CUST_12039,Vihaan Bhat,vihaan.bhat58@outlook.com,7292012504,2025-08-05 22:59:47,blr,560008,Web
CUST_11569,Pari Singh,pari.singh30@hotmail.com,8760583784,2026-02-01 19:04:09,Bangalore,560014,iOS
CUST_11056,Saanvi Reddy,saanvi.reddy69@outlook.com,9533546177,2024-03-24 00:02:00,Hyderabad,560046,
CUST_14080,Vivaan Sharma,vivaan.sharma86@outlook.com,8943128619,2025-08-12 18:39:40,Gurugram,560061,Android
CUST_13427,Pari Kulkarni,updated_pari.kulkarni69@hotmail.com,7901802254,2026-06-29 11:34:47,Hyderabad,560029,Android
CUST_10346,Rahul Mishra,rahul.mishra10@yahoo.com,,2024-05-23 09:38:07,Bangalore,560040,Android
CUST_10459,Neha Mehta,  neha.mehta32@yahoo.com  ,7107088054,2026-07-23 01:23:32,Bangalore,560079,Android
CUST_14438,Kavita Das,kavita.das25@yahoo.com,7021877012,2026-05-18 14:12:39,Gurgaon,560055,iOS
CUST_11375,Ishaan Das,ishaan.das47@yahoo.com,+91-7706429421,2024-06-27 11:20:23,blr,560028,Android
CUST_11779,Ayaan Deshmukh,ayaan.deshmukh52@outlook.com,8763138690,2026-01-06 02:26:19,New Delhi,560007,
CUST_13077,Myra Sharma,myra.sharma79@yahoo.com,9974464646,2025-10-19 04:36:14,Bengaluru,560023,Android
CUST_12301,Pooja Shah,pooja.shah68@yahoo.com,+91-9964134221,2025-05-01 07:38:00,blr,560077,
CUST_13930,Avani Shah,avani.shah21@yahoo.com,9339237029,2025-10-31 20:33:10,Hyderabad,560093,Android
CUST_10514,Aarav Chowdhury,aarav.chowdhury47@gmail.com,9557541114,2025-01-25 10:58:29,BANGALORE,560064,Android
CUST_10109,Sneha Mehta,sneha.mehta73@hotmail.com,7801448600,2025-01-16 21:13:30,Delhi,560081,iOS
CUST_11164,Arjun Agarwal,updated_arjun.agarwal31@hotmail.com,8458868863,2024-03-14 10:54:10,Bengaluru,560033,
CUST_13321,Krishna Banerjee,krishna.banerjee55@gmail.com,8991115524,2024-11-06 13:45:34,mumbai,560036,iOS
CUST_12830,Angel Gupta,  angel.gupta92@hotmail.com  ,9485002985,2024-12-29 18:20:40,Delhi,560069,
CUST_12905,Ayaan Banerjee,ayaan.banerjee56@hotmail.com,,2024-09-29 04:33:39,Bengaluru,560025,iOS
CUST_11825,Arjun Mishra,arjun.mishra79@yahoo.com,7510035768,2025-06-30 21:54:41,mumbai,560056,Android
CUST_11228,Arjun Patel,arjun.patel58@outlook.com,8803025380,2024-07-16 13:36:04,Delhi,560061,iOS
CUST_12582,Sneha Shah,updated_sneha.shah83@outlook.com,7739024459,2026-02-20 11:58:42,Bengaluru,560077,Android
CUST_12368,Amit Bhat,updated_amit.bhat18@gmail.com,INVALID_PHONE,2024-11-23 12:34:59,Bengaluru,560033,Android
CUST_12662,Pari Shah,pari.shah36@yahoo.com,9299842617,2024-11-18 06:19:39,New Delhi,560017,Android
CUST_10102,Amit Mehta,amit.mehta89@yahoo.com,8680987305,2024-02-07 09:49:04,Gurgaon,560003,iOS
CUST_10051,Pooja Joshi,pooja.joshi68@outlook.com,8253561824,2024-12-03 15:44:32,Bangalore,560060,iOS
CUST_14537,Vihaan Kumar,vihaan.kumar61@gmail.com,9199144651,2025-01-13 23:04:58,blr,560021,iOS
CUST_10636,Ananya Joshi,ananya.joshi59AThotmail.com,8338379587,2026-07-22 11:21:49,Gurugram,560079,Android
CUST_10480,Angel Rao,angel.rao90@hotmail.com,07279682481,2025-09-05 08:28:25,blr,560082,Web
CUST_12148,Pooja Sharma,pooja.sharma25@outlook.com,7424692928,2024-03-23 14:40:52,blr,560036,Android
CUST_13542,Sai Verma,sai.verma33@gmail.com,9385957460,2024-01-15 19:23:10,Bengaluru,,Web
CUST_11389,Sai Agarwal,sai.agarwal28@hotmail.com,+91-7647579208,2024-01-23 00:24:11,blr,560073,Android
CUST_12647,Angel Bhat,angel.bhat45@hotmail.com,9903379483,2025-03-04 01:28:08,New Delhi,560017,iOS
CUST_13118,Saanvi Kumar,updated_saanvi.kumar90@outlook.com,7946501297,2024-11-05 23:43:52,blr,,iOS
CUST_11065,Vivaan Deshmukh,vivaan.deshmukh72@yahoo.com,+91-8191570618,2025-05-05 05:09:22,BANGALORE,560049,Android
CUST_11769,Ishaan Verma,ishaan.verma38@yahoo.com,7732276273,2024-09-18 16:02:58,Bangalore,560082,Android
CUST_12152,Saanvi Shah,saanvi.shah13@yahoo.com,7450160484,2025-02-08 02:18:16,Delhi,560047,Android
CUST_11966,Aditya Bhat,ADITYA.BHAT63@HOTMAIL.COM,8540043251,2026-08-03 08:36:29,Delhi,560087,Android
CUST_10043,Avani Singh,updated_avani.singh53@yahoo.com,7544920020,2026-05-24 15:10:15,Bangalore,560050,Web
CUST_10703,Krishna Banerjee,updated_krishna.banerjee87@outlook.com,+91-9161916833,2026-01-15 01:32:27,Delhi,560078,Android
CUST_12119,Suresh Deshmukh,suresh.deshmukh78@gmail.com,7703197090,2024-08-11 11:31:37,Hyderabad,560081,Web
CUST_14923,Navya Agarwal,navya.agarwal59@yahoo.com,7383363729,2026-02-05 11:54:57,Gurugram,560071,Web
CUST_11431,Vikram Bhat,vikram.bhat79@yahoo.com,09856170643,2024-04-03 12:32:41,New Delhi,560057,
CUST_11015,Ishaan Gupta,ishaan.gupta41@outlook.com,07041803646,2026-02-04 21:53:15,blr,560036,iOS
CUST_14350,Saanvi Das,saanvi.das67@yahoo.com,8791985398,2026-08-09 09:34:05,Bengaluru,560009,iOS
CUST_10761,Diya Kumar,updated_diya.kumar43@outlook.com,INVALID_PHONE,2026-04-16 01:17:46,Gurugram,560088,
CUST_10034,Amit Rao,amit.rao74@gmail.com,+91-9450786785,2026-07-28 07:38:52,BANGALORE,560029,Android
CUST_14717,Navya Joshi,updated_navya.joshi77@gmail.com,7313314559,2024-11-08 21:52:23,Gurgaon,560071,Android
CUST_10310,Kavita Gupta,kavita.gupta60@gmail.com,+91-7700100044,2025-06-06 18:04:14,New Delhi,560004,iOS
CUST_14480,Angel Das,angel.das10@gmail.com,8994416437,2024-09-05 05:23:46,Hyderabad,560044,Android
CUST_12585,Sai Agarwal,sai.agarwal93@outlook.com,9760882665,2025-07-15 17:17:52,Bengaluru,560076,Android
CUST_13276,Ishaan Mehta,ishaan.mehta66@yahoo.com,9729892503,2026-06-11 18:03:05,Gurugram,,Android
CUST_10560,Rahul Banerjee,rahul.banerjee23@yahoo.com,7962633998,2025-01-22 08:09:24,Delhi,560085,
CUST_10461,Rahul Das,updated_  rahul.das43@gmail.com  ,+91-9527649620,2025-02-03 00:43:29,Gurgaon,560020,iOS
CUST_10937,Angel Verma,angel.verma48@yahoo.com,+91-7382077757,2025-12-07 06:59:24,BANGALORE,560032,Web
CUST_10396,Amit Kulkarni,amit.kulkarni96@gmail.com,+91-7251890351,2026-04-14 21:14:22,New Delhi,,Android
CUST_10989,Sai Singh,SAI.SINGH18@HOTMAIL.COM,8274617096,2024-10-03 16:06:43,Mumbai,560043,Android
CUST_12250,Avani Banerjee,avani.banerjee72@outlook.com,9486835953,2026-04-28 07:53:34,New Delhi,560092,iOS
CUST_11411,Rahul Patel,rahul.patel89@gmail.com,9377788470,2024-02-29 19:34:24,mumbai,560013,Android
CUST_13964,Arjun Banerjee,arjun.banerjee13@yahoo.com,+91-9517436631,2024-06-02 03:26:32,BANGALORE,560050,Android
CUST_12321,Myra Bhat,myra.bhat22@yahoo.com,INVALID_PHONE,2025-01-24 06:55:05,Bengaluru,560076,Android
CUST_10086,Kavita Rao,kavita.rao80@gmail.com,8547722659,2025-07-17 11:22:59,Gurugram,,Android
CUST_13641,Neha Shah,neha.shah82@outlook.com,9036019806,2026-01-22 20:35:11,Gurugram,560041,iOS
CUST_10956,Vivaan Joshi,vivaan.joshi15@hotmail.com,7187344708,2025-06-26 01:00:29,New Delhi,560099,iOS
CUST_12328,Myra Patel,myra.patel42@outlook.com,9952971566,2025-11-28 21:54:58,Gurugram,560099,iOS
CUST_10801,Neha Mishra,neha.mishra13@yahoo.com,7156462154,2024-02-01 22:53:10,Bangalore,560098,Android
CUST_14772,Angel Chowdhury,angel.chowdhury38@gmail.com,7924057795,2024-12-30 22:24:04,New Delhi,560014,iOS
CUST_10267,Neha Joshi,neha.joshi33@hotmail.com,8988687726,2024-09-03 15:59:13,mumbai,,iOS
CUST_14261,Arjun Mishra,arjun.mishra70@yahoo.com,9349571650,2026-06-16 00:55:35,Hyderabad,560084,iOS
CUST_10228,Arjun Chowdhury,arjun.chowdhury33@outlook.com,7374056806,2024-01-29 06:02:22,blr,560085,iOS
CUST_12540,Ishaan Singh,ishaan.singh41@yahoo.com,+91-7378440694,2025-08-25 10:36:36,Delhi,560085,
CUST_11210,Anika Reddy,anika.reddy29AToutlook.com,9510675524,2024-01-08 09:41:35,Gurugram,560032,iOS
CUST_11836,Angel Rao,angel.rao63@gmail.com,INVALID_PHONE,2026-04-09 10:18:27,Delhi,560072,iOS
CUST_11629,Aarav Mishra,updated_aarav.mishra67@yahoo.com,+91-7996392448,2025-12-10 09:48:30,Gurugram,560078,iOS
CUST_12756,Sai Chowdhury,SAI.CHOWDHURY86@GMAIL.COM,9066542561,2024-09-19 15:25:49,Bangalore,560044,Android
CUST_11085,Diya Rao,diya.rao30@yahoo.com,9351486116,2024-03-30 15:01:19,New Delhi,560097,Android
CUST_11860,Suresh Mishra,suresh.mishra24@gmail.com,8525907620,2024-05-01 09:13:56,Gurgaon,560074,Android
CUST_12367,Ananya Kumar,ananya.kumar29@outlook.com,8295080316,2025-03-25 16:31:12,New Delhi,560066,Android
CUST_13209,Krishna Das,krishna.das79@hotmail.com,9855588461,2026-08-17 13:57:57,blr,560095,Web
CUST_14910,Rahul Deshmukh,rahul.deshmukh25@hotmail.com,+91-7413101694,2026-04-29 07:16:24,Delhi,560038,Android
CUST_10660,Arjun Reddy,arjun.reddy93@hotmail.com,7239707971,2025-03-09 12:24:03,Mumbai,560060,Android
CUST_13589,Priya Mishra,priya.mishra69@outlook.com,9564602136,2025-09-29 02:57:43,Bengaluru,560060,iOS
CUST_14609,Aadhya Rao,aadhya.rao97@outlook.com,9575700953,2024-06-01 08:44:15,Mumbai,560032,iOS
CUST_11181,Suresh Patel,suresh.patel48@yahoo.com,+91-7667811863,2025-10-29 12:26:21,Bengaluru,560094,Android
CUST_14451,Pari Mehta,pari.mehta27@gmail.com,7825380935,2025-05-22 03:58:47,Delhi,560053,Android
CUST_10996,Ishaan Das,ishaan.das58@gmail.com,8870122068,2026-07-12 03:31:43,Gurugram,560044,Android
CUST_13459,Ananya Shah,ananya.shah16@hotmail.com,09862189654,2026-03-24 01:30:44,blr,560057,
CUST_11850,Pari Nair,pari.nair17@gmail.com,7009152377,2024-02-04 11:40:33,BANGALORE,560044,iOS
CUST_12311,Suresh Agarwal,updated_suresh.agarwal73@outlook.com,7619327352,2024-04-30 23:52:47,Bangalore,560073,iOS
CUST_13954,Aadhya Mehta,aadhya.mehta75@yahoo.com,+91-9435557542,2025-06-08 02:48:13,Delhi,560088,iOS
CUST_12314,Aditya Deshmukh,aditya.deshmukh83@gmail.com,9396681689,2025-01-08 02:47:56,Gurgaon,560056,Android
CUST_11458,Aadhya Singh,aadhya.singh11@yahoo.com,8658356974,2026-08-25 23:02:23,blr,560067,Android
CUST_11318,Pari Mehta,pari.mehta82@outlook.com,9794585562,2026-07-12 17:33:25,mumbai,560021,iOS
CUST_10780,Navya Reddy,navya.reddy72@gmail.com,8553196585,2025-03-10 16:27:27,mumbai,560021,Android
CUST_10740,Avani Chowdhury,avani.chowdhury34@gmail.com,,2024-03-18 03:44:58,Mumbai,560062,Android
CUST_11719,Aarav Das,aarav.das76@outlook.com,9205520418,2024-11-15 22:12:50,Bengaluru,560087,Android
CUST_14674,Priya Mehta,updated_priya.mehta46AToutlook.com,9378313269,2025-06-11 14:58:27,New Delhi,560025,Android
CUST_13636,Aadhya Deshmukh,aadhya.deshmukh99@yahoo.com,8975711021,2026-08-18 03:59:39,Delhi,560050,Android
CUST_13433,Avani Reddy,avani.reddy94@hotmail.com,+91-8163650977,2024-04-27 11:42:34,blr,560010,Android
CUST_11951,Ayaan Nair,ayaan.nair22@gmail.com,8258284953,2025-02-07 16:57:07,Bangalore,560095,Android
CUST_11514,Ishaan Kumar,ishaan.kumar10@outlook.com,8499396420,2026-03-25 00:53:34,Gurugram,560064,Android
CUST_12129,Sai Shah,sai.shah98@yahoo.com,8881369290,2024-09-11 01:40:49,New Delhi,560016,iOS
CUST_13117,Suresh Agarwal,suresh.agarwal42@gmail.com,7139592368,2026-01-27 08:08:15,mumbai,560060,iOS
CUST_10130,Myra Banerjee,myra.banerjee36@hotmail.com,7515300636,2024-02-04 06:59:59,Gurgaon,560082,Android
CUST_13129,Anika Singh,anika.singh42@hotmail.com,8938629096,2024-12-02 21:02:16,mumbai,560061,Android
CUST_13024,Angel Banerjee,angel.banerjee71@outlook.com,INVALID_PHONE,2025-07-17 06:42:24,blr,560029,Android
CUST_10784,Rohan Sharma,rohan.sharma93@hotmail.com,+91-9756454100,2024-05-14 05:51:25,Hyderabad,560002,iOS
CUST_10822,Kavita Chowdhury,kavita.chowdhury77@hotmail.com,07009073541,2025-10-06 17:19:53,Gurugram,560064,Android
CUST_13435,Reyansh Deshmukh,reyansh.deshmukh57@hotmail.com,9295853740,2025-02-05 22:52:01,Hyderabad,,Android
CUST_12763,Ishaan Mishra,ishaan.mishra70@outlook.com,8392933594,2026-03-10 00:49:50,Bengaluru,560094,iOS
CUST_11425,Kavita Gupta,updated_kavita.gupta52@gmail.com,9183382165,2025-01-09 06:51:20,blr,560008,Web
CUST_12641,Rahul Kulkarni,rahul.kulkarni87@outlook.com,9700187194,2025-09-21 17:16:08,BANGALORE,560024,iOS
CUST_14689,Saanvi Shah,saanvi.shah61@outlook.com,,2024-02-06 19:47:22,Gurgaon,560008,Android
CUST_12396,Priya Mishra,priya.mishra51@gmail.com,08846264921,2025-12-29 16:44:44,Gurgaon,,Android
CUST_12454,Saanvi Nair,saanvi.nair44@gmail.com,+91-7038252621,2024-09-13 00:26:30,New Delhi,560050,Android
CUST_14933,Diya Bhat,diya.bhat51@gmail.com,7393501634,2026-07-20 12:36:09,Bengaluru,560074,Android
CUST_14701,Vihaan Joshi,vihaan.joshi36@yahoo.com,,2025-11-03 23:22:15,Hyderabad,560050,
CUST_12726,Reyansh Agarwal,reyansh.agarwal30@yahoo.com,INVALID_PHONE,2025-06-30 17:14:07,Bengaluru,,Android
CUST_12237,Suresh Banerjee,suresh.banerjee72@outlook.com,,2025-12-03 00:06:54,Gurugram,560085,iOS
CUST_10077,Priya Mehta,updated_priya.mehta90@outlook.com,,2025-09-27 18:13:45,Bangalore,560084,iOS
CUST_14991,Kavita Verma,kavita.verma70@gmail.com,7946129680,2025-01-06 08:42:49,Hyderabad,560057,iOS
CUST_14368,Ishaan Chowdhury,ishaan.chowdhury94@hotmail.com,+91-7371129846,2026-03-25 10:14:42,Hyderabad,560041,Android
CUST_12962,Suresh Chowdhury,suresh.chowdhury61@yahoo.com,7989009416,2024-08-23 22:47:59,BANGALORE,,iOS
CUST_11670,Angel Mehta,angel.mehta76@yahoo.com,+91-9054661342,2024-03-07 05:53:09,Delhi,560085,
CUST_14457,Pooja Chowdhury,pooja.chowdhury43@yahoo.com,07056568838,2024-05-09 04:16:39,Bangalore,560045,Android
CUST_14998,Sai Reddy,sai.reddy23@yahoo.com,9657441744,2026-06-09 00:35:08,Delhi,560095,Android
CUST_13004,Reyansh Sharma,reyansh.sharma43@hotmail.com,+91-9510412952,2026-04-24 15:02:46,Bengaluru,560092,Android
CUST_13246,Ishaan Kulkarni,ishaan.kulkarni21@gmail.com,8770670216,2026-03-11 09:33:48,Delhi,560064,Android
CUST_10481,Rahul Kumar,rahul.kumar26@outlook.com,09535392886,2024-05-25 17:44:56,Hyderabad,560060,Android
CUST_13711,Rohan Kulkarni,updated_rohan.kulkarni40@gmail.com,+91-9783154964,2025-08-03 10:12:24,Gurgaon,,iOS
CUST_12959,Pari Agarwal,  pari.agarwal66@yahoo.com  ,8161711840,2026-08-28 11:49:46,Bengaluru,560054,Android
CUST_12658,Rahul Joshi,rahul.joshi53@hotmail.com,+91-7871030575,2026-04-15 01:54:56,blr,560064,Android
CUST_13477,Rohan Deshmukh,rohan.deshmukh66@gmail.com,9939873775,2024-07-17 22:20:02,Delhi,560046,Web
CUST_10442,Rahul Nair,rahul.nair69ATyahoo.com,9131051722,2025-07-16 21:21:16,Mumbai,560054,iOS
CUST_14680,Ananya Nair,ananya.nair74@outlook.com,+91-8180217902,2024-08-10 02:47:38,New Delhi,560001,Android
CUST_10530,Sai Rao,updated_sai.rao60@yahoo.com,8605455707,2026-02-19 21:56:59,Delhi,560043,Android
CUST_13478,Vivaan Rao,VIVAAN.RAO15@YAHOO.COM,9698708474,2025-08-26 05:18:52,Delhi,560091,iOS
CUST_10508,Amit Mishra,updated_amit.mishra73AThotmail.com,9836568764,2024-09-19 20:06:23,Hyderabad,560038,iOS
CUST_10655,Sai Singh,sai.singh64@gmail.com,7889666126,2026-06-10 18:40:15,BANGALORE,560053,Android
CUST_14367,Navya Sharma,  navya.sharma43@yahoo.com  ,,2025-05-03 15:44:49,Bangalore,560080,Android
CUST_11625,Priya Nair,priya.nair16@outlook.com,7837101162,2025-12-23 11:06:33,mumbai,560049,Android
CUST_11972,Angel Singh,angel.singh19@gmail.com,9322963566,2026-07-27 08:16:02,Bangalore,560045,Android
CUST_13571,Rohan Nair,rohan.nair18@outlook.com,8990582204,2024-09-27 05:47:58,Gurugram,560010,iOS
CUST_11983,Aadhya Deshmukh,  aadhya.deshmukh12@gmail.com  ,9543367392,2024-10-10 02:25:28,Delhi,560090,Android
CUST_13839,Rohan Mishra,updated_rohan.mishra51@hotmail.com,9608771784,2024-08-27 10:58:12,Delhi,560021,Android
CUST_13866,Vikram Shah,vikram.shah91@gmail.com,7600917673,2026-03-21 17:23:55,New Delhi,560097,Web
CUST_13165,Kavita Deshmukh,kavita.deshmukh55@yahoo.com,9198596943,2024-04-16 04:29:37,Gurugram,560053,iOS
CUST_11175,Saanvi Kumar,saanvi.kumar36@yahoo.com,+91-9207242242,2024-02-03 16:58:17,Bangalore,560070,Android
CUST_12083,Krishna Joshi,krishna.joshi28@gmail.com,7751973923,2025-11-11 18:24:59,mumbai,560085,iOS
CUST_12104,Arjun Gupta,arjun.gupta52@outlook.com,9529092910,2025-08-12 23:20:14,Delhi,560077,
CUST_11164,Arjun Agarwal,arjun.agarwal31@hotmail.com,8458868863,2024-03-14 10:54:10,Bengaluru,560033,
CUST_14047,Anika Rao,updated_anika.rao79@gmail.com,INVALID_PHONE,2024-10-12 15:12:51,Hyderabad,560043,iOS
CUST_10893,Ishaan Patel,ishaan.patel12@outlook.com,9401177927,2025-09-06 03:10:41,Bengaluru,560023,Android
CUST_10449,Rahul Banerjee,rahul.banerjee13@gmail.com,8878940263,2024-08-12 20:15:36,Delhi,560033,Android
CUST_14673,Myra Banerjee,myra.banerjee86@outlook.com,7443590682,2024-10-27 01:14:53,New Delhi,560063,Android
CUST_12048,Angel Das,  angel.das43@yahoo.com  ,,2024-05-27 21:11:11,blr,560033,iOS
CUST_12968,Neha Joshi,neha.joshi25@outlook.com,7212039813,2024-05-03 07:59:36,Hyderabad,560034,Android
CUST_14664,Pari Das,  pari.das66@hotmail.com  ,9993121885,2024-09-23 03:36:02,Mumbai,560057,iOS
CUST_11341,Reyansh Mishra,reyansh.mishra98@outlook.com,INVALID_PHONE,2025-06-22 08:09:41,mumbai,560017,Android
CUST_10921,Rohan Agarwal,updated_rohan.agarwal25@yahoo.com,7194868820,2025-08-10 05:52:17,mumbai,560030,iOS
CUST_12281,Pari Verma,pari.verma11@gmail.com,08005178800,2024-01-02 08:43:58,Gurgaon,560039,iOS
CUST_11911,Aditya Kulkarni,aditya.kulkarni84@outlook.com,7765342021,2025-06-15 17:10:22,Mumbai,560066,Android
CUST_10535,Rahul Deshmukh,rahul.deshmukh20@hotmail.com,9032701757,2026-06-16 14:57:17,Bengaluru,560022,iOS
CUST_14739,Diya Mishra,diya.mishra53@yahoo.com,8158465159,2025-06-22 03:29:07,Bangalore,,Android
CUST_12807,Angel Sharma,ANGEL.SHARMA76@HOTMAIL.COM,7330602715,2026-07-10 09:26:36,Bangalore,560018,Android
CUST_10462,Krishna Rao,krishna.rao12@yahoo.com,9007290007,2024-01-15 05:21:28,Gurgaon,560020,Android
CUST_11715,Sneha Shah,sneha.shah47@yahoo.com,7327745255,2025-05-11 10:47:33,blr,560024,Android
CUST_12021,Sai Kulkarni,sai.kulkarni16@hotmail.com,8887968091,2025-03-21 18:59:50,blr,560082,Android
CUST_11311,Kavita Verma,kavita.verma99@gmail.com,+91-8186200767,2025-01-29 13:10:25,Delhi,560048,Android
CUST_12616,Rohan Deshmukh,rohan.deshmukh41@yahoo.com,+91-7251058730,2026-05-19 18:16:03,Delhi,,iOS
CUST_14174,Aarav Singh,aarav.singh55@outlook.com,+91-7142766316,2024-06-11 16:34:22,Delhi,560002,Web
CUST_12634,Diya Kulkarni,diya.kulkarni34@hotmail.com,9649303373,2024-09-30 13:17:37,New Delhi,560043,Android
CUST_10478,Arjun Nair,arjun.nair29@hotmail.com,9272844774,2025-11-24 15:02:29,Bengaluru,560040,Android
CUST_12618,Aditya Das,aditya.das26@yahoo.com,7866056235,2024-06-23 13:49:01,New Delhi,560049,Android
CUST_14487,Anika Reddy,ANIKA.REDDY39@YAHOO.COM,07331577038,2025-11-12 22:28:23,New Delhi,560010,Android
CUST_10857,Arjun Singh,updated_arjun.singh92@hotmail.com,+91-7056014590,2025-08-29 03:27:24,Gurgaon,560039,Android
CUST_10477,Rahul Mehta,rahul.mehta78@hotmail.com,8696512978,2025-03-08 03:40:04,blr,560083,iOS
CUST_13757,Pari Patel,pari.patel37@yahoo.com,08934582218,2024-04-28 15:45:58,Gurugram,560068,iOS
CUST_11038,Aarav Gupta,aarav.gupta41@gmail.com,+91-8880067717,2025-10-12 13:36:55,BANGALORE,560049,iOS
CUST_13346,Ayaan Joshi,  ayaan.joshi58@hotmail.com  ,8717201994,2024-10-25 16:30:55,mumbai,560015,iOS
CUST_10295,Avani Joshi,avani.joshi79@yahoo.com,9946410021,2026-05-26 23:17:04,New Delhi,560097,iOS
CUST_14684,Amit Rao,amit.rao41@outlook.com,7790227218,2024-11-30 17:36:01,mumbai,560064,Web
CUST_10687,Ayaan Mishra,AYAAN.MISHRA57@OUTLOOK.COM,8445287994,2024-02-18 03:00:19,Bangalore,560045,iOS
CUST_14810,Diya Mehta,  diya.mehta63@gmail.com  ,8671868527,2024-02-09 13:15:19,BANGALORE,560054,Android
CUST_13005,Rahul Sharma,rahul.sharma13@gmail.com,8556550266,2025-10-11 14:14:05,Delhi,560059,Android
CUST_14031,Pooja Bhat,pooja.bhat45@gmail.com,9403293100,2024-02-11 21:22:08,Delhi,560035,Android
CUST_11971,Aadhya Kulkarni,aadhya.kulkarni40@outlook.com,,2024-10-08 08:20:21,New Delhi,560031,Android
CUST_13184,Angel Nair,angel.nair43@yahoo.com,7333931572,2025-11-27 03:49:52,New Delhi,560083,iOS
CUST_10073,Avani Das,avani.das35@hotmail.com,+91-9678518762,2024-11-08 17:11:49,Delhi,560059,iOS
CUST_13332,Aarav Verma,aarav.verma15@outlook.com,9420968016,2024-05-31 18:42:33,Gurgaon,560004,Android
CUST_13840,Diya Mishra,diya.mishra80@outlook.com,9082161191,2024-04-16 23:11:53,mumbai,560081,Android
CUST_11688,Arjun Gupta,  arjun.gupta93@yahoo.com  ,8257025623,2025-03-11 11:09:44,Gurugram,560039,iOS
CUST_14728,Rahul Shah,rahul.shah77@outlook.com,7588154244,2026-04-29 02:35:50,blr,560009,Android
CUST_14573,Saanvi Singh,saanvi.singh14@hotmail.com,8684958571,2025-05-10 20:45:50,Hyderabad,560036,Android
CUST_11477,Saanvi Kumar,updated_saanvi.kumar12AThotmail.com,7077997299,2026-04-04 13:24:15,BANGALORE,560091,iOS
CUST_10196,Vikram Gupta,vikram.gupta22@yahoo.com,8828293832,2024-05-10 13:00:38,Delhi,560046,Android
CUST_10518,Ishaan Rao,ishaan.rao14@yahoo.com,7096263779,2026-07-02 05:02:44,New Delhi,,iOS
CUST_10838,Aarav Agarwal,aarav.agarwal28@gmail.com,07365297204,2025-10-19 09:16:48,Delhi,560008,Android
CUST_13876,Ishaan Das,ishaan.das14@outlook.com,7286447212,2026-08-06 11:25:34,Hyderabad,560084,iOS
CUST_12777,Suresh Kulkarni,suresh.kulkarni76AThotmail.com,7887027694,2025-08-29 08:07:58,Gurugram,560089,
CUST_12504,Diya Banerjee,diya.banerjee51@gmail.com,,2025-09-30 11:41:42,Gurugram,560024,Android
CUST_12898,Amit Bhat,amit.bhat98@gmail.com,07673783531,2025-05-08 03:17:53,blr,560075,Android
CUST_10401,Myra Sharma,myra.sharma39@gmail.com,8817583480,2025-02-20 04:13:29,mumbai,560079,Android
CUST_12282,Krishna Das,krishna.das12@gmail.com,08219619020,2024-12-20 05:12:49,BANGALORE,560058,Android
CUST_11021,Suresh Das,suresh.das49@gmail.com,7436869874,2024-07-07 19:10:30,Delhi,560014,Android
CUST_14011,Rohan Banerjee,updated_ROHAN.BANERJEE78@HOTMAIL.COM,08299455916,2024-12-07 22:37:02,blr,560024,Android
CUST_10057,Ananya Das,ananya.das11@yahoo.com,INVALID_PHONE,2025-01-28 23:08:43,BANGALORE,560010,Android
CUST_12305,Sai Singh,sai.singh64@gmail.com,08594426766,2024-10-05 19:32:58,Mumbai,560039,Android
CUST_11702,Pari Joshi,pari.joshi44@gmail.com,9305636948,2024-05-23 14:18:41,New Delhi,560079,Android
CUST_13016,Aadhya Shah,aadhya.shah69@outlook.com,08287956453,2025-02-18 00:47:14,Hyderabad,,iOS
CUST_10237,Avani Kumar,avani.kumar27@outlook.com,+91-7387552332,2024-04-11 12:15:59,New Delhi,560017,Android
CUST_14655,Priya Banerjee,priya.banerjee31@hotmail.com,8578977199,2025-08-29 22:09:40,Gurgaon,560029,iOS
CUST_14574,Kavita Bhat,kavita.bhat11@outlook.com,09964208421,2026-06-12 12:45:22,Gurgaon,560025,iOS
CUST_14426,Arjun Mehta,arjun.mehta62@gmail.com,08563632949,2024-01-14 10:39:11,Bengaluru,560095,Android
CUST_10164,Ishaan Mishra,ishaan.mishra99@outlook.com,8496006930,2025-04-01 12:11:05,Delhi,560094,iOS
CUST_14167,Arjun Shah,arjun.shah16@yahoo.com,9353280969,2025-10-10 14:51:15,Bangalore,560031,iOS
CUST_10182,Myra Bhat,myra.bhat17@hotmail.com,7356387258,2024-11-09 16:34:39,BANGALORE,560047,iOS
CUST_12676,Aadhya Agarwal,AADHYA.AGARWAL82@OUTLOOK.COM,7579620620,2026-08-02 18:34:46,Hyderabad,560054,iOS
CUST_12243,Diya Nair,diya.nair67@hotmail.com,+91-7919093859,2025-10-23 11:28:44,Delhi,560004,Android
CUST_12950,Vivaan Shah,vivaan.shah50@yahoo.com,INVALID_PHONE,2024-02-20 01:46:00,Mumbai,560069,Android
CUST_11940,Pari Kulkarni,pari.kulkarni82@gmail.com,9452334321,2025-08-26 09:59:26,mumbai,560028,Android
CUST_10677,Saanvi Shah,  saanvi.shah18@hotmail.com  ,,2025-01-15 03:08:23,Gurgaon,560009,Android
CUST_14746,Kavita Singh,kavita.singh38@gmail.com,+91-7594072513,2025-10-13 22:20:54,Gurugram,560050,iOS
CUST_11135,Ayaan Patel,AYAAN.PATEL70@HOTMAIL.COM,9981630061,2024-09-23 08:16:36,Hyderabad,560037,iOS
CUST_10099,Aditya Gupta,aditya.gupta59@outlook.com,INVALID_PHONE,2025-04-12 19:24:02,Mumbai,560020,Android
CUST_11694,Ayaan Banerjee,ayaan.banerjee18@hotmail.com,9045637328,2026-08-19 08:03:04,mumbai,560088,Android
CUST_13213,Aadhya Singh,aadhya.singh22@outlook.com,9747635144,2025-10-06 07:58:45,Bengaluru,560072,Android
CUST_12874,Vikram Mehta,vikram.mehta51@yahoo.com,8422182586,2026-03-13 22:21:11,Hyderabad,560030,Android
CUST_10423,Rohan Nair,ROHAN.NAIR47@HOTMAIL.COM,7461288745,2024-05-08 04:53:49,Gurgaon,560059,iOS
CUST_14499,Aarav Nair,aarav.nair57@hotmail.com,+91-7953538674,2024-08-22 14:04:00,New Delhi,560065,Android
CUST_14020,Krishna Kumar,KRISHNA.KUMAR75@OUTLOOK.COM,7092981535,2025-06-11 19:39:01,Delhi,560010,Android
CUST_12221,Ayaan Kulkarni,ayaan.kulkarni29@outlook.com,+91-9182092898,2026-04-13 12:30:23,Delhi,560047,Android
CUST_11287,Ishaan Banerjee,ishaan.banerjee59@outlook.com,,2025-10-24 01:30:27,Mumbai,560084,Android
CUST_14311,Kavita Shah,kavita.shah33@outlook.com,8646122258,2026-03-10 14:51:32,Delhi,560089,Android
CUST_10943,Pari Patel,pari.patel36@gmail.com,7311333549,2024-07-19 11:44:35,Hyderabad,560045,Android
CUST_11707,Anika Joshi,anika.joshi37@yahoo.com,08360035321,2024-01-21 10:59:39,Hyderabad,560045,Android
CUST_10254,Ayaan Sharma,ayaan.sharma12@hotmail.com,7735266507,2025-05-30 22:24:21,Bangalore,560087,Android
CUST_14743,Priya Mehta,PRIYA.MEHTA49@OUTLOOK.COM,7943645983,2025-02-05 18:11:27,Gurgaon,560054,
CUST_14151,Neha Mishra,NEHA.MISHRA58@OUTLOOK.COM,+91-9992347757,2025-10-17 01:09:59,Bengaluru,560001,Android
CUST_11302,Vivaan Shah,vivaan.shah47@outlook.com,,2026-05-04 08:51:10,Mumbai,560076,Web
CUST_10378,Diya Mishra,diya.mishra13@outlook.com,7670747485,2024-12-04 05:46:14,Bangalore,560077,iOS
CUST_10069,Arjun Singh,arjun.singh99@outlook.com,+91-9696462015,2026-07-26 13:33:45,Bangalore,560035,Android
CUST_14058,Vihaan Mehta,vihaan.mehta95AThotmail.com,7330379931,2024-11-19 19:44:12,mumbai,560062,Android
CUST_10483,Vihaan Sharma,vihaan.sharma70@gmail.com,8641627772,2025-07-01 02:35:15,blr,560023,Android
CUST_14284,Anika Mishra,anika.mishra98@outlook.com,7017467311,2024-12-13 00:11:48,Bangalore,560096,Android
CUST_10584,Ishaan Mehta,updated_ishaan.mehta61@yahoo.com,9155252343,2025-01-21 18:07:42,Hyderabad,560087,Android
CUST_13622,Arjun Singh,arjun.singh88@gmail.com,9982410709,2025-04-14 22:50:17,Hyderabad,560074,iOS
CUST_14618,Navya Gupta,navya.gupta19@yahoo.com,9013150331,2026-05-17 19:30:22,Hyderabad,560073,iOS
CUST_10557,Priya Patel,updated_priya.patel82@outlook.com,7760334996,2025-08-14 17:25:21,Mumbai,560041,Android
CUST_11116,Aditya Deshmukh,aditya.deshmukh64@gmail.com,7024131700,2025-09-12 13:29:26,Gurgaon,560016,
CUST_10215,Aditya Chowdhury,aditya.chowdhury81@hotmail.com,7817863634,2025-08-01 16:07:17,BANGALORE,560076,Android
CUST_13235,Kavita Joshi,kavita.joshi82@outlook.com,9911132414,2024-02-25 22:03:02,Mumbai,560008,Android
CUST_14227,Navya Reddy,updated_navya.reddy16@hotmail.com,9670741499,2024-10-15 22:42:30,Hyderabad,560097,Android
CUST_12136,Pari Kumar,pari.kumar39@yahoo.com,+91-7616152681,2024-03-06 20:32:01,Gurgaon,560063,iOS
CUST_13826,Reyansh Verma,reyansh.verma15@hotmail.com,8281184631,2025-11-17 05:20:53,Gurugram,560027,iOS
CUST_13518,Avani Kumar,avani.kumar52@hotmail.com,9020282774,2024-05-21 20:13:35,New Delhi,560057,Android
CUST_12046,Amit Rao,AMIT.RAO14@HOTMAIL.COM,9386649129,2025-09-28 08:15:27,Gurgaon,560073,Android
CUST_11900,Pooja Joshi,  pooja.joshi32@yahoo.com  ,9809721166,2026-07-25 14:10:55,New Delhi,560085,Android
CUST_12283,Pari Nair,pari.nair74@outlook.com,8930618401,2024-08-28 19:42:11,Bangalore,560097,Android
CUST_13873,Myra Kumar,myra.kumar64@hotmail.com,INVALID_PHONE,2024-04-04 02:34:23,BANGALORE,560035,iOS
CUST_14143,Sai Mehta,sai.mehta87@outlook.com,7034691451,2024-09-22 22:55:28,blr,560065,iOS
CUST_11936,Rohan Kumar,rohan.kumar90@gmail.com,+91-9556746778,2024-06-07 19:03:00,Gurgaon,560078,Android
CUST_10927,Myra Verma,myra.verma45@outlook.com,7213807965,2024-08-29 09:43:53,Gurgaon,,Android
CUST_12308,Aadhya Gupta,aadhya.gupta71@hotmail.com,+91-9668824608,2025-04-11 10:40:03,Hyderabad,560085,iOS
CUST_14729,Vihaan Shah,vihaan.shah37@gmail.com,9232319546,2024-10-06 00:13:32,Delhi,560075,Android
CUST_14240,Vivaan Patel,vivaan.patel65@outlook.com,8586878390,2024-12-11 10:47:15,Hyderabad,560078,Android
CUST_13439,Pari Deshmukh,updated_pari.deshmukh48@outlook.com,9020507375,2026-04-12 03:46:24,Delhi,560015,Android
CUST_13164,Angel Chowdhury,updated_angel.chowdhury21@hotmail.com,INVALID_PHONE,2025-10-31 01:50:54,mumbai,560035,Android
CUST_12042,Pooja Bhat,pooja.bhat58@yahoo.com,+91-8989920321,2026-04-23 15:39:55,Bengaluru,560016,Android
CUST_13558,Sai Mishra,sai.mishra99@gmail.com,+91-8019013616,2026-04-20 12:50:50,BANGALORE,560070,iOS
CUST_10656,Aditya Agarwal,aditya.agarwal39@yahoo.com,8067526442,2024-02-28 20:11:34,Gurgaon,560052,Android
CUST_10752,Rohan Agarwal,rohan.agarwal75@outlook.com,7131877388,2026-06-04 03:40:56,Bangalore,560022,Android
CUST_12477,Krishna Mishra,updated_krishna.mishra45@yahoo.com,+91-8559154043,2025-10-14 07:42:02,Hyderabad,,iOS
CUST_14273,Kavita Das,kavita.das23@hotmail.com,7331416686,2024-11-22 17:52:43,BANGALORE,560058,Android
CUST_13959,Suresh Chowdhury,suresh.chowdhury90@hotmail.com,7114043834,2025-01-16 11:52:21,BANGALORE,560012,Android
CUST_14543,Navya Joshi,navya.joshi77@gmail.com,9142746909,2025-04-20 05:05:37,Gurugram,560027,iOS
CUST_11852,Pari Patel,pari.patel99@yahoo.com,7692750961,2026-05-20 22:19:28,Mumbai,560071,iOS
CUST_13304,Aditya Mehta,aditya.mehta35@hotmail.com,,2024-12-21 04:35:40,Bangalore,560073,iOS
CUST_13553,Ayaan Deshmukh,AYAAN.DESHMUKH74@GMAIL.COM,7034421098,2026-04-10 09:41:18,Bangalore,560054,iOS
CUST_11131,Myra Kumar,myra.kumar33@gmail.com,8338676330,2025-07-25 01:45:08,Hyderabad,560031,iOS
CUST_12008,Sai Kulkarni,sai.kulkarni47@yahoo.com,8721720399,2024-08-22 18:44:34,Gurugram,560077,Android
CUST_10579,Pari Banerjee,updated_pari.banerjee85@yahoo.com,8746466686,2024-07-22 05:12:32,Delhi,560012,Android
CUST_10952,Saanvi Rao,saanvi.rao25@hotmail.com,8992099699,2024-05-31 23:23:07,Mumbai,560085,Android
CUST_12609,Kavita Banerjee,  kavita.banerjee55@outlook.com  ,+91-8724208527,2026-01-06 11:47:28,Gurugram,560043,iOS
CUST_14322,Ishaan Chowdhury,ishaan.chowdhury40@outlook.com,+91-8723794158,2025-09-13 12:52:16,Gurgaon,560003,iOS
CUST_11023,Sneha Sharma,sneha.sharma50@gmail.com,7429999517,2026-05-11 18:32:45,New Delhi,560074,iOS
CUST_11299,Rohan Agarwal,rohan.agarwal27@gmail.com,,2025-05-28 14:17:32,Mumbai,560071,Android
CUST_11776,Angel Singh,angel.singh45@outlook.com,7677178553,2025-07-04 10:04:55,Gurgaon,560068,iOS
CUST_10904,Neha Joshi,neha.joshi93@yahoo.com,7592575546,2026-04-18 00:03:27,Gurugram,560076,Android
CUST_10524,Aadhya Patel,aadhya.patel79@hotmail.com,8306160007,2024-07-12 11:24:08,Bengaluru,560087,iOS
CUST_13439,Pari Deshmukh,pari.deshmukh48@outlook.com,9020507375,2026-04-12 03:46:24,Delhi,560015,Android
CUST_12842,Pari Mehta,pari.mehta53@yahoo.com,7345251261,2024-07-02 17:35:43,BANGALORE,,Android
CUST_11387,Pooja Rao,pooja.rao29@outlook.com,9831559757,2026-06-15 01:32:45,Bengaluru,560027,iOS
CUST_13482,Diya Bhat,diya.bhat85@hotmail.com,7676233336,2024-02-26 21:25:53,Gurugram,560056,Android
CUST_10409,Pooja Patel,pooja.patel11@gmail.com,+91-8078464379,2024-08-02 07:44:55,blr,560082,Android
CUST_11199,Neha Agarwal,neha.agarwal90@gmail.com,7443392741,2026-05-08 11:03:06,Delhi,560028,Android
CUST_12329,Pooja Rao,pooja.rao49@hotmail.com,7215867282,2025-08-27 09:22:17,Mumbai,560083,Android
CUST_11540,Rahul Agarwal,rahul.agarwal33@yahoo.com,9428514728,2024-08-26 20:56:30,New Delhi,560014,Web
CUST_14956,Vivaan Das,vivaan.das18@yahoo.com,9989615063,2025-11-09 10:18:10,Delhi,560100,Android
CUST_12101,Suresh Agarwal,suresh.agarwal46@yahoo.com,9058108883,2024-06-21 15:03:20,Delhi,560021,iOS
CUST_12626,Aadhya Verma,aadhya.verma14@yahoo.com,+91-9962921187,2025-01-30 03:12:08,New Delhi,,Android
CUST_14086,Aditya Agarwal,ADITYA.AGARWAL12@OUTLOOK.COM,INVALID_PHONE,2024-09-14 09:10:28,Mumbai,560052,Android
CUST_11490,Reyansh Verma,reyansh.verma58@hotmail.com,9038247464,2025-01-12 14:21:00,Mumbai,560099,iOS
CUST_12514,Amit Mehta,amit.mehta88@outlook.com,8232074467,2025-09-29 07:38:17,mumbai,560049,Android
CUST_12667,Suresh Shah,suresh.shah81@hotmail.com,7029953578,2024-01-07 05:38:10,blr,560089,Android
CUST_10493,Arjun Kumar,arjun.kumar35@outlook.com,9876474892,2024-01-01 14:01:42,Delhi,,Android
CUST_10297,Pari Mishra,pari.mishra81@outlook.com,9443498405,2024-05-23 00:16:59,Delhi,560054,Android
CUST_12230,Neha Sharma,neha.sharma63@hotmail.com,+91-8094733121,2026-02-25 04:12:20,mumbai,560046,Android
CUST_12112,Angel Mehta,angel.mehta50@hotmail.com,7124524595,2025-08-22 03:06:56,BANGALORE,560004,Android
CUST_11348,Vivaan Bhat,vivaan.bhat23@gmail.com,8466461304,2025-07-14 03:53:19,blr,560064,Android
CUST_11879,Myra Nair,myra.nair70@outlook.com,08953676676,2026-01-28 21:32:48,Mumbai,560052,Android
CUST_11981,Rohan Bhat,rohan.bhat65@outlook.com,+91-8481391843,2024-07-13 01:25:50,Bengaluru,560077,iOS
CUST_13198,Kavita Singh,kavita.singh47@yahoo.com,9413137185,2025-08-05 13:38:39,Delhi,560033,iOS
CUST_10273,Aarav Bhat,aarav.bhat17@hotmail.com,9139397866,2024-03-04 17:05:46,Bengaluru,560083,Android
CUST_14797,Vihaan Joshi,vihaan.joshi87@gmail.com,+91-8732228528,2026-05-16 06:05:49,mumbai,560097,iOS
CUST_12146,Rohan Bhat,rohan.bhat33@outlook.com,9272556973,2025-05-08 12:39:01,Gurugram,560025,iOS
CUST_13301,Suresh Kumar,suresh.kumar79@yahoo.com,+91-8261191283,2026-06-26 13:26:16,mumbai,560033,Android
CUST_10664,Vikram Das,vikram.das94@hotmail.com,,2025-01-17 11:15:12,mumbai,560030,Android
CUST_14738,Aadhya Mehta,aadhya.mehta96@hotmail.com,9436904424,2026-05-04 18:12:18,Mumbai,560076,iOS
CUST_11074,Saanvi Mehta,saanvi.mehta78@hotmail.com,9648274502,2026-08-22 20:13:17,Hyderabad,560008,
CUST_14845,Navya Gupta,navya.gupta71@yahoo.com,08650335400,2024-09-29 18:35:21,Hyderabad,560044,iOS
CUST_10097,Ayaan Verma,updated_ayaan.verma87@outlook.com,7602816534,2026-03-17 05:50:51,Bengaluru,560046,Web
CUST_12319,Sneha Sharma,  sneha.sharma52@yahoo.com  ,8282250920,2024-03-16 23:41:33,Bengaluru,560072,Android
CUST_12197,Myra Patel,myra.patel36@hotmail.com,9994279381,2025-12-04 22:52:35,Gurugram,560061,Android
CUST_13659,Rahul Bhat,rahul.bhat87@yahoo.com,9550090956,2026-08-06 02:04:26,Gurugram,560026,iOS
CUST_13746,Krishna Bhat,  krishna.bhat24@gmail.com  ,8104922904,2024-11-23 03:13:51,BANGALORE,560037,Android
CUST_11416,Arjun Das,arjun.das19@yahoo.com,9706975556,2025-10-16 01:47:09,Gurugram,560037,iOS
CUST_11791,Pooja Mehta,updated_pooja.mehta76@hotmail.com,INVALID_PHONE,2026-07-26 18:14:19,New Delhi,560006,Android
CUST_13955,Reyansh Singh,  reyansh.singh18@outlook.com  ,9319369897,2025-01-17 01:54:04,Gurgaon,560045,
CUST_14074,Aarav Chowdhury,aarav.chowdhury31@outlook.com,8824297552,2024-07-21 15:10:50,Gurgaon,560031,Web
CUST_11150,Rahul Gupta,rahul.gupta34AToutlook.com,9243063719,2024-12-24 12:05:19,mumbai,560059,iOS
CUST_13809,Suresh Rao,updated_suresh.rao21@hotmail.com,INVALID_PHONE,2025-04-06 04:24:43,Mumbai,560086,iOS
CUST_13416,Angel Mehta,angel.mehta30@hotmail.com,7843743290,2025-08-19 09:38:59,Gurgaon,560035,Web
CUST_10847,Neha Sharma,neha.sharma23@outlook.com,+91-7072592237,2025-10-02 15:07:57,Delhi,560048,iOS
CUST_14801,Sneha Chowdhury,sneha.chowdhury60@outlook.com,7155012663,2026-08-16 05:13:58,New Delhi,560034,iOS
CUST_10712,Pooja Deshmukh,POOJA.DESHMUKH85@YAHOO.COM,07339869972,2026-05-13 17:18:26,Mumbai,560079,Android
CUST_10454,Rahul Reddy,rahul.reddy35@yahoo.com,9040124062,2025-09-19 13:49:53,Gurgaon,560078,iOS
CUST_13547,Aditya Deshmukh,aditya.deshmukh51@yahoo.com,7178369811,2025-05-25 11:28:27,BANGALORE,560069,Android
CUST_13318,Sai Verma,sai.verma16@gmail.com,7848623315,2025-03-20 19:37:00,BANGALORE,560030,Android
CUST_10387,Amit Verma,amit.verma22AToutlook.com,9537521109,2026-03-21 22:04:29,mumbai,560073,Android
CUST_10799,Vihaan Patel,vihaan.patel25@hotmail.com,INVALID_PHONE,2025-01-01 21:09:45,blr,560031,iOS
CUST_10812,Aditya Gupta,aditya.gupta53@hotmail.com,7129207920,2026-06-21 07:10:56,Bengaluru,560059,iOS
CUST_11899,Myra Banerjee,  myra.banerjee75@gmail.com  ,+91-9311664195,2025-08-03 14:52:58,New Delhi,560062,Android
CUST_14769,Aarav Reddy,  aarav.reddy73@yahoo.com  ,+91-7806582912,2025-11-15 15:56:21,Delhi,560040,Android
CUST_12914,Vivaan Joshi,vivaan.joshi12@outlook.com,8054857936,2024-05-26 12:27:13,blr,560040,iOS
CUST_12949,Rohan Bhat,rohan.bhat18@hotmail.com,8712153587,2024-09-12 19:45:55,Gurugram,560014,Android
CUST_12448,Amit Singh,amit.singh31@hotmail.com,08009733703,2026-04-04 04:03:07,Hyderabad,560071,Android
CUST_14494,Kavita Nair,kavita.nair24@gmail.com,INVALID_PHONE,2025-06-26 05:41:03,Bengaluru,560040,
CUST_12812,Vihaan Rao,vihaan.rao78@gmail.com,7559367584,2026-04-05 03:25:57,mumbai,560092,iOS
CUST_12575,Rahul Banerjee,rahul.banerjee30@outlook.com,8625231514,2025-01-28 09:07:01,Delhi,560013,Android
CUST_12412,Ananya Shah,updated_ananya.shah97@gmail.com,9107521970,2025-04-25 11:20:58,Hyderabad,560001,Android
CUST_11621,Ayaan Mishra,ayaan.mishra83@outlook.com,INVALID_PHONE,2024-06-24 03:50:44,New Delhi,560037,
CUST_12603,Priya Deshmukh,priya.deshmukh56@gmail.com,07691480553,2024-03-05 16:28:36,mumbai,560064,iOS
CUST_14365,Anika Kumar,anika.kumar71@gmail.com,+91-9334508823,2025-11-14 16:33:30,New Delhi,560093,Android
CUST_11191,Krishna Kumar,krishna.kumar36@gmail.com,+91-9694244911,2024-09-27 01:07:24,Gurgaon,560097,Android
CUST_11280,Diya Singh,diya.singh26@yahoo.com,9272046301,2024-01-31 18:49:45,Gurgaon,560014,Android
CUST_14212,Rohan Nair,rohan.nair31@outlook.com,+91-8306869542,2026-06-04 22:23:12,Bangalore,560009,Android
CUST_10933,Aditya Gupta,aditya.gupta45@gmail.com,9018646238,2025-03-01 08:00:11,BANGALORE,560004,Android
CUST_14534,Rahul Patel,rahul.patel57@hotmail.com,+91-9524349355,2025-02-11 09:47:55,Gurugram,560002,Android
CUST_12405,Rahul Nair,  rahul.nair49@hotmail.com  ,7041539288,2024-09-27 10:28:32,Mumbai,560061,Android
CUST_12090,Vihaan Kumar,updated_vihaan.kumar42@gmail.com,+91-7779705253,2024-05-12 07:05:44,blr,560071,Android
CUST_11949,Saanvi Chowdhury,updated_saanvi.chowdhury19@gmail.com,9303969980,2024-01-05 06:52:29,BANGALORE,560034,iOS
CUST_14577,Myra Gupta,myra.gupta36@gmail.com,7674199525,2024-04-27 16:23:08,Hyderabad,560086,Android
CUST_14584,Aarav Patel,aarav.patel79@yahoo.com,08744273013,2025-01-08 12:09:04,BANGALORE,560020,iOS
CUST_10863,Pari Chowdhury,updated_pari.chowdhury24@gmail.com,9326385562,2026-08-21 02:08:11,Gurgaon,560037,Android
CUST_10536,Krishna Bhat,krishna.bhat34@outlook.com,7772363824,2024-07-04 02:19:42,Bengaluru,560050,iOS
CUST_12394,Kavita Reddy,KAVITA.REDDY28@YAHOO.COM,,2026-05-30 16:07:52,Gurgaon,560010,Android
CUST_13513,Diya Kulkarni,diya.kulkarni48@outlook.com,7138935979,2025-01-11 05:37:01,Gurgaon,,Android
CUST_11839,Angel Bhat,updated_angel.bhat26@hotmail.com,+91-9641393470,2026-04-05 12:47:05,Gurgaon,560020,Android
CUST_13893,Suresh Patel,suresh.patel99@outlook.com,7711875148,2024-01-25 13:11:34,mumbai,560098,Android
CUST_10259,Saanvi Bhat,saanvi.bhat72@gmail.com,7617929641,2025-01-03 10:34:18,Delhi,560084,Web
CUST_13068,Sneha Gupta,sneha.gupta49@outlook.com,8287074060,2025-01-31 11:56:06,Hyderabad,560094,iOS
CUST_12698,Priya Chowdhury,PRIYA.CHOWDHURY10@HOTMAIL.COM,+91-9786479139,2025-03-30 08:44:50,Hyderabad,560082,Android
CUST_13819,Arjun Mishra,updated_arjun.mishra28@outlook.com,08746058356,2026-07-29 11:42:17,Hyderabad,560040,Web
CUST_14202,Ananya Singh,ananya.singh11@yahoo.com,8099623214,2024-11-03 06:15:54,Gurgaon,560034,Android
CUST_10724,Rohan Das,ROHAN.DAS60@OUTLOOK.COM,,2024-07-24 13:19:21,Bengaluru,560100,Android
CUST_10180,Avani Gupta,avani.gupta40@hotmail.com,INVALID_PHONE,2024-04-23 18:51:46,Bengaluru,560044,iOS
CUST_11510,Ishaan Deshmukh,ishaan.deshmukh38@hotmail.com,7780348350,2025-11-09 00:57:02,Hyderabad,560029,Android
CUST_14906,Priya Das,priya.das64@gmail.com,8436988399,2024-04-25 12:56:53,New Delhi,560047,iOS
CUST_14860,Kavita Agarwal,kavita.agarwal61@outlook.com,7961043082,2024-08-13 10:17:18,New Delhi,560060,
CUST_12312,Krishna Joshi,krishna.joshi57@gmail.com,9336402684,2024-09-07 13:30:35,BANGALORE,560043,Android
CUST_10640,Aditya Reddy,aditya.reddy35@yahoo.com,,2025-08-26 14:40:00,Bengaluru,560001,iOS
CUST_14587,Kavita Banerjee,kavita.banerjee62AThotmail.com,7542033024,2024-01-23 09:45:19,Gurgaon,560089,iOS
CUST_13560,Angel Sharma,angel.sharma51@yahoo.com,7100096282,2025-06-12 09:40:43,Delhi,560031,iOS
CUST_10281,Navya Rao,updated_NAVYA.RAO73@OUTLOOK.COM,9012239476,2025-08-19 23:40:42,blr,560039,
CUST_13756,Vihaan Sharma,vihaan.sharma49@gmail.com,+91-7314538531,2026-05-26 13:55:56,New Delhi,560098,iOS
CUST_14984,Pari Nair,pari.nair75@gmail.com,+91-7588863144,2026-02-14 06:20:31,Bengaluru,560097,Android
CUST_11716,Reyansh Shah,reyansh.shah61@yahoo.com,7428335739,2026-01-29 06:53:56,BANGALORE,560042,Android
CUST_12706,Reyansh Nair,reyansh.nair86@outlook.com,9162040254,2024-04-06 15:21:47,blr,560040,Android
CUST_14068,Amit Mishra,updated_amit.mishra65@hotmail.com,8931655058,2024-05-23 04:57:33,New Delhi,560025,Android
CUST_12364,Navya Singh,navya.singh77@outlook.com,8315949012,2025-04-18 06:19:56,BANGALORE,560023,iOS
CUST_11906,Pari Das,updated_PARI.DAS58@OUTLOOK.COM,8513302909,2025-09-20 13:12:44,mumbai,560051,iOS
CUST_10595,Arjun Deshmukh,ARJUN.DESHMUKH68@OUTLOOK.COM,9575649212,2025-12-10 19:09:38,Bengaluru,560069,Android
CUST_11346,Avani Shah,avani.shah92@outlook.com,9906427807,2024-01-20 11:36:48,BANGALORE,,Android
CUST_11499,Ayaan Chowdhury,ayaan.chowdhury91@outlook.com,9040772264,2024-11-13 23:27:09,Gurugram,560048,Android
CUST_14924,Ananya Rao,ananya.rao19@gmail.com,7462984389,2026-01-30 15:37:54,blr,560006,Android
CUST_12247,Sai Gupta,  sai.gupta94@gmail.com  ,8130852530,2025-01-02 01:50:19,Mumbai,560043,Android
CUST_14483,Arjun Nair,arjun.nair83@yahoo.com,+91-7312621735,2026-03-14 12:22:54,Bengaluru,560010,iOS
CUST_12702,Navya Patel,navya.patel63@outlook.com,9984307117,2026-02-23 14:47:47,Bengaluru,560098,iOS
CUST_14927,Vivaan Shah,vivaan.shah13@gmail.com,8651002179,2024-08-04 06:30:36,Delhi,560002,Android
CUST_11628,Sai Joshi,sai.joshi25@gmail.com,07462917728,2025-12-28 22:02:28,Gurgaon,560088,iOS
CUST_13112,Anika Mishra,anika.mishra48ATgmail.com,8344119896,2024-12-25 20:49:18,blr,560057,Android
CUST_13739,Vihaan Shah,vihaan.shah52@yahoo.com,7061014480,2025-03-05 19:33:15,Bengaluru,,
CUST_14222,Aarav Mehta,aarav.mehta38@gmail.com,8949129443,2024-04-01 23:08:08,Delhi,560042,
CUST_12374,Pari Verma,pari.verma86@yahoo.com,+91-9853228167,2024-12-10 16:04:59,mumbai,560085,Android
CUST_13974,Suresh Das,suresh.das63@gmail.com,+91-9108097922,2024-11-15 12:51:42,Mumbai,560043,Android
CUST_11986,Arjun Nair,updated_ARJUN.NAIR97@GMAIL.COM,+91-8535177623,2025-01-20 00:02:35,Gurgaon,560027,iOS
CUST_13366,Angel Kulkarni,angel.kulkarni23@gmail.com,7289217833,2024-04-18 07:55:52,Hyderabad,560039,iOS
CUST_14360,Ananya Singh,updated_ananya.singh59@hotmail.com,07848177764,2026-07-02 14:23:53,Gurgaon,560008,Web
CUST_11866,Rahul Rao,rahul.rao13@outlook.com,8856265751,2024-02-18 17:02:01,Bangalore,560027,Android
CUST_10623,Kavita Patel,kavita.patel30@yahoo.com,8983094045,2026-01-12 12:45:04,mumbai,,Android
CUST_14946,Amit Kumar,amit.kumar27@outlook.com,9852162469,2025-09-25 14:47:30,mumbai,560038,Android
CUST_10762,Pooja Agarwal,updated_pooja.agarwal97@yahoo.com,08660490206,2024-11-19 10:23:04,mumbai,560075,Android
CUST_12275,Anika Banerjee,anika.banerjee56@yahoo.com,07894489591,2026-02-13 06:57:41,Gurugram,560086,iOS
CUST_11680,Amit Gupta,amit.gupta19@outlook.com,07931083713,2025-12-24 15:09:58,Bengaluru,560036,
CUST_13296,Diya Chowdhury,  diya.chowdhury17@outlook.com  ,08143578529,2025-01-10 20:15:53,Hyderabad,560011,iOS
CUST_13596,Diya Gupta,diya.gupta11@outlook.com,+91-8803882273,2026-01-04 03:40:39,BANGALORE,560095,Android
CUST_12759,Saanvi Reddy,  saanvi.reddy13@yahoo.com  ,,2026-01-11 13:22:14,Gurugram,560056,iOS
CUST_11121,Priya Das,priya.das99@yahoo.com,+91-8686127169,2025-03-01 12:40:45,Gurugram,560063,Android
CUST_10608,Diya Mehta,diya.mehta31@hotmail.com,9128551265,2025-04-08 12:31:32,Delhi,560092,iOS
CUST_13259,Ishaan Sharma,ishaan.sharma53@outlook.com,7082637564,2025-06-08 07:28:47,Bangalore,560068,iOS
CUST_12678,Krishna Deshmukh,krishna.deshmukh46@outlook.com,7696941152,2024-11-22 03:51:01,Hyderabad,560026,Android
CUST_11613,Vivaan Sharma,updated_vivaan.sharma52@yahoo.com,07295426456,2025-12-09 01:04:31,BANGALORE,560056,iOS
CUST_13038,Rohan Sharma,rohan.sharma64@hotmail.com,+91-7362504643,2025-11-14 11:52:56,blr,560031,iOS
CUST_13922,Aditya Mishra,aditya.mishra65@outlook.com,8924235541,2025-12-29 02:43:02,Bangalore,560044,Android
CUST_11932,Vihaan Joshi,vihaan.joshi38@yahoo.com,8307872543,2025-04-28 14:10:03,Bangalore,560083,iOS
CUST_13526,Kavita Rao,kavita.rao95@hotmail.com,7844761343,2024-09-30 17:58:11,Hyderabad,560006,iOS
CUST_13043,Aditya Nair,aditya.nair11@yahoo.com,7402207158,2026-04-04 08:43:41,Delhi,560024,Android
CUST_11422,Pooja Mishra,pooja.mishra33@gmail.com,+91-7930680493,2026-07-03 04:25:35,Bangalore,560089,iOS
CUST_10292,Ishaan Rao,updated_ishaan.rao67@gmail.com,7744173232,2025-07-18 01:24:41,Bengaluru,560091,Android
CUST_13573,Vikram Sharma,vikram.sharma89@outlook.com,9841491192,2024-01-01 00:00:00,Gurgaon,560033,Android
CUST_11353,Vihaan Kumar,vihaan.kumar79@gmail.com,8746924840,2024-12-16 07:41:28,Hyderabad,560046,iOS
CUST_11685,Sai Kumar,sai.kumar23@hotmail.com,7070375283,2024-06-28 06:02:39,BANGALORE,560082,Android
CUST_11478,Krishna Mishra,krishna.mishra49@gmail.com,INVALID_PHONE,2024-03-08 05:15:59,Bangalore,560090,Web
CUST_10112,Ananya Kulkarni,ananya.kulkarni12@hotmail.com,08474679912,2024-12-31 21:46:55,Mumbai,560046,iOS
CUST_11698,Ishaan Sharma,ishaan.sharma28@outlook.com,9580073639,2024-04-29 05:47:41,Gurugram,560073,Web
CUST_11835,Krishna Reddy,krishna.reddy81@gmail.com,7484334441,2026-08-19 12:43:38,Bengaluru,560094,Android
CUST_14359,Aditya Gupta,updated_aditya.gupta24@yahoo.com,7257327471,2025-07-18 06:05:15,Bangalore,560043,iOS
CUST_10861,Priya Chowdhury,priya.chowdhury43@gmail.com,7965489088,2026-01-14 02:09:37,Delhi,560012,Android
CUST_12120,Saanvi Gupta,saanvi.gupta77@gmail.com,+91-7365005124,2025-10-04 13:53:38,Delhi,560028,iOS
CUST_10490,Ananya Banerjee,ananya.banerjee44@outlook.com,07748163617,2026-08-12 12:23:11,blr,560011,Android
CUST_13722,Myra Mehta,myra.mehta95@outlook.com,9724266583,2026-03-01 06:24:16,Mumbai,560054,Android
CUST_10185,Ayaan Nair,updated_ayaan.nair93ATgmail.com,+91-7026875971,2025-03-26 11:13:28,blr,560100,Android
CUST_11042,Navya Chowdhury,navya.chowdhury56@yahoo.com,7218072258,2024-10-28 09:58:52,Mumbai,560044,Android
CUST_13512,Saanvi Mishra,saanvi.mishra83@gmail.com,+91-9551208848,2026-03-04 23:15:03,Bangalore,560050,Android
CUST_11052,Myra Reddy,myra.reddy43@yahoo.com,+91-8902422434,2024-06-17 17:31:59,New Delhi,560004,Android
CUST_11894,Aadhya Mishra,aadhya.mishra27@outlook.com,9071370320,2024-04-28 20:26:32,Bangalore,560033,Android
CUST_13837,Aarav Shah,aarav.shah39@hotmail.com,INVALID_PHONE,2024-09-16 03:15:35,blr,560100,iOS
CUST_12283,Pari Nair,updated_pari.nair74@outlook.com,8930618401,2024-08-28 19:42:11,Bangalore,560097,Android
CUST_13189,Myra Mehta,myra.mehta51@yahoo.com,8727518058,2025-05-31 21:47:12,Bengaluru,,Android
CUST_13222,Angel Verma,angel.verma12@outlook.com,9608154012,2026-08-01 05:10:14,blr,560078,iOS
CUST_14626,Kavita Deshmukh,kavita.deshmukh32@outlook.com,09638307357,2025-05-13 23:34:56,Gurgaon,560059,Android
CUST_12973,Arjun Patel,arjun.patel71@hotmail.com,8607871408,2026-03-18 09:54:15,Mumbai,560098,iOS
CUST_11828,Rohan Banerjee,rohan.banerjee77AToutlook.com,09622142013,2026-06-08 10:33:26,Gurugram,560051,iOS
CUST_10783,Ishaan Das,ishaan.das77@outlook.com,9372845154,2024-07-27 11:27:52,Hyderabad,560089,iOS
CUST_14847,Avani Mehta,avani.mehta37@yahoo.com,7953390708,2026-02-26 08:15:44,Bangalore,560082,Android
CUST_14687,Vivaan Kumar,vivaan.kumar76@hotmail.com,+91-7620622424,2026-06-16 10:16:43,Hyderabad,560067,Android
CUST_14892,Reyansh Nair,reyansh.nair54@outlook.com,+91-9641375937,2026-07-31 01:06:49,Bengaluru,560004,iOS
CUST_13516,Sai Kulkarni,sai.kulkarni14@hotmail.com,7630243755,2026-06-07 11:10:35,Bangalore,560013,Android
CUST_10701,Sneha Nair,sneha.nair95@yahoo.com,+91-7759683148,2024-09-12 10:24:47,Bengaluru,560079,Android
CUST_12077,Navya Kumar,navya.kumar45@hotmail.com,7294839516,2024-12-19 10:30:33,Gurugram,560080,iOS
CUST_14615,Priya Banerjee,priya.banerjee97@outlook.com,7932846334,2025-12-28 03:20:12,mumbai,560097,Android
CUST_11048,Pari Gupta,pari.gupta96@yahoo.com,INVALID_PHONE,2025-07-11 05:44:48,BANGALORE,560033,Android
CUST_12657,Suresh Mishra,suresh.mishra70@gmail.com,7664125321,2025-06-27 19:05:36,blr,560062,Android
CUST_10377,Krishna Deshmukh,krishna.deshmukh18@gmail.com,INVALID_PHONE,2024-09-21 23:32:38,Bangalore,560025,Android
CUST_10357,Ishaan Deshmukh,ishaan.deshmukh98@hotmail.com,08231422814,2024-05-20 11:29:36,Gurugram,,Android
CUST_11816,Rohan Mehta,rohan.mehta32@outlook.com,9893602501,2025-11-08 06:14:45,New Delhi,560065,
CUST_10988,Ananya Kumar,ANANYA.KUMAR97@OUTLOOK.COM,7295153328,2025-06-05 23:21:58,Mumbai,560022,iOS
CUST_10789,Aditya Gupta,updated_aditya.gupta33@gmail.com,8097178484,2024-01-01 04:40:34,Delhi,560087,Android
CUST_13174,Ishaan Nair,ishaan.nair66@hotmail.com,9163439554,2026-01-13 07:27:21,blr,560079,Web
CUST_10349,Angel Das,angel.das82@outlook.com,9237646664,2025-05-05 14:30:30,Bangalore,560015,Android
CUST_12067,Navya Reddy,updated_navya.reddy25@hotmail.com,+91-8981028339,2025-01-08 21:30:12,Delhi,560088,iOS
CUST_12253,Avani Chowdhury,avani.chowdhury44@yahoo.com,9470176138,2024-01-21 06:19:05,Mumbai,560006,Web
CUST_14219,Avani Gupta,avani.gupta77ATyahoo.com,INVALID_PHONE,2024-12-21 23:17:56,mumbai,560009,iOS
CUST_11441,Pari Verma,pari.verma44@hotmail.com,9056380740,2026-06-11 04:01:23,Delhi,560051,iOS
CUST_11281,Ananya Agarwal,updated_ananya.agarwal59AThotmail.com,7120213639,2024-02-19 16:24:52,Bangalore,,iOS
CUST_10763,Aarav Nair,updated_aarav.nair42@yahoo.com,7985885701,2025-12-26 09:15:05,Bengaluru,560059,Web
CUST_14384,Pari Das,pari.das20AThotmail.com,+91-9609501814,2024-11-10 06:36:22,Delhi,560092,iOS
CUST_13820,Diya Banerjee,DIYA.BANERJEE96@OUTLOOK.COM,8828799704,2024-02-26 07:24:11,Bengaluru,560056,Android
CUST_10865,Amit Bhat,amit.bhat24@hotmail.com,9540392792,2024-05-28 15:53:28,Bengaluru,560075,Android
CUST_12114,Pari Patel,pari.patel84@gmail.com,+91-9557985356,2025-02-24 20:27:07,Delhi,560046,Android
CUST_12864,Krishna Kulkarni,krishna.kulkarni63@gmail.com,08984349331,2024-10-10 21:07:44,Gurgaon,560049,Web
CUST_10186,Ananya Kumar,ananya.kumar67@hotmail.com,7184146454,2026-01-28 07:31:05,Bengaluru,560042,iOS
CUST_12576,Pooja Chowdhury,pooja.chowdhury97@gmail.com,7474434332,2025-09-06 17:12:23,Gurugram,560043,iOS
CUST_13228,Ishaan Reddy,ishaan.reddy82@hotmail.com,+91-9979581293,2025-06-15 03:08:40,Gurugram,560060,iOS
CUST_11037,Pari Agarwal,pari.agarwal99@hotmail.com,9864147921,2025-09-23 06:40:41,Bengaluru,560004,iOS
CUST_13125,Saanvi Agarwal,saanvi.agarwal99@outlook.com,9244336393,2024-07-21 01:09:08,Gurugram,560046,Android
CUST_11713,Krishna Deshmukh,KRISHNA.DESHMUKH93@OUTLOOK.COM,9085068274,2026-07-07 06:37:31,New Delhi,560081,iOS
CUST_14181,Vihaan Banerjee,vihaan.banerjee17@gmail.com,7593158202,2026-04-11 18:25:16,Delhi,560019,Android
CUST_10144,Pari Kumar,pari.kumar29@outlook.com,8572430992,2024-04-23 09:30:38,mumbai,560036,Android
CUST_13450,Myra Shah,myra.shah83@yahoo.com,08098623545,2026-01-25 23:24:16,mumbai,560035,iOS
CUST_10256,Ananya Joshi,ananya.joshi84@outlook.com,9822854797,2025-01-02 11:11:27,Mumbai,560094,Android
CUST_14666,Sai Mehta,updated_sai.mehta29@hotmail.com,7314175063,2024-02-16 13:35:46,Mumbai,560029,Android
CUST_11968,Saanvi Joshi,saanvi.joshi17@yahoo.com,+91-9317667297,2024-06-28 15:23:48,Bangalore,560041,Android
CUST_13270,Suresh Deshmukh,suresh.deshmukh34@outlook.com,7736546111,2024-04-29 15:08:49,Gurugram,560050,iOS
CUST_13530,Anika Sharma,anika.sharma19@yahoo.com,,2026-07-26 08:53:11,Delhi,560018,Android
CUST_10562,Suresh Mehta,SURESH.MEHTA13@YAHOO.COM,8976713587,2024-05-01 13:54:30,Delhi,560039,Android
CUST_12554,Rohan Reddy,rohan.reddy86@outlook.com,8796608630,2025-06-17 11:15:29,Hyderabad,560056,Android
CUST_14747,Myra Banerjee,myra.banerjee57@yahoo.com,7650896650,2024-09-10 21:00:15,Hyderabad,560094,Android
CUST_14754,Navya Mishra,navya.mishra97@gmail.com,07912750437,2025-08-05 08:58:05,New Delhi,560061,Android
CUST_14567,Reyansh Shah,reyansh.shah69@outlook.com,7954518495,2024-07-18 12:21:44,New Delhi,560051,iOS
CUST_13968,Kavita Das,kavita.das26@outlook.com,7991999034,2024-06-21 01:01:38,Delhi,560015,iOS
CUST_11256,Myra Mehta,myra.mehta23@hotmail.com,8144845217,2024-06-02 17:28:14,BANGALORE,560030,Web
CUST_14846,Saanvi Chowdhury,saanvi.chowdhury62@gmail.com,9405935942,2025-03-15 04:00:31,BANGALORE,560068,iOS
CUST_10802,Aadhya Das,updated_aadhya.das71@outlook.com,9569324014,2026-01-22 11:14:03,Gurgaon,560070,
CUST_10222,Angel Sharma,  angel.sharma48@hotmail.com  ,9231624631,2026-06-20 07:48:05,Hyderabad,560050,Android
CUST_10631,Diya Agarwal,updated_diya.agarwal55@yahoo.com,9647710620,2024-02-26 02:43:37,Mumbai,560036,Android
CUST_12944,Rohan Chowdhury,ROHAN.CHOWDHURY34@YAHOO.COM,7996944069,2024-09-02 02:34:41,mumbai,560055,iOS
CUST_13912,Avani Das,avani.das99@gmail.com,7945165941,2026-02-05 21:16:05,Gurgaon,560032,Android
CUST_12796,Vivaan Gupta,vivaan.gupta44@gmail.com,08795811906,2025-09-10 00:42:03,Bangalore,560085,Android
CUST_13226,Avani Kumar,avani.kumar97@hotmail.com,8053803102,2024-12-02 07:00:33,blr,560029,
CUST_14506,Saanvi Chowdhury,saanvi.chowdhury95@yahoo.com,+91-7953133238,2026-02-11 03:31:26,blr,560024,iOS
CUST_10375,Arjun Das,updated_arjun.das35@yahoo.com,7559778590,2026-07-21 02:37:51,blr,560028,iOS
CUST_12757,Angel Mehta,angel.mehta27@yahoo.com,7262858175,2026-03-15 07:05:10,Gurgaon,560077,Android
CUST_13818,Vikram Bhat,vikram.bhat54@hotmail.com,+91-7866365710,2025-05-28 00:15:50,New Delhi,560057,Android
CUST_13926,Amit Kumar,amit.kumar70@outlook.com,,2025-10-07 21:23:17,BANGALORE,560033,iOS
CUST_10113,Pari Bhat,pari.bhat43@hotmail.com,9471511796,2024-11-06 04:24:26,blr,560088,iOS
CUST_12983,Navya Patel,navya.patel93@outlook.com,7178014985,2024-05-05 06:45:17,New Delhi,560053,Android
CUST_14443,Avani Bhat,AVANI.BHAT80@GMAIL.COM,7440695494,2025-01-24 11:35:39,Gurugram,560008,
CUST_10585,Aarav Mehta,aarav.mehta77@hotmail.com,07176471348,2024-11-24 21:18:58,Gurgaon,560066,Android
CUST_14386,Arjun Rao,arjun.rao32@outlook.com,9190761528,2026-06-14 20:52:11,mumbai,560096,Android
CUST_13977,Aadhya Agarwal,AADHYA.AGARWAL57@HOTMAIL.COM,7967597899,2026-01-08 15:13:43,New Delhi,560057,Android
CUST_12621,Kavita Banerjee,kavita.banerjee54AToutlook.com,7212595084,2026-06-30 20:18:46,Gurgaon,560063,Android
CUST_11770,Pooja Patel,pooja.patel55@outlook.com,08540573515,2024-05-09 08:57:13,mumbai,560038,iOS
CUST_14621,Rahul Shah,rahul.shah99@yahoo.com,,2024-08-04 11:11:10,Hyderabad,560072,Android
CUST_11927,Kavita Chowdhury,kavita.chowdhury58@yahoo.com,7586278868,2025-05-13 00:12:05,New Delhi,560053,
CUST_12472,Amit Gupta,AMIT.GUPTA41@HOTMAIL.COM,9462438359,2026-02-28 11:41:59,BANGALORE,560034,Android
CUST_14861,Priya Chowdhury,priya.chowdhury89@outlook.com,7716904007,2024-01-27 11:57:15,Delhi,560033,iOS
CUST_12642,Rahul Das,rahul.das33@hotmail.com,+91-7884905115,2024-05-02 22:38:28,Bengaluru,560052,Android
CUST_12893,Aditya Deshmukh,aditya.deshmukh83@yahoo.com,8285453971,2025-07-08 07:36:16,BANGALORE,560045,Android
CUST_13060,Saanvi Reddy,saanvi.reddy76@hotmail.com,8909941434,2026-08-20 12:06:28,Gurugram,560005,iOS
CUST_14189,Angel Kumar,angel.kumar16@gmail.com,+91-8725697853,2025-12-17 05:28:23,Gurugram,560002,iOS
CUST_14517,Suresh Rao,suresh.rao45@yahoo.com,8195106251,2024-05-15 14:35:24,Hyderabad,560074,
CUST_10916,Amit Gupta,updated_amit.gupta32@gmail.com,8135305064,2025-01-13 04:22:42,BANGALORE,560009,
CUST_12519,Vivaan Patel,vivaan.patel71@outlook.com,INVALID_PHONE,2025-02-18 19:29:30,Bengaluru,560100,iOS
CUST_14678,Kavita Singh,kavita.singh50@outlook.com,9249673376,2025-02-26 14:32:14,Bangalore,560032,Android
CUST_12500,Pari Bhat,PARI.BHAT70@YAHOO.COM,8539793028,2026-08-20 16:47:02,BANGALORE,560013,Android
CUST_12465,Aadhya Verma,aadhya.verma21@gmail.com,8049340049,2025-02-27 09:14:30,Bengaluru,560054,iOS
CUST_10135,Saanvi Chowdhury,saanvi.chowdhury52@yahoo.com,7201390335,2025-12-19 18:15:46,BANGALORE,560072,Android
CUST_11041,Angel Agarwal,angel.agarwal32@gmail.com,+91-8793925208,2025-11-18 09:24:18,Gurgaon,560003,Android
CUST_14464,Diya Gupta,diya.gupta26@yahoo.com,+91-9380463245,2026-03-31 01:51:11,blr,560088,Android
CUST_11699,Ananya Joshi,ananya.joshi23@gmail.com,7785449599,2025-03-11 15:50:18,New Delhi,560040,iOS
CUST_10526,Rohan Kumar,updated_rohan.kumar46@hotmail.com,8938281552,2026-08-18 13:20:48,New Delhi,560080,iOS
CUST_12988,Vikram Chowdhury,vikram.chowdhury82@gmail.com,9397407896,2024-04-11 07:35:25,Bengaluru,560026,iOS
CUST_10649,Pooja Verma,pooja.verma31@gmail.com,7191076382,2026-04-14 02:32:05,New Delhi,560068,Android
CUST_11581,Suresh Reddy,suresh.reddy21@hotmail.com,+91-7677287684,2024-09-17 11:59:34,Bangalore,560036,Android
CUST_12709,Arjun Verma,arjun.verma31@outlook.com,9579931087,2025-08-24 11:13:46,Gurgaon,560064,iOS
CUST_14016,Aarav Rao,aarav.rao10@gmail.com,8260334359,2026-05-02 00:44:21,blr,560097,Android
CUST_12087,Krishna Reddy,krishna.reddy84@hotmail.com,08225100818,2025-04-30 12:55:44,Mumbai,560096,Android
CUST_10598,Kavita Gupta,kavita.gupta60@gmail.com,7463686680,2024-04-14 01:03:22,BANGALORE,560054,Android
CUST_10117,Aarav Shah,aarav.shah65@gmail.com,9948226524,2025-08-31 16:14:47,blr,560039,iOS
CUST_12192,Amit Patel,amit.patel36@yahoo.com,7183465965,2024-05-31 04:40:51,New Delhi,560091,Android
CUST_13002,Vikram Mehta,vikram.mehta49@outlook.com,+91-9181479948,2025-02-28 22:39:03,BANGALORE,560098,Android
CUST_12687,Reyansh Mishra,reyansh.mishra55@yahoo.com,7284727211,2026-07-17 14:27:37,mumbai,560014,iOS
CUST_12011,Amit Sharma,amit.sharma94@gmail.com,7541363532,2024-07-05 06:23:06,Gurugram,560009,iOS
CUST_11890,Rohan Kulkarni,rohan.kulkarni82@outlook.com,9577352427,2025-05-14 04:15:30,Bengaluru,560012,Android
CUST_12172,Pooja Kulkarni,pooja.kulkarni75@hotmail.com,+91-9821763258,2026-04-30 06:39:14,blr,560084,iOS
CUST_14929,Sai Bhat,sai.bhat77@gmail.com,9721163737,2026-05-04 13:31:44,Hyderabad,560052,iOS
CUST_13196,Ishaan Das,ishaan.das66@yahoo.com,9433744708,2025-12-13 21:58:43,Hyderabad,560091,
CUST_13359,Neha Das,neha.das46@hotmail.com,+91-7541400958,2025-07-09 21:00:49,Gurgaon,560081,Android
CUST_12435,Myra Shah,myra.shah70@outlook.com,+91-7088567319,2024-11-13 04:44:53,Gurugram,560054,Android
CUST_11220,Neha Kulkarni,neha.kulkarni30@yahoo.com,7683421009,2026-05-23 11:06:51,Hyderabad,560066,iOS
CUST_10268,Aadhya Agarwal,aadhya.agarwal21@yahoo.com,9117856053,2024-05-07 00:50:24,New Delhi,560076,iOS
CUST_14345,Diya Kulkarni,diya.kulkarni48@gmail.com,7204271409,2024-02-13 20:07:49,Gurugram,560081,Android
CUST_14121,Sneha Verma,sneha.verma41@gmail.com,09351808519,2025-03-03 06:45:52,Hyderabad,560092,Android
CUST_13961,Kavita Kumar,kavita.kumar62@gmail.com,+91-8725674759,2024-12-27 05:33:16,Gurgaon,560073,iOS
CUST_13939,Navya Deshmukh,navya.deshmukh28@hotmail.com,9693749859,2025-11-10 00:19:52,Bangalore,560007,iOS
CUST_11960,Reyansh Deshmukh,updated_REYANSH.DESHMUKH76@HOTMAIL.COM,07599323970,2024-05-29 01:14:36,New Delhi,560092,Android
CUST_13331,Ananya Reddy,ananya.reddy83@gmail.com,7712043568,2026-04-02 00:36:52,Mumbai,560061,Android
CUST_11264,Vihaan Kumar,vihaan.kumar86@yahoo.com,7633588893,2026-06-03 23:00:22,Delhi,560074,iOS
CUST_11833,Aarav Reddy,AARAV.REDDY63@OUTLOOK.COM,+91-8221154162,2026-03-30 07:08:55,blr,560034,iOS
CUST_11937,Aditya Bhat,aditya.bhat36@gmail.com,9946354672,2024-12-25 11:28:10,Bengaluru,560045,iOS
CUST_13310,Ananya Das,ananya.das51@outlook.com,8043984424,2024-12-02 02:19:59,Bengaluru,560046,iOS
CUST_12440,Sneha Kulkarni,sneha.kulkarni32@yahoo.com,+91-7020741500,2024-05-25 13:04:22,Bangalore,560087,iOS
CUST_11139,Vihaan Nair,vihaan.nair56@hotmail.com,7105931538,2025-04-15 12:51:59,mumbai,560045,Android
CUST_12588,Kavita Kumar,kavita.kumar43@gmail.com,7839944335,2026-04-23 20:20:30,blr,560016,Web
CUST_11294,Krishna Shah,krishna.shah99@gmail.com,9553990422,2025-04-01 02:49:57,Mumbai,560066,Android
CUST_11388,Myra Mishra,myra.mishra22@gmail.com,8007733711,2026-02-11 22:13:42,New Delhi,560065,Android
CUST_11138,Ananya Mehta,updated_ananya.mehta42@outlook.com,+91-8984033275,2024-10-27 10:36:01,blr,560032,iOS
CUST_14393,Sai Agarwal,sai.agarwal13@hotmail.com,9824462029,2024-01-05 11:33:03,Mumbai,560085,iOS
CUST_11687,Krishna Banerjee,krishna.banerjee49@outlook.com,9842913560,2026-05-20 03:37:11,blr,560070,iOS
CUST_10508,Amit Mishra,amit.mishra73AThotmail.com,9836568764,2024-09-19 20:06:23,Hyderabad,560038,iOS
CUST_10883,Navya Mehta,updated_navya.mehta45@outlook.com,+91-7131575788,2024-06-10 07:50:23,mumbai,,Android
CUST_10653,Navya Chowdhury,navya.chowdhury89@yahoo.com,09559828605,2024-07-22 14:33:40,New Delhi,560016,iOS
CUST_12939,Aadhya Joshi,updated_aadhya.joshi84@hotmail.com,08924732548,2025-08-06 08:20:55,blr,560096,Android
CUST_12116,Vihaan Sharma,vihaan.sharma58@gmail.com,07072850799,2024-03-28 06:54:30,Bengaluru,560088,iOS
CUST_11113,Vivaan Kulkarni,vivaan.kulkarni26@outlook.com,9762312662,2025-02-20 18:15:11,Gurugram,560037,iOS
CUST_14243,Sai Singh,sai.singh13@hotmail.com,8239285281,2026-03-25 19:35:51,Bengaluru,,iOS
CUST_12262,Ananya Shah,ananya.shah53@gmail.com,8158019470,2025-02-17 10:45:32,mumbai,560048,Android
CUST_10930,Pari Das,  pari.das20@gmail.com  ,7226950966,2025-07-02 11:19:14,mumbai,560015,Android
CUST_10373,Priya Sharma,priya.sharma38@outlook.com,9317733269,2025-08-01 06:46:09,Bengaluru,560099,Android
CUST_12099,Aditya Singh,aditya.singh97@outlook.com,8256438420,2026-05-27 17:59:21,Gurugram,560080,Android
CUST_14932,Arjun Gupta,arjun.gupta90@gmail.com,7098551227,2025-01-20 23:25:25,Bengaluru,560086,iOS
CUST_14309,Priya Rao,priya.rao16@gmail.com,+91-9868048462,2025-10-24 15:32:09,Bengaluru,560041,Android
CUST_14396,Ishaan Singh,ishaan.singh37@yahoo.com,09754858574,2025-05-10 11:24:42,Mumbai,560007,
CUST_13871,Rahul Mehta,rahul.mehta99AToutlook.com,+91-8889865068,2025-08-10 01:11:43,Mumbai,560054,Android
CUST_11275,Navya Das,navya.das59@outlook.com,08054511440,2025-01-25 20:19:38,mumbai,560099,Android
CUST_12295,Myra Reddy,myra.reddy79@yahoo.com,7999197329,2026-07-12 22:13:59,mumbai,560004,iOS
CUST_11234,Sneha Shah,sneha.shah11@gmail.com,7174287090,2024-05-01 23:15:38,blr,560099,Android
CUST_14113,Sneha Das,sneha.das40@gmail.com,9629982652,2025-07-24 02:22:18,Gurugram,560023,iOS
CUST_11669,Aadhya Das,updated_aadhya.das95@gmail.com,8833384789,2024-06-03 12:10:30,Gurugram,560080,Web
CUST_10710,Kavita Mehta,  kavita.mehta36@yahoo.com  ,9124008280,2024-02-19 11:44:18,Mumbai,560086,
CUST_13127,Vikram Shah,vikram.shah91@gmail.com,8701577096,2024-05-04 02:41:53,New Delhi,560016,iOS
CUST_13176,Vivaan Deshmukh,vivaan.deshmukh51@gmail.com,+91-8352539330,2025-12-02 00:44:04,Delhi,560005,Android
CUST_12132,Ananya Chowdhury,  ananya.chowdhury55@gmail.com  ,,2025-07-08 21:37:59,Gurgaon,560045,Android
CUST_13719,Aadhya Singh,aadhya.singh91@outlook.com,8052740569,2026-02-24 14:10:38,Mumbai,560033,Android
CUST_14980,Suresh Joshi,suresh.joshi85@gmail.com,8041278332,2026-03-23 11:29:02,BANGALORE,560035,Android
CUST_10041,Priya Nair,PRIYA.NAIR95@OUTLOOK.COM,8240404104,2025-10-04 04:32:30,Gurugram,560085,Android
CUST_10298,Navya Banerjee,navya.banerjee15@gmail.com,9936028052,2025-03-26 01:52:20,blr,560071,Android
CUST_10862,Anika Agarwal,anika.agarwal47@gmail.com,7006810278,2024-08-23 18:07:25,mumbai,560095,iOS
CUST_12093,Diya Chowdhury,updated_diya.chowdhury86@yahoo.com,7913569129,2025-09-23 11:21:15,BANGALORE,560004,Android
CUST_14772,Angel Chowdhury,updated_angel.chowdhury38@gmail.com,7924057795,2024-12-30 22:24:04,New Delhi,560014,iOS
CUST_11682,Vikram Reddy,vikram.reddy11@yahoo.com,+91-9320071613,2026-01-26 13:25:59,Mumbai,560063,Android
CUST_12804,Aadhya Joshi,aadhya.joshi80@hotmail.com,8990173593,2024-09-23 22:18:18,Bengaluru,560072,Android
CUST_12033,Angel Chowdhury,updated_angel.chowdhury44@hotmail.com,,2025-12-18 00:10:39,Gurugram,560099,Android
CUST_12568,Avani Nair,avani.nair53@outlook.com,7467520490,2025-10-10 19:31:49,Mumbai,560086,iOS
CUST_13935,Sneha Chowdhury,sneha.chowdhury94@yahoo.com,8376131552,2026-04-22 11:36:31,Gurgaon,560058,Web
CUST_13118,Saanvi Kumar,saanvi.kumar90@outlook.com,7946501297,2024-11-05 23:43:52,blr,,iOS
CUST_13287,Arjun Verma,arjun.verma88@hotmail.com,08268025062,2024-02-16 08:55:12,Mumbai,560080,iOS
CUST_10036,Kavita Patel,kavita.patel32@yahoo.com,8961622029,2024-08-27 01:37:04,blr,560078,Android
CUST_10526,Rohan Kumar,rohan.kumar46@hotmail.com,8938281552,2026-08-18 13:20:48,New Delhi,560080,iOS
CUST_10566,Vihaan Deshmukh,vihaan.deshmukh47@gmail.com,+91-9597367772,2025-08-30 07:30:48,Delhi,560066,iOS
CUST_10781,Avani Verma,avani.verma22@gmail.com,9040588071,2024-03-30 05:40:11,Mumbai,560078,iOS
CUST_12636,Suresh Reddy,suresh.reddy98@gmail.com,8109692905,2025-02-10 19:46:13,Mumbai,560022,iOS
CUST_10368,Suresh Das,suresh.das78@outlook.com,7073394692,2026-03-07 07:21:52,Gurgaon,560044,Android
CUST_11305,Pari Joshi,pari.joshi38@gmail.com,08714125540,2024-03-02 13:39:31,mumbai,560088,Android
CUST_13761,Vivaan Joshi,vivaan.joshi60@yahoo.com,8306467992,2024-08-11 16:12:11,BANGALORE,560016,Android
CUST_12523,Anika Kumar,updated_ANIKA.KUMAR44@OUTLOOK.COM,+91-7385392023,2024-11-23 07:54:25,Gurugram,560047,Android
CUST_11362,Rohan Shah,rohan.shah15@gmail.com,7195980587,2026-05-13 03:16:44,New Delhi,560057,iOS
CUST_10132,Pooja Chowdhury,pooja.chowdhury66@outlook.com,7320016456,2025-10-11 00:12:23,Delhi,560027,Web
CUST_10207,Vikram Patel,vikram.patel66@outlook.com,7642976724,2026-01-11 18:02:48,Delhi,560085,Android
CUST_14543,Navya Joshi,updated_navya.joshi77@gmail.com,9142746909,2025-04-20 05:05:37,Gurugram,560027,iOS
CUST_10969,Ishaan Mehta,ishaan.mehta45@yahoo.com,7974971926,2024-06-17 08:10:51,Bengaluru,560078,Android
CUST_12990,Saanvi Verma,saanvi.verma27@outlook.com,9652190469,2024-05-30 19:19:43,Delhi,560096,Android
CUST_10054,Sneha Shah,sneha.shah98@outlook.com,9618770275,2025-02-13 13:14:10,New Delhi,560051,Android
CUST_11239,Vikram Rao,vikram.rao30@hotmail.com,,2026-06-07 06:30:01,Bengaluru,560006,Android
CUST_10023,Avani Nair,avani.nair29@yahoo.com,+91-7734182868,2024-04-23 23:32:20,Mumbai,560022,Android
CUST_12650,Anika Kumar,anika.kumar38@gmail.com,9009967397,2024-05-06 15:29:16,Delhi,560056,iOS
CUST_14196,Sai Kulkarni,sai.kulkarni28@yahoo.com,+91-9855462767,2024-03-26 03:28:15,mumbai,560062,Android
CUST_14833,Sneha Das,sneha.das65@yahoo.com,+91-9010579729,2024-07-08 23:13:54,Mumbai,560055,iOS
CUST_10757,Reyansh Gupta,reyansh.gupta41@outlook.com,9813438925,2025-03-12 10:32:34,Hyderabad,560020,iOS
CUST_10735,Aadhya Shah,aadhya.shah68@hotmail.com,8152574890,2026-05-29 07:23:53,blr,560069,iOS
CUST_14342,Neha Shah,neha.shah69@yahoo.com,9483959567,2024-10-14 18:39:06,blr,560084,Android
CUST_13386,Sai Verma,sai.verma52@outlook.com,7133059118,2026-05-25 14:33:06,Mumbai,560074,iOS
CUST_13476,Sneha Sharma,sneha.sharma24@yahoo.com,9336411367,2026-03-23 20:50:10,New Delhi,560024,Android
CUST_13140,Rahul Bhat,rahul.bhat15@gmail.com,+91-7256884011,2025-01-31 02:34:58,Gurgaon,560016,iOS
CUST_10720,Anika Sharma,anika.sharma83@outlook.com,+91-7476345032,2024-12-06 09:12:29,Gurugram,560057,Android
CUST_12383,Anika Agarwal,anika.agarwal19@yahoo.com,9020029455,2025-01-19 00:39:45,Delhi,560061,Android
CUST_13398,Rohan Banerjee,rohan.banerjee23@yahoo.com,8565495590,2025-07-27 09:51:57,Bangalore,560012,Android
CUST_10426,Pari Chowdhury,pari.chowdhury74@gmail.com,7261144490,2024-04-21 10:44:57,Bangalore,560095,Android
CUST_13776,Suresh Joshi,suresh.joshi19@hotmail.com,8097011203,2025-03-08 08:20:38,blr,560020,Android
CUST_14241,Neha Verma,neha.verma65@yahoo.com,08736540233,2024-02-04 16:21:07,Gurgaon,560087,iOS
CUST_14265,Arjun Das,arjun.das95@gmail.com,,2024-06-03 07:29:56,Bangalore,560008,Android
CUST_13206,Rohan Rao,rohan.rao43@outlook.com,8253858705,2025-11-30 11:19:31,BANGALORE,560066,iOS
CUST_14432,Vivaan Agarwal,vivaan.agarwal51@yahoo.com,8576074022,2025-12-23 06:25:59,blr,560088,iOS
CUST_10161,Rahul Mehta,  rahul.mehta50@hotmail.com  ,7028890238,2025-12-16 15:26:40,BANGALORE,560003,iOS
CUST_12441,Navya Rao,navya.rao20@outlook.com,+91-9238074276,2024-11-04 05:38:45,Gurgaon,560081,iOS
CUST_12501,Avani Bhat,avani.bhat69@hotmail.com,7827440020,2026-07-07 20:39:13,BANGALORE,560002,Android
CUST_14148,Rohan Kulkarni,rohan.kulkarni86@hotmail.com,7222339818,2024-04-23 04:50:04,Bangalore,560064,iOS
CUST_12450,Rohan Gupta,rohan.gupta95@outlook.com,08961710542,2024-01-16 14:05:26,New Delhi,560041,Android
CUST_10420,Rahul Kumar,rahul.kumar49@yahoo.com,9338062656,2025-12-08 20:23:57,Gurugram,560019,iOS
CUST_10284,Rahul Rao,rahul.rao69@outlook.com,8403925038,2026-08-23 14:55:34,Bangalore,560004,Android
CUST_13816,Pari Bhat,pari.bhat84@outlook.com,9028553557,2026-07-23 10:44:40,blr,560088,iOS
CUST_10924,Aditya Banerjee,aditya.banerjee93@outlook.com,+91-8576978300,2026-04-08 01:34:28,Bangalore,560092,iOS
CUST_14531,Avani Bhat,avani.bhat59@yahoo.com,+91-8779724914,2025-07-31 07:23:19,blr,560078,Android
CUST_12242,Ishaan Sharma,ishaan.sharma46@outlook.com,7005250264,2024-12-15 17:39:45,blr,560096,Android
CUST_13340,Diya Verma,diya.verma86@yahoo.com,9580493337,2024-07-09 22:36:45,Bangalore,560053,Android
CUST_11273,Arjun Joshi,arjun.joshi93@yahoo.com,9863499558,2025-03-20 05:35:17,Delhi,560046,iOS
CUST_13716,Ishaan Joshi,ishaan.joshi39@yahoo.com,7010395346,2025-10-09 20:08:58,Hyderabad,560033,Android
CUST_11589,Aarav Sharma,  aarav.sharma84@hotmail.com  ,,2025-04-04 10:19:36,Bengaluru,560100,Android
CUST_10185,Ayaan Nair,ayaan.nair93ATgmail.com,+91-7026875971,2025-03-26 11:13:28,blr,560100,Android
CUST_10437,Sai Banerjee,sai.banerjee30@gmail.com,+91-9427220067,2026-03-28 13:03:48,Gurgaon,560091,Android
CUST_10302,Priya Agarwal,priya.agarwal71@hotmail.com,7261481948,2025-07-07 17:34:34,blr,,iOS
CUST_13549,Priya Kulkarni,priya.kulkarni73@yahoo.com,7035921740,2026-08-23 19:36:08,mumbai,560068,Android
CUST_11915,Rohan Rao,rohan.rao95@gmail.com,8714781914,2024-07-22 09:53:06,Bengaluru,560061,iOS
CUST_13564,Anika Deshmukh,anika.deshmukh74@hotmail.com,9441361208,2025-07-01 11:56:23,Bangalore,560003,Android
CUST_10496,Ayaan Patel,ayaan.patel64@outlook.com,8915847380,2026-05-05 17:35:09,New Delhi,560100,Android
CUST_12244,Vihaan Gupta,vihaan.gupta41@outlook.com,+91-7612934448,2024-02-01 08:51:27,blr,560098,Web
CUST_10277,Aditya Joshi,aditya.joshi43@outlook.com,7802277237,2024-04-26 02:58:35,New Delhi,560022,Web
CUST_13850,Reyansh Mehta,reyansh.mehta48@yahoo.com,8621954945,2026-02-09 00:05:11,Hyderabad,560056,Android
CUST_10160,Ishaan Chowdhury,ishaan.chowdhury97@hotmail.com,7565365414,2024-11-23 17:15:34,Gurugram,560001,
CUST_13939,Navya Deshmukh,updated_navya.deshmukh28@hotmail.com,9693749859,2025-11-10 00:19:52,Bangalore,560007,iOS
CUST_13047,Sneha Deshmukh,sneha.deshmukh11@outlook.com,9271507717,2025-03-02 12:03:36,Gurugram,560067,Android
CUST_14603,Anika Patel,anika.patel47@outlook.com,8848068225,2025-11-06 07:29:04,Delhi,560065,iOS
CUST_11161,Angel Shah,angel.shah65@gmail.com,09966670959,2026-04-30 01:58:40,mumbai,560016,Android
CUST_13865,Sai Agarwal,sai.agarwal89@outlook.com,9278248968,2026-07-23 06:04:06,BANGALORE,560033,Android
CUST_14159,Anika Mehta,anika.mehta60@yahoo.com,7063488815,2025-08-07 21:45:28,Bengaluru,560007,
CUST_14588,Saanvi Shah,saanvi.shah22@gmail.com,7141806799,2024-09-11 20:23:05,Gurgaon,560058,Android
CUST_11720,Rahul Mishra,rahul.mishra23@gmail.com,+91-9993115781,2026-01-01 05:32:07,BANGALORE,560024,Android
CUST_12838,Reyansh Patel,reyansh.patel73@yahoo.com,INVALID_PHONE,2026-01-17 00:18:08,blr,560023,Android
CUST_12420,Rohan Joshi,rohan.joshi58AThotmail.com,7989823441,2026-01-31 15:00:45,BANGALORE,560037,Android
CUST_13594,Rohan Shah,rohan.shah90@yahoo.com,8008173750,2024-03-06 11:10:53,Bangalore,560075,Android
CUST_11642,Aadhya Reddy,updated_aadhya.reddy50@hotmail.com,8881857851,2024-08-23 08:46:16,Gurgaon,560049,Android
CUST_10221,Angel Chowdhury,angel.chowdhury49@hotmail.com,7034853008,2024-12-16 17:02:36,Gurugram,560088,iOS
CUST_12313,Sneha Gupta,sneha.gupta67@yahoo.com,7120951761,2024-06-19 16:17:40,Bangalore,560042,iOS
CUST_12494,Ishaan Kumar,ishaan.kumar99@hotmail.com,7641203428,2024-10-02 21:24:26,Gurugram,,Web
CUST_14108,Sai Banerjee,sai.banerjee39@gmail.com,8057991730,2025-06-29 08:30:09,BANGALORE,560008,Android
CUST_11126,Myra Verma,updated_myra.verma48@gmail.com,,2024-03-06 01:49:44,Hyderabad,560014,iOS
CUST_12272,Aditya Banerjee,aditya.banerjee55@gmail.com,7453799085,2025-03-29 04:41:25,Bangalore,560074,iOS
CUST_13219,Ananya Patel,ananya.patel68@outlook.com,7272770806,2025-02-04 09:27:28,Gurugram,,
CUST_14406,Saanvi Kumar,saanvi.kumar83@hotmail.com,8447984505,2024-04-24 08:53:28,BANGALORE,560048,iOS
CUST_14033,Diya Gupta,diya.gupta26@gmail.com,7587144163,2024-06-22 14:26:11,mumbai,560066,Android
CUST_13767,Ishaan Rao,ishaan.rao89ATgmail.com,9152581633,2026-05-13 07:57:18,Hyderabad,560087,Android
CUST_12736,Neha Bhat,neha.bhat17@hotmail.com,9417152760,2024-06-13 05:58:55,Gurugram,560068,Android
CUST_14276,Ayaan Rao,AYAAN.RAO88@HOTMAIL.COM,7357781152,2024-10-07 18:18:39,Gurgaon,560042,Android
CUST_10155,Reyansh Deshmukh,reyansh.deshmukh17AToutlook.com,+91-8519815008,2026-01-07 20:31:26,Delhi,560019,iOS
CUST_11606,Myra Reddy,myra.reddy33AThotmail.com,8681936367,2026-06-22 11:14:20,Delhi,560019,Android
CUST_14493,Myra Chowdhury,myra.chowdhury93@yahoo.com,8950483186,2024-04-12 11:38:49,mumbai,560058,Android
CUST_13632,Kavita Agarwal,kavita.agarwal98@yahoo.com,,2025-08-05 04:17:31,Gurgaon,560031,Android
CUST_11276,Arjun Agarwal,arjun.agarwal71@gmail.com,INVALID_PHONE,2024-06-25 21:55:50,mumbai,560060,iOS
CUST_12715,Kavita Mehta,kavita.mehta57@yahoo.com,8566496583,2024-03-04 12:25:12,Mumbai,560024,Web
CUST_14264,Ananya Kulkarni,ananya.kulkarni96@hotmail.com,INVALID_PHONE,2025-04-20 19:07:20,BANGALORE,560045,Android
CUST_12315,Angel Deshmukh,angel.deshmukh60@yahoo.com,8674069108,2024-10-25 11:50:21,Gurugram,560084,Android
CUST_13314,Navya Mishra,navya.mishra77@gmail.com,9447940461,2026-07-03 09:06:09,New Delhi,560086,Android
CUST_10982,Kavita Patel,kavita.patel63@yahoo.com,7354946684,2026-07-24 05:26:56,New Delhi,560052,Android
CUST_10116,Aditya Joshi,aditya.joshi18@hotmail.com,09275219907,2025-06-16 16:33:13,Hyderabad,,Android
CUST_13666,Arjun Deshmukh,arjun.deshmukh48@hotmail.com,+91-7586953179,2026-03-12 13:37:13,mumbai,560063,iOS
CUST_13186,Aadhya Patel,aadhya.patel60@yahoo.com,8901733829,2025-01-23 12:12:49,New Delhi,,Android
CUST_11179,Aadhya Bhat,aadhya.bhat75@outlook.com,9304913884,2026-05-14 12:00:43,Bangalore,560086,Android
CUST_10648,Vivaan Joshi,vivaan.joshi95ATyahoo.com,8638486685,2025-08-02 15:30:08,Gurgaon,560036,iOS
CUST_11112,Saanvi Das,saanvi.das39@gmail.com,+91-7137216882,2025-09-08 06:36:56,Mumbai,560060,Android
CUST_14496,Rahul Patel,rahul.patel53@yahoo.com,09755476678,2024-07-20 20:28:33,Bengaluru,560050,iOS
CUST_10734,Priya Mehta,priya.mehta69@hotmail.com,,2024-03-16 14:20:25,mumbai,,Android
CUST_14481,Ayaan Sharma,ayaan.sharma61ATyahoo.com,7125458787,2024-12-30 17:43:30,Gurugram,560048,iOS
CUST_13934,Pooja Rao,pooja.rao71@gmail.com,8515016903,2026-08-09 04:53:31,Mumbai,560092,Android
CUST_11939,Avani Singh,avani.singh56@outlook.com,9944560544,2025-12-26 18:36:13,blr,560076,Android
CUST_12239,Rohan Reddy,rohan.reddy79@outlook.com,7184055218,2025-03-13 19:16:33,Bengaluru,560066,Android
CUST_11255,Ananya Verma,ananya.verma24@yahoo.com,9382870452,2024-12-05 00:28:31,blr,560006,iOS
CUST_12958,Aditya Mishra,aditya.mishra58@gmail.com,8354654356,2025-11-08 10:55:19,Gurgaon,560003,Android
CUST_10841,Krishna Rao,krishna.rao96@outlook.com,9363655643,2024-09-09 07:35:42,Gurgaon,560021,iOS
CUST_11820,Arjun Singh,arjun.singh42@yahoo.com,9252355590,2025-08-08 21:08:19,blr,560055,iOS
CUST_13014,Krishna Nair,krishna.nair63@gmail.com,09850519243,2026-08-11 22:21:29,Delhi,560083,iOS
CUST_14571,Arjun Nair,arjun.nair37@yahoo.com,+91-7086997991,2024-02-21 19:51:07,Hyderabad,560054,Android
CUST_11846,Angel Mishra,updated_angel.mishra93@gmail.com,+91-9360311082,2024-07-23 18:37:05,Bangalore,560093,Web
CUST_10855,Avani Gupta,avani.gupta21@hotmail.com,9870936359,2024-12-05 09:49:39,Delhi,560004,iOS
CUST_13302,Vivaan Nair,vivaan.nair46@hotmail.com,08366852221,2026-08-15 01:10:34,Mumbai,560081,Android
CUST_14937,Arjun Banerjee,arjun.banerjee92@outlook.com,+91-9226715826,2024-01-01 23:22:50,Gurugram,560088,iOS
CUST_11602,Krishna Kulkarni,  krishna.kulkarni47@hotmail.com  ,+91-7493056844,2024-10-29 18:42:50,Hyderabad,560029,Android
CUST_12505,Saanvi Mishra,saanvi.mishra90@hotmail.com,+91-8265551829,2026-04-07 06:52:12,Gurgaon,560090,Android
CUST_12436,Suresh Mishra,  suresh.mishra72@yahoo.com  ,+91-9229075789,2025-10-22 02:44:46,Bengaluru,560033,Android
CUST_14697,Rohan Rao,rohan.rao31@outlook.com,7707324109,2025-07-14 08:33:53,Hyderabad,560007,Android
CUST_14700,Kavita Rao,kavita.rao16@outlook.com,7093115850,2024-08-07 18:40:49,mumbai,560012,Android
CUST_10318,Amit Chowdhury,amit.chowdhury53@yahoo.com,08190496998,2026-05-16 10:46:24,blr,560053,Android
CUST_10447,Anika Mehta,anika.mehta56@gmail.com,7672525154,2026-06-18 04:21:50,Gurgaon,560060,Android
CUST_11269,Reyansh Agarwal,reyansh.agarwal44@outlook.com,09403917322,2024-05-13 06:28:35,Gurugram,560027,Android
CUST_12518,Rohan Sharma,rohan.sharma57@hotmail.com,07237861306,2026-08-13 07:05:27,Gurgaon,560031,iOS
CUST_11648,Aarav Nair,aarav.nair73@gmail.com,8574589497,2025-04-19 15:03:55,Hyderabad,560027,iOS
CUST_14987,Rohan Agarwal,rohan.agarwal16@yahoo.com,9457058781,2024-02-15 18:53:30,New Delhi,560085,Android
CUST_10726,Rohan Chowdhury,rohan.chowdhury66@outlook.com,9286167917,2024-08-07 23:21:24,New Delhi,560060,iOS
CUST_14456,Ishaan Singh,ishaan.singh79@gmail.com,09388286985,2025-08-18 10:16:09,mumbai,560050,Android
CUST_12529,Avani Kumar,avani.kumar16@gmail.com,8135984315,2025-06-05 09:20:16,Bangalore,560049,iOS
CUST_10864,Krishna Mishra,krishna.mishra53@yahoo.com,,2025-05-29 08:59:49,Gurugram,,iOS
CUST_14880,Krishna Singh,krishna.singh29@outlook.com,+91-9658771847,2025-11-14 21:14:04,mumbai,560031,Android
CUST_10630,Pooja Nair,pooja.nair29@outlook.com,8138279943,2026-05-25 23:54:14,Hyderabad,560061,Android
CUST_13963,Aditya Sharma,aditya.sharma51@outlook.com,+91-7508617313,2026-01-15 10:53:36,Bangalore,560096,iOS
CUST_10261,Diya Sharma,diya.sharma33@outlook.com,,2025-12-23 20:27:42,Gurugram,560100,Android
CUST_10307,Arjun Sharma,arjun.sharma15@yahoo.com,+91-9459581355,2026-02-03 13:09:16,mumbai,560050,iOS
CUST_11824,Aarav Banerjee,aarav.banerjee82@outlook.com,8714962339,2024-01-11 12:30:40,blr,560047,Android
CUST_13869,Ishaan Joshi,ishaan.joshi50@hotmail.com,8340798189,2024-12-05 19:10:47,mumbai,560067,iOS
CUST_13612,Avani Reddy,avani.reddy55@gmail.com,,2024-12-31 03:04:38,New Delhi,560078,Android
CUST_11358,Amit Rao,amit.rao91@gmail.com,7654985301,2025-09-09 20:01:29,Bangalore,560049,Android
CUST_12688,Avani Rao,avani.rao63@hotmail.com,9963929215,2025-09-20 17:53:18,Hyderabad,560092,Android
CUST_14238,Diya Agarwal,diya.agarwal94@gmail.com,8788807124,2025-01-04 05:16:34,blr,560081,Android
CUST_14275,Sai Joshi,updated_sai.joshi88@gmail.com,9893995412,2026-02-27 16:59:43,Bengaluru,560047,iOS
CUST_12334,Rohan Banerjee,rohan.banerjee81@outlook.com,7136569355,2024-04-16 09:10:11,BANGALORE,560091,iOS
CUST_12156,Diya Agarwal,diya.agarwal26@outlook.com,9303717655,2026-02-19 03:14:43,blr,560044,iOS
CUST_12243,Diya Nair,updated_diya.nair67@hotmail.com,+91-7919093859,2025-10-23 11:28:44,Delhi,560004,Android
CUST_12240,Sai Das,sai.das47@gmail.com,7534464557,2024-11-01 16:51:22,New Delhi,560079,
CUST_13441,Ishaan Agarwal,ishaan.agarwal37@hotmail.com,9612632124,2025-06-01 11:48:54,Gurugram,560024,Android
CUST_14710,Myra Sharma,myra.sharma81@gmail.com,8794826544,2024-08-14 09:40:08,Delhi,560057,Android
CUST_14017,Anika Gupta,ANIKA.GUPTA34@HOTMAIL.COM,+91-7996013774,2025-09-10 14:43:45,BANGALORE,560025,iOS
CUST_10253,Suresh Reddy,suresh.reddy25@yahoo.com,7919546031,2025-06-08 21:30:29,Bengaluru,560070,iOS
CUST_13853,Arjun Rao,arjun.rao12@gmail.com,7060819857,2026-03-13 08:19:29,Bangalore,560039,iOS
CUST_13788,Ishaan Shah,ishaan.shah99@outlook.com,08696389509,2026-02-25 13:33:28,New Delhi,560006,Android
CUST_11721,Pari Rao,pari.rao92@yahoo.com,,2024-06-23 23:10:09,BANGALORE,560043,Android
CUST_14235,Vivaan Kulkarni,vivaan.kulkarni48@gmail.com,8587986592,2025-03-20 00:54:43,Mumbai,560027,Android
CUST_11332,Myra Mehta,updated_myra.mehta80@hotmail.com,7610266516,2024-05-16 09:17:40,Hyderabad,560028,Android
CUST_11946,Aditya Patel,aditya.patel55@yahoo.com,08968536172,2024-03-10 18:03:23,Bengaluru,560064,Android
CUST_13624,Vivaan Chowdhury,vivaan.chowdhury77@hotmail.com,8371459948,2024-12-08 21:59:52,BANGALORE,560046,Android
CUST_13006,Myra Bhat,myra.bhat52@gmail.com,,2026-08-20 02:45:20,Gurugram,560061,Android
CUST_13644,Navya Patel,navya.patel59@yahoo.com,9759039920,2025-09-28 22:17:09,Bangalore,560036,iOS
CUST_12794,Aarav Das,aarav.das61@gmail.com,9594092038,2025-02-15 16:40:25,Gurugram,560019,iOS
CUST_12805,Aarav Deshmukh,aarav.deshmukh21@yahoo.com,8455997895,2025-07-31 16:44:27,Bengaluru,560013,iOS
CUST_10294,Pooja Shah,pooja.shah28@hotmail.com,INVALID_PHONE,2025-07-26 01:07:58,BANGALORE,560041,iOS
CUST_10551,Sneha Nair,sneha.nair52@outlook.com,INVALID_PHONE,2025-07-31 21:25:01,Mumbai,560074,Android
CUST_10380,Diya Deshmukh,diya.deshmukh85@hotmail.com,8814450982,2025-05-23 17:23:20,mumbai,560005,Android
CUST_12195,Aditya Kulkarni,aditya.kulkarni10@outlook.com,08980145442,2026-01-26 18:06:33,BANGALORE,560095,Android
CUST_10854,Amit Shah,amit.shah78@outlook.com,+91-8859080177,2025-07-29 13:18:12,Gurugram,560034,iOS
CUST_12178,Angel Rao,angel.rao59@hotmail.com,,2024-12-18 06:27:08,mumbai,560047,Android
CUST_13602,Amit Joshi,amit.joshi44@hotmail.com,8744207811,2024-12-11 15:27:50,New Delhi,560088,iOS
CUST_12890,Neha Rao,neha.rao51@outlook.com,7737692165,2024-10-30 13:25:07,New Delhi,560085,iOS
CUST_13803,Rahul Joshi,rahul.joshi98@outlook.com,INVALID_PHONE,2024-07-11 21:22:25,Bengaluru,560012,Android
CUST_10149,Vihaan Verma,vihaan.verma13@outlook.com,8362880046,2026-02-10 04:08:35,mumbai,,Android
CUST_13037,Sai Deshmukh,SAI.DESHMUKH26@HOTMAIL.COM,9639357192,2025-07-07 12:54:00,blr,560070,Android
CUST_10094,Anika Sharma,anika.sharma66@yahoo.com,8152436119,2025-09-05 03:47:51,New Delhi,560068,Android
CUST_11995,Neha Reddy,neha.reddy53@outlook.com,9279852373,2024-01-08 23:43:17,New Delhi,560069,iOS
CUST_14305,Reyansh Kumar,reyansh.kumar93@gmail.com,8290960691,2025-07-19 14:49:14,Bangalore,560098,Web
CUST_14299,Navya Deshmukh,navya.deshmukh98@hotmail.com,08273619927,2025-12-04 04:10:19,New Delhi,560073,Web
CUST_11601,Avani Bhat,avani.bhat85@outlook.com,8528026952,2026-06-25 09:22:51,Mumbai,560056,Android
CUST_10670,Rohan Chowdhury,rohan.chowdhury42@gmail.com,8852591204,2025-10-25 19:35:33,blr,560023,Android
CUST_10765,Arjun Mehta,arjun.mehta11@gmail.com,7622024417,2025-03-03 16:07:00,Delhi,560054,Android
CUST_11496,Ayaan Rao,  ayaan.rao88@outlook.com  ,7121626495,2024-01-12 21:14:39,New Delhi,560038,Web
CUST_13269,Rahul Deshmukh,rahul.deshmukh18@yahoo.com,8653040321,2024-07-12 02:03:00,blr,560006,iOS
CUST_10000,Rohan Patel,rohan.patel21@gmail.com,09345589336,2025-08-09 06:29:27,Delhi,560081,Android
CUST_13902,Anika Deshmukh,anika.deshmukh97@yahoo.com,9274748071,2024-08-24 12:49:41,Bengaluru,560001,iOS
CUST_14752,Sneha Shah,sneha.shah96@hotmail.com,8087173352,2026-01-21 16:31:46,mumbai,,Android
CUST_14670,Arjun Rao,arjun.rao47@hotmail.com,8632042128,2024-06-27 01:59:15,Gurugram,560075,Android
CUST_11809,Vihaan Singh,vihaan.singh47@yahoo.com,8724272152,2026-01-01 14:53:15,Delhi,560018,iOS
CUST_12876,Neha Gupta,updated_neha.gupta45@gmail.com,9374965580,2024-04-08 09:26:53,Mumbai,560075,iOS
CUST_11036,Amit Banerjee,updated_amit.banerjee10@outlook.com,7002791858,2025-11-06 16:50:13,Delhi,560014,Android
CUST_12926,Saanvi Kulkarni,updated_saanvi.kulkarni45@outlook.com,+91-8431683379,2024-09-06 14:07:45,Hyderabad,560065,Android
CUST_14461,Arjun Mishra,arjun.mishra93@gmail.com,9538563061,2024-01-02 13:24:32,Bengaluru,560086,Android
CUST_12644,Amit Reddy,amit.reddy62@yahoo.com,09276801413,2025-02-24 11:05:59,Delhi,560038,Android
CUST_12096,Pari Rao,pari.rao24@gmail.com,+91-9198525309,2025-11-15 01:54:38,Bengaluru,560048,Android
CUST_13581,Aadhya Reddy,aadhya.reddy57@outlook.com,+91-7069964958,2026-07-08 01:19:47,Bangalore,560051,Android
CUST_13586,Angel Kumar,angel.kumar62@outlook.com,INVALID_PHONE,2025-09-27 04:12:03,Gurugram,560074,Android
CUST_13197,Rohan Kumar,rohan.kumar28@gmail.com,7686070567,2024-09-01 12:32:58,Delhi,560064,Web
CUST_12345,Sneha Nair,  sneha.nair66@gmail.com  ,9418435096,2024-07-20 06:26:51,Mumbai,560042,Android
CUST_11929,Anika Gupta,anika.gupta35@hotmail.com,+91-8151554074,2024-06-09 03:46:59,Hyderabad,560055,Android
CUST_14799,Neha Deshmukh,updated_neha.deshmukh23@hotmail.com,8921476817,2026-08-05 12:02:44,Hyderabad,560052,Android
CUST_11286,Rahul Shah,updated_rahul.shah27@yahoo.com,9144818590,2025-02-26 23:53:22,Bangalore,560075,Web
CUST_13470,Amit Verma,amit.verma29@yahoo.com,+91-7349760224,2025-08-20 09:01:50,blr,560040,iOS
CUST_11671,Navya Chowdhury,navya.chowdhury83@outlook.com,8491957656,2024-03-01 09:36:06,Delhi,560020,Android
CUST_11049,Vihaan Banerjee,vihaan.banerjee79@gmail.com,8459362422,2024-10-03 06:45:35,New Delhi,560100,iOS
CUST_14662,Ananya Das,ananya.das20@yahoo.com,8055093684,2025-07-25 06:25:42,mumbai,560029,iOS
CUST_12172,Pooja Kulkarni,updated_pooja.kulkarni75@hotmail.com,+91-9821763258,2026-04-30 06:39:14,blr,560084,iOS
CUST_12719,Navya Rao,navya.rao18@gmail.com,09639104873,2025-01-19 14:41:27,mumbai,,iOS
CUST_14232,Priya Banerjee,priya.banerjee22@hotmail.com,8428143717,2024-12-29 13:40:06,BANGALORE,560062,Android
CUST_11184,Sai Joshi,sai.joshi31@yahoo.com,9812489271,2025-04-26 01:22:40,blr,560016,iOS
CUST_12532,Vihaan Rao,vihaan.rao60@yahoo.com,8396303757,2026-03-20 03:59:22,BANGALORE,560033,Android
CUST_11634,Myra Reddy,myra.reddy92@gmail.com,7140314598,2024-03-28 02:13:56,BANGALORE,560002,iOS
CUST_13680,Neha Bhat,neha.bhat85@yahoo.com,9963714505,2025-12-02 10:05:12,Gurgaon,560074,Android
CUST_14564,Amit Patel,amit.patel23@yahoo.com,07620188579,2024-12-29 04:18:57,blr,,iOS
CUST_13153,Anika Chowdhury,anika.chowdhury62@gmail.com,8824526913,2024-08-08 08:42:32,New Delhi,560055,
CUST_13378,Priya Banerjee,priya.banerjee42@yahoo.com,8405420632,2026-07-03 23:07:51,blr,560035,Android
CUST_11479,Sneha Patel,sneha.patel99@outlook.com,9863298050,2025-08-30 12:11:22,Mumbai,560073,iOS
CUST_10908,Rohan Patel,updated_rohan.patel36@yahoo.com,9770172451,2024-09-15 17:54:27,New Delhi,560070,iOS
CUST_12150,Anika Mehta,anika.mehta22@yahoo.com,7686662033,2024-11-07 08:27:50,Gurgaon,560013,Web
CUST_13046,Vivaan Deshmukh,updated_VIVAAN.DESHMUKH60@HOTMAIL.COM,8803336594,2024-03-03 13:02:21,Delhi,,iOS
CUST_11498,Priya Bhat,priya.bhat89@gmail.com,9278127457,2025-04-20 09:46:11,Bangalore,560070,iOS
CUST_13069,Angel Rao,angel.rao65@gmail.com,+91-7859206631,2024-09-04 10:41:30,BANGALORE,560014,Android
CUST_14444,Vivaan Kulkarni,vivaan.kulkarni80@hotmail.com,7014733383,2026-04-10 23:43:00,mumbai,560040,Android
CUST_14521,Suresh Kumar,suresh.kumar54@hotmail.com,9961253040,2024-02-08 13:52:29,Gurgaon,560045,Android
CUST_13800,Ananya Singh,ananya.singh44@gmail.com,,2025-07-21 08:54:20,Hyderabad,560086,Android
CUST_12411,Suresh Agarwal,suresh.agarwal72@hotmail.com,7470451217,2025-04-01 21:32:13,Bengaluru,560006,Android
CUST_14875,Aarav Mehta,  aarav.mehta38@hotmail.com  ,09911173914,2024-01-07 19:39:53,Bangalore,560090,Android
CUST_11727,Priya Kumar,priya.kumar45@yahoo.com,7968666677,2024-04-22 00:46:39,Mumbai,560034,Android
CUST_13000,Sneha Gupta,sneha.gupta30@gmail.com,9052246801,2024-03-14 01:33:02,Mumbai,560010,Android
CUST_11840,Vihaan Shah,vihaan.shah16@outlook.com,8744835933,2024-08-18 16:32:38,New Delhi,560024,Android
CUST_13702,Pari Gupta,pari.gupta18@outlook.com,7148404875,2024-01-17 13:28:17,BANGALORE,560057,iOS
CUST_11332,Myra Mehta,myra.mehta80@hotmail.com,7610266516,2024-05-16 09:17:40,Hyderabad,560028,Android
CUST_12504,Diya Banerjee,updated_diya.banerjee51@gmail.com,,2025-09-30 11:41:42,Gurugram,560024,Android
CUST_14823,Vikram Patel,vikram.patel17@yahoo.com,INVALID_PHONE,2024-08-05 01:12:52,BANGALORE,560008,Android
CUST_12330,Kavita Mehta,kavita.mehta29@gmail.com,7641278497,2025-01-08 16:49:38,Bangalore,560050,Android
CUST_12751,Angel Kulkarni,ANGEL.KULKARNI53@HOTMAIL.COM,+91-9147656527,2024-06-24 22:33:00,Gurugram,560043,
CUST_10211,Reyansh Joshi,reyansh.joshi26ATgmail.com,8236578071,2025-06-16 07:12:05,Bengaluru,560057,Android
CUST_14683,Priya Kulkarni,priya.kulkarni10@hotmail.com,08838118375,2026-07-02 19:04:27,mumbai,560071,iOS
CUST_12059,Sneha Chowdhury,sneha.chowdhury45@hotmail.com,+91-8325056770,2025-09-07 02:33:32,Mumbai,560081,Android
CUST_12580,Kavita Singh,kavita.singh11@yahoo.com,8530212365,2025-11-05 17:27:22,Gurgaon,560063,Android
CUST_11941,Neha Mishra,neha.mishra53@yahoo.com,INVALID_PHONE,2025-05-04 15:07:40,Mumbai,560025,Android
CUST_10331,Pari Singh,pari.singh55@outlook.com,9835463608,2026-05-31 15:30:42,blr,560020,iOS
CUST_13096,Ananya Reddy,ananya.reddy41@outlook.com,9151706278,2024-08-29 05:03:19,Bengaluru,560042,Web
CUST_10777,Amit Kulkarni,amit.kulkarni36@outlook.com,8123790065,2025-12-06 07:36:34,New Delhi,560030,iOS
CUST_13432,Suresh Joshi,suresh.joshi34@yahoo.com,INVALID_PHONE,2025-07-19 00:47:31,Bengaluru,560062,iOS
CUST_12509,Reyansh Sharma,reyansh.sharma92@gmail.com,7460346933,2025-07-30 12:41:02,Mumbai,560081,iOS
CUST_10017,Diya Nair,diya.nair69@yahoo.com,9132298376,2025-11-12 08:26:41,mumbai,560082,Android
CUST_13389,Vihaan Verma,vihaan.verma87@hotmail.com,7439396213,2024-06-26 07:16:59,New Delhi,560049,Android
CUST_12620,Pari Gupta,pari.gupta65@hotmail.com,9543594204,2024-09-15 08:33:19,Mumbai,560016,
CUST_13265,Reyansh Chowdhury,reyansh.chowdhury10@gmail.com,+91-8799369554,2024-07-29 00:52:25,mumbai,560061,Android
CUST_12782,Diya Bhat,diya.bhat58@gmail.com,+91-9272097066,2026-02-13 11:38:15,Mumbai,,iOS
CUST_11888,Aarav Gupta,aarav.gupta13@hotmail.com,7961238390,2024-02-02 22:16:00,Delhi,560098,iOS
CUST_14617,Ananya Das,updated_ananya.das30@yahoo.com,+91-8653866299,2024-06-20 15:40:30,New Delhi,560085,iOS
CUST_14819,Rahul Reddy,rahul.reddy15@gmail.com,7179033218,2025-11-06 21:30:47,New Delhi,560045,iOS
CUST_12159,Vivaan Banerjee,  vivaan.banerjee53@hotmail.com  ,9111767152,2024-05-24 18:22:06,Delhi,560066,iOS
CUST_12910,Navya Kulkarni,navya.kulkarni64@outlook.com,9494926164,2024-04-22 19:28:56,Mumbai,560046,iOS
CUST_13707,Rohan Mehta,  rohan.mehta80@gmail.com  ,7161463127,2025-05-09 21:23:00,BANGALORE,560011,iOS
CUST_13116,Reyansh Reddy,reyansh.reddy15@outlook.com,,2026-06-27 12:49:06,BANGALORE,560074,iOS
CUST_13175,Angel Shah,updated_angel.shah30@yahoo.com,8717149150,2025-06-03 10:34:35,Hyderabad,560085,Android
CUST_12993,Pooja Banerjee,pooja.banerjee94@hotmail.com,8860970669,2026-01-19 22:26:40,BANGALORE,560019,Web
CUST_10761,Diya Kumar,updated_diya.kumar43@outlook.com,INVALID_PHONE,2026-04-16 01:17:46,Gurugram,560088,
CUST_10232,Vikram Kulkarni,vikram.kulkarni63@outlook.com,INVALID_PHONE,2024-12-12 10:10:06,BANGALORE,560077,Android
CUST_14482,Pooja Sharma,pooja.sharma42@yahoo.com,+91-9321212528,2026-02-19 17:16:25,Bengaluru,560090,iOS
CUST_12457,Anika Verma,anika.verma87@yahoo.com,9351980659,2025-12-27 17:59:03,Bengaluru,560047,Android
CUST_12761,Priya Joshi,priya.joshi47@hotmail.com,8273487222,2024-07-26 02:43:54,BANGALORE,560057,iOS
CUST_12587,Avani Sharma,  avani.sharma48@outlook.com  ,+91-9630491866,2026-02-12 21:36:32,New Delhi,,Android
CUST_12610,Kavita Singh,kavita.singh12@outlook.com,+91-9625516807,2024-09-24 02:58:53,Bangalore,560040,iOS
CUST_14775,Krishna Kumar,krishna.kumar88AToutlook.com,+91-8425080002,2024-11-12 10:02:36,Bangalore,560058,Android
CUST_11639,Pooja Gupta,pooja.gupta18@outlook.com,7657089786,2026-01-24 19:20:52,Bengaluru,560087,iOS
CUST_13207,Rahul Nair,rahul.nair57@hotmail.com,07885823404,2025-10-12 08:56:21,Bangalore,560050,iOS
CUST_14434,Myra Bhat,myra.bhat77@gmail.com,9046169433,2026-03-13 17:40:37,mumbai,560088,Android
CUST_12753,Navya Reddy,navya.reddy52@outlook.com,8132043592,2024-12-10 06:43:51,New Delhi,560026,Android
CUST_13618,Kavita Agarwal,kavita.agarwal72@gmail.com,,2026-02-27 07:38:35,Hyderabad,560085,iOS
CUST_13544,Pooja Agarwal,POOJA.AGARWAL65@YAHOO.COM,08667570921,2025-02-16 16:03:15,Delhi,560089,Android
CUST_10124,Kavita Joshi,updated_kavita.joshi16@outlook.com,9399533390,2026-02-20 02:37:34,Gurgaon,560031,Android
CUST_11058,Sai Gupta,sai.gupta10@outlook.com,+91-7990417800,2024-09-08 08:12:51,blr,,iOS
CUST_14349,Aditya Kulkarni,aditya.kulkarni15@yahoo.com,09413003861,2025-11-23 01:37:56,Delhi,,iOS
CUST_10282,Priya Chowdhury,priya.chowdhury24@hotmail.com,9137609135,2024-12-09 02:40:26,Gurugram,560046,iOS
CUST_11279,Sneha Agarwal,updated_  sneha.agarwal21@hotmail.com  ,+91-8571289488,2025-11-24 19:43:03,Gurgaon,560097,Android
CUST_11831,Anika Singh,ANIKA.SINGH69@HOTMAIL.COM,+91-7786072383,2026-08-22 06:11:35,Gurgaon,560013,iOS
CUST_14962,Aditya Mishra,aditya.mishra54@outlook.com,7244230835,2026-01-03 23:00:05,blr,560057,Android
CUST_12544,Diya Reddy,diya.reddy22@outlook.com,7639523917,2024-11-12 00:41:28,Bangalore,560002,iOS
CUST_11758,Vihaan Rao,vihaan.rao52@outlook.com,,2024-04-02 22:30:59,Bangalore,560077,
CUST_10519,Rahul Das,rahul.das52@yahoo.com,9308552722,2024-01-16 04:44:18,blr,560037,Android
CUST_13975,Ananya Kulkarni,  ananya.kulkarni81@gmail.com  ,,2024-11-29 22:53:44,Bengaluru,560051,
CUST_11965,Anika Agarwal,anika.agarwal14@hotmail.com,09296266823,2024-02-19 02:23:09,BANGALORE,560072,Android
CUST_14893,Ishaan Banerjee,ishaan.banerjee94@gmail.com,7654291617,2024-08-09 22:07:04,Delhi,560021,iOS
CUST_12605,Vikram Agarwal,vikram.agarwal42@outlook.com,,2026-02-15 10:23:55,Gurgaon,560037,Android
CUST_11584,Navya Das,navya.das65@outlook.com,7262868920,2025-09-11 09:26:01,Bengaluru,,Android
CUST_12025,Priya Patel,priya.patel76@yahoo.com,9940911409,2025-02-08 16:19:58,Gurugram,560034,iOS
CUST_14317,Rohan Das,updated_rohan.das10@yahoo.com,07947786054,2026-07-29 07:01:42,Bangalore,560037,Android
CUST_12848,Saanvi Kumar,saanvi.kumar88@yahoo.com,08774976078,2026-05-10 05:08:13,New Delhi,560060,iOS
CUST_12739,Krishna Mehta,krishna.mehta75@outlook.com,09746596425,2026-07-01 19:41:36,New Delhi,560046,iOS
CUST_11215,Aadhya Banerjee,aadhya.banerjee68@yahoo.com,+91-9931900270,2025-04-21 13:49:36,New Delhi,560056,Web
CUST_13214,Sai Sharma,sai.sharma78@hotmail.com,7082797040,2024-09-07 18:11:09,Gurgaon,560084,iOS
CUST_10867,Aadhya Patel,aadhya.patel58@gmail.com,9245377753,2025-01-29 03:49:17,Gurugram,560038,iOS
CUST_13468,Vivaan Shah,vivaan.shah48@gmail.com,8067920310,2025-03-22 04:20:58,New Delhi,560011,Web
CUST_14999,Amit Deshmukh,amit.deshmukh43@outlook.com,7599182988,2024-05-31 00:00:17,Mumbai,560022,iOS
CUST_11155,Pooja Kulkarni,pooja.kulkarni15@yahoo.com,7908110713,2024-01-06 01:34:46,Delhi,560009,iOS
CUST_14976,Aarav Rao,aarav.rao34@yahoo.com,9669912868,2024-07-18 21:42:53,Gurgaon,560023,iOS
CUST_11960,Reyansh Deshmukh,REYANSH.DESHMUKH76@HOTMAIL.COM,07599323970,2024-05-29 01:14:36,New Delhi,560092,Android
CUST_14903,Avani Das,avani.das90@gmail.com,+91-9977612565,2025-12-04 13:31:27,Gurugram,560056,Android
CUST_11343,Krishna Mehta,krishna.mehta93@outlook.com,7482877240,2025-08-14 22:05:55,New Delhi,560095,Android
CUST_14787,Priya Gupta,priya.gupta52@outlook.com,9186014616,2024-04-14 15:05:04,mumbai,560097,iOS
CUST_14806,Krishna Shah,updated_KRISHNA.SHAH37@YAHOO.COM,9399832485,2025-03-18 02:09:02,New Delhi,560093,Android
CUST_13498,Aadhya Kumar,aadhya.kumar42@yahoo.com,7176206480,2026-01-16 14:57:00,BANGALORE,560068,iOS
CUST_12260,Ishaan Reddy,ishaan.reddy16@hotmail.com,8194944154,2025-02-02 10:41:47,Bengaluru,560087,Android
CUST_12752,Aditya Joshi,aditya.joshi98@outlook.com,8553291242,2024-04-17 08:33:01,BANGALORE,560025,iOS
CUST_10049,Suresh Verma,suresh.verma24@gmail.com,9569347712,2024-04-17 13:13:35,Gurgaon,560092,Android
CUST_12590,Vihaan Chowdhury,vihaan.chowdhury74@hotmail.com,8991143886,2026-07-18 18:31:02,Bangalore,560094,iOS
CUST_14324,Rahul Agarwal,rahul.agarwal33@outlook.com,8168697772,2026-06-05 21:46:03,Hyderabad,560053,iOS
CUST_12690,Sneha Kumar,sneha.kumar90@gmail.com,8566276315,2025-03-25 11:50:38,Gurugram,560063,Android
CUST_13691,Ishaan Singh,updated_ishaan.singh92@hotmail.com,7646598043,2024-05-10 03:39:29,Gurgaon,560079,Android
CUST_14275,Sai Joshi,sai.joshi88@gmail.com,9893995412,2026-02-27 16:59:43,Bengaluru,560047,iOS
CUST_10700,Navya Bhat,navya.bhat79@gmail.com,+91-7119180627,2024-01-04 02:49:05,blr,,Android
CUST_13599,Sai Joshi,SAI.JOSHI37@GMAIL.COM,8272739221,2024-03-08 19:17:42,blr,560061,iOS
CUST_12349,Ishaan Nair,ishaan.nair27@outlook.com,07148637167,2025-06-07 22:07:39,Gurugram,560059,Android
CUST_12289,Aadhya Shah,aadhya.shah25@outlook.com,7099609130,2024-04-03 17:13:15,mumbai,560066,iOS
CUST_13353,Anika Das,anika.das24@yahoo.com,09247373042,2025-01-24 16:16:13,mumbai,560078,Android
CUST_10206,Krishna Patel,krishna.patel91@outlook.com,8257000290,2025-07-11 15:05:56,BANGALORE,560089,iOS
CUST_11314,Angel Joshi,angel.joshi13@yahoo.com,8141151737,2024-09-03 06:38:05,Gurgaon,560019,Android
CUST_12422,Krishna Rao,krishna.rao35@outlook.com,8161440853,2025-03-24 21:48:56,New Delhi,560015,Android
CUST_10764,Kavita Kumar,kavita.kumar87@yahoo.com,,2026-01-08 10:33:09,New Delhi,560038,iOS
CUST_10649,Pooja Verma,updated_pooja.verma31@gmail.com,7191076382,2026-04-14 02:32:05,New Delhi,560068,Android
CUST_14102,Diya Verma,DIYA.VERMA67@YAHOO.COM,08505222219,2025-03-20 10:15:52,blr,560029,Android
CUST_13861,Vikram Verma,vikram.verma11@hotmail.com,+91-9649957257,2025-10-02 10:27:23,Hyderabad,560067,Android
CUST_12898,Amit Bhat,updated_amit.bhat98@gmail.com,07673783531,2025-05-08 03:17:53,blr,560075,Android
CUST_12169,Saanvi Singh,saanvi.singh96@outlook.com,8826329356,2026-03-29 03:05:30,Gurugram,560015,Android
CUST_12286,Arjun Patel,arjun.patel48@gmail.com,9674427409,2025-08-27 00:01:09,blr,560035,Android
CUST_10038,Pari Kulkarni,pari.kulkarni20@outlook.com,9294627095,2024-02-22 19:13:57,blr,560064,iOS
CUST_11455,Sneha Gupta,sneha.gupta78@yahoo.com,+91-8231898773,2025-06-12 23:42:25,Hyderabad,560050,Android
CUST_14280,Myra Mehta,  myra.mehta73@yahoo.com  ,09135040203,2025-04-26 20:04:56,mumbai,560046,iOS
CUST_11100,Saanvi Bhat,saanvi.bhat47@hotmail.com,09718212243,2025-02-20 13:34:37,Mumbai,560038,
CUST_14944,Aadhya Singh,updated_aadhya.singh60@yahoo.com,9900396934,2025-09-22 16:38:59,Hyderabad,560068,Android
CUST_10950,Navya Agarwal,navya.agarwal21@hotmail.com,+91-9466861478,2025-08-04 18:56:23,New Delhi,560027,iOS
CUST_10826,Vihaan Shah,VIHAAN.SHAH75@OUTLOOK.COM,+91-7127992106,2025-12-08 15:43:23,Hyderabad,560042,Android
CUST_14009,Neha Shah,neha.shah60@outlook.com,9309519220,2026-03-05 13:16:46,Mumbai,560057,iOS
CUST_10274,Sneha Mehta,SNEHA.MEHTA59@GMAIL.COM,7500273103,2026-08-10 18:18:04,New Delhi,560040,iOS
CUST_13683,Ananya Verma,ananya.verma51@outlook.com,,2024-10-24 17:08:04,Gurgaon,560007,iOS
CUST_11053,Rahul Kumar,rahul.kumar10@outlook.com,7554631169,2024-04-01 18:27:34,Mumbai,560087,Android
CUST_14337,Rahul Gupta,rahul.gupta78@outlook.com,8864704557,2025-08-15 12:07:38,Bengaluru,560095,iOS
CUST_14751,Kavita Chowdhury,kavita.chowdhury88@gmail.com,7543314162,2024-01-08 05:01:01,Delhi,560040,Android
CUST_14590,Priya Patel,priya.patel83@hotmail.com,9518437542,2025-12-06 12:17:08,Delhi,560007,Android
CUST_14450,Saanvi Rao,saanvi.rao44@gmail.com,+91-9025989274,2026-06-25 04:42:17,Bengaluru,,
CUST_12205,Pooja Kulkarni,pooja.kulkarni45@gmail.com,08039358422,2024-04-15 23:49:03,Bengaluru,560034,iOS
CUST_14938,Kavita Nair,KAVITA.NAIR90@YAHOO.COM,+91-8687258107,2026-05-08 06:22:32,Gurgaon,,Android
CUST_11239,Vikram Rao,updated_vikram.rao30@hotmail.com,,2026-06-07 06:30:01,Bengaluru,560006,Android
CUST_14335,Saanvi Kulkarni,updated_saanvi.kulkarni65@gmail.com,9969348569,2026-05-31 10:50:08,Gurgaon,560050,Android
CUST_13073,Suresh Nair,suresh.nair12@yahoo.com,8992529858,2025-06-28 04:26:44,mumbai,560036,iOS
CUST_10304,Suresh Reddy,suresh.reddy97@outlook.com,08194560038,2025-04-07 17:49:16,Delhi,560057,Android
CUST_12909,Priya Mishra,priya.mishra92@outlook.com,7970818623,2024-11-20 09:45:54,Hyderabad,560027,Android
CUST_13434,Myra Mehta,myra.mehta69@outlook.com,7110263377,2024-10-21 04:57:51,Mumbai,560032,Android
CUST_14562,Vivaan Gupta,vivaan.gupta65@gmail.com,08942091426,2024-10-03 11:26:09,Gurgaon,560011,iOS
CUST_13521,Reyansh Kulkarni,reyansh.kulkarni26@hotmail.com,8196216737,2026-07-11 18:10:35,blr,560097,Android
CUST_12534,Anika Mishra,anika.mishra94@yahoo.com,,2025-07-01 07:15:49,blr,560091,iOS
CUST_14627,Vihaan Reddy,vihaan.reddy45@hotmail.com,7448438009,2026-08-30 15:16:01,Bangalore,560053,iOS
CUST_10037,Ananya Nair,ananya.nair60@gmail.com,7169371254,2024-12-27 00:52:42,Mumbai,560004,Android
CUST_10252,Saanvi Rao,saanvi.rao70@gmail.com,09434707917,2024-05-11 03:02:20,BANGALORE,560087,Android
CUST_12754,Sai Bhat,sai.bhat99@hotmail.com,9064523522,2024-10-09 17:04:19,Hyderabad,560047,iOS
CUST_12617,Ananya Reddy,ananya.reddy20@gmail.com,07268358020,2025-12-17 19:30:05,mumbai,560026,iOS
CUST_10511,Sai Reddy,sai.reddy66@yahoo.com,7359438635,2026-07-24 10:07:30,Gurugram,560074,iOS
CUST_12891,Arjun Das,arjun.das29@yahoo.com,7712552060,2025-05-26 06:10:43,Bangalore,560079,iOS
CUST_12180,Vivaan Gupta,vivaan.gupta15@yahoo.com,7522001184,2025-01-17 20:36:20,Gurugram,560100,Android
CUST_12915,Vihaan Bhat,vihaan.bhat14@hotmail.com,07696648892,2025-03-21 14:19:16,Gurugram,560087,Android
CUST_14596,Vihaan Das,vihaan.das90@gmail.com,+91-8028041343,2026-08-29 15:53:10,blr,560099,iOS
CUST_14319,Kavita Gupta,updated_kavita.gupta21@outlook.com,+91-8673445583,2025-12-24 19:50:32,Hyderabad,560056,iOS
CUST_14007,Vivaan Agarwal,vivaan.agarwal33@outlook.com,8880811617,2026-07-31 19:49:06,Delhi,560021,iOS
CUST_10213,Navya Banerjee,navya.banerjee68@outlook.com,7742487799,2025-02-15 11:59:51,New Delhi,560012,Android
CUST_14943,Navya Joshi,navya.joshi66@hotmail.com,+91-7147672301,2025-06-02 11:11:45,Gurugram,560097,Android
CUST_13583,Aadhya Rao,aadhya.rao50@yahoo.com,9556549086,2024-03-22 19:58:36,Gurugram,560032,Android
CUST_14954,Aadhya Patel,aadhya.patel43@gmail.com,9799040512,2025-11-25 05:04:11,mumbai,560055,iOS
CUST_13115,Reyansh Reddy,reyansh.reddy53@hotmail.com,8006980159,2025-10-06 03:18:11,Delhi,560034,
CUST_11978,Vivaan Verma,VIVAAN.VERMA14@OUTLOOK.COM,+91-8920186184,2024-04-01 09:06:26,Mumbai,560052,Web
CUST_12075,Pari Gupta,updated_pari.gupta62@gmail.com,09275693316,2024-06-14 05:21:45,Delhi,560089,iOS
CUST_10742,Rahul Kulkarni,rahul.kulkarni72@outlook.com,+91-7831287016,2025-11-25 14:25:19,Gurugram,560084,Android
CUST_13804,Rahul Verma,rahul.verma10@gmail.com,INVALID_PHONE,2024-05-19 02:45:37,Bangalore,560087,iOS
CUST_13635,Vikram Reddy,vikram.reddy83@hotmail.com,9693808955,2024-08-07 04:39:07,mumbai,560025,Android
CUST_11801,Kavita Das,kavita.das65@hotmail.com,+91-7652147887,2026-01-29 11:34:30,mumbai,560033,iOS
CUST_14366,Kavita Mishra,kavita.mishra22@yahoo.com,7342899365,2026-02-14 20:22:13,BANGALORE,560007,iOS
CUST_10402,Sneha Rao,sneha.rao68@outlook.com,8323963739,2025-03-15 13:21:39,BANGALORE,,Android
CUST_14560,Anika Patel,anika.patel40@hotmail.com,8627035121,2025-03-23 13:04:57,BANGALORE,560013,Android
CUST_10711,Saanvi Gupta,saanvi.gupta21@yahoo.com,7549120831,2024-11-21 13:49:19,Delhi,560087,Android
CUST_13786,Sneha Verma,sneha.verma68@hotmail.com,7015922742,2025-03-04 15:29:50,BANGALORE,560083,Android
CUST_12390,Ishaan Sharma,ishaan.sharma36@yahoo.com,8506483713,2024-12-20 23:55:06,Mumbai,560013,iOS
CUST_10601,Krishna Sharma,krishna.sharma95@gmail.com,,2026-06-25 14:03:25,blr,560018,Android
CUST_14974,Priya Patel,priya.patel73@hotmail.com,9577567386,2026-05-16 01:25:15,mumbai,560019,iOS
CUST_10305,Priya Rao,priya.rao54@yahoo.com,8014846368,2026-07-19 03:52:10,mumbai,560013,iOS
CUST_14105,Aditya Banerjee,aditya.banerjee33@yahoo.com,8319284655,2024-07-16 08:55:29,Bengaluru,560008,iOS
CUST_13720,Sai Rao,sai.rao12@hotmail.com,7819953360,2024-12-12 19:31:14,mumbai,560021,Android
CUST_10381,Krishna Chowdhury,krishna.chowdhury42@yahoo.com,+91-9638188618,2024-11-28 18:50:20,blr,,Android
CUST_10935,Navya Deshmukh,navya.deshmukh59@outlook.com,09405138761,2024-03-19 03:07:48,BANGALORE,560021,
CUST_11201,Vivaan Sharma,vivaan.sharma45@yahoo.com,+91-7561106432,2026-02-03 22:30:24,Bengaluru,560059,iOS
CUST_13234,Priya Kulkarni,priya.kulkarni52@yahoo.com,8164276746,2024-02-17 17:39:11,Hyderabad,560088,iOS
CUST_12280,Saanvi Singh,updated_saanvi.singh37@yahoo.com,9198891349,2025-11-13 12:30:06,Delhi,560079,Android
CUST_13656,Pari Singh,pari.singh81@yahoo.com,8383666742,2024-02-05 15:43:57,BANGALORE,560060,Android
CUST_13266,Vikram Mehta,vikram.mehta10@hotmail.com,8816695357,2026-07-10 18:47:44,Gurgaon,560060,Android
CUST_11621,Ayaan Mishra,updated_ayaan.mishra83@outlook.com,INVALID_PHONE,2024-06-24 03:50:44,New Delhi,560037,
CUST_10662,Pari Nair,pari.nair37@outlook.com,+91-9551714759,2025-10-21 03:21:55,BANGALORE,560079,iOS
CUST_14319,Kavita Gupta,kavita.gupta21@outlook.com,+91-8673445583,2025-12-24 19:50:32,Hyderabad,560056,iOS
CUST_12484,Anika Deshmukh,  anika.deshmukh43@gmail.com  ,8855178633,2026-05-18 00:10:56,Gurgaon,,iOS
CUST_13687,Sai Kumar,sai.kumar90@outlook.com,+91-8689415336,2025-05-20 14:34:15,Bangalore,560029,iOS
CUST_12986,Vikram Agarwal,  vikram.agarwal15@yahoo.com  ,07897517579,2025-04-29 04:11:45,Gurugram,560001,Android
CUST_12659,Vihaan Chowdhury,  vihaan.chowdhury50@hotmail.com  ,9525778549,2024-11-26 06:02:57,Bengaluru,560100,Android
CUST_14294,Vikram Sharma,vikram.sharma85@gmail.com,9543278859,2026-02-28 02:20:51,Hyderabad,560055,Android
CUST_13104,Priya Joshi,priya.joshi36@outlook.com,9438768221,2025-08-08 02:26:02,BANGALORE,560079,iOS
CUST_12594,Aarav Bhat,aarav.bhat64@outlook.com,8234804007,2026-03-07 12:02:26,Mumbai,560046,Android
CUST_12790,Reyansh Mehta,reyansh.mehta68@gmail.com,+91-8437134265,2024-02-04 21:01:41,blr,560066,Android
CUST_11372,Aarav Rao,aarav.rao74@yahoo.com,7934656519,2025-06-28 09:07:18,blr,560085,iOS
CUST_14164,Ananya Patel,ananya.patel69@hotmail.com,8817822092,2025-10-12 22:58:04,New Delhi,,Android
CUST_10439,Pooja Nair,pooja.nair73@yahoo.com,9268268114,2025-04-22 13:12:26,Mumbai,560018,Android
CUST_10602,Ishaan Rao,ISHAAN.RAO99@YAHOO.COM,+91-8093122999,2024-07-01 18:12:53,mumbai,,Web
CUST_13829,Vihaan Sharma,vihaan.sharma79@yahoo.com,8766143133,2025-10-19 23:18:31,New Delhi,560094,Android
CUST_14605,Pari Agarwal,pari.agarwal38@yahoo.com,08462488057,2026-01-29 02:13:22,Mumbai,560010,Web
CUST_14786,Vikram Kulkarni,updated_vikram.kulkarni41@outlook.com,+91-8742325988,2025-03-23 22:26:05,BANGALORE,560046,iOS
CUST_13011,Aadhya Kulkarni,aadhya.kulkarni30@gmail.com,07788413828,2025-05-10 06:44:08,mumbai,560078,iOS
CUST_14890,Vihaan Reddy,vihaan.reddy94@gmail.com,8007293126,2025-09-24 15:24:39,Delhi,,Android
CUST_13481,Myra Kumar,myra.kumar31ATgmail.com,7650909869,2026-03-06 03:18:28,BANGALORE,560048,Android
CUST_14380,Diya Joshi,diya.joshi53@gmail.com,+91-9291870565,2024-07-12 20:45:16,mumbai,560019,Android
CUST_13060,Saanvi Reddy,updated_saanvi.reddy76@hotmail.com,8909941434,2026-08-20 12:06:28,Gurugram,560005,iOS
CUST_10339,Aditya Rao,aditya.rao45@hotmail.com,+91-8472911495,2026-02-16 09:46:46,Gurugram,560046,iOS
CUST_10785,Vivaan Banerjee,vivaan.banerjee65@yahoo.com,9875558379,2025-02-11 00:26:47,Hyderabad,560055,iOS
CUST_10686,Avani Kulkarni,avani.kulkarni17@yahoo.com,7791671380,2026-02-17 23:11:19,Bengaluru,560090,Android
CUST_14281,Kavita Reddy,kavita.reddy98@hotmail.com,9035744928,2026-05-10 23:50:29,mumbai,560096,Web
CUST_10689,Priya Kumar,priya.kumar29@outlook.com,+91-9717099452,2026-04-12 17:48:07,Hyderabad,560052,Android
CUST_14598,Arjun Banerjee,arjun.banerjee34@yahoo.com,7969343726,2024-10-04 06:08:25,Delhi,560080,Android
CUST_13613,Avani Reddy,avani.reddy18AThotmail.com,,2024-03-25 22:47:41,Delhi,560087,iOS
CUST_13281,Ishaan Patel,ishaan.patel49@hotmail.com,,2025-03-31 12:48:14,Delhi,560044,Android
CUST_14178,Pari Agarwal,pari.agarwal49@yahoo.com,9969465081,2025-06-19 19:22:18,mumbai,560077,Android
CUST_11221,Ananya Kumar,ananya.kumar60@yahoo.com,9280137701,2025-11-26 18:28:44,BANGALORE,560065,iOS
CUST_14165,Reyansh Bhat,reyansh.bhat36@outlook.com,,2026-09-01 00:00:00,Hyderabad,560018,iOS
CUST_10903,Ananya Rao,ananya.rao48@outlook.com,INVALID_PHONE,2025-03-10 21:08:01,Delhi,560006,iOS
CUST_14993,Diya Verma,diya.verma73@yahoo.com,+91-8498305895,2025-11-04 18:04:32,New Delhi,560029,Android
CUST_12351,Kavita Patel,kavita.patel47@gmail.com,07468826081,2024-04-09 13:30:18,Hyderabad,560007,iOS
CUST_12998,Arjun Nair,arjun.nair95@yahoo.com,09325664111,2025-07-25 15:46:50,blr,560085,Android
CUST_10496,Ayaan Patel,updated_ayaan.patel64@outlook.com,8915847380,2026-05-05 17:35:09,New Delhi,560100,Android
CUST_12041,Sai Reddy,SAI.REDDY38@YAHOO.COM,09749176389,2026-07-23 15:25:14,Bengaluru,560090,iOS
CUST_11657,Rahul Gupta,rahul.gupta98@gmail.com,8004047906,2026-03-19 23:18:48,Bengaluru,560050,Android
CUST_11736,Pooja Kulkarni,pooja.kulkarni10@gmail.com,09394686129,2025-08-10 15:13:25,Bangalore,560081,iOS
CUST_12645,Aarav Joshi,aarav.joshi12@outlook.com,07512732580,2025-08-10 10:32:51,BANGALORE,560016,
CUST_11593,Neha Nair,neha.nair86@hotmail.com,7539709649,2024-05-22 14:55:51,Hyderabad,560046,Android
CUST_10366,Priya Deshmukh,priya.deshmukh38@gmail.com,7550629105,2025-10-27 13:40:40,Gurugram,560033,iOS
CUST_12258,Neha Mehta,neha.mehta66AToutlook.com,7015435177,2025-03-25 07:10:04,New Delhi,560067,Android
CUST_11415,Arjun Banerjee,arjun.banerjee30@outlook.com,9117397955,2025-03-09 21:45:11,Delhi,560072,Android
CUST_12199,Diya Kumar,diya.kumar66@yahoo.com,8628285002,2026-01-03 18:19:30,Bengaluru,560091,iOS
CUST_11881,Ananya Das,ananya.das95@gmail.com,7466691861,2025-03-08 17:41:46,Gurugram,,Android
CUST_12293,Aadhya Mehta,aadhya.mehta19@outlook.com,8125135741,2024-02-05 06:22:49,Bengaluru,560036,Android
CUST_11460,Amit Chowdhury,amit.chowdhury51@hotmail.com,7193414948,2026-06-21 21:12:38,Delhi,560040,iOS
CUST_14955,Vikram Banerjee,vikram.banerjee60@hotmail.com,07244899256,2025-11-20 22:11:41,New Delhi,560049,Android
CUST_14047,Anika Rao,anika.rao79@gmail.com,INVALID_PHONE,2024-10-12 15:12:51,Hyderabad,560043,iOS
CUST_13847,Vihaan Sharma,vihaan.sharma73@yahoo.com,INVALID_PHONE,2026-01-20 21:49:30,Hyderabad,560025,iOS
CUST_10238,Sneha Reddy,sneha.reddy67@outlook.com,9876701353,2025-07-22 22:18:53,Delhi,560082,Android
CUST_14198,Pari Reddy,pari.reddy88@outlook.com,9813268197,2026-05-08 20:24:14,Mumbai,560066,Android
CUST_10892,Rahul Chowdhury,rahul.chowdhury94@yahoo.com,9710380941,2024-02-27 16:08:09,Gurugram,560080,Android
CUST_11653,Sai Shah,  sai.shah51@outlook.com  ,08446433719,2024-04-12 20:59:57,blr,560050,Android
CUST_14048,Anika Mehta,anika.mehta30@gmail.com,8093533548,2024-07-27 06:47:18,Gurgaon,560064,Android
CUST_11532,Neha Mehta,neha.mehta51@yahoo.com,+91-8746789163,2024-10-12 10:32:17,blr,560006,Android
CUST_13331,Ananya Reddy,updated_ananya.reddy83@gmail.com,7712043568,2026-04-02 00:36:52,Mumbai,560061,Android
CUST_11257,Reyansh Kulkarni,reyansh.kulkarni55@gmail.com,7435560610,2024-03-04 03:04:04,Gurgaon,560056,iOS
CUST_12541,Vivaan Mehta,vivaan.mehta97@hotmail.com,,2024-03-09 09:19:24,Delhi,560049,iOS
CUST_12550,Arjun Gupta,arjun.gupta26@hotmail.com,7542100452,2026-08-24 04:57:16,Delhi,560098,Web
CUST_11206,Aadhya Agarwal,aadhya.agarwal90@yahoo.com,7246707758,2024-10-04 10:48:59,Delhi,560025,iOS
CUST_10343,Aditya Kumar,aditya.kumar73AThotmail.com,7919506215,2025-09-18 14:27:03,blr,,iOS
CUST_13193,Anika Das,anika.das13@outlook.com,9492011324,2026-01-06 16:28:02,Mumbai,560028,Android
CUST_10270,Ananya Shah,  ananya.shah96@yahoo.com  ,INVALID_PHONE,2025-06-07 08:05:57,New Delhi,560094,
CUST_14083,Priya Mishra,priya.mishra67@gmail.com,7334833601,2025-12-01 15:22:56,mumbai,560033,iOS
CUST_11486,Priya Verma,priya.verma68@outlook.com,9664186241,2025-06-18 10:38:20,New Delhi,560092,Android
CUST_10848,Aditya Bhat,  aditya.bhat13@yahoo.com  ,8736359501,2025-12-26 04:34:31,Hyderabad,560091,Android
CUST_13347,Angel Kulkarni,angel.kulkarni34@outlook.com,8992827490,2025-09-09 01:19:12,BANGALORE,560058,Web
CUST_12992,Aadhya Reddy,aadhya.reddy86@yahoo.com,,2025-10-25 14:54:59,blr,560093,iOS
CUST_10085,Navya Patel,navya.patel64@hotmail.com,9850011933,2025-02-17 20:06:40,Delhi,560032,iOS
CUST_10167,Vivaan Joshi,vivaan.joshi99@hotmail.com,8838897832,2026-04-22 20:57:39,Hyderabad,560048,Android
CUST_13363,Navya Kumar,navya.kumar35@yahoo.com,9827052108,2026-08-04 12:39:53,Bengaluru,560088,Android
CUST_11133,Ananya Joshi,ananya.joshi94@hotmail.com,08031949175,2025-05-28 04:56:24,Hyderabad,560100,iOS
CUST_11008,Pooja Agarwal,pooja.agarwal71@yahoo.com,,2025-04-05 23:44:09,Bengaluru,560073,Android
CUST_10753,Aarav Verma,aarav.verma91@hotmail.com,09384088445,2024-07-11 12:01:17,mumbai,560058,iOS
CUST_11418,Saanvi Chowdhury,saanvi.chowdhury95@gmail.com,8109264003,2024-03-12 07:27:55,New Delhi,560092,Web
CUST_14495,Rohan Banerjee,rohan.banerjee62@gmail.com,+91-7156391160,2025-09-14 02:53:59,Bangalore,560098,Android
CUST_12727,Kavita Das,kavita.das69@gmail.com,9513448364,2025-11-23 15:39:38,New Delhi,560011,Android
CUST_12397,Krishna Chowdhury,updated_krishna.chowdhury16@yahoo.com,8737758413,2025-10-23 20:49:52,New Delhi,560017,Android
CUST_10625,Vihaan Bhat,vihaan.bhat32@hotmail.com,+91-7341962968,2024-01-06 20:17:02,mumbai,560024,Android
CUST_10046,Ananya Nair,ananya.nair96@gmail.com,9971229462,2025-11-28 12:33:50,Bangalore,560079,iOS
CUST_14915,Krishna Gupta,krishna.gupta90@gmail.com,9407436766,2024-02-09 17:55:53,Gurgaon,560003,Android
CUST_12346,Vikram Kulkarni,vikram.kulkarni14@outlook.com,7111655677,2024-09-22 18:14:54,blr,560058,Android
CUST_11811,Navya Deshmukh,navya.deshmukh55@yahoo.com,+91-9503317958,2026-06-28 07:31:23,blr,560016,Android
CUST_13425,Priya Singh,priya.singh68@outlook.com,7304868190,2025-01-13 18:24:24,New Delhi,560007,iOS
CUST_10616,Vivaan Joshi,VIVAAN.JOSHI24@YAHOO.COM,9079793198,2026-05-01 01:21:31,Bengaluru,560059,Android
CUST_12438,Priya Mehta,priya.mehta14@hotmail.com,8732186603,2024-07-26 07:24:28,Bengaluru,560054,
CUST_12069,Vivaan Kumar,vivaan.kumar43@yahoo.com,,2024-11-11 01:18:38,Bangalore,560035,Android
CUST_11522,Diya Gupta,  diya.gupta16@outlook.com  ,8327947297,2025-04-05 09:42:27,mumbai,,
CUST_14559,Myra Verma,myra.verma55@outlook.com,09143135198,2024-12-31 17:06:20,mumbai,560009,Web
CUST_14501,Vivaan Kumar,vivaan.kumar94@hotmail.com,9401940674,2024-01-26 03:13:17,Bengaluru,560011,
CUST_10545,Myra Sharma,myra.sharma63@outlook.com,8818809210,2025-02-01 01:57:48,blr,560012,Android
CUST_12352,Kavita Reddy,kavita.reddy65@hotmail.com,08634985597,2025-01-07 08:05:39,Bangalore,560044,Android
CUST_11078,Rohan Singh,rohan.singh55@outlook.com,7629246754,2026-02-21 20:42:40,Gurugram,560004,iOS
CUST_14072,Aarav Sharma,aarav.sharma57@yahoo.com,8036650613,2025-01-28 18:28:09,Bengaluru,560069,
CUST_12175,Myra Shah,myra.shah53@gmail.com,8995783013,2025-02-19 00:10:04,Bangalore,560043,Web
CUST_14990,Arjun Mishra,arjun.mishra23@outlook.com,7016088438,2026-01-27 03:27:41,Bangalore,,Android
CUST_10624,Kavita Das,kavita.das12@gmail.com,7624746772,2024-04-25 17:37:27,Mumbai,560019,iOS
CUST_10987,Arjun Agarwal,arjun.agarwal25@gmail.com,7952533720,2026-08-17 23:19:05,Mumbai,560080,iOS
CUST_10837,Avani Mehta,avani.mehta87ATyahoo.com,9791194627,2026-05-15 16:04:07,Gurgaon,560047,iOS
CUST_10321,Pari Verma,updated_pari.verma92@gmail.com,7021098926,2024-09-05 10:04:20,Bengaluru,560099,iOS
CUST_10009,Navya Agarwal,navya.agarwal72@outlook.com,8453723061,2024-09-21 18:52:03,Hyderabad,560060,Android
CUST_13317,Sneha Joshi,sneha.joshi92@hotmail.com,INVALID_PHONE,2026-05-02 10:05:29,Hyderabad,560030,Android
CUST_12137,Vivaan Agarwal,vivaan.agarwal78@yahoo.com,+91-9507431927,2026-04-19 13:28:00,Hyderabad,560027,Android
CUST_10257,Krishna Gupta,krishna.gupta20@hotmail.com,7323681059,2024-01-29 10:42:56,Mumbai,560072,Android
CUST_14951,Vivaan Banerjee,vivaan.banerjee72@outlook.com,8451357213,2026-04-01 15:15:44,mumbai,560098,Android
CUST_10147,Ayaan Gupta,ayaan.gupta62@outlook.com,9252816770,2024-07-17 12:58:54,Gurugram,560051,iOS
CUST_12860,Aadhya Singh,aadhya.singh52@hotmail.com,9644764535,2025-06-02 20:32:53,New Delhi,560029,iOS
CUST_13887,Saanvi Banerjee,SAANVI.BANERJEE22@GMAIL.COM,09777567528,2025-10-29 17:06:55,Hyderabad,560079,iOS
CUST_11029,Aarav Joshi,aarav.joshi80@outlook.com,7231856991,2025-02-01 06:38:23,Hyderabad,560033,Android
CUST_14782,Vivaan Gupta,updated_vivaan.gupta13@gmail.com,7153426182,2026-05-06 02:56:17,Hyderabad,560008,iOS
CUST_10425,Amit Banerjee,amit.banerjee17@yahoo.com,7464636488,2026-06-19 22:26:57,Bengaluru,560072,Android
CUST_11635,Myra Deshmukh,updated_myra.deshmukh69@hotmail.com,9796561049,2024-01-27 21:18:23,BANGALORE,560040,Web
CUST_12935,Sai Singh,sai.singh12@gmail.com,07063941193,2026-04-01 01:14:01,BANGALORE,560084,Android
CUST_10025,Neha Das,updated_neha.das41@outlook.com,,2026-08-24 09:37:50,Gurgaon,560079,iOS
CUST_10389,Ayaan Mishra,ayaan.mishra20@gmail.com,+91-8208598566,2026-03-10 19:32:06,BANGALORE,560024,iOS
CUST_13984,Vivaan Verma,vivaan.verma70@hotmail.com,+91-8414202149,2026-04-07 11:32:46,Gurgaon,560087,Android
CUST_11099,Anika Banerjee,anika.banerjee65@outlook.com,,2026-05-24 05:49:07,Bengaluru,560055,iOS
CUST_11472,Ishaan Das,ishaan.das86@outlook.com,7908471316,2024-12-18 01:46:34,Bengaluru,,Android
CUST_12953,Sneha Singh,sneha.singh30@outlook.com,8926588628,2026-05-23 06:26:17,mumbai,560094,iOS
CUST_13978,Aarav Shah,aarav.shah60@hotmail.com,7820377067,2026-08-16 00:33:24,Hyderabad,560003,Android
CUST_11907,Aarav Chowdhury,updated_AARAV.CHOWDHURY87@YAHOO.COM,8799588085,2025-03-11 06:29:09,Gurgaon,560024,iOS
CUST_14358,Reyansh Das,reyansh.das78@hotmail.com,,2024-07-25 12:42:12,Mumbai,560046,Android
CUST_14878,Sneha Gupta,sneha.gupta62@gmail.com,9970998754,2024-03-30 10:20:45,New Delhi,560098,Android
CUST_10056,Reyansh Banerjee,updated_reyansh.banerjee26@yahoo.com,+91-7360837950,2024-11-19 15:03:38,Bengaluru,560042,iOS
CUST_13194,Vikram Gupta,vikram.gupta38@yahoo.com,9186010299,2024-12-05 05:09:05,New Delhi,560038,Android
CUST_11739,Vihaan Reddy,vihaan.reddy31@hotmail.com,+91-7485274934,2024-10-16 08:03:38,Hyderabad,560050,iOS
CUST_14523,Navya Rao,navya.rao67@yahoo.com,9333120192,2025-06-12 14:21:17,mumbai,,iOS
CUST_11132,Navya Kulkarni,navya.kulkarni10@gmail.com,07199399060,2025-05-14 22:57:46,Bangalore,,Android
CUST_10991,Pooja Singh,pooja.singh56AThotmail.com,9250639787,2024-12-16 03:00:54,Hyderabad,560064,iOS
CUST_12447,Neha Mehta,neha.mehta52@hotmail.com,9696275651,2025-12-10 14:29:04,New Delhi,560088,Android
CUST_11887,Diya Shah,  diya.shah64@yahoo.com  ,+91-9321705820,2026-05-19 04:14:21,Bangalore,560064,Android
CUST_14917,Vivaan Verma,vivaan.verma71@yahoo.com,9013164373,2025-08-29 17:29:06,Mumbai,560023,iOS
CUST_14709,Rahul Banerjee,rahul.banerjee77@gmail.com,7542769374,2025-05-17 07:04:35,BANGALORE,560041,Android
CUST_11036,Amit Banerjee,amit.banerjee10@outlook.com,7002791858,2025-11-06 16:50:13,Delhi,560014,Android
CUST_13237,Pari Mehta,pari.mehta10@gmail.com,7222500976,2026-02-22 01:23:14,mumbai,560030,Android
CUST_13486,Pari Agarwal,pari.agarwal53@gmail.com,7887540381,2026-01-18 13:42:41,New Delhi,560036,Web
CUST_12187,Diya Singh,diya.singh66@yahoo.com,,2025-04-06 23:06:59,Gurgaon,560058,
CUST_10964,Myra Kumar,  myra.kumar40@gmail.com  ,+91-9078192513,2024-11-05 05:01:35,Hyderabad,560060,iOS
CUST_14024,Avani Singh,avani.singh86@gmail.com,9173390548,2025-01-10 06:14:11,Gurugram,560052,Android
CUST_11312,Rahul Kumar,RAHUL.KUMAR94@GMAIL.COM,+91-8580301952,2024-05-19 16:47:20,Gurgaon,560046,Android
CUST_10905,Ayaan Joshi,ayaan.joshi83@yahoo.com,8653977153,2026-04-21 02:52:32,Delhi,560072,Android
CUST_14827,Sneha Deshmukh,sneha.deshmukh29@outlook.com,8060486413,2024-01-22 15:03:03,Delhi,560026,iOS
CUST_11967,Vikram Sharma,  vikram.sharma35@hotmail.com  ,7951075546,2024-09-29 09:14:13,BANGALORE,560068,iOS
CUST_11376,Rohan Mehta,rohan.mehta29@outlook.com,7852377009,2024-08-15 18:24:07,mumbai,,Android
CUST_11393,Aditya Deshmukh,aditya.deshmukh31@hotmail.com,7748640005,2025-03-01 22:01:53,Delhi,560016,Android
CUST_12789,Suresh Patel,suresh.patel55@outlook.com,7757481506,2026-04-21 12:13:40,blr,560080,Android
CUST_12932,Ayaan Gupta,ayaan.gupta12@outlook.com,7323213305,2024-11-20 23:47:36,Bengaluru,560015,Android
CUST_13107,Anika Joshi,ANIKA.JOSHI91@GMAIL.COM,8143407986,2024-03-12 21:29:38,Mumbai,560087,iOS
CUST_14825,Kavita Das,kavita.das60@gmail.com,,2024-11-08 03:10:07,Gurgaon,560069,iOS
CUST_12716,Kavita Reddy,KAVITA.REDDY32@OUTLOOK.COM,9362444618,2024-12-22 18:00:12,Gurgaon,560043,Android
CUST_12254,Sai Verma,sai.verma62@gmail.com,8796967427,2025-09-11 18:47:10,BANGALORE,560079,iOS
CUST_13300,Diya Gupta,diya.gupta77AToutlook.com,8927836083,2024-03-11 08:05:05,Bengaluru,560097,iOS
CUST_11541,Rahul Mishra,rahul.mishra93@yahoo.com,7589927430,2025-09-14 16:55:41,Gurugram,560024,Android
CUST_10517,Vivaan Reddy,vivaan.reddy19@hotmail.com,7358633160,2026-04-16 15:19:28,Gurugram,560048,Android
CUST_10911,Saanvi Kumar,saanvi.kumar96@yahoo.com,7591720967,2026-08-17 04:36:49,New Delhi,560039,Android
CUST_10574,Rohan Das,rohan.das59@yahoo.com,+91-7049887109,2026-07-06 21:16:22,Gurugram,560024,Android
CUST_11714,Saanvi Patel,SAANVI.PATEL64@YAHOO.COM,07805849602,2024-05-17 08:40:31,Gurgaon,560040,
CUST_10007,Aarav Gupta,aarav.gupta55@gmail.com,7761139533,2025-04-03 01:35:38,blr,560081,Android
CUST_12354,Neha Das,neha.das76@hotmail.com,7324572842,2024-10-14 04:37:23,Gurugram,560051,Android
CUST_12876,Neha Gupta,neha.gupta45@gmail.com,9374965580,2024-04-08 09:26:53,Mumbai,560075,iOS
CUST_10654,Myra Singh,myra.singh79@outlook.com,9384735005,2026-07-11 04:08:52,Gurgaon,560009,iOS
CUST_10813,Suresh Gupta,suresh.gupta97@hotmail.com,7674809620,2025-10-08 06:44:25,Mumbai,,Android
CUST_12981,Avani Verma,avani.verma93@hotmail.com,07031884375,2026-04-03 18:41:59,blr,560027,Android
CUST_14532,Kavita Mehta,kavita.mehta80@yahoo.com,+91-7956363419,2026-01-22 06:33:29,blr,560009,iOS
CUST_12922,Rohan Gupta,updated_rohan.gupta75@gmail.com,7989953171,2026-07-20 07:55:34,Bangalore,560031,Android
CUST_10240,Pooja Singh,pooja.singh21@outlook.com,9378551878,2025-08-03 05:31:50,New Delhi,560093,iOS
CUST_12151,Pooja Banerjee,pooja.banerjee14@outlook.com,8680271104,2025-12-12 03:53:36,Bengaluru,560024,Android
CUST_13358,Saanvi Joshi,saanvi.joshi46@hotmail.com,9574792435,2024-02-02 17:35:26,blr,560007,iOS
CUST_10923,Arjun Das,arjun.das48@yahoo.com,+91-9482396015,2025-06-20 14:04:35,Gurugram,560007,iOS
CUST_13028,Neha Kumar,neha.kumar28@yahoo.com,9979092660,2024-02-16 04:14:38,Gurugram,560075,Android
CUST_13293,Ayaan Gupta,ayaan.gupta40@outlook.com,7670917272,2025-06-04 00:36:17,Gurgaon,560067,iOS
CUST_10372,Myra Shah,myra.shah83@gmail.com,8541962282,2024-10-16 22:05:21,BANGALORE,560064,iOS
CUST_12006,Saanvi Bhat,saanvi.bhat50@hotmail.com,9857292083,2025-04-16 21:35:58,Bangalore,560074,Android
CUST_11288,Suresh Sharma,suresh.sharma80@outlook.com,8152129982,2026-02-12 12:15:24,Gurgaon,560005,iOS
CUST_12733,Ishaan Das,ishaan.das78@gmail.com,9116041467,2024-02-11 16:41:34,Gurugram,560007,Android
CUST_11230,Ananya Agarwal,ananya.agarwal11@gmail.com,+91-8743167486,2024-07-03 12:18:00,Delhi,560044,iOS
CUST_13572,Vikram Deshmukh,vikram.deshmukh54@gmail.com,,2025-06-04 19:18:34,Bengaluru,560053,Android
CUST_10986,Vikram Agarwal,vikram.agarwal19@hotmail.com,9851806036,2026-04-15 06:35:30,blr,560068,Android
CUST_12142,Anika Verma,updated_anika.verma20@outlook.com,7805441374,2024-03-01 04:55:32,blr,560068,Web
CUST_11693,Saanvi Nair,saanvi.nair61@yahoo.com,7436326948,2026-02-24 09:30:03,Gurgaon,560080,iOS
CUST_13631,Sneha Das,sneha.das36@hotmail.com,8845483843,2025-05-02 02:20:17,Mumbai,560028,Android
CUST_12954,Navya Deshmukh,navya.deshmukh44@yahoo.com,7981694813,2024-10-11 06:28:52,blr,560075,iOS
CUST_14351,Anika Bhat,ANIKA.BHAT60@GMAIL.COM,7511401472,2025-12-29 21:25:18,Bengaluru,,iOS
CUST_12451,Ayaan Kulkarni,ayaan.kulkarni63@gmail.com,9499551861,2026-04-02 05:17:26,Bengaluru,560010,iOS
CUST_12773,Ananya Patel,ananya.patel75@outlook.com,INVALID_PHONE,2024-02-03 02:56:34,Mumbai,560015,Android
CUST_10737,Vikram Chowdhury,VIKRAM.CHOWDHURY19@HOTMAIL.COM,8092917497,2025-02-02 01:20:39,Bangalore,560082,iOS
CUST_12130,Aadhya Deshmukh,aadhya.deshmukh66@outlook.com,08593154771,2024-11-10 15:57:30,Gurgaon,560005,Android
CUST_12499,Ishaan Rao,ishaan.rao76@yahoo.com,,2025-11-20 03:29:25,Bengaluru,,iOS
CUST_14807,Vivaan Banerjee,vivaan.banerjee19@yahoo.com,7877057792,2024-05-26 17:07:47,Gurgaon,560039,Android
CUST_10218,Diya Kumar,diya.kumar57@hotmail.com,9770889099,2026-03-08 16:05:51,mumbai,560043,Android
CUST_10869,Anika Bhat,anika.bhat85@yahoo.com,7836003955,2024-09-06 00:06:02,Gurgaon,560012,iOS
CUST_10502,Sneha Das,sneha.das76@hotmail.com,9214361643,2025-01-07 12:46:13,Gurugram,560037,Android
CUST_13435,Reyansh Deshmukh,updated_reyansh.deshmukh57@hotmail.com,9295853740,2025-02-05 22:52:01,Hyderabad,,Android
CUST_10052,Ananya Nair,ananya.nair94@outlook.com,8280489820,2025-10-11 18:54:39,BANGALORE,560053,iOS
CUST_13779,Pooja Verma,pooja.verma25@hotmail.com,9469410342,2024-02-22 00:31:41,New Delhi,560018,Android
CUST_13474,Kavita Reddy,kavita.reddy99@hotmail.com,7171393180,2024-08-17 07:48:40,Gurgaon,560049,iOS
CUST_12574,Suresh Deshmukh,suresh.deshmukh63@yahoo.com,,2024-12-04 15:07:22,Delhi,560065,Android
CUST_13489,Aadhya Rao,aadhya.rao89@hotmail.com,+91-7238343925,2024-05-17 13:21:05,Gurugram,560033,Android
CUST_14418,Anika Rao,anika.rao41@hotmail.com,INVALID_PHONE,2026-07-20 17:16:43,Delhi,560051,iOS
CUST_10124,Kavita Joshi,kavita.joshi16@outlook.com,9399533390,2026-02-20 02:37:34,Gurgaon,560031,Android
CUST_12180,Vivaan Gupta,updated_vivaan.gupta15@yahoo.com,7522001184,2025-01-17 20:36:20,Gurugram,560100,Android
CUST_14195,Arjun Chowdhury,ARJUN.CHOWDHURY91@HOTMAIL.COM,09521601954,2026-02-05 16:35:31,Bangalore,560007,Android
CUST_12512,Saanvi Verma,saanvi.verma69@yahoo.com,9712472285,2025-07-12 09:48:12,New Delhi,560070,iOS
CUST_13261,Pooja Rao,pooja.rao12@gmail.com,9488734352,2026-06-15 15:34:27,blr,560036,iOS
CUST_12187,Diya Singh,updated_diya.singh66@yahoo.com,,2025-04-06 23:06:59,Gurgaon,560058,
CUST_11168,Navya Chowdhury,navya.chowdhury98@yahoo.com,8612492674,2024-11-02 11:33:38,blr,560098,Android
CUST_12081,Aadhya Kumar,aadhya.kumar73@yahoo.com,7160780227,2024-02-17 12:58:37,BANGALORE,560058,iOS
CUST_13854,Myra Reddy,myra.reddy47@gmail.com,9140033432,2026-05-09 19:47:05,Bangalore,560096,Android
CUST_11959,Avani Bhat,avani.bhat78@yahoo.com,7134857828,2025-09-24 10:44:05,Delhi,560041,iOS
CUST_11504,Angel Banerjee,angel.banerjee80@outlook.com,7871944076,2026-05-18 09:32:04,New Delhi,560015,Android
CUST_12723,Pooja Joshi,pooja.joshi40@yahoo.com,+91-7508917281,2025-03-19 15:33:35,Delhi,560090,Android
CUST_11613,Vivaan Sharma,updated_vivaan.sharma52@yahoo.com,07295426456,2025-12-09 01:04:31,BANGALORE,560056,iOS
CUST_14419,Amit Shah,AMIT.SHAH78@OUTLOOK.COM,9567893482,2024-04-19 16:39:50,Mumbai,560038,Web
CUST_10602,Ishaan Rao,updated_ISHAAN.RAO99@YAHOO.COM,+91-8093122999,2024-07-01 18:12:53,mumbai,,Web
CUST_13579,Navya Agarwal,navya.agarwal50@outlook.com,8414666332,2025-10-23 16:09:18,Delhi,560012,iOS
CUST_12879,Kavita Bhat,kavita.bhat71@outlook.com,9677605805,2025-06-13 23:05:16,New Delhi,560024,Android
CUST_11568,Neha Banerjee,neha.banerjee88@gmail.com,INVALID_PHONE,2024-08-23 04:05:42,Gurgaon,560065,iOS
CUST_12399,Kavita Sharma,kavita.sharma64@outlook.com,9301503859,2026-02-06 15:58:22,Mumbai,560059,Android
CUST_10949,Pari Bhat,updated_pari.bhat93ATyahoo.com,7253411069,2024-05-22 05:34:43,Bangalore,560049,Android
CUST_12311,Suresh Agarwal,suresh.agarwal73@outlook.com,7619327352,2024-04-30 23:52:47,Bangalore,560073,iOS
CUST_12382,Ayaan Kulkarni,ayaan.kulkarni42@yahoo.com,,2026-08-26 08:23:31,mumbai,560091,iOS
CUST_10320,Pooja Bhat,pooja.bhat12@yahoo.com,09628864340,2026-04-08 06:15:03,blr,560071,Android
CUST_12724,Angel Verma,angel.verma69@gmail.com,8186000593,2025-07-09 16:20:15,Bangalore,560085,iOS
CUST_10888,Pari Gupta,pari.gupta36@yahoo.com,+91-9554223931,2024-12-01 16:58:51,New Delhi,560034,iOS
CUST_11064,Ananya Banerjee,ananya.banerjee22@outlook.com,09486692500,2025-05-30 08:22:39,Mumbai,560029,iOS
CUST_14758,Kavita Chowdhury,kavita.chowdhury34@hotmail.com,09969273404,2024-09-03 01:57:31,Mumbai,560068,Web
CUST_12721,Sneha Deshmukh,sneha.deshmukh68@yahoo.com,,2026-07-14 16:19:06,BANGALORE,560044,Android
CUST_13411,Vihaan Reddy,vihaan.reddy71@yahoo.com,07311568121,2025-06-26 15:02:11,Gurgaon,560035,Android
CUST_14672,Anika Patel,anika.patel79@yahoo.com,9299407940,2024-05-05 11:25:51,Hyderabad,560085,iOS
CUST_13079,Aadhya Bhat,aadhya.bhat57@yahoo.com,7773355011,2025-12-08 06:22:15,Hyderabad,560047,Android
CUST_12813,Pooja Rao,pooja.rao50@gmail.com,7885802856,2025-12-30 16:07:35,Bengaluru,560094,Android
CUST_13252,Ishaan Sharma,ishaan.sharma49AThotmail.com,8727054325,2026-01-04 17:42:21,Delhi,560059,Android
CUST_14140,Aditya Das,aditya.das80@outlook.com,9220749861,2026-04-08 15:36:11,Delhi,560023,iOS
CUST_11771,Aarav Joshi,aarav.joshi13@yahoo.com,7075320263,2025-05-09 07:21:18,Delhi,560077,iOS
CUST_14613,Priya Kulkarni,priya.kulkarni31@hotmail.com,08226877442,2025-01-29 22:31:33,Gurgaon,560022,iOS
CUST_12219,Arjun Joshi,arjun.joshi38ATyahoo.com,09915607065,2024-10-08 13:00:55,mumbai,560020,iOS
CUST_13012,Vihaan Kumar,VIHAAN.KUMAR11@HOTMAIL.COM,7037034831,2026-05-08 15:43:40,Hyderabad,560069,Android
CUST_11821,Diya Das,diya.das63@yahoo.com,8347238368,2024-05-17 18:01:39,Bangalore,560028,iOS
CUST_14988,Pari Joshi,PARI.JOSHI67@YAHOO.COM,,2025-07-22 03:36:37,Gurgaon,,iOS
CUST_11885,Rahul Kulkarni,updated_rahul.kulkarni99@gmail.com,07968982555,2024-05-24 09:00:58,Gurugram,560024,Android
CUST_13539,Ananya Shah,ananya.shah88@gmail.com,+91-8650845021,2025-08-28 22:46:50,Gurugram,560060,Android
CUST_10332,Neha Banerjee,neha.banerjee86@hotmail.com,+91-7494633827,2026-04-06 07:29:22,Bengaluru,560089,Web
CUST_14858,Sai Reddy,sai.reddy12@outlook.com,7537135654,2024-11-09 02:32:57,New Delhi,560066,iOS
CUST_12770,Sneha Agarwal,SNEHA.AGARWAL84@HOTMAIL.COM,09217038113,2024-07-24 03:58:13,BANGALORE,560014,Android
CUST_13629,Amit Mishra,amit.mishra67@hotmail.com,8289968640,2024-11-16 16:55:06,blr,560005,Android
CUST_13458,Aditya Shah,aditya.shah12@gmail.com,8570864585,2025-07-28 13:55:22,Hyderabad,560057,iOS
CUST_14813,Krishna Kumar,updated_krishna.kumar26@outlook.com,+91-9453655767,2025-01-16 16:32:56,Delhi,560067,Android
CUST_10197,Vikram Reddy,vikram.reddy64@outlook.com,7782324138,2025-11-27 22:32:08,Mumbai,560069,Android
CUST_12969,Sneha Das,sneha.das87@hotmail.com,8896728856,2025-09-18 05:05:55,Gurugram,560009,iOS
CUST_14582,Ishaan Singh,ishaan.singh15@outlook.com,8542677522,2025-11-19 13:27:42,New Delhi,560026,Android
CUST_12638,Diya Mehta,DIYA.MEHTA37@OUTLOOK.COM,INVALID_PHONE,2025-06-24 06:55:22,mumbai,560100,Android
CUST_13264,Angel Kulkarni,angel.kulkarni22@yahoo.com,8183736293,2026-03-16 01:47:26,Mumbai,560086,Android
CUST_11153,Kavita Singh,kavita.singh48@outlook.com,7405716946,2026-07-25 23:32:03,Mumbai,560072,iOS
CUST_14208,Vikram Rao,vikram.rao18@yahoo.com,7679995838,2024-09-28 19:12:31,Delhi,560097,Android
CUST_12299,Navya Shah,navya.shah75@gmail.com,+91-8153331641,2025-03-28 05:18:35,Gurgaon,560077,iOS
CUST_11136,Aarav Singh,aarav.singh87@gmail.com,+91-8589326871,2025-03-17 21:28:28,Hyderabad,560037,iOS
CUST_10371,Aarav Deshmukh,aarav.deshmukh52@gmail.com,+91-7819292653,2024-01-22 05:41:55,BANGALORE,560043,Android
CUST_12691,Rahul Singh,rahul.singh95@hotmail.com,7610046667,2026-03-22 21:27:19,Gurgaon,560076,iOS
CUST_10990,Suresh Agarwal,SURESH.AGARWAL91@GMAIL.COM,08545943616,2026-08-03 13:17:03,blr,560001,Android
CUST_11238,Pari Banerjee,pari.banerjee82@outlook.com,7259607414,2025-01-11 00:56:27,Bangalore,560074,Android
CUST_12982,Vikram Mehta,vikram.mehta39@gmail.com,,2024-03-23 00:39:10,New Delhi,560017,iOS
CUST_10150,Rohan Mehta,rohan.mehta28@gmail.com,+91-9666190302,2026-01-13 16:48:29,BANGALORE,560037,Android
CUST_13248,Ayaan Gupta,ayaan.gupta62@outlook.com,7205832445,2024-01-26 07:53:51,Mumbai,560093,Web
CUST_11535,Ishaan Sharma,ishaan.sharma11@yahoo.com,09529148640,2026-02-07 06:00:04,Bengaluru,560061,Android
CUST_10540,Vikram Chowdhury,vikram.chowdhury57@yahoo.com,9868968361,2024-08-31 03:49:00,Hyderabad,560037,iOS
CUST_12547,Sneha Patel,sneha.patel70@outlook.com,+91-8760216376,2025-07-21 18:15:28,New Delhi,560093,Android
CUST_11277,Vikram Bhat,vikram.bhat24@outlook.com,7149183460,2024-08-29 00:22:45,Hyderabad,560029,
CUST_10486,Pari Joshi,pari.joshi73@outlook.com,7637544362,2026-01-23 19:58:01,New Delhi,560048,iOS
CUST_12225,Pari Sharma,pari.sharma76@yahoo.com,8811721175,2024-10-18 06:49:19,blr,560036,Android
CUST_13397,Aarav Mishra,aarav.mishra14@yahoo.com,7365824117,2026-06-12 08:04:48,Mumbai,560010,Android
CUST_14466,Amit Deshmukh,amit.deshmukh62@gmail.com,7979995695,2025-07-26 19:50:15,Gurgaon,560046,Android
CUST_11683,Myra Bhat,myra.bhat69@outlook.com,INVALID_PHONE,2026-08-13 21:07:09,Mumbai,560034,iOS
CUST_10618,Rahul Deshmukh,rahul.deshmukh72@outlook.com,7544504274,2025-12-25 00:31:06,Gurugram,560033,Android
CUST_12200,Sai Chowdhury,sai.chowdhury68@hotmail.com,7600697988,2024-06-19 11:37:05,Hyderabad,560043,iOS
CUST_14403,Sai Mishra,sai.mishra35@gmail.com,9842794212,2024-06-08 18:25:51,BANGALORE,560047,Android
CUST_10386,Ayaan Gupta,ayaan.gupta19@outlook.com,7366676785,2024-05-27 02:28:55,Gurgaon,560055,Android
CUST_14149,Anika Gupta,anika.gupta48ATgmail.com,8606214429,2026-02-17 18:30:45,BANGALORE,560083,Android
CUST_10578,Sneha Rao,sneha.rao30AThotmail.com,8044355870,2025-06-23 02:51:58,mumbai,560013,Android
CUST_11110,Avani Chowdhury,avani.chowdhury23@yahoo.com,07950572308,2025-03-27 15:16:53,blr,560083,Android
CUST_11642,Aadhya Reddy,aadhya.reddy50@hotmail.com,8881857851,2024-08-23 08:46:16,Gurgaon,560049,Android
CUST_10334,Amit Reddy,  amit.reddy99@gmail.com  ,+91-7484083992,2024-12-09 16:42:09,Mumbai,560032,Android
CUST_14527,Vihaan Mishra,vihaan.mishra71@yahoo.com,8002996064,2026-01-14 16:11:19,Bengaluru,560083,Android
CUST_12718,Ananya Reddy,ANANYA.REDDY26@HOTMAIL.COM,INVALID_PHONE,2025-04-15 03:30:51,BANGALORE,560021,Android
CUST_14250,Diya Chowdhury,diya.chowdhury41@yahoo.com,+91-9722108881,2026-02-03 17:49:50,BANGALORE,560050,Android
CUST_12686,Rohan Mishra,rohan.mishra61@outlook.com,9930199598,2025-09-21 12:35:34,Hyderabad,560035,iOS
CUST_11426,Navya Das,  navya.das50@hotmail.com  ,+91-7455827339,2025-08-28 04:04:33,Bangalore,560092,iOS
CUST_10489,Vihaan Gupta,vihaan.gupta73@outlook.com,8143209173,2024-01-27 07:16:41,Bangalore,560011,Android
CUST_14503,Vikram Kumar,vikram.kumar91@yahoo.com,7976437156,2024-06-20 01:38:48,Mumbai,560021,iOS
CUST_11627,Myra Verma,myra.verma45@outlook.com,08746236935,2026-05-12 08:34:28,Delhi,560002,iOS
CUST_14557,Vihaan Verma,vihaan.verma41@hotmail.com,9512380082,2026-06-06 11:47:45,Bangalore,560072,iOS
CUST_10210,Ishaan Agarwal,ishaan.agarwal72@outlook.com,7720304425,2025-03-03 11:26:26,Hyderabad,560046,Web
CUST_11830,Aadhya Das,aadhya.das74@hotmail.com,7768995333,2024-07-15 14:13:13,blr,560046,Android
CUST_10676,Ananya Shah,ananya.shah95@outlook.com,8903083094,2026-05-31 06:09:34,Bangalore,560046,Android
CUST_11006,Aadhya Singh,aadhya.singh33@hotmail.com,7592274895,2025-01-21 04:06:00,Bengaluru,560027,iOS
CUST_11863,Angel Nair,angel.nair76@gmail.com,09424746276,2024-03-05 21:09:10,Gurgaon,560061,Android
CUST_14028,Saanvi Singh,saanvi.singh33@gmail.com,9874879137,2026-08-07 20:09:33,Hyderabad,560061,Android
CUST_13385,Vivaan Kumar,vivaan.kumar90@yahoo.com,08446689348,2026-07-30 20:26:15,blr,560078,Android
CUST_13200,Aadhya Agarwal,aadhya.agarwal66@outlook.com,7876489118,2026-05-29 02:43:19,BANGALORE,560034,iOS
CUST_14226,Saanvi Mehta,saanvi.mehta73@outlook.com,9684726285,2024-08-19 06:34:21,BANGALORE,560090,iOS
CUST_10782,Neha Bhat,neha.bhat99@outlook.com,7933909259,2024-02-27 20:48:43,Bangalore,560069,Android
CUST_14355,Vikram Rao,vikram.rao12@hotmail.com,+91-8254036269,2024-06-07 23:43:34,Bangalore,560060,Web
CUST_10626,Sneha Das,sneha.das25@outlook.com,8776825697,2024-01-06 10:55:54,Gurgaon,560055,Web
CUST_13158,Sai Shah,sai.shah16@hotmail.com,9022943337,2025-11-20 08:09:59,Delhi,560018,iOS
CUST_13180,Anika Patel,anika.patel81@yahoo.com,,2026-03-21 08:02:47,Hyderabad,560045,
CUST_13681,Avani Singh,avani.singh51@gmail.com,,2026-07-28 17:00:00,Mumbai,560017,iOS
CUST_13409,Aditya Mishra,aditya.mishra88@hotmail.com,7517612172,2024-06-17 12:51:25,BANGALORE,560028,Web
CUST_14399,Vihaan Verma,vihaan.verma39@outlook.com,+91-8019919842,2025-08-21 22:26:22,blr,560062,iOS
CUST_11283,Myra Joshi,myra.joshi64@outlook.com,9005339474,2025-09-03 23:44:26,Mumbai,560099,Android
CUST_10183,Diya Nair,diya.nair43@hotmail.com,8838706744,2026-07-19 22:34:26,Delhi,,Android
CUST_11319,Diya Mehta,diya.mehta29@yahoo.com,7839293859,2026-03-29 21:47:46,Hyderabad,560004,iOS
CUST_12297,Aditya Deshmukh,aditya.deshmukh34@hotmail.com,+91-9801920103,2025-02-04 04:46:54,blr,560099,Android
CUST_13393,Rahul Shah,rahul.shah97@gmail.com,9341611992,2024-02-27 06:47:01,BANGALORE,560066,iOS
CUST_13698,Avani Banerjee,avani.banerjee40@gmail.com,9053606263,2024-09-28 05:10:48,BANGALORE,560078,Android
CUST_12836,Sai Reddy,sai.reddy72@gmail.com,+91-8143067209,2024-10-07 13:38:05,Gurgaon,560018,iOS
CUST_11672,Vihaan Sharma,vihaan.sharma94@outlook.com,8353725181,2026-05-20 12:58:19,Hyderabad,560092,Android
CUST_11443,Navya Chowdhury,navya.chowdhury20@yahoo.com,+91-9782083503,2025-09-17 19:44:46,Bengaluru,560031,Android
CUST_10953,Ananya Chowdhury,ananya.chowdhury56@yahoo.com,7469041791,2024-02-20 15:47:42,Delhi,560083,Android
CUST_12381,Priya Sharma,priya.sharma57@outlook.com,8516648484,2025-06-07 17:27:05,Hyderabad,560024,iOS
CUST_11955,Neha Agarwal,neha.agarwal47@hotmail.com,09748820891,2024-06-07 09:41:52,Bangalore,560045,Android
CUST_13143,Aarav Mishra,aarav.mishra25@yahoo.com,7472431576,2025-04-03 06:16:12,Bengaluru,560076,Web
CUST_10890,Myra Chowdhury,myra.chowdhury32@outlook.com,7569946661,2024-09-13 05:07:04,mumbai,560009,iOS
CUST_13374,Neha Gupta,neha.gupta94@yahoo.com,7654148179,2026-08-31 00:37:09,Hyderabad,560016,iOS
CUST_10761,Diya Kumar,diya.kumar43@outlook.com,INVALID_PHONE,2026-04-16 01:17:46,Gurugram,560088,
CUST_12467,Arjun Mishra,arjun.mishra21@yahoo.com,9247948824,2025-04-23 03:14:09,New Delhi,560075,
CUST_10466,Neha Mehta,neha.mehta40@hotmail.com,9370970711,2025-09-01 20:18:11,New Delhi,560088,Android
CUST_11962,Pooja Reddy,pooja.reddy79@gmail.com,8245016452,2026-08-02 09:13:38,Bangalore,,Android
CUST_10533,Pari Patel,PARI.PATEL76@OUTLOOK.COM,8114546937,2025-03-06 18:56:05,blr,560058,Android
CUST_14266,Neha Mishra,neha.mishra15@yahoo.com,09481422329,2025-10-26 00:16:07,Gurugram,560078,Android
CUST_10469,Neha Banerjee,neha.banerjee18@gmail.com,9466036476,2025-01-09 16:12:28,New Delhi,560057,iOS
CUST_14696,Ayaan Reddy,ayaan.reddy56AThotmail.com,9528363835,2024-06-24 08:31:18,Hyderabad,560100,Android
CUST_10539,Avani Verma,avani.verma67@gmail.com,7393005429,2026-06-10 04:38:33,mumbai,560084,Android
CUST_14065,Ananya Das,ananya.das88@outlook.com,7251571782,2024-03-25 18:07:07,Gurugram,560040,Android
CUST_11701,Ananya Joshi,ananya.joshi68@yahoo.com,9748000701,2026-04-01 19:56:18,Hyderabad,560060,
CUST_12045,Kavita Rao,kavita.rao94@hotmail.com,8058197356,2024-02-28 15:31:00,mumbai,560013,iOS
CUST_13487,Myra Bhat,myra.bhat57@gmail.com,8016747572,2024-10-27 05:55:27,New Delhi,560065,iOS
CUST_12367,Ananya Kumar,updated_ananya.kumar29@outlook.com,8295080316,2025-03-25 16:31:12,New Delhi,560066,Android
CUST_14636,Navya Nair,navya.nair81@outlook.com,7687714350,2024-03-06 06:30:19,blr,560045,iOS
CUST_13910,Suresh Banerjee,suresh.banerjee97@outlook.com,7656110160,2026-05-12 13:15:02,Delhi,560078,Android
CUST_11597,Pooja Singh,pooja.singh82@hotmail.com,7275257124,2025-10-10 00:49:32,BANGALORE,560065,
CUST_11610,Aditya Deshmukh,aditya.deshmukh50@gmail.com,8847884395,2026-07-18 04:29:20,Mumbai,,iOS
CUST_10638,Kavita Mehta,kavita.mehta86@gmail.com,9957897337,2024-09-25 02:21:43,Gurugram,560075,Android
CUST_13531,Diya Mishra,diya.mishra57ATgmail.com,8809145633,2025-07-18 10:45:49,Bengaluru,560040,iOS
CUST_11266,Saanvi Joshi,saanvi.joshi29@hotmail.com,7363506235,2024-02-14 00:48:23,Bangalore,560046,Android
CUST_13989,Arjun Bhat,arjun.bhat86@yahoo.com,+91-9054889062,2025-07-14 13:14:27,Bengaluru,560004,iOS
CUST_10529,Aditya Verma,aditya.verma70@yahoo.com,8891304269,2025-09-26 23:31:28,Bengaluru,560084,Android
CUST_10193,Angel Mishra,  angel.mishra23@hotmail.com  ,+91-7023921702,2024-11-15 17:32:16,Bangalore,560076,Web
CUST_13795,Krishna Sharma,krishna.sharma32@gmail.com,8368616641,2024-12-03 20:25:06,Bangalore,560076,iOS
CUST_12601,Priya Reddy,priya.reddy15@gmail.com,,2026-03-26 14:18:07,BANGALORE,560071,Android
CUST_10954,Amit Joshi,AMIT.JOSHI64@GMAIL.COM,9821524038,2026-08-15 05:51:08,Gurgaon,560010,iOS
CUST_11664,Aarav Rao,aarav.rao27@outlook.com,7290858683,2024-07-21 05:49:42,Bangalore,560043,Android
CUST_10330,Aadhya Mehta,aadhya.mehta96@gmail.com,8977165672,2026-07-26 04:12:37,Mumbai,560037,Android
CUST_13349,Neha Mishra,NEHA.MISHRA90@OUTLOOK.COM,8598453409,2025-09-17 05:43:04,Mumbai,560026,iOS
CUST_11235,Neha Joshi,neha.joshi79@hotmail.com,8692222340,2025-08-20 04:21:16,blr,560021,Android
CUST_10152,Aditya Reddy,aditya.reddy20@hotmail.com,9763004173,2026-05-15 02:02:25,Gurgaon,560004,Android
CUST_11247,Avani Banerjee,avani.banerjee28@gmail.com,+91-9779802598,2024-03-11 22:06:47,Delhi,560033,iOS
CUST_10411,Pooja Verma,pooja.verma83@yahoo.com,+91-9383455175,2024-12-01 07:37:43,New Delhi,560021,Android
CUST_14612,Vikram Banerjee,VIKRAM.BANERJEE58@GMAIL.COM,7612576201,2025-12-06 21:38:16,Gurgaon,560045,Android
CUST_11566,Rohan Joshi,rohan.joshi25@hotmail.com,08110157545,2025-06-04 05:16:51,Hyderabad,560044,iOS
CUST_11354,Aarav Mehta,  aarav.mehta18@yahoo.com  ,09010176050,2025-08-14 12:44:47,Hyderabad,560012,iOS
CUST_14670,Arjun Rao,updated_arjun.rao47@hotmail.com,8632042128,2024-06-27 01:59:15,Gurugram,560075,Android
CUST_13981,Krishna Chowdhury,krishna.chowdhury49@outlook.com,7436202509,2024-09-19 06:04:40,Bangalore,560088,Android
CUST_10418,Vihaan Chowdhury,vihaan.chowdhury49@outlook.com,7386464110,2024-11-23 21:56:08,Mumbai,560006,iOS
CUST_11530,Kavita Gupta,kavita.gupta90@hotmail.com,7145061316,2026-03-12 22:58:21,Hyderabad,,iOS
CUST_12865,Arjun Joshi,  arjun.joshi61@gmail.com  ,9118519630,2025-02-02 06:01:13,BANGALORE,560086,Android
CUST_12286,Arjun Patel,updated_arjun.patel48@gmail.com,9674427409,2025-08-27 00:01:09,blr,560035,Android
CUST_13202,Kavita Gupta,kavita.gupta62@yahoo.com,8965124249,2024-11-16 12:14:32,Bangalore,,iOS
CUST_10688,Avani Nair,avani.nair47@yahoo.com,7232754595,2024-04-06 01:20:04,Bengaluru,560066,iOS
CUST_12378,Suresh Das,suresh.das34@hotmail.com,8614167336,2025-09-28 03:34:53,BANGALORE,560071,Android
CUST_14049,Ayaan Deshmukh,ayaan.deshmukh83@hotmail.com,7525410726,2026-05-29 12:04:27,mumbai,560052,iOS
CUST_11544,Amit Rao,amit.rao58@hotmail.com,+91-8593268484,2025-05-24 16:46:11,Mumbai,560008,Android
CUST_13298,Saanvi Das,saanvi.das76@gmail.com,7252538798,2024-09-09 21:37:24,Hyderabad,560002,Android
CUST_13807,Vikram Reddy,vikram.reddy39@gmail.com,8782088867,2024-05-19 21:27:54,Bangalore,560004,Android
CUST_10415,Rohan Joshi,rohan.joshi33@yahoo.com,+91-8771986377,2025-11-24 10:21:54,Gurgaon,560029,Android
CUST_13772,Neha Shah,neha.shah22@gmail.com,8246069247,2026-06-20 21:49:47,Gurgaon,,Android
CUST_12799,Angel Gupta,angel.gupta41@hotmail.com,8105405934,2025-02-12 09:10:45,Gurgaon,560054,Android
CUST_11243,Ayaan Mishra,ayaan.mishra90ATgmail.com,7843304681,2025-12-25 14:32:48,Gurgaon,560023,iOS
CUST_11925,Rahul Joshi,rahul.joshi32AThotmail.com,9733583223,2025-05-19 05:50:16,Bengaluru,560027,Android
CUST_13859,Vivaan Kumar,vivaan.kumar64@hotmail.com,7193949527,2024-08-15 09:02:59,BANGALORE,560050,iOS
CUST_11281,Ananya Agarwal,ananya.agarwal59AThotmail.com,7120213639,2024-02-19 16:24:52,Bangalore,,iOS
CUST_12566,Diya Kulkarni,diya.kulkarni37@hotmail.com,+91-7892036745,2025-08-16 20:51:36,mumbai,560068,iOS
CUST_12877,Neha Gupta,updated_NEHA.GUPTA19@YAHOO.COM,8528569047,2024-04-16 18:31:19,blr,560011,iOS
CUST_12079,Aditya Shah,aditya.shah33@hotmail.com,9238389369,2024-03-29 15:38:29,Hyderabad,560079,Android
CUST_11151,Angel Mehta,angel.mehta22@gmail.com,9099521748,2026-02-18 22:34:09,Gurgaon,560061,iOS
CUST_12362,Kavita Kulkarni,kavita.kulkarni36@hotmail.com,7293787223,2026-05-20 08:17:45,Delhi,560046,
CUST_12471,Kavita Singh,kavita.singh68@gmail.com,8416162764,2024-08-26 11:35:22,Mumbai,560023,iOS
CUST_12102,Vivaan Mishra,vivaan.mishra13@hotmail.com,8627362663,2025-06-10 15:35:36,Gurgaon,560084,Android
CUST_14879,Pari Mishra,pari.mishra81@outlook.com,9017135943,2024-03-03 17:42:55,Delhi,560051,iOS
CUST_11468,Navya Kumar,navya.kumar91@gmail.com,,2026-06-23 05:56:36,Gurugram,560095,Android
CUST_11123,Aditya Reddy,aditya.reddy64@outlook.com,7027896784,2026-08-29 01:51:28,BANGALORE,560006,Android
CUST_14907,Aditya Sharma,aditya.sharma96@yahoo.com,9751097282,2024-02-16 18:16:20,Bengaluru,560054,Web
CUST_12274,Ishaan Deshmukh,ishaan.deshmukh76@yahoo.com,7150816869,2024-12-20 19:14:32,Gurugram,560024,Android
CUST_12277,Aditya Mehta,  aditya.mehta39@hotmail.com  ,9178652770,2025-09-29 12:18:52,Hyderabad,560082,iOS
CUST_12144,Ananya Kumar,ananya.kumar83@outlook.com,8984799299,2025-08-06 13:01:30,Delhi,560069,Android
CUST_12665,Navya Verma,updated_navya.verma14@gmail.com,8800559068,2024-07-22 23:54:48,Mumbai,560032,Android
CUST_10906,Amit Singh,updated_amit.singh66@outlook.com,7320526074,2026-01-15 20:14:44,blr,,Android
CUST_14730,Diya Nair,diya.nair49@hotmail.com,INVALID_PHONE,2024-02-20 20:28:16,New Delhi,560026,Android
CUST_13288,Angel Sharma,angel.sharma68@outlook.com,9825013396,2025-04-14 08:48:35,New Delhi,560090,iOS
CUST_12224,Suresh Joshi,suresh.joshi35@gmail.com,+91-7680356965,2024-07-07 14:29:56,Bengaluru,560089,iOS
CUST_10659,Anika Shah,anika.shah11@outlook.com,8407262549,2025-08-15 07:27:03,Bangalore,560008,Android
CUST_12380,Rohan Patel,rohan.patel84@hotmail.com,8806747808,2024-09-17 02:38:25,Delhi,560034,iOS
CUST_10030,Vikram Kulkarni,vikram.kulkarni62@gmail.com,9949558042,2024-10-16 17:24:47,Hyderabad,560099,iOS
CUST_13019,Amit Mishra,amit.mishra49@outlook.com,7774297122,2024-10-26 06:32:37,mumbai,560076,iOS
CUST_11537,Neha Patel,neha.patel83@outlook.com,9647669982,2025-02-23 16:23:43,blr,560050,Android
CUST_14803,Vihaan Singh,vihaan.singh85@yahoo.com,+91-8986807531,2025-08-09 11:10:01,mumbai,560040,Android
CUST_13529,Ishaan Das,ishaan.das23@yahoo.com,9457988055,2026-01-31 05:39:37,Mumbai,560044,Android
CUST_11073,Arjun Verma,arjun.verma64@yahoo.com,8446591092,2024-12-25 16:08:44,Gurgaon,560048,Android
CUST_14690,Aarav Joshi,aarav.joshi82@gmail.com,08069048011,2025-07-02 01:58:06,blr,560043,Android
CUST_10198,Saanvi Rao,saanvi.rao20@gmail.com,8219381946,2025-02-23 21:04:17,Bengaluru,560065,iOS
CUST_13048,Avani Bhat,avani.bhat71@hotmail.com,+91-9086725033,2026-01-03 13:38:56,blr,560054,iOS
CUST_14975,Vikram Joshi,vikram.joshi58@gmail.com,9684325760,2026-04-27 03:50:09,BANGALORE,560056,iOS
CUST_11963,Anika Deshmukh,anika.deshmukh84@outlook.com,7262880146,2024-01-28 11:20:06,Delhi,560057,Android
CUST_11489,Ayaan Mehta,ayaan.mehta79@outlook.com,9432646665,2025-03-28 19:20:17,Gurgaon,560041,iOS
CUST_13051,Rohan Banerjee,rohan.banerjee68@hotmail.com,+91-9942427742,2024-06-05 01:35:03,mumbai,560082,Android
CUST_13341,Vivaan Kulkarni,vivaan.kulkarni89@hotmail.com,7662799060,2025-06-02 15:52:19,Gurugram,560017,Android
CUST_11211,Pooja Deshmukh,pooja.deshmukh39@outlook.com,+91-9307553106,2025-02-09 15:42:48,Mumbai,560100,Android
CUST_11677,Kavita Deshmukh,kavita.deshmukh55@yahoo.com,9498473565,2025-06-29 13:10:43,Hyderabad,560029,iOS
CUST_14502,Diya Das,diya.das66@yahoo.com,7107105674,2025-05-26 20:12:26,Delhi,560029,iOS
CUST_11749,Neha Bhat,updated_NEHA.BHAT86@HOTMAIL.COM,7079550022,2024-03-31 19:04:44,Gurugram,560082,Android
CUST_13130,Amit Bhat,amit.bhat63@hotmail.com,8509263117,2025-03-02 21:24:44,mumbai,560032,iOS
CUST_14617,Ananya Das,updated_ananya.das30@yahoo.com,+91-8653866299,2024-06-20 15:40:30,New Delhi,560085,iOS
CUST_12902,Priya Kumar,priya.kumar37@yahoo.com,07288774964,2024-11-28 14:09:46,New Delhi,560096,iOS
CUST_13960,Arjun Rao,arjun.rao38@hotmail.com,9097895374,2024-01-23 19:06:28,Delhi,560013,Web
CUST_14625,Reyansh Agarwal,reyansh.agarwal67@outlook.com,8515022943,2024-12-16 21:43:10,Bengaluru,560095,Android
CUST_11795,Krishna Banerjee,KRISHNA.BANERJEE47@GMAIL.COM,09312022865,2025-05-01 02:57:26,Delhi,560040,iOS
CUST_11509,Aadhya Kumar,aadhya.kumar10@hotmail.com,9483429155,2026-03-29 07:46:04,Gurgaon,560095,Web
CUST_12307,Arjun Verma,arjun.verma81@hotmail.com,9762722902,2024-10-19 15:33:18,Bangalore,560050,iOS
CUST_11651,Saanvi Mehta,SAANVI.MEHTA16@GMAIL.COM,8204012131,2024-05-31 14:01:59,BANGALORE,560026,Android
CUST_11183,Ishaan Singh,updated_ishaan.singh80@gmail.com,INVALID_PHONE,2024-05-25 22:25:31,mumbai,560072,Android
CUST_14629,Neha Banerjee,neha.banerjee12@yahoo.com,9142987901,2025-04-30 17:36:18,blr,560031,iOS
CUST_13843,Diya Das,diya.das62@gmail.com,8445837849,2026-05-22 21:05:08,Gurgaon,560092,Android
CUST_14848,Neha Joshi,neha.joshi92@hotmail.com,INVALID_PHONE,2024-02-27 11:27:35,mumbai,560025,iOS
CUST_11336,Ishaan Verma,ishaan.verma21@outlook.com,INVALID_PHONE,2024-07-12 16:04:42,mumbai,560048,iOS
CUST_14526,Sneha Singh,SNEHA.SINGH44@YAHOO.COM,8805512434,2024-10-21 18:59:33,New Delhi,560054,iOS
CUST_13111,Neha Mishra,NEHA.MISHRA39@OUTLOOK.COM,8448332356,2024-07-13 06:06:24,Gurugram,560013,iOS
CUST_10849,Reyansh Deshmukh,reyansh.deshmukh51@outlook.com,7015068079,2025-11-30 06:38:57,Bangalore,560020,Android
CUST_13798,Suresh Singh,suresh.singh45@hotmail.com,,2024-12-11 06:06:41,BANGALORE,560047,iOS
CUST_12377,Krishna Kulkarni,krishna.kulkarni54@gmail.com,9037791664,2024-06-16 18:09:08,Mumbai,560031,Android
CUST_12795,Rahul Joshi,rahul.joshi52@gmail.com,9036954255,2025-05-19 01:09:42,Bengaluru,560077,iOS
CUST_14909,Kavita Joshi,kavita.joshi83@hotmail.com,8411983396,2026-08-25 13:41:15,Delhi,560069,Android
CUST_11408,Sai Deshmukh,updated_sai.deshmukh97@outlook.com,7423785679,2024-09-28 14:31:57,Delhi,560056,Android
CUST_14566,Sneha Agarwal,sneha.agarwal15@yahoo.com,8250336515,2025-10-30 07:08:37,mumbai,560050,iOS
CUST_13256,Anika Mehta,anika.mehta43@outlook.com,8271234857,2024-07-15 04:52:05,Mumbai,560037,Android
CUST_13951,Ananya Joshi,ananya.joshi32@outlook.com,9714568952,2024-08-22 09:23:26,blr,560091,iOS
CUST_10157,Sai Deshmukh,sai.deshmukh83@gmail.com,7524044856,2026-01-20 03:07:14,Bengaluru,560022,iOS
CUST_10188,Pari Joshi,pari.joshi68@hotmail.com,7986010191,2025-01-01 11:48:37,Bengaluru,560024,Android
CUST_12493,Ayaan Kulkarni,ayaan.kulkarni36AThotmail.com,8241185263,2024-09-17 07:18:59,New Delhi,560007,Android
CUST_14497,Saanvi Bhat,saanvi.bhat67@yahoo.com,9385706272,2026-01-16 10:16:26,Mumbai,560071,iOS
CUST_12113,Ayaan Patel,ayaan.patel37@outlook.com,7481747323,2025-05-19 19:51:58,mumbai,560083,Android
CUST_11760,Vihaan Kumar,vihaan.kumar79@hotmail.com,09928613663,2024-09-23 12:57:10,Bangalore,560016,iOS
CUST_11859,Arjun Mishra,arjun.mishra89@yahoo.com,9361516086,2024-01-19 16:54:32,Delhi,560089,iOS
CUST_14214,Aadhya Reddy,aadhya.reddy95@outlook.com,INVALID_PHONE,2024-03-20 11:51:47,blr,560018,iOS
CUST_13218,Reyansh Singh,reyansh.singh83@gmail.com,+91-8633725500,2025-03-29 00:00:51,Bangalore,560033,Web
CUST_14160,Suresh Das,suresh.das28@gmail.com,9355803910,2026-01-05 17:05:11,Mumbai,560060,iOS
CUST_10171,Sai Verma,sai.verma78@hotmail.com,8200606941,2024-04-02 13:09:51,blr,560042,iOS
CUST_12018,Navya Kulkarni,navya.kulkarni93@yahoo.com,+91-7033992093,2026-05-13 12:37:52,mumbai,560051,iOS
CUST_13548,Priya Nair,priya.nair70@yahoo.com,8025234490,2025-05-02 07:00:51,New Delhi,560087,Android
CUST_10293,Reyansh Chowdhury,reyansh.chowdhury91@yahoo.com,+91-7190978346,2024-06-06 14:59:36,Mumbai,560055,Android
CUST_11816,Rohan Mehta,updated_rohan.mehta32@outlook.com,9893602501,2025-11-08 06:14:45,New Delhi,560065,
CUST_10604,Myra Banerjee,myra.banerjee80@gmail.com,+91-8427864959,2025-09-07 16:35:14,Hyderabad,560021,iOS
CUST_12546,Priya Gupta,priya.gupta99@yahoo.com,8811856663,2024-02-18 12:21:27,Mumbai,560019,iOS
CUST_14912,Rahul Deshmukh,rahul.deshmukh61@yahoo.com,7650223880,2026-06-08 01:12:18,Gurugram,560050,Android
CUST_10938,Pari Shah,updated_pari.shah22@hotmail.com,9800102401,2026-03-08 20:46:25,Bengaluru,560034,iOS
CUST_12633,Rohan Das,updated_rohan.das65@gmail.com,8523762208,2024-12-06 18:33:37,mumbai,560048,iOS
CUST_13013,Aadhya Shah,aadhya.shah38@gmail.com,9290435802,2026-02-15 19:45:04,Hyderabad,560029,iOS
CUST_11506,Rohan Deshmukh,rohan.deshmukh70@gmail.com,8641670681,2024-07-30 04:55:50,mumbai,560093,iOS
CUST_11067,Neha Sharma,neha.sharma62@gmail.com,8839999414,2026-03-03 05:09:56,Gurgaon,560088,Android
CUST_13813,Pooja Verma,pooja.verma80@yahoo.com,08102465757,2025-05-06 23:14:29,mumbai,560028,Android
CUST_11106,Diya Patel,diya.patel24@hotmail.com,8094233834,2024-02-28 01:29:17,Gurugram,560022,Android
CUST_13932,Reyansh Joshi,updated_reyansh.joshi67@hotmail.com,+91-8943185031,2025-12-02 19:26:20,Gurugram,560015,iOS
CUST_13601,Neha Sharma,neha.sharma70@yahoo.com,08810755506,2025-04-11 05:59:29,mumbai,560051,iOS
CUST_10978,Amit Banerjee,updated_amit.banerjee78@yahoo.com,7378346991,2026-07-13 16:56:16,blr,560007,Android
CUST_13371,Avani Kulkarni,avani.kulkarni88@hotmail.com,+91-8290719288,2025-01-03 05:53:44,New Delhi,560051,Android
CUST_13041,Anika Agarwal,anika.agarwal59@gmail.com,7762943237,2026-04-26 23:09:35,Gurugram,560040,Android
CUST_11867,Ishaan Shah,ishaan.shah60@gmail.com,08964469242,2026-05-14 21:21:51,New Delhi,560040,iOS
CUST_11534,Reyansh Joshi,reyansh.joshi13@outlook.com,9019750351,2025-06-11 05:37:18,Bangalore,560087,iOS
CUST_13436,Amit Mehta,amit.mehta37@outlook.com,7552636833,2025-05-27 19:35:16,Bangalore,560044,Android
CUST_14211,Reyansh Kumar,reyansh.kumar38@outlook.com,8431326069,2026-07-02 00:22:10,Gurgaon,,Android
CUST_12105,Rahul Reddy,rahul.reddy93AThotmail.com,8333121938,2024-04-25 03:35:45,New Delhi,560052,
CUST_11329,Saanvi Mehta,saanvi.mehta74ATyahoo.com,9947457565,2024-09-04 15:22:04,Hyderabad,560079,Android
CUST_10428,Krishna Joshi,krishna.joshi35@yahoo.com,8754867076,2026-03-22 12:06:11,Gurugram,560071,Android
CUST_10498,Avani Agarwal,avani.agarwal57@hotmail.com,8134359800,2025-09-08 15:58:04,Gurgaon,560014,iOS
CUST_10209,Arjun Nair,arjun.nair28@yahoo.com,9213256853,2024-01-30 00:44:38,New Delhi,560006,Android
CUST_11016,Amit Singh,amit.singh68@yahoo.com,9322899354,2024-08-02 17:06:03,Delhi,560095,Android
CUST_14972,Sneha Gupta,sneha.gupta75@hotmail.com,,2025-10-14 21:43:44,BANGALORE,560061,
CUST_10016,Rahul Chowdhury,rahul.chowdhury75@hotmail.com,7262375017,2024-04-19 11:59:16,blr,560069,Web
CUST_14657,Krishna Mehta,krishna.mehta14@gmail.com,+91-8228648388,2026-05-29 21:25:36,BANGALORE,560071,Android
CUST_10984,Suresh Bhat,suresh.bhat58@gmail.com,+91-8427175302,2026-03-03 19:11:39,Gurugram,560038,Android
CUST_10203,Aarav Mehta,aarav.mehta96@outlook.com,+91-9965076441,2026-06-01 14:53:33,Gurgaon,560017,
CUST_12359,Reyansh Chowdhury,reyansh.chowdhury88AThotmail.com,7480498010,2026-03-14 21:44:02,Mumbai,560022,Android
CUST_10673,Reyansh Deshmukh,  reyansh.deshmukh96@yahoo.com  ,INVALID_PHONE,2024-10-30 18:05:41,blr,560053,Android
CUST_14817,Aarav Agarwal,aarav.agarwal73@outlook.com,07855584194,2025-02-18 05:27:48,Mumbai,560061,
CUST_11298,Sai Bhat,  sai.bhat81@outlook.com  ,+91-7760566548,2024-11-10 01:55:47,Delhi,560083,Android
CUST_14190,Diya Mishra,diya.mishra66@outlook.com,8073092314,2025-03-30 13:25:24,Gurugram,560022,Android
CUST_14307,Ayaan Gupta,ayaan.gupta60@yahoo.com,8126417351,2025-11-10 05:00:26,New Delhi,560017,
CUST_14054,Aarav Rao,aarav.rao88@yahoo.com,INVALID_PHONE,2026-03-16 11:08:34,Gurugram,560013,Android
CUST_12820,Arjun Deshmukh,arjun.deshmukh48@gmail.com,7518368236,2026-01-12 17:25:38,Gurgaon,560097,iOS
CUST_13181,Pari Joshi,pari.joshi60@gmail.com,+91-7506583808,2025-10-18 19:15:06,blr,560089,iOS
CUST_14840,Sneha Joshi,sneha.joshi24@yahoo.com,7018470355,2024-08-26 02:14:14,Bangalore,560080,Web
CUST_10703,Krishna Banerjee,krishna.banerjee87@outlook.com,+91-9161916833,2026-01-15 01:32:27,Delhi,560078,Android
CUST_12791,Suresh Chowdhury,suresh.chowdhury77@yahoo.com,8010679000,2024-10-30 04:03:59,Gurugram,560051,Android
CUST_14630,Krishna Shah,updated_krishna.shah61@hotmail.com,8806979363,2026-08-17 09:17:23,Gurgaon,560069,Android
CUST_11549,Vikram Banerjee,vikram.banerjee24@outlook.com,8832088971,2026-03-03 09:50:31,blr,560015,Android
CUST_14375,Aditya Sharma,aditya.sharma19@yahoo.com,9873362768,2025-01-14 03:45:32,Gurugram,560087,Android
CUST_11585,Saanvi Verma,saanvi.verma34@hotmail.com,7494537680,2025-06-22 12:50:15,mumbai,560053,iOS
CUST_13110,Krishna Singh,krishna.singh90@outlook.com,7975543909,2024-06-19 02:15:57,BANGALORE,560030,iOS
CUST_11326,Rahul Mishra,rahul.mishra29@gmail.com,08966655877,2025-09-04 23:07:17,Mumbai,560072,Android
CUST_10385,Vivaan Kulkarni,vivaan.kulkarni76@yahoo.com,8903162613,2025-05-16 03:01:11,Gurgaon,560019,Android
CUST_12801,Sneha Nair,sneha.nair39AToutlook.com,09818519121,2025-11-14 07:12:22,Delhi,560074,Android
CUST_11137,Anika Bhat,updated_anika.bhat65@yahoo.com,7801177244,2025-12-28 12:41:20,Hyderabad,560091,iOS
CUST_10479,Vivaan Verma,updated_vivaan.verma41@gmail.com,9743975564,2025-10-11 23:35:13,Bengaluru,560074,Android
CUST_12639,Amit Agarwal,amit.agarwal45@yahoo.com,9250062479,2025-12-15 02:02:08,BANGALORE,560063,Android
CUST_10915,Avani Kumar,avani.kumar55@outlook.com,7319752306,2025-10-26 04:56:41,Hyderabad,560005,Web
CUST_12261,Vihaan Verma,vihaan.verma72@yahoo.com,9186771921,2024-06-21 19:43:55,Mumbai,,iOS
CUST_11245,Vivaan Verma,vivaan.verma23@hotmail.com,7965163903,2025-11-07 20:53:37,blr,560017,iOS
CUST_13417,Aadhya Patel,AADHYA.PATEL12@OUTLOOK.COM,7314711946,2024-06-03 21:31:39,BANGALORE,560038,Web
CUST_11650,Anika Reddy,anika.reddy13@yahoo.com,09401249817,2025-11-16 15:19:11,Bangalore,560036,iOS
CUST_12681,Arjun Chowdhury,arjun.chowdhury58@gmail.com,8651207802,2025-04-14 13:29:09,Bengaluru,560067,iOS
CUST_13550,Kavita Patel,kavita.patel70@hotmail.com,7555191967,2024-06-14 10:02:19,BANGALORE,560088,iOS
CUST_14570,Aarav Gupta,updated_aarav.gupta27@yahoo.com,7972208035,2025-06-10 10:55:02,BANGALORE,560084,Android
CUST_10359,Angel Mehta,angel.mehta10AToutlook.com,9540048878,2025-11-29 11:56:41,mumbai,560022,Android
CUST_10839,Sneha Nair,sneha.nair26@outlook.com,7203429728,2025-11-06 12:09:38,New Delhi,560086,Android
CUST_10435,Diya Sharma,DIYA.SHARMA88@HOTMAIL.COM,,2024-09-01 21:54:07,Delhi,560074,Android
CUST_14184,Pooja Mishra,pooja.mishra13@outlook.com,+91-8756030303,2026-04-18 09:24:35,New Delhi,560090,iOS
CUST_13617,Arjun Bhat,arjun.bhat37@outlook.com,08401865541,2024-12-30 13:02:56,Mumbai,560025,iOS
CUST_14623,Aditya Kulkarni,aditya.kulkarni67@yahoo.com,8906698723,2024-02-19 21:05:26,Gurgaon,560025,Android
CUST_13279,Kavita Gupta,kavita.gupta89@gmail.com,08136287738,2025-08-12 04:37:58,Bengaluru,560062,iOS
CUST_12445,Vihaan Banerjee,vihaan.banerjee79@hotmail.com,7099396944,2025-07-24 16:24:00,Delhi,,Android
CUST_10527,Sneha Nair,sneha.nair61@outlook.com,8529226803,2025-03-12 01:11:26,Delhi,560061,iOS
CUST_10941,Anika Bhat,anika.bhat60@outlook.com,INVALID_PHONE,2025-09-04 18:26:43,mumbai,560033,Android
CUST_12545,Aarav Sharma,aarav.sharma80@outlook.com,INVALID_PHONE,2024-03-28 20:56:13,Mumbai,560083,iOS
CUST_12852,Vikram Mishra,vikram.mishra31@yahoo.com,8892231987,2026-05-15 20:44:41,Hyderabad,560056,iOS
CUST_12562,Aadhya Patel,aadhya.patel88@outlook.com,8157762088,2024-09-04 20:02:38,Bangalore,560084,Web
CUST_10398,Avani Patel,avani.patel47@outlook.com,8741781046,2025-09-26 00:08:38,Mumbai,560023,iOS
CUST_11805,Myra Gupta,myra.gupta46@yahoo.com,7483839757,2024-04-10 22:14:16,Gurgaon,560098,Android
CUST_11810,Saanvi Kumar,saanvi.kumar14@outlook.com,INVALID_PHONE,2025-03-14 18:39:23,Gurugram,560071,Android
CUST_11140,Amit Nair,  amit.nair48@gmail.com  ,7541519541,2024-08-02 21:46:37,New Delhi,560070,iOS
CUST_13497,Ananya Bhat,ananya.bhat31@hotmail.com,7182794313,2025-06-28 13:47:52,Bangalore,560075,Web
CUST_12600,Vihaan Chowdhury,vihaan.chowdhury69@hotmail.com,7078540122,2024-10-01 22:01:36,Gurugram,560047,Android
CUST_14607,Priya Das,  priya.das36@hotmail.com  ,INVALID_PHONE,2024-05-18 12:43:55,BANGALORE,560057,Web
CUST_13173,Pooja Banerjee,  pooja.banerjee54@hotmail.com  ,9978987219,2025-03-12 19:53:42,Mumbai,560069,iOS
CUST_11475,Ananya Reddy,ananya.reddy96ATgmail.com,7258548979,2024-01-30 19:26:55,New Delhi,560041,Android
CUST_12917,Suresh Nair,suresh.nair46@hotmail.com,7700987532,2025-10-24 06:11:01,Delhi,560097,iOS
CUST_14563,Ishaan Sharma,ishaan.sharma98@gmail.com,+91-7914376708,2024-06-08 09:04:43,blr,560078,iOS
CUST_13731,Suresh Mehta,suresh.mehta75ATyahoo.com,9451279146,2024-03-22 15:18:02,Mumbai,560007,iOS
CUST_10121,Rahul Verma,rahul.verma53@hotmail.com,7110205725,2025-09-28 12:56:01,blr,560007,Android
CUST_10531,Avani Shah,avani.shah39@yahoo.com,7049538256,2024-04-25 22:18:01,Delhi,560077,Android
CUST_14320,Ananya Joshi,ananya.joshi52@yahoo.com,+91-8502827718,2024-10-23 22:25:48,Bangalore,560003,Android
CUST_12563,Vihaan Verma,vihaan.verma19@yahoo.com,8260365922,2026-07-19 13:13:18,blr,560007,iOS
CUST_12017,Anika Das,ANIKA.DAS80@HOTMAIL.COM,7776530267,2025-09-05 22:30:07,Bangalore,560077,iOS
CUST_14551,Aditya Chowdhury,aditya.chowdhury99@hotmail.com,INVALID_PHONE,2024-05-24 04:20:24,Gurugram,560070,Android
CUST_12835,Arjun Singh,arjun.singh24@yahoo.com,7059760920,2026-05-22 07:03:26,Hyderabad,560064,Android
CUST_13210,Amit Kulkarni,amit.kulkarni19@yahoo.com,07374083224,2024-03-22 01:16:20,New Delhi,560047,Android
CUST_13015,Kavita Mehta,kavita.mehta24@outlook.com,8742618570,2024-03-29 06:17:21,Hyderabad,560021,iOS
CUST_12164,Priya Reddy,priya.reddy65@hotmail.com,9460409174,2024-11-06 23:06:42,blr,560014,
CUST_11772,Rohan Patel,rohan.patel83AToutlook.com,8715270232,2026-08-08 10:11:15,Gurgaon,560095,Android
CUST_14663,Diya Deshmukh,diya.deshmukh71@gmail.com,9310151227,2025-10-02 01:06:15,mumbai,560003,iOS
CUST_10482,Rohan Banerjee,rohan.banerjee36@gmail.com,7516589779,2024-10-15 08:40:48,Mumbai,560025,Android
CUST_10607,Anika Kulkarni,anika.kulkarni62@outlook.com,8195790436,2025-09-06 12:31:49,blr,560071,Android
CUST_12762,Diya Kulkarni,diya.kulkarni30@hotmail.com,8295852225,2025-11-28 17:14:24,Bangalore,560013,Android
CUST_13872,Aditya Das,aditya.das59@gmail.com,9023638220,2025-06-17 06:34:55,Gurgaon,560030,Android
CUST_11813,Arjun Shah,arjun.shah64@outlook.com,INVALID_PHONE,2024-02-21 15:10:33,blr,560083,Android
CUST_12722,Ananya Chowdhury,  ananya.chowdhury97@outlook.com  ,+91-8399522129,2026-06-30 15:38:12,Delhi,560050,Android
CUST_10280,Neha Rao,neha.rao86@yahoo.com,,2024-06-01 04:03:41,Gurugram,560037,iOS
CUST_12553,Vikram Nair,vikram.nair96@outlook.com,7016292318,2025-06-03 15:15:09,mumbai,560009,iOS
CUST_11930,Ayaan Deshmukh,ayaan.deshmukh72@outlook.com,7612975092,2025-05-10 02:03:34,BANGALORE,560053,Android
CUST_14082,Vivaan Agarwal,vivaan.agarwal92@gmail.com,8784506841,2024-02-23 04:35:05,mumbai,,iOS
CUST_13996,Priya Mehta,updated_priya.mehta86@outlook.com,8337295283,2024-01-26 12:34:25,Mumbai,560065,iOS
CUST_13878,Ayaan Kumar,ayaan.kumar42@gmail.com,9949507939,2024-10-06 23:36:22,New Delhi,560070,Android
CUST_10834,Pooja Chowdhury,pooja.chowdhury54@outlook.com,8240231474,2025-08-04 09:35:15,BANGALORE,560045,Android
CUST_14524,Saanvi Banerjee,saanvi.banerjee98AThotmail.com,8620328765,2024-06-24 17:52:26,Gurugram,560023,Android
CUST_14667,Priya Rao,priya.rao50@outlook.com,08115201550,2025-07-16 16:40:42,New Delhi,560049,Android
CUST_13883,Pooja Joshi,pooja.joshi87AToutlook.com,9233381790,2025-07-10 15:43:06,New Delhi,560083,Android
CUST_11295,Myra Reddy,updated_myra.reddy40@hotmail.com,8641999343,2024-04-17 03:52:27,Gurugram,560036,Android
CUST_11889,Neha Das,neha.das68@gmail.com,,2025-03-17 07:26:46,mumbai,560075,Android
CUST_14037,Amit Chowdhury,amit.chowdhury11@gmail.com,,2024-07-05 11:03:41,New Delhi,560058,Web
CUST_10678,Ishaan Rao,ishaan.rao12@outlook.com,8325089319,2025-07-20 18:52:38,New Delhi,560014,Web
CUST_12542,Anika Mishra,anika.mishra10@outlook.com,9688312468,2025-12-11 13:51:54,Bengaluru,560001,Android
CUST_13141,Pari Joshi,  pari.joshi85@gmail.com  ,+91-9041732734,2024-05-28 06:32:20,Bengaluru,560044,Android
CUST_12996,Pooja Shah,pooja.shah32@yahoo.com,8543084119,2024-02-14 05:28:57,mumbai,560055,Android
CUST_13928,Pari Mehta,updated_pari.mehta27@gmail.com,8348448771,2024-07-02 03:34:01,Delhi,560062,Android
CUST_14032,Kavita Verma,kavita.verma80@hotmail.com,7894973713,2025-09-11 04:45:27,New Delhi,560057,Android
CUST_11796,Navya Joshi,navya.joshi68@gmail.com,7173720701,2024-05-07 19:32:40,Hyderabad,560095,Android
CUST_11638,Amit Kumar,amit.kumar53@gmail.com,9502104923,2024-09-16 07:56:09,Hyderabad,560077,Android
CUST_11205,Amit Shah,amit.shah93@hotmail.com,09929949067,2024-08-19 20:36:03,New Delhi,560001,Android
CUST_10317,Vikram Patel,vikram.patel41@hotmail.com,+91-8300475989,2025-09-19 04:28:45,Mumbai,,Android
CUST_11129,Saanvi Kulkarni,saanvi.kulkarni63@yahoo.com,7376783911,2025-03-29 09:22:00,Delhi,560058,iOS
CUST_10202,Avani Bhat,AVANI.BHAT19@HOTMAIL.COM,9107237254,2026-02-18 03:51:53,Mumbai,560040,Android
CUST_13312,Reyansh Das,updated_reyansh.das49@outlook.com,9190522643,2024-01-18 22:12:15,Mumbai,560025,Android
CUST_13391,Priya Banerjee,priya.banerjee28@hotmail.com,9664774453,2024-04-30 00:29:57,Bengaluru,560087,Android
CUST_10575,Amit Verma,amit.verma26@yahoo.com,08451775889,2025-05-23 12:42:46,Gurgaon,560098,Android
CUST_11596,Suresh Chowdhury,suresh.chowdhury64@yahoo.com,8307330788,2025-05-25 02:07:19,Gurgaon,560095,Android
CUST_11352,Rahul Banerjee,rahul.banerjee46@yahoo.com,8719296880,2024-03-27 02:51:06,Bengaluru,560019,Android
CUST_12204,Rahul Agarwal,rahul.agarwal21@yahoo.com,8053753182,2025-05-12 00:49:15,BANGALORE,560054,Android
CUST_12965,Suresh Singh,suresh.singh21@yahoo.com,INVALID_PHONE,2024-08-23 13:26:50,blr,560091,Web
CUST_11481,Avani Sharma,avani.sharma62@outlook.com,9130863899,2025-08-10 19:53:59,Bengaluru,,Web
CUST_11044,Ayaan Rao,ayaan.rao16@outlook.com,,2024-01-09 13:44:59,Gurgaon,560045,iOS
CUST_14408,Angel Singh,angel.singh93@hotmail.com,09817447213,2025-12-13 07:57:01,New Delhi,560099,iOS
CUST_14223,Ayaan Mishra,ayaan.mishra65@outlook.com,9033896520,2026-02-09 04:45:45,Delhi,560091,iOS
CUST_11096,Neha Das,neha.das97@yahoo.com,7088094935,2025-07-26 10:29:07,mumbai,560024,Android
CUST_11709,Diya Rao,diya.rao75@hotmail.com,8474213634,2026-05-17 05:28:40,BANGALORE,560090,iOS
CUST_10505,Myra Agarwal,myra.agarwal64@outlook.com,+91-7235890201,2024-08-05 19:55:09,Gurgaon,560094,Android
CUST_12857,Arjun Shah,arjun.shah43@outlook.com,7139635038,2025-03-29 14:02:34,Bengaluru,560097,iOS
CUST_12955,Avani Shah,updated_avani.shah37@hotmail.com,+91-9452778054,2026-04-26 09:07:53,Gurgaon,560087,Web
CUST_11432,Reyansh Shah,reyansh.shah70@yahoo.com,9711564362,2024-01-04 07:29:39,blr,560039,Android
CUST_11738,Avani Gupta,avani.gupta49@yahoo.com,+91-8242368174,2025-08-22 17:08:39,mumbai,560028,Android
CUST_10458,Saanvi Chowdhury,saanvi.chowdhury80@yahoo.com,,2024-08-25 21:33:40,BANGALORE,560012,Android
CUST_13080,Vihaan Mehta,vihaan.mehta22@yahoo.com,7193285968,2025-01-18 15:18:36,Bangalore,560069,Android
CUST_14102,Diya Verma,updated_DIYA.VERMA67@YAHOO.COM,08505222219,2025-03-20 10:15:52,blr,560029,Android
CUST_12111,Kavita Das,kavita.das23@yahoo.com,+91-9523473389,2024-10-31 17:28:31,BANGALORE,560001,Web
CUST_12142,Anika Verma,anika.verma20@outlook.com,7805441374,2024-03-01 04:55:32,blr,560068,Web
CUST_12093,Diya Chowdhury,diya.chowdhury86@yahoo.com,7913569129,2025-09-23 11:21:15,BANGALORE,560004,Android
CUST_14757,Arjun Rao,arjun.rao36@hotmail.com,+91-9188323708,2026-08-14 01:47:44,Mumbai,560084,Android
CUST_11555,Aadhya Verma,aadhya.verma56@yahoo.com,8497573234,2024-03-31 09:43:36,Gurgaon,560091,Android
CUST_14565,Pooja Patel,pooja.patel39@outlook.com,8451428856,2025-12-04 08:50:53,blr,560082,iOS
CUST_10647,Vikram Sharma,updated_vikram.sharma38@gmail.com,8058264906,2025-02-27 23:16:12,Hyderabad,560004,Android
CUST_13859,Vivaan Kumar,updated_vivaan.kumar64@hotmail.com,7193949527,2024-08-15 09:02:59,BANGALORE,560050,iOS
CUST_14055,Sneha Das,sneha.das32@yahoo.com,+91-7273340394,2024-04-06 20:02:21,Hyderabad,560073,iOS
CUST_10519,Rahul Das,updated_rahul.das52@yahoo.com,9308552722,2024-01-16 04:44:18,blr,560037,Android
CUST_10610,Ananya Das,ananya.das69@gmail.com,8842187587,2025-02-23 11:43:08,Bangalore,560037,Android
CUST_10798,Avani Chowdhury,avani.chowdhury20@outlook.com,7449486070,2026-02-17 04:29:02,blr,560004,Android
CUST_10804,Aadhya Joshi,aadhya.joshi11@gmail.com,7751746182,2025-07-27 14:32:31,blr,560080,Android
CUST_12421,Kavita Nair,kavita.nair32@gmail.com,INVALID_PHONE,2026-03-14 03:01:45,Bangalore,560026,iOS
CUST_13356,Reyansh Shah,reyansh.shah31@hotmail.com,+91-7859603647,2025-05-05 00:28:48,Delhi,560094,Android
CUST_11784,Vikram Mishra,vikram.mishra88@gmail.com,09870649029,2024-11-28 04:48:38,Gurugram,560029,iOS
CUST_10570,Pari Chowdhury,  pari.chowdhury62@outlook.com  ,08137442054,2025-12-13 12:37:35,Delhi,560057,iOS
CUST_11665,Pari Kulkarni,PARI.KULKARNI25@YAHOO.COM,7527661361,2024-04-28 01:44:16,Bangalore,560012,Android
CUST_10153,Sai Chowdhury,sai.chowdhury50AToutlook.com,8217532188,2026-02-02 18:27:00,Delhi,560094,Android
CUST_11861,Pooja Verma,pooja.verma10@yahoo.com,7695092437,2024-02-02 08:14:18,blr,560063,iOS
CUST_10548,Amit Singh,amit.singh51@gmail.com,9878814191,2024-02-24 22:40:12,BANGALORE,560099,Android
CUST_13472,Saanvi Chowdhury,saanvi.chowdhury78@outlook.com,9527873225,2024-07-14 00:48:40,Bangalore,560072,Web
CUST_13352,Krishna Verma,krishna.verma19@gmail.com,09255681903,2025-10-11 04:52:57,Bangalore,560056,Android
CUST_14831,Ishaan Mishra,ishaan.mishra42@hotmail.com,07683854844,2024-01-25 22:32:43,BANGALORE,560008,Android
CUST_11403,Aarav Nair,aarav.nair46@outlook.com,7195685918,2025-04-12 00:41:46,Gurugram,560074,Android
CUST_10191,Avani Shah,avani.shah46@yahoo.com,+91-7497071789,2024-07-31 13:39:48,Hyderabad,560006,Android
CUST_13924,Vikram Shah,vikram.shah21@hotmail.com,INVALID_PHONE,2024-11-24 11:57:50,Gurgaon,560023,iOS
CUST_10948,Rahul Das,rahul.das83@yahoo.com,9755137418,2026-08-13 02:24:53,mumbai,560029,iOS
CUST_10212,Reyansh Nair,REYANSH.NAIR98@YAHOO.COM,07298900602,2024-02-23 18:36:47,mumbai,560064,iOS
CUST_12919,Myra Singh,myra.singh19@gmail.com,+91-9308131068,2026-01-03 04:17:48,Delhi,,iOS
CUST_14558,Pooja Bhat,updated_pooja.bhat15@hotmail.com,8650009266,2026-04-27 13:11:17,Bangalore,560084,Android
CUST_14112,Rohan Patel,rohan.patel64@yahoo.com,9761001938,2025-04-17 02:16:32,mumbai,560089,Android
CUST_14039,Ayaan Das,ayaan.das46@outlook.com,08288859142,2024-07-19 16:25:09,Hyderabad,,Android
CUST_13713,Kavita Verma,KAVITA.VERMA16@YAHOO.COM,8575496588,2024-08-14 19:01:17,mumbai,560093,
CUST_14963,Kavita Rao,kavita.rao23@outlook.com,9531165558,2024-09-14 13:51:02,Hyderabad,560085,Android
CUST_13466,Suresh Patel,suresh.patel70@hotmail.com,7503497576,2026-06-09 19:17:24,New Delhi,560005,Android
CUST_10436,Anika Joshi,anika.joshi63@hotmail.com,07844191262,2024-10-05 00:50:41,blr,560038,iOS
CUST_13621,Anika Banerjee,anika.banerjee97@outlook.com,09920618167,2025-03-06 00:13:49,New Delhi,560047,Android
CUST_10797,Pari Bhat,pari.bhat20@hotmail.com,7570564511,2024-04-14 10:24:30,Gurugram,560032,Android
CUST_13505,Ayaan Reddy,ayaan.reddy43@outlook.com,7623884527,2024-12-21 13:56:48,blr,560035,Android
CUST_10448,Amit Reddy,amit.reddy19@hotmail.com,8887536046,2024-04-09 22:51:26,Mumbai,560071,iOS
CUST_10463,Krishna Reddy,krishna.reddy58@gmail.com,+91-8083691671,2024-09-26 06:25:07,blr,560008,
CUST_11692,Pooja Gupta,pooja.gupta67@yahoo.com,9347047326,2025-04-05 05:01:53,Bengaluru,560012,Web
CUST_13017,Saanvi Agarwal,saanvi.agarwal78@outlook.com,9372843327,2024-10-14 23:19:40,Bangalore,560029,Android
CUST_10201,Rahul Rao,rahul.rao37@outlook.com,9662717650,2024-04-24 22:55:11,Bangalore,560070,iOS
CUST_13259,Ishaan Sharma,updated_ishaan.sharma53@outlook.com,7082637564,2025-06-08 07:28:47,Bangalore,560068,iOS
CUST_14400,Diya Shah,diya.shah81@outlook.com,+91-8441027824,2025-03-24 03:06:39,BANGALORE,560045,Android
CUST_13421,Vikram Patel,vikram.patel61@yahoo.com,7770253575,2024-09-18 06:41:50,BANGALORE,560058,iOS
CUST_10976,Ishaan Singh,updated_ishaan.singh96@outlook.com,INVALID_PHONE,2024-07-06 15:07:05,Bangalore,560004,Android
CUST_11172,Diya Gupta,diya.gupta75@outlook.com,8185887612,2024-02-09 22:36:27,Bengaluru,560063,Web
CUST_12216,Sneha Agarwal,sneha.agarwal91@gmail.com,08489139697,2025-01-23 07:32:15,Gurgaon,560094,Android
CUST_13979,Anika Reddy,anika.reddy69@hotmail.com,,2026-01-24 14:40:18,New Delhi,560006,iOS
CUST_12347,Aarav Joshi,aarav.joshi73@yahoo.com,7928519887,2024-04-08 04:46:19,Bangalore,560084,iOS
CUST_13941,Kavita Rao,kavita.rao11@hotmail.com,7902363544,2024-05-16 04:37:06,Gurugram,560094,Android
CUST_11127,Avani Kumar,avani.kumar44@hotmail.com,9332297700,2026-03-08 02:04:09,mumbai,560092,iOS
CUST_14978,Ananya Kulkarni,ananya.kulkarni95AThotmail.com,7947577554,2026-02-02 23:07:34,Bengaluru,560028,iOS
CUST_14435,Ayaan Nair,  ayaan.nair56@gmail.com  ,+91-7183968169,2025-05-19 15:11:24,Gurugram,560058,Android
CUST_11799,Myra Patel,myra.patel16@outlook.com,7674455554,2025-09-03 00:21:36,mumbai,560040,iOS
CUST_13323,Reyansh Kulkarni,reyansh.kulkarni75@yahoo.com,8751284199,2024-07-10 12:38:27,Hyderabad,560044,Android
CUST_12912,Sneha Das,sneha.das77@gmail.com,8223365797,2026-04-09 19:39:35,mumbai,560013,Android
CUST_12387,Saanvi Kulkarni,saanvi.kulkarni26@outlook.com,9908239347,2024-10-29 14:02:16,Delhi,560089,Android
CUST_13845,Krishna Kumar,updated_krishna.kumar29@yahoo.com,INVALID_PHONE,2024-01-31 23:30:19,BANGALORE,560008,Android
CUST_14259,Myra Banerjee,myra.banerjee99@yahoo.com,9997209179,2025-04-16 12:14:50,blr,560050,iOS
CUST_13676,Rahul Das,rahul.das45@outlook.com,+91-9611803582,2025-11-21 16:53:57,Gurugram,560050,Web
CUST_11700,Suresh Agarwal,suresh.agarwal40ATgmail.com,7214947835,2025-06-09 11:32:12,Bangalore,560053,iOS
CUST_11552,Amit Joshi,amit.joshi46@hotmail.com,INVALID_PHONE,2026-04-28 12:34:08,blr,560070,Android
CUST_12034,Ayaan Joshi,ayaan.joshi85@outlook.com,07713927237,2024-04-29 10:28:15,Mumbai,560024,iOS
CUST_12611,Aditya Banerjee,aditya.banerjee51@hotmail.com,9267281396,2026-06-02 23:37:31,Mumbai,560031,Android
CUST_14378,Rohan Joshi,rohan.joshi44@yahoo.com,9814082218,2024-12-20 14:33:58,Delhi,560044,Android
CUST_14114,Rahul Nair,rahul.nair35@gmail.com,8529072894,2024-09-17 16:40:08,Bengaluru,560054,Android
CUST_12828,Myra Agarwal,myra.agarwal52@outlook.com,08609740447,2025-12-11 23:13:02,Bangalore,560082,Android
CUST_11970,Kavita Shah,kavita.shah94@gmail.com,7176733655,2025-04-17 11:37:40,Delhi,560043,iOS
CUST_12904,Saanvi Verma,saanvi.verma39@outlook.com,8423286661,2024-05-01 18:35:04,Bengaluru,560044,Android
CUST_12061,Angel Kulkarni,updated_angel.kulkarni79@hotmail.com,8319655838,2024-12-13 09:32:56,Gurugram,560047,Web
CUST_14798,Diya Shah,updated_diya.shah25@hotmail.com,8364773766,2025-08-30 02:50:14,Gurgaon,560009,iOS
CUST_11167,Ananya Banerjee,ananya.banerjee82@gmail.com,7288487551,2026-04-07 20:53:54,Delhi,560065,iOS
CUST_12630,Avani Rao,avani.rao64@outlook.com,7450809572,2025-10-27 09:00:06,Mumbai,560051,Android
CUST_10288,Priya Singh,priya.singh12@hotmail.com,+91-9900050524,2026-05-05 12:54:35,Gurugram,560079,iOS
CUST_14520,Myra Kulkarni,myra.kulkarni85@outlook.com,9432835786,2025-03-31 03:27:06,Hyderabad,560068,Android
CUST_14484,Ishaan Banerjee,ishaan.banerjee92@gmail.com,+91-8288928005,2024-03-26 08:08:50,blr,560076,Web
CUST_12599,Rahul Agarwal,rahul.agarwal65@gmail.com,8740113713,2025-12-22 16:24:17,Gurugram,560082,Android
CUST_14615,Priya Banerjee,updated_priya.banerjee97@outlook.com,7932846334,2025-12-28 03:20:12,mumbai,560097,Android
CUST_10444,Navya Mishra,navya.mishra52@outlook.com,8433499913,2026-04-11 09:04:08,BANGALORE,560034,Android
CUST_14628,Suresh Chowdhury,suresh.chowdhury43@yahoo.com,9877971715,2025-07-03 01:20:56,Bangalore,560010,iOS
CUST_12263,Angel Banerjee,angel.banerjee49@outlook.com,8505837004,2025-05-28 23:38:41,BANGALORE,560098,Android
CUST_11446,Pari Rao,updated_pari.rao48@outlook.com,8184464834,2026-07-06 16:35:48,Gurugram,560087,iOS
CUST_13145,Vihaan Joshi,vihaan.joshi60@gmail.com,,2026-04-19 04:06:51,New Delhi,560004,Android
CUST_13260,Amit Chowdhury,amit.chowdhury22@hotmail.com,9217664007,2025-06-06 08:43:06,BANGALORE,560019,Android
CUST_10617,Neha Banerjee,neha.banerjee51@outlook.com,7280605593,2026-04-13 03:09:15,blr,560062,iOS
CUST_13812,Vihaan Kulkarni,vihaan.kulkarni57@hotmail.com,,2024-08-01 03:41:30,mumbai,560060,
CUST_14691,Ananya Patel,ananya.patel40@outlook.com,8569515984,2025-04-23 12:35:17,Hyderabad,560013,Android
CUST_13237,Pari Mehta,updated_pari.mehta10@gmail.com,7222500976,2026-02-22 01:23:14,mumbai,560030,Android
CUST_10081,Aadhya Singh,aadhya.singh61@outlook.com,+91-9764023878,2025-07-29 08:37:38,Gurugram,560021,Android
CUST_14282,Aditya Chowdhury,aditya.chowdhury14@outlook.com,+91-7253105537,2026-07-21 07:18:25,Bengaluru,560010,iOS
CUST_11774,Sneha Reddy,sneha.reddy21@yahoo.com,+91-9596679205,2025-03-03 20:47:34,Bangalore,560071,iOS
CUST_12947,Myra Shah,myra.shah13@gmail.com,7649161852,2026-01-19 03:44:23,Hyderabad,560040,Android
CUST_13783,Vikram Mehta,vikram.mehta70@yahoo.com,9678050168,2025-03-29 18:43:08,Hyderabad,560046,iOS
CUST_12840,Kavita Verma,kavita.verma65@hotmail.com,+91-7306887702,2025-06-12 05:00:09,Delhi,560031,iOS
CUST_13277,Pooja Nair,POOJA.NAIR74@YAHOO.COM,7752608236,2026-08-27 17:07:30,mumbai,560017,Web
CUST_11613,Vivaan Sharma,vivaan.sharma52@yahoo.com,07295426456,2025-12-09 01:04:31,BANGALORE,560056,iOS
CUST_14443,Avani Bhat,updated_AVANI.BHAT80@GMAIL.COM,7440695494,2025-01-24 11:35:39,Gurugram,560008,
CUST_11433,Angel Kumar,angel.kumar91@yahoo.com,7767245279,2026-03-06 22:00:44,Bangalore,560057,Android
CUST_10177,Vikram Shah,vikram.shah91@yahoo.com,8562121534,2025-02-04 14:08:02,Gurugram,560090,Android
CUST_11100,Saanvi Bhat,updated_saanvi.bhat47@hotmail.com,09718212243,2025-02-20 13:34:37,Mumbai,560038,
CUST_10229,Arjun Verma,arjun.verma10@gmail.com,7759956499,2025-04-09 21:15:31,Gurgaon,560022,iOS
CUST_10858,Amit Agarwal,amit.agarwal58@outlook.com,8687867928,2025-01-15 12:29:31,Delhi,560025,Android
CUST_14901,Aarav Rao,aarav.rao83@outlook.com,09679058685,2025-09-10 10:03:11,Gurugram,560055,Android
CUST_10430,Suresh Gupta,suresh.gupta18@hotmail.com,+91-7984359289,2024-04-05 15:58:56,Mumbai,560020,Android
CUST_13660,Vikram Kumar,vikram.kumar92ATyahoo.com,8109335529,2026-01-14 20:51:53,New Delhi,560080,Android
CUST_13023,Saanvi Mehta,saanvi.mehta88@gmail.com,7374476096,2025-06-24 11:35:56,blr,560059,iOS
CUST_10724,Rohan Das,updated_ROHAN.DAS60@OUTLOOK.COM,,2024-07-24 13:19:21,Bengaluru,560100,Android
CUST_11762,Diya Das,diya.das42@hotmail.com,7780220926,2024-09-26 20:26:50,Bengaluru,560032,Android
CUST_13775,Reyansh Joshi,reyansh.joshi64@hotmail.com,+91-7858686409,2025-09-16 06:20:14,Hyderabad,560058,iOS
CUST_13565,Neha Singh,neha.singh37@outlook.com,9566053182,2024-01-16 18:46:01,Bangalore,560033,Android
CUST_11092,Kavita Joshi,kavita.joshi26@gmail.com,+91-7935460864,2024-12-22 08:39:04,mumbai,560023,iOS
CUST_13133,Arjun Verma,arjun.verma72@yahoo.com,+91-8665156424,2025-06-26 19:42:45,Bangalore,560020,Android
CUST_13119,Amit Patel,amit.patel64@yahoo.com,7333515289,2025-02-28 08:37:21,mumbai,560016,iOS
CUST_10829,Ayaan Patel,ayaan.patel12@hotmail.com,9906556165,2024-10-07 04:16:56,BANGALORE,560091,iOS
CUST_11734,Sneha Chowdhury,sneha.chowdhury54@hotmail.com,09114111681,2024-04-15 05:06:46,New Delhi,560058,iOS
CUST_11972,Angel Singh,updated_angel.singh19@gmail.com,9322963566,2026-07-27 08:16:02,Bangalore,560045,Android
CUST_14610,Kavita Chowdhury,  kavita.chowdhury29@gmail.com  ,,2025-09-06 21:52:57,Mumbai,560011,Android
CUST_11410,Sneha Rao,sneha.rao43@gmail.com,07428537597,2026-03-27 18:21:31,Mumbai,560077,iOS
CUST_13249,Pari Rao,pari.rao99@outlook.com,09204080483,2025-12-07 02:18:50,Mumbai,560040,Web
CUST_10035,Aditya Reddy,aditya.reddy24AToutlook.com,+91-9438970361,2026-08-23 00:53:52,Gurugram,560055,Android
CUST_10473,Vihaan Mishra,vihaan.mishra98@hotmail.com,+91-9622328364,2026-04-03 23:22:33,Hyderabad,560005,Web
CUST_10515,Pari Agarwal,pari.agarwal45@yahoo.com,9511322991,2024-04-30 05:10:31,Gurgaon,560047,
CUST_11240,Anika Sharma,anika.sharma52@outlook.com,8094081577,2025-05-27 00:53:00,Mumbai,560043,iOS
CUST_14271,Vivaan Nair,vivaan.nair34@yahoo.com,09613137625,2024-01-02 04:03:24,Bengaluru,560098,iOS
CUST_11435,Kavita Bhat,kavita.bhat86@outlook.com,8619318385,2025-10-07 12:02:09,Mumbai,560070,Android
CUST_11846,Angel Mishra,angel.mishra93@gmail.com,+91-9360311082,2024-07-23 18:37:05,Bangalore,560093,Web
CUST_12779,Pari Banerjee,  pari.banerjee92@yahoo.com  ,8721795422,2025-01-15 17:10:05,Gurgaon,560075,iOS
CUST_12654,Reyansh Patel,updated_reyansh.patel85@outlook.com,+91-7118070264,2026-05-23 20:27:59,New Delhi,560057,iOS
CUST_10823,Kavita Verma,kavita.verma99@yahoo.com,+91-9970678409,2025-10-07 16:42:43,Gurugram,560044,iOS
CUST_10756,Pooja Shah,pooja.shah64@yahoo.com,8518830098,2025-02-19 09:31:13,Bangalore,560006,iOS
CUST_14359,Aditya Gupta,aditya.gupta24@yahoo.com,7257327471,2025-07-18 06:05:15,Bangalore,560043,iOS
CUST_10614,Myra Deshmukh,myra.deshmukh60@gmail.com,8788385177,2024-06-29 10:06:04,Gurugram,560001,Android
CUST_11327,Rahul Banerjee,rahul.banerjee92@gmail.com,09923453734,2026-02-03 03:48:08,Hyderabad,560074,Android
CUST_11729,Pooja Deshmukh,pooja.deshmukh60@outlook.com,+91-9660415961,2026-05-09 10:25:56,Bangalore,560049,Android
CUST_11897,Diya Mehta,diya.mehta55@yahoo.com,8590143222,2026-07-31 05:47:23,Mumbai,560085,iOS
CUST_14283,Kavita Bhat,kavita.bhat53@yahoo.com,7713162874,2025-04-05 14:23:01,Gurgaon,560043,Android
CUST_13061,Rohan Sharma,rohan.sharma18@hotmail.com,9830532859,2024-10-19 10:52:44,Hyderabad,560067,Android
CUST_12875,Reyansh Nair,reyansh.nair37@outlook.com,8948271390,2024-11-18 15:40:47,blr,560079,
CUST_13662,Aditya Bhat,aditya.bhat47@gmail.com,9671252584,2024-03-17 13:43:16,Delhi,560086,Web
CUST_11751,Rahul Shah,rahul.shah72@yahoo.com,9573631667,2024-04-04 07:14:58,Gurugram,560011,Android
CUST_11681,Neha Mehta,  neha.mehta17@yahoo.com  ,INVALID_PHONE,2024-10-23 13:04:40,New Delhi,560069,iOS
CUST_11452,Vivaan Chowdhury,vivaan.chowdhury31ATyahoo.com,+91-9834641231,2024-03-21 20:35:46,blr,560043,Android
CUST_14630,Krishna Shah,krishna.shah61@hotmail.com,8806979363,2026-08-17 09:17:23,Gurgaon,560069,Android
CUST_10775,Neha Gupta,neha.gupta23@hotmail.com,8197669411,2024-11-04 00:58:11,Bengaluru,560034,iOS
CUST_12109,Krishna Singh,krishna.singh15@hotmail.com,8846885864,2026-06-21 11:51:30,New Delhi,560046,iOS
CUST_10948,Rahul Das,updated_rahul.das83@yahoo.com,9755137418,2026-08-13 02:24:53,mumbai,560029,iOS
CUST_13243,Rohan Shah,updated_rohan.shah33@gmail.com,+91-8927445160,2024-01-11 17:11:14,blr,560059,iOS
CUST_11365,Sneha Singh,sneha.singh55@hotmail.com,07549857034,2024-11-22 22:33:17,Gurugram,560078,iOS
CUST_14576,Ayaan Bhat,ayaan.bhat92@outlook.com,7426098428,2025-11-26 13:48:09,Hyderabad,560007,Android
CUST_12956,Rohan Sharma,rohan.sharma13@yahoo.com,9834011706,2024-09-22 04:13:12,Mumbai,560004,Android
CUST_13658,Avani Verma,avani.verma72@hotmail.com,8976498139,2024-11-19 01:01:55,Bangalore,560001,Android
CUST_11000,Vikram Mishra,vikram.mishra22@hotmail.com,9327623250,2025-03-10 11:46:53,Delhi,560074,iOS
CUST_11304,Reyansh Sharma,reyansh.sharma41@yahoo.com,8467549493,2025-12-09 05:45:05,Gurugram,560048,Android
CUST_11477,Saanvi Kumar,saanvi.kumar12AThotmail.com,7077997299,2026-04-04 13:24:15,BANGALORE,560091,iOS
CUST_14586,Sneha Bhat,sneha.bhat72@yahoo.com,7021278369,2024-04-04 11:55:32,Gurugram,560089,Android
CUST_14510,Rohan Gupta,rohan.gupta10@outlook.com,8728713416,2024-12-25 02:07:02,Delhi,560001,Web
CUST_10299,Pooja Singh,pooja.singh69@hotmail.com,08598556286,2024-07-15 09:32:39,Bengaluru,560062,iOS
CUST_11107,Aditya Joshi,aditya.joshi99@yahoo.com,07262629979,2026-05-31 01:29:00,Bengaluru,560002,iOS
CUST_11982,Amit Chowdhury,amit.chowdhury48@yahoo.com,9915531849,2024-10-26 11:13:11,Delhi,560095,Android
CUST_13962,Arjun Sharma,arjun.sharma65@gmail.com,9559759889,2024-12-08 03:17:36,BANGALORE,560038,Android
CUST_13452,Vivaan Das,vivaan.das50@outlook.com,8520494613,2025-09-01 15:37:37,Hyderabad,560052,Android
CUST_12822,Ishaan Kumar,ishaan.kumar24AToutlook.com,7245698603,2025-06-11 10:17:53,Mumbai,560055,iOS
CUST_12246,Vikram Deshmukh,vikram.deshmukh69@hotmail.com,9186611359,2024-10-04 15:29:33,mumbai,560061,Android
CUST_11104,Avani Singh,avani.singh75@yahoo.com,INVALID_PHONE,2025-03-19 10:53:01,mumbai,560046,iOS
CUST_13031,Pari Singh,pari.singh46@gmail.com,INVALID_PHONE,2025-12-22 11:43:43,Gurgaon,,iOS
CUST_13556,Anika Agarwal,anika.agarwal28@yahoo.com,9544189136,2026-02-26 12:56:18,New Delhi,560012,Web
CUST_11608,Ishaan Gupta,ishaan.gupta37@hotmail.com,,2024-03-29 20:19:03,Gurgaon,560019,
CUST_12287,Aditya Kulkarni,aditya.kulkarni39@yahoo.com,8499401504,2025-04-06 09:05:17,mumbai,560018,iOS
CUST_11990,Pooja Kumar,pooja.kumar65@outlook.com,9856009143,2024-11-13 14:06:01,Gurgaon,560091,iOS
CUST_14254,Vihaan Reddy,vihaan.reddy20@gmail.com,INVALID_PHONE,2025-11-03 14:01:07,Gurugram,560051,Android
CUST_14556,Vivaan Mishra,vivaan.mishra70@yahoo.com,8354311789,2026-04-26 18:29:01,Bengaluru,560018,iOS
CUST_10008,Reyansh Reddy,reyansh.reddy57@yahoo.com,8367696408,2026-08-26 17:44:39,Delhi,560009,Android
CUST_12165,Krishna Mehta,krishna.mehta71ATyahoo.com,7716932935,2026-01-25 04:42:00,Delhi,560044,Android
CUST_11271,Navya Verma,navya.verma43@gmail.com,8210036043,2025-12-20 08:17:28,Bangalore,560028,iOS
CUST_13794,Aditya Kumar,aditya.kumar69@outlook.com,+91-8385777735,2025-04-23 17:15:51,Bengaluru,560063,iOS
CUST_14392,Ishaan Das,ishaan.das71@hotmail.com,9639971200,2024-06-06 05:38:28,Mumbai,560095,iOS
CUST_14580,Navya Mishra,navya.mishra21@hotmail.com,9326043063,2024-02-02 03:33:44,Gurugram,560063,Android
CUST_14476,Anika Verma,anika.verma44@yahoo.com,INVALID_PHONE,2026-08-21 16:09:53,blr,560006,Android
CUST_12817,Suresh Sharma,suresh.sharma35@gmail.com,+91-7322170894,2025-05-06 04:32:12,mumbai,560011,iOS
CUST_12765,Navya Banerjee,navya.banerjee29@yahoo.com,07213934655,2025-02-06 22:14:51,Delhi,560091,Android
CUST_14110,Angel Chowdhury,angel.chowdhury83@yahoo.com,7285548218,2025-06-15 07:49:14,Hyderabad,560012,Android
CUST_12064,Amit Deshmukh,amit.deshmukh56@hotmail.com,07606217774,2024-01-09 09:04:25,Mumbai,,iOS
CUST_12569,Vikram Gupta,vikram.gupta93@yahoo.com,8302698212,2025-10-13 17:40:20,Bengaluru,560068,Android
CUST_12456,Pari Patel,updated_pari.patel15@hotmail.com,,2026-04-29 16:37:32,Mumbai,560024,Android
CUST_14415,Neha Mehta,NEHA.MEHTA80@HOTMAIL.COM,8185055489,2025-11-07 16:13:03,New Delhi,560009,Android
CUST_11005,Navya Bhat,  navya.bhat50@outlook.com  ,8279536407,2024-01-31 04:48:03,Delhi,560070,Android
CUST_11404,Rohan Kulkarni,rohan.kulkarni62@yahoo.com,8671128657,2025-08-06 22:22:38,Gurgaon,560026,Android
CUST_13097,Priya Reddy,priya.reddy30@outlook.com,9459296098,2024-08-26 16:15:56,New Delhi,560007,iOS
CUST_12071,Aditya Verma,aditya.verma12@outlook.com,INVALID_PHONE,2025-05-30 13:03:13,Hyderabad,560030,Android
CUST_10233,Reyansh Reddy,reyansh.reddy83@hotmail.com,8140873516,2026-04-20 22:11:58,Delhi,560008,iOS
CUST_10718,Suresh Kulkarni,suresh.kulkarni87@yahoo.com,7704846841,2024-09-20 05:27:31,Bengaluru,560049,Android
CUST_12867,Pari Das,pari.das92@yahoo.com,09459263595,2026-07-29 16:22:51,mumbai,560071,iOS
CUST_10691,Vikram Verma,vikram.verma40@outlook.com,,2025-11-09 14:58:44,Gurgaon,560091,Android
CUST_13182,Krishna Kulkarni,krishna.kulkarni35@gmail.com,7252040300,2025-07-28 23:16:30,Hyderabad,560086,Android
CUST_11380,Pari Nair,pari.nair30@hotmail.com,7755958281,2024-02-08 23:13:37,Hyderabad,560049,Android
CUST_14462,Ishaan Banerjee,ishaan.banerjee90@gmail.com,7137223267,2026-02-16 19:07:54,Hyderabad,560017,Android
CUST_13911,Vihaan Shah,vihaan.shah39@outlook.com,08976407385,2025-12-12 08:34:10,Hyderabad,,Android
CUST_12296,Anika Rao,anika.rao22@outlook.com,9625140288,2025-06-14 22:28:06,Bangalore,560083,iOS
CUST_10750,Vihaan Das,vihaan.das34@outlook.com,9770532655,2025-01-26 05:40:46,Delhi,560029,iOS
CUST_11190,Rohan Mehta,rohan.mehta92@yahoo.com,9891055285,2026-07-10 14:07:10,blr,560071,iOS
CUST_10209,Arjun Nair,updated_arjun.nair28@yahoo.com,9213256853,2024-01-30 00:44:38,New Delhi,560006,Android
CUST_14957,Saanvi Mehta,saanvi.mehta35@yahoo.com,8007048617,2024-10-20 14:56:08,New Delhi,560006,Android
CUST_13919,Amit Deshmukh,amit.deshmukh91@gmail.com,+91-8840021031,2025-08-08 07:06:36,Bangalore,560075,iOS
CUST_10990,Suresh Agarwal,updated_SURESH.AGARWAL91@GMAIL.COM,08545943616,2026-08-03 13:17:03,blr,560001,Android
CUST_10843,Saanvi Sharma,saanvi.sharma24AToutlook.com,,2024-04-21 01:23:49,New Delhi,560041,iOS
CUST_10552,Sai Shah,sai.shah58@yahoo.com,7506436721,2026-04-11 13:44:42,Mumbai,560088,iOS
CUST_10789,Aditya Gupta,aditya.gupta33@gmail.com,8097178484,2024-01-01 04:40:34,Delhi,560087,Android
CUST_11873,Rahul Kumar,rahul.kumar94@gmail.com,7875514632,2024-05-30 09:58:35,BANGALORE,560070,Android
CUST_13429,Angel Joshi,angel.joshi95@outlook.com,INVALID_PHONE,2024-10-06 09:34:40,Gurugram,560027,Android
CUST_13620,Sai Deshmukh,sai.deshmukh53@hotmail.com,8569238734,2026-02-16 23:48:28,Bengaluru,560016,iOS
CUST_13967,Arjun Chowdhury,  arjun.chowdhury87@yahoo.com  ,8664824829,2026-02-07 10:40:38,blr,560058,iOS
CUST_12191,Rahul Kumar,rahul.kumar28@gmail.com,9157312617,2024-02-07 14:29:38,BANGALORE,560048,Android
CUST_11536,Reyansh Mishra,reyansh.mishra13@gmail.com,8169947394,2024-07-20 15:47:59,New Delhi,560067,Web
CUST_12268,Anika Mishra,anika.mishra88@hotmail.com,+91-8141954706,2026-04-19 18:08:34,Bangalore,560007,Web
CUST_10817,Angel Verma,angel.verma55@hotmail.com,9482809203,2026-02-19 07:55:17,Bengaluru,560049,Android
CUST_14595,Vihaan Joshi,VIHAAN.JOSHI13@GMAIL.COM,7209375126,2026-03-30 21:10:37,Mumbai,560017,Android
CUST_13822,Ishaan Joshi,ishaan.joshi21@hotmail.com,9018428393,2025-10-17 19:52:16,Hyderabad,560089,Android
CUST_14886,Myra Patel,myra.patel76@yahoo.com,8712665275,2026-04-30 11:19:48,Gurgaon,560041,Android
CUST_13240,Arjun Mehta,arjun.mehta77@outlook.com,9826817688,2025-01-07 03:25:05,Bangalore,560082,Android
CUST_11310,Sneha Banerjee,sneha.banerjee57@gmail.com,08028769788,2025-02-18 14:48:56,Mumbai,560081,Android
CUST_11690,Krishna Chowdhury,krishna.chowdhury26@yahoo.com,+91-8776343235,2025-05-26 01:30:09,blr,560015,iOS
CUST_14258,Aditya Banerjee,aditya.banerjee73@gmail.com,08965662966,2026-03-27 04:19:49,mumbai,560065,iOS
CUST_14346,Vikram Nair,vikram.nair39@hotmail.com,9818173650,2025-08-05 18:19:13,mumbai,560026,Android
CUST_13320,Navya Patel,navya.patel59@yahoo.com,8637067528,2025-01-06 13:23:23,Hyderabad,560025,Android
CUST_11371,Vikram Verma,vikram.verma74@gmail.com,9973404615,2024-11-25 11:20:40,blr,560047,iOS
CUST_13811,Ishaan Singh,ishaan.singh79@yahoo.com,8096737071,2024-05-24 13:41:32,mumbai,560007,Android
CUST_12293,Aadhya Mehta,updated_aadhya.mehta19@outlook.com,8125135741,2024-02-05 06:22:49,Bengaluru,560036,Android
CUST_13479,Navya Verma,navya.verma58@outlook.com,7090373654,2026-06-25 23:24:34,blr,560039,Android
CUST_14692,Aadhya Kulkarni,aadhya.kulkarni29@hotmail.com,8348685726,2026-07-05 21:53:32,blr,560076,Android
CUST_14558,Pooja Bhat,pooja.bhat15@hotmail.com,8650009266,2026-04-27 13:11:17,Bangalore,560084,Android
CUST_10100,Neha Banerjee,neha.banerjee96@hotmail.com,07571651142,2025-10-03 05:09:39,Gurgaon,560061,iOS
CUST_12510,Myra Bhat,MYRA.BHAT33@HOTMAIL.COM,9949004596,2026-03-24 06:11:18,BANGALORE,560096,iOS
CUST_10767,Vihaan Sharma,vihaan.sharma60@gmail.com,,2026-04-17 10:01:45,blr,560009,iOS
CUST_12478,Amit Singh,amit.singh82@hotmail.com,08027242411,2024-04-19 21:20:24,BANGALORE,560039,iOS
CUST_13554,Navya Patel,updated_navya.patel20@yahoo.com,9524445831,2026-06-05 17:05:29,BANGALORE,560056,Android
CUST_13522,Arjun Gupta,arjun.gupta43@yahoo.com,INVALID_PHONE,2026-03-16 15:49:08,New Delhi,560048,iOS
CUST_14878,Sneha Gupta,updated_sneha.gupta62@gmail.com,9970998754,2024-03-30 10:20:45,New Delhi,560098,Android
CUST_12623,Vihaan Banerjee,vihaan.banerjee77@outlook.com,+91-7056720777,2026-02-16 14:27:20,BANGALORE,560075,
CUST_11909,Vikram Rao,vikram.rao26@hotmail.com,9323653673,2024-01-05 02:11:55,Gurugram,560040,Web
CUST_11749,Neha Bhat,NEHA.BHAT86@HOTMAIL.COM,7079550022,2024-03-31 19:04:44,Gurugram,560082,Android
CUST_14291,Aadhya Shah,aadhya.shah69@yahoo.com,7506052958,2024-06-06 00:57:53,Mumbai,560076,iOS
CUST_12559,Kavita Verma,kavita.verma40@hotmail.com,9668897647,2024-11-17 16:17:57,Mumbai,560009,Web
CUST_11808,Ayaan Rao,ayaan.rao65@gmail.com,9301181047,2025-03-02 07:23:01,mumbai,560049,iOS
CUST_13663,Vihaan Singh,vihaan.singh34@hotmail.com,7684848224,2026-04-28 03:12:59,BANGALORE,560031,Android
CUST_11286,Rahul Shah,rahul.shah27@yahoo.com,9144818590,2025-02-26 23:53:22,Bangalore,560075,Web
CUST_14940,Sneha Chowdhury,sneha.chowdhury38@hotmail.com,9543671328,2026-05-28 08:01:03,BANGALORE,560089,iOS
CUST_13669,Sai Das,sai.das13@outlook.com,INVALID_PHONE,2025-11-28 03:12:42,mumbai,560033,iOS
CUST_11231,Aadhya Reddy,aadhya.reddy26@yahoo.com,8583014983,2026-07-31 10:27:57,Bengaluru,560057,iOS
CUST_11495,Avani Joshi,avani.joshi21@gmail.com,+91-9800466060,2024-07-10 07:57:53,New Delhi,560004,Android
CUST_10263,Sai Shah,sai.shah58@hotmail.com,9319984815,2025-05-19 10:30:50,blr,560090,Android
CUST_13161,Suresh Patel,suresh.patel81@hotmail.com,07787740041,2025-04-24 02:36:59,Bengaluru,560088,Android
CUST_10166,Neha Mehta,neha.mehta79@outlook.com,9394043064,2026-05-19 22:56:37,New Delhi,560021,iOS
CUST_13901,Angel Singh,angel.singh64@gmail.com,7371307518,2026-05-01 15:23:13,Delhi,560009,iOS
CUST_11219,Kavita Joshi,kavita.joshi12@hotmail.com,7175563780,2024-11-09 07:13:31,New Delhi,560074,iOS
CUST_13488,Aditya Reddy,aditya.reddy32@yahoo.com,,2025-08-25 19:57:44,Mumbai,560030,Android
CUST_10344,Arjun Reddy,arjun.reddy14@hotmail.com,+91-9456222412,2025-01-05 14:00:33,New Delhi,560061,Android
CUST_13942,Vivaan Kulkarni,vivaan.kulkarni17@gmail.com,9364353885,2025-05-30 17:43:47,BANGALORE,560002,Android
CUST_14349,Aditya Kulkarni,updated_aditya.kulkarni15@yahoo.com,09413003861,2025-11-23 01:37:56,Delhi,,iOS
CUST_11571,Sai Kumar,sai.kumar87@gmail.com,9823437038,2025-10-01 06:23:58,Mumbai,560082,Android
CUST_14079,Krishna Mishra,krishna.mishra39@outlook.com,+91-7810063530,2026-03-15 02:24:36,Hyderabad,560093,iOS
CUST_10727,Vihaan Kumar,vihaan.kumar74@outlook.com,+91-9379874152,2024-04-21 20:06:05,Bangalore,560004,iOS
CUST_13706,Krishna Agarwal,krishna.agarwal98@yahoo.com,7364274841,2024-04-16 13:50:45,Bengaluru,560037,Web
CUST_11843,Suresh Kulkarni,  suresh.kulkarni69@outlook.com  ,9262786139,2024-10-08 17:41:29,BANGALORE,560012,iOS
CUST_10091,Angel Bhat,angel.bhat12@yahoo.com,7721209470,2024-02-24 03:57:56,Hyderabad,560022,iOS
CUST_12084,Sneha Deshmukh,sneha.deshmukh39@gmail.com,9391508203,2026-05-03 09:28:20,blr,560033,iOS
CUST_11636,Priya Mehta,priya.mehta26@outlook.com,,2025-05-04 01:05:57,Bangalore,560017,iOS
CUST_11928,Rahul Kumar,rahul.kumar91@yahoo.com,9610609005,2025-07-06 08:50:36,mumbai,,iOS
CUST_11370,Sai Rao,sai.rao52@outlook.com,7973708416,2024-12-27 14:54:25,Delhi,560096,Android
CUST_13090,Amit Das,amit.das19@hotmail.com,8232789314,2024-07-28 10:50:43,Gurugram,560034,iOS
CUST_10552,Sai Shah,updated_sai.shah58@yahoo.com,7506436721,2026-04-11 13:44:42,Mumbai,560088,iOS
CUST_14855,Reyansh Rao,reyansh.rao82@gmail.com,7817948234,2024-06-11 02:32:40,Mumbai,560068,iOS
CUST_11436,Pari Patel,pari.patel17@hotmail.com,09653999574,2024-10-08 22:22:03,Hyderabad,560057,Android
CUST_12317,Kavita Nair,kavita.nair71@gmail.com,7787405993,2025-03-02 02:42:27,Gurugram,560020,Android
CUST_10558,Kavita Singh,kavita.singh91AThotmail.com,9895634535,2025-05-06 13:53:21,BANGALORE,560099,iOS
CUST_13653,Pari Deshmukh,pari.deshmukh38@gmail.com,08738914185,2024-04-09 08:49:44,New Delhi,560024,iOS
CUST_13405,Suresh Agarwal,suresh.agarwal83@outlook.com,9757176938,2024-11-17 11:37:23,Delhi,560058,iOS
CUST_13545,Krishna Verma,krishna.verma36@gmail.com,7207956672,2025-04-04 05:39:02,Gurgaon,,Android
CUST_11916,Neha Reddy,neha.reddy73@outlook.com,7733644532,2024-10-09 07:43:11,Gurugram,560097,Android
CUST_10042,Rahul Gupta,rahul.gupta89@hotmail.com,7069433663,2024-01-24 13:48:44,Delhi,560008,Android
CUST_10031,Myra Mishra,myra.mishra69@hotmail.com,INVALID_PHONE,2024-02-19 07:03:43,Gurgaon,560070,Android
CUST_12168,Myra Deshmukh,updated_myra.deshmukh85@hotmail.com,7634826048,2024-10-17 12:07:03,Gurugram,560037,
CUST_13710,Arjun Verma,arjun.verma43@yahoo.com,8160709065,2025-03-24 12:27:47,New Delhi,560023,Android
CUST_13737,Reyansh Mishra,reyansh.mishra30@yahoo.com,9530926779,2024-07-02 12:55:09,Hyderabad,560097,Android
CUST_14661,Aadhya Patel,updated_aadhya.patel91@gmail.com,8445909567,2024-10-21 14:18:59,Mumbai,560062,iOS
CUST_11917,Aadhya Gupta,aadhya.gupta51@yahoo.com,8519996951,2024-08-07 14:00:15,mumbai,560047,iOS
CUST_14684,Amit Rao,updated_amit.rao41@outlook.com,7790227218,2024-11-30 17:36:01,mumbai,560064,Web
CUST_14930,Anika Joshi,anika.joshi88@hotmail.com,8218186610,2026-06-21 16:32:04,Gurugram,560007,iOS
CUST_11964,Vihaan Reddy,vihaan.reddy43@gmail.com,+91-9338026463,2026-07-04 22:30:42,mumbai,560077,Android
CUST_13724,Neha Shah,neha.shah15@yahoo.com,8126879797,2024-07-22 00:31:58,Bengaluru,560089,Android
CUST_14067,Neha Shah,neha.shah36@outlook.com,7873577704,2025-12-22 21:04:51,Bangalore,560085,iOS
CUST_13329,Sai Nair,sai.nair19@yahoo.com,8101969620,2026-06-08 15:14:00,Mumbai,560070,iOS
CUST_14971,Sai Chowdhury,updated_sai.chowdhury64@yahoo.com,7990595415,2025-01-11 19:38:43,Gurgaon,560070,iOS
CUST_10285,Angel Kumar,angel.kumar18@outlook.com,+91-9397932852,2024-02-15 09:32:22,Bangalore,560094,Android
CUST_10725,Sneha Rao,sneha.rao31@outlook.com,,2024-04-08 00:05:45,Bengaluru,560061,iOS
CUST_11556,Myra Reddy,updated_myra.reddy60@gmail.com,8777891001,2025-01-08 07:28:30,Gurugram,560030,iOS
CUST_13084,Krishna Mehta,krishna.mehta16@outlook.com,+91-9364289353,2024-05-12 16:26:53,BANGALORE,560053,iOS
CUST_13852,Diya Nair,diya.nair34@gmail.com,INVALID_PHONE,2026-07-06 07:14:40,Mumbai,,iOS
CUST_11976,Aditya Sharma,aditya.sharma26@hotmail.com,8786680786,2026-01-06 07:06:54,New Delhi,560028,iOS
CUST_10697,Sai Mishra,sai.mishra13@yahoo.com,9035593005,2026-02-02 09:05:52,Bengaluru,560085,Android
CUST_11442,Pari Kumar,pari.kumar91@yahoo.com,8050729795,2026-07-09 14:44:20,New Delhi,560042,Android
CUST_13668,Pari Sharma,pari.sharma47@gmail.com,+91-7403386467,2024-12-02 16:21:42,New Delhi,560056,Android
CUST_13250,Saanvi Chowdhury,saanvi.chowdhury27@hotmail.com,7135057272,2026-05-12 03:53:54,Bengaluru,560096,Android
CUST_10579,Pari Banerjee,pari.banerjee85@yahoo.com,8746466686,2024-07-22 05:12:32,Delhi,560012,Android
CUST_12309,Priya Chowdhury,priya.chowdhury99@yahoo.com,9646239466,2025-05-16 21:43:27,Bangalore,560033,Android
CUST_11766,Vihaan Das,vihaan.das24@hotmail.com,8778609711,2024-08-22 04:42:52,Gurgaon,560012,Android
CUST_13054,Ishaan Mishra,ISHAAN.MISHRA93@HOTMAIL.COM,8678998560,2024-10-10 11:46:36,New Delhi,560024,Android
CUST_12427,Ananya Joshi,ananya.joshi74@gmail.com,7635802056,2025-03-23 17:45:31,Gurgaon,560037,Web
CUST_12390,Ishaan Sharma,updated_ishaan.sharma36@yahoo.com,8506483713,2024-12-20 23:55:06,Mumbai,560013,iOS
CUST_13834,Vikram Verma,vikram.verma76@gmail.com,09614403837,2025-05-20 09:53:41,Mumbai,560024,iOS
CUST_13642,Avani Mehta,avani.mehta12@hotmail.com,7380972971,2026-05-14 07:20:09,Delhi,560077,Android
CUST_11488,Ananya Das,ananya.das80@yahoo.com,8949499482,2026-08-10 13:37:30,Hyderabad,560029,Android
CUST_13884,Pari Banerjee,updated_pari.banerjee14@hotmail.com,9990720476,2024-01-06 15:36:28,Hyderabad,560027,Android
CUST_12985,Priya Kumar,priya.kumar45@hotmail.com,9467807099,2026-01-05 21:45:45,mumbai,560038,Android
CUST_12340,Priya Deshmukh,priya.deshmukh99@gmail.com,7042848293,2024-07-28 15:31:17,Hyderabad,560067,iOS
CUST_14724,Krishna Verma,krishna.verma62@hotmail.com,9869597192,2024-09-20 14:48:39,Gurgaon,560017,Android
CUST_13123,Amit Mehta,amit.mehta21@hotmail.com,7403139583,2025-10-06 12:39:19,Hyderabad,560032,
CUST_14394,Sneha Singh,sneha.singh59@outlook.com,7524476621,2024-08-25 12:12:31,Bengaluru,560090,Android
CUST_13955,Reyansh Singh,updated_  reyansh.singh18@outlook.com  ,9319369897,2025-01-17 01:54:04,Gurgaon,560045,
CUST_14272,Arjun Patel,arjun.patel60@outlook.com,9346679934,2026-07-13 07:35:07,Gurugram,560076,iOS
CUST_13735,Diya Bhat,updated_diya.bhat44@hotmail.com,8106759217,2024-07-24 08:38:47,blr,560014,Android
CUST_12118,Arjun Mishra,arjun.mishra82@outlook.com,9936718806,2024-08-16 13:06:23,Gurgaon,,Web
CUST_14928,Sai Nair,sai.nair18@outlook.com,09170492950,2024-06-18 07:33:41,BANGALORE,560027,Android
CUST_14939,Neha Kulkarni,NEHA.KULKARNI16@HOTMAIL.COM,8133311454,2026-08-19 03:22:30,mumbai,560008,Android
CUST_10542,Avani Nair,avani.nair49@gmail.com,9146127904,2026-06-07 20:31:44,Bengaluru,560100,Android
CUST_12131,Anika Sharma,anika.sharma56@gmail.com,9105729246,2025-04-07 22:29:50,Gurugram,560008,iOS
CUST_14185,Aadhya Joshi,aadhya.joshi61@hotmail.com,7442797360,2024-08-03 02:27:11,BANGALORE,560050,Android
CUST_11071,Amit Shah,amit.shah60@hotmail.com,INVALID_PHONE,2025-07-29 17:58:46,New Delhi,560027,Android
CUST_11259,Aditya Deshmukh,aditya.deshmukh25@hotmail.com,7168752661,2024-12-25 06:47:36,New Delhi,560035,iOS
CUST_14525,Aadhya Joshi,aadhya.joshi71@outlook.com,+91-7208181091,2024-04-11 21:37:07,New Delhi,560053,Android
CUST_11755,Rahul Bhat,rahul.bhat39@yahoo.com,+91-8607138181,2025-01-03 01:13:09,Bengaluru,560040,Android
CUST_11655,Aditya Agarwal,aditya.agarwal21@yahoo.com,07573277495,2024-08-30 18:27:52,Delhi,560096,Android
CUST_14325,Angel Shah,angel.shah14@gmail.com,7145545062,2025-09-23 02:00:07,Bangalore,560068,Android
CUST_12861,Aarav Joshi,aarav.joshi50@outlook.com,9362411089,2024-05-15 23:56:32,blr,560014,iOS
CUST_11335,Amit Kumar,AMIT.KUMAR30@HOTMAIL.COM,9392216858,2025-08-09 15:50:35,blr,560013,iOS
CUST_11812,Aadhya Agarwal,aadhya.agarwal96@outlook.com,+91-8403237198,2026-02-19 12:35:51,Gurgaon,560024,iOS
CUST_14627,Vihaan Reddy,updated_vihaan.reddy45@hotmail.com,7448438009,2026-08-30 15:16:01,Bangalore,560053,iOS
CUST_12183,Aarav Bhat,aarav.bhat22@hotmail.com,+91-9287663925,2024-11-19 05:42:30,Delhi,560008,Android
CUST_13940,Kavita Kumar,kavita.kumar27@outlook.com,8739406065,2026-07-24 19:28:38,New Delhi,,iOS
CUST_12207,Suresh Singh,updated_suresh.singh38@gmail.com,9691361085,2026-07-07 01:56:57,Mumbai,560017,iOS
CUST_11104,Avani Singh,updated_avani.singh75@yahoo.com,INVALID_PHONE,2025-03-19 10:53:01,mumbai,560046,iOS
CUST_11165,Vikram Gupta,vikram.gupta99@yahoo.com,9056216493,2025-11-20 17:31:07,Delhi,560092,iOS
CUST_14514,Avani Singh,avani.singh36@outlook.com,8598077881,2025-04-22 08:31:52,Bengaluru,560015,Android
CUST_11473,Priya Mehta,priya.mehta37@hotmail.com,8936425861,2026-03-21 03:22:12,Bengaluru,560094,Android
CUST_12591,Pari Verma,pari.verma70@hotmail.com,09872002114,2025-03-04 20:10:25,Hyderabad,560095,Android
CUST_11807,Diya Patel,DIYA.PATEL28@YAHOO.COM,08870201502,2025-07-04 05:24:21,Bangalore,,iOS
CUST_10716,Priya Nair,priya.nair35@yahoo.com,8173372700,2025-10-31 15:52:36,Gurgaon,560021,iOS
CUST_12126,Aditya Joshi,aditya.joshi41@hotmail.com,8277928012,2024-08-05 15:14:34,Gurgaon,560089,Web
CUST_12750,Anika Shah,anika.shah41@hotmail.com,+91-7874344554,2026-01-24 00:38:35,mumbai,560011,Android
CUST_13464,Sai Banerjee,sai.banerjee56@hotmail.com,7054122853,2026-05-22 11:44:00,Bangalore,560036,iOS
CUST_11011,Kavita Kulkarni,kavita.kulkarni94@yahoo.com,9662341262,2024-08-20 15:18:19,Bangalore,560005,Android
CUST_12952,Sai Nair,sai.nair35@hotmail.com,9666362215,2026-05-28 22:02:45,Bangalore,560007,iOS
CUST_12088,Aditya Mishra,aditya.mishra15@yahoo.com,8867430033,2024-02-29 10:13:16,BANGALORE,560035,Android
CUST_12476,Aarav Das,aarav.das46@yahoo.com,9854996647,2026-04-06 12:09:56,BANGALORE,560074,Android
CUST_10981,Aditya Rao,aditya.rao57ATyahoo.com,08335110462,2024-10-22 13:41:49,mumbai,560004,Web
CUST_12462,Navya Patel,navya.patel25@hotmail.com,9939032920,2026-03-19 18:38:14,Gurugram,560035,iOS
CUST_14454,Neha Chowdhury,neha.chowdhury15@outlook.com,07985130103,2024-03-31 00:22:28,Bangalore,560080,iOS
CUST_11374,Vihaan Joshi,vihaan.joshi71@gmail.com,9981256048,2025-02-22 02:59:10,Mumbai,560008,iOS
CUST_10738,Rohan Patel,rohan.patel27@outlook.com,,2024-12-09 07:21:00,Bengaluru,560097,iOS
CUST_13495,Angel Deshmukh,angel.deshmukh55@outlook.com,9171488745,2026-05-18 23:33:47,Delhi,560021,Android
CUST_11171,Aditya Kumar,aditya.kumar31@outlook.com,7740358926,2025-10-29 07:45:47,blr,560039,Android
CUST_14385,Ishaan Shah,ishaan.shah21@hotmail.com,08873206220,2024-02-20 06:26:34,blr,560081,Android
CUST_14372,Aadhya Das,aadhya.das30@hotmail.com,8329022086,2025-01-26 19:42:28,mumbai,560089,Android
CUST_11246,Ishaan Banerjee,ishaan.banerjee23@outlook.com,8476566409,2024-12-01 12:18:17,Delhi,560050,Android
CUST_12907,Krishna Kulkarni,krishna.kulkarni42@gmail.com,8218395930,2025-04-22 03:51:18,New Delhi,560009,iOS
CUST_14867,Suresh Joshi,suresh.joshi91@yahoo.com,8674762035,2026-06-14 16:11:37,Delhi,560097,iOS
CUST_11202,Aditya Verma,updated_  aditya.verma42@gmail.com  ,8794990061,2024-01-13 01:55:13,Gurugram,560040,Android
CUST_12989,Navya Chowdhury,navya.chowdhury26@yahoo.com,7409203033,2024-07-25 17:22:46,New Delhi,560044,Android
CUST_12074,Aadhya Kulkarni,aadhya.kulkarni71ATyahoo.com,7954537325,2025-06-16 21:13:47,Hyderabad,560043,iOS
CUST_10100,Neha Banerjee,updated_neha.banerjee96@hotmail.com,07571651142,2025-10-03 05:09:39,Gurgaon,560061,iOS
CUST_14496,Rahul Patel,updated_rahul.patel53@yahoo.com,09755476678,2024-07-20 20:28:33,Bengaluru,560050,iOS
CUST_13666,Arjun Deshmukh,updated_arjun.deshmukh48@hotmail.com,+91-7586953179,2026-03-12 13:37:13,mumbai,560063,iOS
CUST_10474,Ishaan Reddy,ishaan.reddy50@outlook.com,7162769855,2026-04-24 19:43:20,BANGALORE,560094,Android
CUST_13290,Ishaan Nair,ishaan.nair95@gmail.com,8606038588,2024-02-17 08:18:03,Bengaluru,560082,iOS
CUST_11853,Amit Reddy,amit.reddy76@yahoo.com,7830611422,2024-08-04 15:51:44,Bangalore,560091,Android
CUST_10914,Reyansh Singh,reyansh.singh17@gmail.com,8435667669,2024-09-19 10:45:14,BANGALORE,560074,Android
CUST_14792,Navya Shah,navya.shah89@yahoo.com,7933045065,2025-02-07 21:37:41,Mumbai,560015,iOS
CUST_12413,Vihaan Sharma,vihaan.sharma81@outlook.com,INVALID_PHONE,2026-05-15 06:42:59,Mumbai,560062,Android
CUST_12870,Vihaan Singh,vihaan.singh36@hotmail.com,+91-9418978169,2024-04-10 08:12:34,Delhi,560095,Android
CUST_14414,Arjun Sharma,arjun.sharma70@outlook.com,9565000359,2026-03-16 20:29:43,BANGALORE,560043,iOS
CUST_10338,Krishna Das,krishna.das38@gmail.com,8917664256,2025-06-27 14:25:02,Bangalore,560075,Android
CUST_11781,Sai Chowdhury,sai.chowdhury45@hotmail.com,8356370588,2026-08-28 02:28:38,blr,560074,Android
CUST_13825,Priya Kumar,priya.kumar67ATyahoo.com,7195772630,2024-03-01 14:16:41,mumbai,560073,Android
CUST_13891,Arjun Bhat,arjun.bhat18@yahoo.com,9356374516,2025-07-07 03:32:52,BANGALORE,560004,Android
CUST_10958,Vihaan Mehta,vihaan.mehta27@outlook.com,8892314992,2025-11-12 13:07:15,BANGALORE,560097,Android
CUST_11101,Krishna Gupta,updated_krishna.gupta72@gmail.com,,2024-05-09 13:37:47,Mumbai,560011,iOS
CUST_10770,Myra Joshi,myra.joshi64@hotmail.com,9210629192,2025-09-15 06:57:23,BANGALORE,560083,Android
CUST_13948,Kavita Sharma,kavita.sharma34@outlook.com,9925984100,2026-08-24 18:58:58,blr,560049,Android
CUST_12432,Sneha Chowdhury,sneha.chowdhury99@hotmail.com,8543094189,2025-07-20 04:50:56,Bengaluru,560052,iOS
CUST_12760,Vikram Mishra,vikram.mishra57@hotmail.com,7797628645,2026-03-05 08:36:11,Mumbai,560041,Android
CUST_12515,Avani Verma,AVANI.VERMA85@OUTLOOK.COM,8707604883,2024-03-07 01:12:35,Mumbai,560048,iOS
CUST_11519,Navya Kumar,navya.kumar83@outlook.com,7214497825,2025-03-15 08:41:05,mumbai,560097,iOS
CUST_13274,Navya Agarwal,navya.agarwal86@hotmail.com,+91-7071910991,2024-11-13 18:46:35,Gurgaon,560016,Web
CUST_14194,Vihaan Nair,vihaan.nair52@outlook.com,+91-8372311271,2025-06-18 01:17:11,Bengaluru,,Android
CUST_11189,Krishna Mishra,krishna.mishra44@gmail.com,7843029426,2024-04-24 18:14:37,Delhi,560072,Android
CUST_13387,Reyansh Patel,reyansh.patel13@outlook.com,9080822579,2026-04-04 22:45:23,Delhi,560014,Android
CUST_12468,Diya Chowdhury,diya.chowdhury50@gmail.com,8367263176,2026-03-18 14:34:49,blr,560019,Android
CUST_14645,Anika Sharma,anika.sharma52@yahoo.com,7103252769,2024-11-03 01:35:20,mumbai,560075,iOS
CUST_12488,Aarav Joshi,aarav.joshi90@yahoo.com,7598199383,2025-08-09 20:31:09,New Delhi,560026,Android
CUST_14734,Reyansh Kulkarni,reyansh.kulkarni30@hotmail.com,+91-8944690536,2025-05-02 16:21:59,Mumbai,560085,iOS
CUST_13570,Krishna Verma,krishna.verma18@gmail.com,7571436568,2024-03-01 23:37:49,Bengaluru,560051,Android
CUST_14544,Sai Rao,sai.rao29@gmail.com,7774597517,2025-10-01 11:04:32,New Delhi,560042,Web
CUST_13216,Priya Nair,priya.nair54@yahoo.com,9622059428,2025-09-21 21:56:42,Gurugram,560003,Android
CUST_11464,Priya Mehta,updated_priya.mehta24@outlook.com,+91-7371419975,2024-08-24 03:28:33,Gurugram,560028,iOS
CUST_11467,Angel Deshmukh,angel.deshmukh91@outlook.com,9891502692,2025-05-06 18:33:55,Gurgaon,560075,
CUST_13183,Saanvi Mehta,saanvi.mehta21@outlook.com,INVALID_PHONE,2024-08-11 20:52:45,Bengaluru,560081,iOS
CUST_10796,Navya Rao,  navya.rao91@yahoo.com  ,8350776151,2025-09-21 03:14:26,New Delhi,,iOS
CUST_10179,Avani Verma,avani.verma79@hotmail.com,9635597320,2025-01-11 10:17:35,Bengaluru,560052,Android
CUST_12961,Sai Reddy,sai.reddy67AToutlook.com,7269700756,2024-11-16 07:33:58,blr,560087,Android
CUST_11678,Aarav Rao,aarav.rao94@yahoo.com,8109455030,2025-09-19 23:11:01,Hyderabad,560036,iOS
CUST_11383,Neha Das,neha.das56@outlook.com,9710844231,2024-05-07 10:11:32,Bengaluru,560050,iOS
CUST_13894,Diya Mehta,diya.mehta78@gmail.com,9064013371,2025-06-17 01:54:21,New Delhi,560004,Android
CUST_12619,Pari Shah,PARI.SHAH91@OUTLOOK.COM,+91-8918655583,2025-03-16 03:23:22,blr,560055,iOS
CUST_14836,Pooja Verma,pooja.verma64@yahoo.com,+91-8418416730,2024-10-28 14:39:26,Bengaluru,560049,
CUST_13900,Avani Reddy,avani.reddy86@hotmail.com,9758406417,2025-03-17 02:46:12,Gurugram,560088,
CUST_11748,Ayaan Bhat,ayaan.bhat31@gmail.com,INVALID_PHONE,2026-06-18 18:23:32,New Delhi,560034,Android
CUST_11801,Kavita Das,updated_kavita.das65@hotmail.com,+91-7652147887,2026-01-29 11:34:30,mumbai,560033,iOS
CUST_11012,Angel Patel,angel.patel28@outlook.com,,2025-10-18 05:13:24,Mumbai,560031,iOS
CUST_10011,Reyansh Mehta,reyansh.mehta44@outlook.com,7098435007,2025-08-27 18:43:25,New Delhi,560019,iOS
CUST_11213,Aditya Verma,aditya.verma71@gmail.com,9799293393,2025-01-29 17:50:59,blr,560094,iOS
CUST_11122,Vivaan Kumar,vivaan.kumar38@hotmail.com,7584463799,2025-07-05 00:06:37,blr,560088,
CUST_13821,Neha Bhat,neha.bhat56@outlook.com,+91-8002364622,2025-09-14 07:34:33,Bengaluru,560049,Android
CUST_13101,Aarav Nair,aarav.nair45@yahoo.com,8587948729,2024-09-27 19:49:40,Gurugram,560040,Android
CUST_14229,Krishna Verma,krishna.verma28@yahoo.com,7395631597,2024-05-05 16:06:25,mumbai,560065,Web
CUST_10084,Navya Singh,navya.singh77@gmail.com,+91-8156751579,2024-05-06 06:08:08,Gurugram,,iOS
CUST_11226,Vihaan Nair,vihaan.nair22@yahoo.com,09437347082,2025-04-28 23:31:11,Delhi,560088,Android
CUST_13267,Aadhya Deshmukh,aadhya.deshmukh59@hotmail.com,9943869220,2026-03-31 15:52:53,Bangalore,560035,Android
CUST_13797,Rohan Mehta,rohan.mehta94@gmail.com,8193069125,2025-04-10 06:36:39,BANGALORE,,Android
CUST_10026,Angel Patel,ANGEL.PATEL47@GMAIL.COM,08689454440,2024-10-02 02:42:10,mumbai,560033,Android
CUST_11669,Aadhya Das,aadhya.das95@gmail.com,8833384789,2024-06-03 12:10:30,Gurugram,560080,Web
CUST_11934,Arjun Deshmukh,arjun.deshmukh77@yahoo.com,8702341545,2024-02-25 03:20:46,Mumbai,560005,
CUST_12855,Avani Rao,avani.rao93@outlook.com,9384596013,2024-04-26 12:19:43,Gurgaon,560076,iOS
CUST_13099,Aadhya Kulkarni,aadhya.kulkarni41@hotmail.com,7046300897,2026-04-12 22:28:41,New Delhi,560097,Android
CUST_10793,Avani Shah,avani.shah34@hotmail.com,7665735178,2025-07-28 04:34:13,BANGALORE,560077,iOS
CUST_12732,Reyansh Mishra,reyansh.mishra63@hotmail.com,+91-7327963804,2026-01-23 01:15:45,mumbai,560034,iOS
CUST_12971,Aditya Reddy,aditya.reddy34@yahoo.com,7599824654,2026-07-11 22:51:09,mumbai,560058,iOS
CUST_10709,Kavita Deshmukh,kavita.deshmukh16@yahoo.com,8701154753,2024-09-08 03:32:17,blr,560006,Android
CUST_10235,Saanvi Mehta,saanvi.mehta53@outlook.com,09453366119,2025-03-06 14:15:31,Gurugram,560035,Android
CUST_14006,Ishaan Singh,ishaan.singh36@hotmail.com,7160951680,2025-12-04 18:12:01,Delhi,560001,Android
CUST_11975,Aarav Shah,aarav.shah80@outlook.com,INVALID_PHONE,2026-01-30 10:57:20,Delhi,560048,Android
CUST_11604,Aditya Kulkarni,aditya.kulkarni24@yahoo.com,,2024-03-14 06:13:36,Gurugram,560045,Android
CUST_11600,Ayaan Mishra,ayaan.mishra14@hotmail.com,7607459296,2024-01-28 16:00:40,Delhi,560034,Web
CUST_11248,Ishaan Mehta,ishaan.mehta38@gmail.com,7718439921,2024-01-28 20:41:14,BANGALORE,560048,iOS
CUST_12793,Neha Kumar,updated_neha.kumar95@gmail.com,9951948901,2026-06-17 23:41:16,Gurugram,560010,Android
CUST_10846,Aditya Kumar,aditya.kumar31@gmail.com,7149762119,2025-01-27 09:44:10,blr,560039,Android
CUST_13725,Saanvi Verma,saanvi.verma85@gmail.com,7304830034,2025-05-03 11:04:15,Delhi,560091,iOS
CUST_14295,Aadhya Verma,aadhya.verma28@gmail.com,8898468176,2026-06-24 19:21:09,Gurugram,560021,Android
CUST_10176,Ananya Patel,ANANYA.PATEL76@HOTMAIL.COM,,2026-08-23 05:34:26,New Delhi,560095,Android
CUST_13769,Diya Sharma,diya.sharma10@hotmail.com,09258549748,2026-06-19 13:05:49,Delhi,560047,iOS
CUST_12358,Reyansh Das,reyansh.das76@yahoo.com,,2026-08-01 00:29:40,blr,560054,iOS
CUST_14043,Vivaan Nair,vivaan.nair40@yahoo.com,9504300724,2024-06-14 19:23:27,Hyderabad,560074,Android
CUST_12231,Vivaan Deshmukh,vivaan.deshmukh88@outlook.com,INVALID_PHONE,2026-02-01 23:44:43,Gurgaon,560044,Android
CUST_13134,Navya Chowdhury,navya.chowdhury84@outlook.com,8735734409,2026-06-13 21:29:20,Bengaluru,560049,Android
CUST_12767,Vihaan Kulkarni,vihaan.kulkarni59@hotmail.com,,2025-02-04 23:29:10,Bangalore,560076,iOS
CUST_14936,Diya Verma,diya.verma84@outlook.com,8567092504,2026-01-10 04:38:15,blr,560084,iOS
CUST_11590,Angel Mehta,angel.mehta31@yahoo.com,8772956281,2025-06-13 09:03:33,Hyderabad,560031,Android
CUST_13053,Reyansh Bhat,reyansh.bhat25@hotmail.com,8872289800,2026-04-28 17:14:42,BANGALORE,560072,Android
CUST_13540,Vikram Bhat,vikram.bhat17@yahoo.com,+91-9296177887,2026-07-31 15:08:32,Gurugram,560095,Android
CUST_14205,Aarav Singh,aarav.singh63@yahoo.com,09756262403,2026-05-07 06:59:41,Bengaluru,560060,iOS
CUST_12376,Rahul Mishra,  rahul.mishra91@yahoo.com  ,INVALID_PHONE,2024-09-01 03:11:50,Bangalore,560048,iOS
CUST_13911,Vihaan Shah,updated_vihaan.shah39@outlook.com,08976407385,2025-12-12 08:34:10,Hyderabad,,Android
CUST_12414,Navya Kulkarni,navya.kulkarni93@hotmail.com,+91-8877687622,2024-10-22 09:01:15,BANGALORE,560095,Android
CUST_11430,Suresh Mehta,suresh.mehta68@gmail.com,9431267294,2024-03-18 13:06:06,Bengaluru,560012,iOS
CUST_11512,Anika Reddy,anika.reddy49@outlook.com,+91-7519911739,2025-12-29 12:04:10,Gurugram,560057,iOS
CUST_11592,Aarav Bhat,aarav.bhat67@outlook.com,7566556373,2025-02-28 17:58:29,Gurugram,560036,iOS
CUST_11845,Amit Das,amit.das17AThotmail.com,7855396373,2024-09-10 06:58:32,New Delhi,,Android
CUST_10475,Saanvi Singh,updated_saanvi.singh91@yahoo.com,8278306230,2024-06-10 03:09:49,New Delhi,560070,iOS
CUST_13810,Reyansh Bhat,reyansh.bhat68@outlook.com,8781222500,2025-08-20 23:03:32,Mumbai,560043,Android
CUST_12160,Navya Kulkarni,  navya.kulkarni85@gmail.com  ,7342679856,2025-03-28 14:39:43,Mumbai,560055,Android
CUST_10445,Aditya Reddy,aditya.reddy36@outlook.com,09882141107,2025-02-18 10:08:22,Mumbai,560089,Android
CUST_14488,Aarav Patel,  aarav.patel15@gmail.com  ,7542229599,2024-06-26 21:18:41,Gurgaon,560048,Android
CUST_10278,Avani Joshi,avani.joshi25@gmail.com,8890394224,2024-02-17 22:19:45,BANGALORE,560018,Android
CUST_11511,Sai Mehta,sai.mehta44@hotmail.com,07621618015,2025-06-23 12:13:06,Bangalore,560074,Android
CUST_13221,Sneha Banerjee,sneha.banerjee18@yahoo.com,7008554534,2025-09-02 19:41:02,Bangalore,560046,Android
CUST_12303,Arjun Patel,arjun.patel93@outlook.com,8168709536,2026-04-27 22:32:25,BANGALORE,560088,iOS
CUST_11840,Vihaan Shah,updated_vihaan.shah16@outlook.com,8744835933,2024-08-18 16:32:38,New Delhi,560024,Android
CUST_12894,Saanvi Bhat,saanvi.bhat81@gmail.com,8023046648,2024-03-24 09:23:09,mumbai,560065,Android
CUST_13546,Pari Sharma,pari.sharma20@outlook.com,,2026-05-03 14:08:54,Gurgaon,560022,Android
CUST_14895,Aadhya Mishra,AADHYA.MISHRA53@GMAIL.COM,9896801694,2026-07-01 10:20:28,Gurugram,560042,Android
CUST_13074,Ayaan Agarwal,ayaan.agarwal55@yahoo.com,8667999907,2025-08-19 14:19:33,Gurugram,,Android
CUST_12404,Avani Rao,avani.rao70@hotmail.com,08629378180,2026-01-28 16:52:14,Mumbai,560043,Android
CUST_12771,Ayaan Verma,ayaan.verma28@gmail.com,7196250987,2024-01-19 12:13:58,New Delhi,560021,iOS
CUST_12416,Avani Rao,avani.rao56@outlook.com,9272409296,2026-07-05 17:12:58,Mumbai,560055,Android
CUST_13790,Angel Mehta,angel.mehta37@gmail.com,7254923388,2025-03-30 18:05:58,Gurugram,560055,iOS
CUST_14541,Arjun Das,  arjun.das95@yahoo.com  ,8708407738,2024-03-14 15:34:44,Hyderabad,560057,iOS
CUST_13369,Ananya Singh,ananya.singh20@gmail.com,07144979673,2024-05-17 22:42:13,blr,560032,iOS
CUST_11297,Myra Banerjee,myra.banerjee12@hotmail.com,8204125011,2025-11-14 02:31:48,Gurgaon,560011,iOS
CUST_14528,Arjun Bhat,arjun.bhat66@yahoo.com,8174108444,2025-08-27 04:41:43,Gurugram,560063,Android
CUST_13519,Pari Verma,updated_pari.verma75@outlook.com,9044614006,2026-05-09 01:04:48,Bangalore,560063,Android
CUST_10553,Aadhya Banerjee,aadhya.banerjee60@gmail.com,INVALID_PHONE,2026-01-21 21:12:21,blr,560049,iOS
CUST_12251,Rahul Sharma,rahul.sharma97@yahoo.com,08361455346,2024-11-05 19:03:18,Bengaluru,560075,Android
CUST_12729,Sneha Kulkarni,sneha.kulkarni97@outlook.com,,2024-04-20 02:00:59,BANGALORE,560030,Web
CUST_12951,Arjun Verma,arjun.verma94@yahoo.com,7609314198,2024-02-13 01:25:33,New Delhi,560021,Android
CUST_14851,Rohan Singh,rohan.singh95@hotmail.com,8591786551,2024-04-11 16:56:33,BANGALORE,560035,iOS
CUST_12922,Rohan Gupta,rohan.gupta75@gmail.com,7989953171,2026-07-20 07:55:34,Bangalore,560031,Android
CUST_10972,Priya Bhat,updated_priya.bhat43@outlook.com,9547336835,2025-06-25 10:58:47,Mumbai,560089,iOS
CUST_13945,Rahul Mehta,rahul.mehta48@yahoo.com,7072559943,2024-04-15 19:08:29,New Delhi,560092,Android
CUST_10068,Kavita Patel,kavita.patel31@yahoo.com,9637213943,2024-03-20 02:30:39,Gurgaon,560033,Android
CUST_11706,Rahul Mishra,rahul.mishra55@outlook.com,,2026-06-07 15:51:09,New Delhi,560037,Android
CUST_12038,Myra Kulkarni,myra.kulkarni73@gmail.com,07392579674,2024-06-06 10:19:02,Mumbai,560056,Android
CUST_14220,Rohan Rao,rohan.rao95@hotmail.com,9505440161,2025-06-10 06:14:28,Gurgaon,560046,Android
CUST_10434,Priya Deshmukh,priya.deshmukh84@hotmail.com,9113266201,2024-03-26 12:49:24,mumbai,560022,iOS
CUST_12528,Krishna Agarwal,krishna.agarwal26@hotmail.com,+91-7126122013,2024-08-31 13:10:08,Gurugram,560063,Android
CUST_14296,Vivaan Banerjee,vivaan.banerjee67@yahoo.com,8388626184,2025-08-17 01:32:10,Hyderabad,560080,Android
CUST_10760,Reyansh Reddy,reyansh.reddy99@yahoo.com,7179111095,2026-04-22 02:15:23,BANGALORE,560093,Android
CUST_11523,Sneha Das,sneha.das26@outlook.com,8869420742,2026-01-15 15:34:10,Delhi,560090,iOS
CUST_12479,Myra Singh,myra.singh62@yahoo.com,INVALID_PHONE,2025-11-15 06:35:12,blr,560100,iOS
CUST_14287,Krishna Sharma,krishna.sharma47@outlook.com,9378941319,2024-03-15 05:36:27,Bangalore,560007,Android
CUST_12834,Vikram Bhat,vikram.bhat90@outlook.com,9442285455,2026-07-01 00:59:20,mumbai,560070,iOS
CUST_12203,Sai Mehta,sai.mehta73@hotmail.com,9575193041,2026-05-27 08:38:12,Delhi,560073,iOS
CUST_13445,Ayaan Mishra,ayaan.mishra33@outlook.com,+91-9985330922,2026-03-18 05:13:41,Bengaluru,560043,iOS
CUST_14966,Suresh Nair,suresh.nair36@yahoo.com,9237854635,2024-02-09 03:54:11,Mumbai,560093,Android
CUST_13936,Rahul Kulkarni,rahul.kulkarni84@outlook.com,7249443706,2024-03-16 00:18:43,Bengaluru,,Android
CUST_13578,Aditya Deshmukh,aditya.deshmukh82@hotmail.com,8209101527,2024-10-13 00:33:59,Bengaluru,560065,iOS
CUST_11333,Ananya Deshmukh,ananya.deshmukh83@hotmail.com,7341023963,2026-03-24 15:32:26,Delhi,560011,iOS
CUST_12866,Vikram Banerjee,vikram.banerjee62@hotmail.com,07373690685,2025-05-20 00:32:33,blr,560100,Android
CUST_10509,Rohan Mishra,rohan.mishra44@outlook.com,7408357114,2024-03-08 14:37:08,New Delhi,560086,Android
CUST_13410,Navya Patel,navya.patel54@outlook.com,8365746655,2024-08-12 10:54:28,Gurugram,560015,Android
CUST_14477,Suresh Rao,suresh.rao88@gmail.com,9855744387,2025-01-27 19:05:19,mumbai,560054,iOS
CUST_10301,Ishaan Bhat,ishaan.bhat10@gmail.com,09737728692,2025-11-02 19:18:51,Hyderabad,560087,iOS
CUST_14128,Anika Chowdhury,anika.chowdhury26@yahoo.com,7604223913,2024-11-06 09:05:00,Gurgaon,560073,Android
CUST_11533,Reyansh Banerjee,reyansh.banerjee21@gmail.com,08351775344,2025-07-27 00:30:49,Bangalore,560028,Android
CUST_10561,Ishaan Deshmukh,ishaan.deshmukh14@outlook.com,,2025-09-03 05:02:10,Gurugram,,iOS
CUST_13778,Sneha Banerjee,sneha.banerjee48@gmail.com,9008063109,2025-05-13 18:54:22,Mumbai,560067,Android
CUST_11313,Navya Mishra,navya.mishra71@yahoo.com,9527593915,2025-04-16 02:53:41,Bengaluru,560094,Android
CUST_14887,Aarav Bhat,aarav.bhat51@hotmail.com,8955322323,2026-05-02 19:26:37,New Delhi,560068,Web
CUST_14099,Amit Gupta,amit.gupta88@gmail.com,INVALID_PHONE,2024-08-20 01:16:37,blr,560052,Android
CUST_12911,Ananya Banerjee,ananya.banerjee72@gmail.com,9381061143,2024-03-19 07:48:22,BANGALORE,560096,Android
CUST_10672,Pari Rao,pari.rao90@outlook.com,,2024-04-19 02:38:08,Bangalore,560063,iOS
CUST_10743,Reyansh Das,reyansh.das63@outlook.com,08921780554,2025-10-26 18:58:24,Bengaluru,560058,
CUST_14436,Reyansh Sharma,reyansh.sharma22@hotmail.com,+91-9808519918,2024-09-28 09:51:22,mumbai,560096,Android
CUST_11462,Pari Deshmukh,pari.deshmukh68@yahoo.com,7748526435,2025-01-19 10:00:53,Bengaluru,560001,iOS
CUST_11282,Neha Rao,neha.rao50@outlook.com,8147083473,2024-05-08 14:14:57,Delhi,560092,iOS
CUST_10565,Krishna Joshi,krishna.joshi36@yahoo.com,09748773178,2024-09-08 12:53:26,Gurgaon,560076,iOS
CUST_14485,Vihaan Rao,updated_vihaan.rao95@yahoo.com,+91-8235655372,2024-05-13 01:48:01,blr,560025,Android
CUST_13238,Sneha Nair,sneha.nair55@gmail.com,+91-9793839208,2025-03-31 08:07:40,blr,560089,iOS
CUST_12887,Anika Kumar,anika.kumar66@hotmail.com,7093202500,2026-01-07 06:29:44,New Delhi,560001,Android
CUST_13144,Ananya Shah,ananya.shah56@outlook.com,+91-9220597712,2024-05-23 23:39:50,blr,560004,Android
CUST_11892,Pooja Mehta,pooja.mehta14AToutlook.com,8397439931,2025-08-11 23:57:24,Gurugram,560051,iOS
CUST_10141,Pooja Patel,pooja.patel20@hotmail.com,,2024-03-28 16:15:39,Delhi,560087,Android
CUST_10932,Saanvi Rao,saanvi.rao12@outlook.com,8195916993,2025-10-16 11:08:17,mumbai,560005,iOS
CUST_11996,Vivaan Reddy,vivaan.reddy17@yahoo.com,8780029384,2024-09-28 23:53:05,Gurugram,560075,iOS
CUST_10190,Aarav Das,aarav.das54@hotmail.com,+91-8015421546,2024-09-09 16:56:50,Bengaluru,560069,Android
CUST_14706,Myra Bhat,myra.bhat17@hotmail.com,8433672277,2024-01-08 14:22:09,New Delhi,560075,Android
CUST_13052,Pari Sharma,pari.sharma79@outlook.com,7235763208,2024-10-25 07:09:46,Mumbai,560046,Android
CUST_10936,Pari Shah,pari.shah92@outlook.com,8202584661,2025-07-28 09:14:47,Bengaluru,,Android
CUST_13685,Sneha Joshi,sneha.joshi50@outlook.com,+91-9367017171,2025-10-05 22:37:36,mumbai,560083,iOS
CUST_13484,Arjun Verma,arjun.verma67@gmail.com,+91-8641263917,2025-02-14 07:56:26,Bengaluru,560098,iOS
CUST_10821,Aadhya Kulkarni,aadhya.kulkarni87@gmail.com,+91-7987925992,2026-04-04 18:04:49,Gurgaon,560038,Android
CUST_14969,Aarav Bhat,aarav.bhat10@outlook.com,9283610472,2026-05-19 08:54:55,Gurugram,560004,
CUST_11517,Angel Chowdhury,angel.chowdhury57@hotmail.com,8958912285,2024-12-03 11:03:58,blr,560019,Android
CUST_10993,Vivaan Chowdhury,vivaan.chowdhury38@hotmail.com,,2026-02-17 09:09:36,BANGALORE,560042,iOS
CUST_13657,Aadhya Rao,aadhya.rao44@hotmail.com,07703797455,2024-09-18 20:43:32,Delhi,,iOS
CUST_11757,Aarav Banerjee,aarav.banerjee22@hotmail.com,9939281128,2025-10-06 22:00:27,New Delhi,560027,iOS
CUST_13337,Ayaan Singh,ayaan.singh39@hotmail.com,7759868680,2025-07-22 17:38:19,Delhi,560045,iOS
CUST_11368,Suresh Deshmukh,suresh.deshmukh55@yahoo.com,7836949785,2024-09-27 15:09:06,Gurgaon,,Android
CUST_13494,Neha Verma,neha.verma47@gmail.com,8855436828,2024-09-15 03:52:45,New Delhi,560023,Android
CUST_10108,Aadhya Mishra,aadhya.mishra22@outlook.com,+91-9922851897,2025-12-31 20:10:59,Bengaluru,560098,Web
CUST_12134,Reyansh Singh,reyansh.singh87@yahoo.com,+91-9226136218,2026-08-07 06:07:50,New Delhi,560028,iOS
CUST_11547,Ishaan Nair,ishaan.nair28@gmail.com,+91-9272107283,2025-03-27 19:57:27,Gurugram,560055,iOS
CUST_11169,Amit Chowdhury,amit.chowdhury60@outlook.com,7663886876,2025-11-16 19:59:45,Hyderabad,560047,iOS
CUST_12584,Priya Das,PRIYA.DAS11@OUTLOOK.COM,8187181678,2024-11-03 20:17:37,blr,560088,
CUST_13022,Anika Singh,anika.singh94@hotmail.com,8055204206,2025-10-04 18:34:12,New Delhi,560011,Android
CUST_12477,Krishna Mishra,krishna.mishra45@yahoo.com,+91-8559154043,2025-10-14 07:42:02,Hyderabad,,iOS
CUST_13703,Avani Agarwal,avani.agarwal61ATgmail.com,,2024-10-01 03:19:20,Gurgaon,560032,Android
CUST_12520,Aadhya Das,aadhya.das48@gmail.com,+91-7366159068,2025-09-18 23:48:11,New Delhi,560004,Android
CUST_14340,Ayaan Mehta,ayaan.mehta62ATgmail.com,7391447179,2026-01-02 04:54:58,Hyderabad,560012,iOS
CUST_10966,Ishaan Deshmukh,ishaan.deshmukh48@yahoo.com,+91-9165436659,2025-09-26 04:49:12,mumbai,560078,Android
CUST_11818,Angel Singh,angel.singh84@yahoo.com,09158118521,2025-08-23 11:50:55,Mumbai,560072,iOS
CUST_11885,Rahul Kulkarni,rahul.kulkarni99@gmail.com,07968982555,2024-05-24 09:00:58,Gurugram,560024,Android
CUST_11159,Ayaan Banerjee,ayaan.banerjee56@outlook.com,8991791081,2025-11-11 04:23:17,Bengaluru,560093,Web
CUST_14104,Sai Das,sai.das65@hotmail.com,8548320698,2024-09-01 07:52:24,Gurgaon,560050,Android
CUST_10353,Rahul Sharma,rahul.sharma18@yahoo.com,9685850890,2024-09-13 19:08:46,Gurgaon,560082,iOS
CUST_11285,Angel Banerjee,angel.banerjee87@hotmail.com,9421139578,2025-02-17 06:04:58,mumbai,560001,Android
CUST_12143,Aditya Nair,aditya.nair63@yahoo.com,8940694753,2024-05-12 11:46:19,BANGALORE,560048,iOS
CUST_11082,Reyansh Verma,reyansh.verma15@yahoo.com,9480811934,2024-04-02 03:48:43,BANGALORE,,iOS
CUST_14646,Sai Deshmukh,updated_sai.deshmukh32@gmail.com,9052235733,2026-04-23 10:59:21,Gurgaon,560012,Android
CUST_14818,Vivaan Verma,vivaan.verma64@outlook.com,07282062911,2024-08-09 12:45:56,Delhi,560030,Web
CUST_11935,Amit Kumar,amit.kumar21@gmail.com,9415643663,2026-06-29 20:55:55,BANGALORE,560068,Web
CUST_10803,Vikram Reddy,VIKRAM.REDDY96@GMAIL.COM,8637836424,2026-02-09 09:26:19,blr,560046,iOS
CUST_10938,Pari Shah,pari.shah22@hotmail.com,9800102401,2026-03-08 20:46:25,Bengaluru,560034,iOS
CUST_14686,Aarav Shah,  aarav.shah21@hotmail.com  ,8583985000,2024-05-30 05:18:00,BANGALORE,560007,Android
CUST_12470,Arjun Joshi,arjun.joshi37@hotmail.com,8586475129,2025-04-02 11:33:55,Bengaluru,560005,Android
CUST_11466,Vihaan Singh,vihaan.singh67@yahoo.com,+91-9431924004,2026-06-29 16:15:21,Gurugram,560059,
CUST_13447,Aarav Nair,aarav.nair59@yahoo.com,09311606814,2025-12-07 16:20:32,Bengaluru,560084,iOS
CUST_11933,Saanvi Rao,saanvi.rao30@outlook.com,+91-8880649166,2024-11-07 13:08:24,Gurugram,560054,Android
CUST_13867,Rohan Das,rohan.das96@outlook.com,,2026-06-09 14:36:50,Bangalore,560098,Android
CUST_10869,Anika Bhat,updated_anika.bhat85@yahoo.com,7836003955,2024-09-06 00:06:02,Gurgaon,560012,iOS
CUST_13740,Neha Bhat,  neha.bhat51@hotmail.com  ,9565020559,2026-05-30 11:27:18,Delhi,560008,Android
CUST_10778,Navya Shah,navya.shah99@hotmail.com,INVALID_PHONE,2024-02-08 09:11:55,Mumbai,560092,
CUST_14306,Saanvi Rao,saanvi.rao56@yahoo.com,+91-8698279928,2026-06-11 13:22:31,BANGALORE,560074,iOS
CUST_11176,Vikram Mehta,vikram.mehta10@yahoo.com,+91-9047720417,2025-12-25 09:52:14,Bengaluru,560098,iOS
CUST_14201,Vihaan Agarwal,vihaan.agarwal15@hotmail.com,7489075613,2024-02-02 12:54:52,Bangalore,560051,Android
CUST_14756,Arjun Reddy,arjun.reddy36ATyahoo.com,8636492787,2026-01-05 07:44:03,Hyderabad,560038,
CUST_12170,Sai Reddy,sai.reddy58@hotmail.com,9513419649,2025-04-15 22:13:07,Gurugram,560042,iOS
CUST_11763,Pooja Mishra,pooja.mishra68@gmail.com,9725847542,2024-06-30 09:28:54,Gurugram,560075,
CUST_12891,Arjun Das,updated_arjun.das29@yahoo.com,7712552060,2025-05-26 06:10:43,Bangalore,560079,iOS
CUST_12564,Aarav Kumar,aarav.kumar27@outlook.com,7345829053,2024-10-12 19:53:25,Delhi,560018,iOS
CUST_13697,Angel Sharma,angel.sharma23@yahoo.com,8725756894,2025-10-17 05:50:33,mumbai,560017,Web
CUST_12918,Myra Mehta,myra.mehta91@gmail.com,7568063991,2024-09-16 17:17:17,Bengaluru,560078,iOS
CUST_14429,Avani Reddy,updated_avani.reddy49@hotmail.com,7371179755,2025-01-14 08:26:07,Gurugram,560002,Android
CUST_11722,Suresh Gupta,suresh.gupta24@yahoo.com,9637929158,2026-01-09 19:17:07,Gurugram,,
CUST_10499,Pooja Agarwal,pooja.agarwal80@gmail.com,08850216085,2025-09-27 13:33:11,Gurgaon,560006,iOS
CUST_12780,Vivaan Rao,  vivaan.rao77@outlook.com  ,9970522036,2024-08-27 15:38:46,Mumbai,560022,iOS
CUST_11061,Angel Bhat,angel.bhat10@hotmail.com,INVALID_PHONE,2025-11-29 16:37:15,Gurgaon,560053,Android
CUST_11373,Myra Agarwal,myra.agarwal13@outlook.com,9272409624,2026-05-07 16:20:50,Bangalore,560026,iOS
CUST_14117,Myra Nair,myra.nair78@gmail.com,8613314663,2024-03-30 19:41:54,blr,560024,Android
CUST_14572,Myra Kulkarni,myra.kulkarni57@gmail.com,7600528568,2025-06-19 14:41:44,BANGALORE,560042,Android
CUST_12978,Avani Patel,avani.patel22@hotmail.com,9900846103,2025-09-04 09:05:34,BANGALORE,560036,Android
CUST_12597,Ayaan Joshi,ayaan.joshi53@hotmail.com,8190682793,2025-05-16 12:22:19,Hyderabad,560096,Web
CUST_14926,Arjun Mehta,arjun.mehta88@hotmail.com,7392086197,2025-05-31 03:04:55,Delhi,560020,iOS
CUST_12437,Diya Reddy,diya.reddy70ATgmail.com,8252802486,2026-02-24 18:51:12,Bangalore,560043,Android
CUST_12138,Avani Agarwal,avani.agarwal62@yahoo.com,9314184801,2024-05-06 20:09:50,Mumbai,560068,Android
CUST_10931,Vivaan Verma,vivaan.verma72@yahoo.com,7907406820,2024-12-26 10:51:00,Gurgaon,560098,Android
CUST_12766,Angel Sharma,angel.sharma28@hotmail.com,07741991354,2025-12-02 14:45:46,mumbai,560095,Web
CUST_13990,Kavita Nair,kavita.nair50@hotmail.com,9901258380,2024-05-20 06:49:02,Delhi,560041,
CUST_13225,Vihaan Nair,vihaan.nair28@gmail.com,8193726324,2024-03-02 23:00:39,Bangalore,560079,Android
CUST_11563,Ayaan Deshmukh,ayaan.deshmukh30@yahoo.com,8698753745,2025-07-20 14:12:04,New Delhi,560018,Android
CUST_10897,Pari Kulkarni,pari.kulkarni60@gmail.com,9455173689,2025-02-27 18:35:38,mumbai,560017,iOS
CUST_12604,Arjun Mehta,arjun.mehta86@hotmail.com,8593733367,2024-06-08 23:06:25,Gurgaon,560058,Android
CUST_14036,Suresh Banerjee,suresh.banerjee94@gmail.com,9842790742,2024-03-15 19:38:09,Mumbai,560033,iOS
CUST_12327,Sneha Patel,sneha.patel17@outlook.com,,2024-11-16 02:53:24,mumbai,560019,Android
CUST_10835,Kavita Mehta,kavita.mehta70@gmail.com,+91-8010312874,2026-01-31 19:41:19,New Delhi,560089,Android
CUST_12291,Vivaan Deshmukh,vivaan.deshmukh26@hotmail.com,8497572727,2025-06-19 05:20:36,BANGALORE,560096,Android
CUST_14010,Krishna Verma,krishna.verma44AToutlook.com,+91-7610416378,2025-07-09 02:18:33,BANGALORE,560093,Android
CUST_12668,Anika Bhat,anika.bhat20@yahoo.com,08231779326,2026-03-04 09:13:21,BANGALORE,560046,Android
CUST_14186,Pooja Deshmukh,POOJA.DESHMUKH88@OUTLOOK.COM,,2024-09-14 04:29:54,New Delhi,560055,iOS
CUST_13603,Vikram Chowdhury,vikram.chowdhury35@gmail.com,+91-7844993291,2026-04-17 14:42:19,blr,560037,Android
CUST_10998,Ayaan Rao,ayaan.rao77@hotmail.com,9526669154,2024-11-22 13:12:09,New Delhi,560015,iOS
CUST_10174,Aditya Agarwal,ADITYA.AGARWAL37@GMAIL.COM,9874685014,2024-11-30 08:14:52,Hyderabad,560082,Android
CUST_13752,Anika Singh,anika.singh56@outlook.com,7448091346,2025-06-21 08:46:51,Delhi,560054,iOS
CUST_12868,Saanvi Rao,updated_saanvi.rao68@hotmail.com,+91-8664801050,2025-07-02 06:38:40,Delhi,560067,Android
CUST_10039,Sai Kulkarni,sai.kulkarni48@hotmail.com,8153273805,2024-11-02 06:53:04,Delhi,560043,Android
CUST_12513,Ananya Nair,ananya.nair12@outlook.com,8485850665,2025-09-30 16:22:16,Bangalore,560068,Android
CUST_11066,Saanvi Nair,saanvi.nair20@yahoo.com,,2024-07-22 19:14:14,Hyderabad,560061,Android
CUST_10597,Navya Kumar,navya.kumar99@gmail.com,7878626049,2024-12-31 12:25:46,Gurugram,560020,Android
CUST_13987,Vihaan Shah,  vihaan.shah42@hotmail.com  ,7140593851,2025-01-02 15:52:01,Bangalore,560036,Android
CUST_12070,Rahul Nair,rahul.nair66@outlook.com,8116508838,2025-01-19 05:20:19,Hyderabad,560026,Web
CUST_13793,Pooja Kulkarni,pooja.kulkarni73@outlook.com,7031821475,2024-05-18 03:22:47,Gurgaon,,iOS
CUST_14013,Myra Verma,myra.verma87@gmail.com,INVALID_PHONE,2025-06-03 01:13:27,mumbai,560071,Android
CUST_10842,Sneha Joshi,sneha.joshi31@outlook.com,7837464564,2025-03-27 05:55:45,Hyderabad,560010,Android
CUST_12977,Suresh Kumar,SURESH.KUMAR63@OUTLOOK.COM,8092520876,2025-01-04 14:37:42,Bengaluru,560017,iOS
CUST_14246,Vihaan Gupta,vihaan.gupta72@outlook.com,8364857879,2026-07-16 10:24:13,Hyderabad,560056,Android
CUST_13836,Amit Rao,amit.rao42@yahoo.com,7913072120,2024-03-15 10:17:01,Bangalore,560019,Android
CUST_12744,Pari Kumar,pari.kumar62@hotmail.com,8868876331,2024-12-19 05:49:59,Delhi,560022,Android
CUST_12091,Vihaan Singh,vihaan.singh96@hotmail.com,+91-9970010714,2026-06-10 23:20:49,New Delhi,560074,Android
CUST_11573,Anika Singh,anika.singh76@yahoo.com,+91-7205059915,2026-02-09 18:47:27,Bengaluru,560071,Android
CUST_13808,Saanvi Das,saanvi.das46@hotmail.com,7570339073,2026-06-26 08:45:42,Gurgaon,560056,Android
CUST_10503,Ishaan Shah,ishaan.shah39@gmail.com,9321645998,2024-08-25 07:31:57,Delhi,560029,iOS
CUST_12271,Rohan Rao,ROHAN.RAO21@HOTMAIL.COM,9404969736,2025-01-28 04:26:27,Mumbai,560031,Android
CUST_13063,Krishna Deshmukh,krishna.deshmukh79@yahoo.com,7882985146,2025-11-07 06:51:55,blr,560060,Web
CUST_10151,Suresh Sharma,suresh.sharma76@gmail.com,INVALID_PHONE,2024-07-31 04:18:40,Hyderabad,560095,iOS
CUST_14688,Suresh Kulkarni,suresh.kulkarni77@yahoo.com,8201087020,2024-10-22 04:20:41,Hyderabad,560055,Android
CUST_14026,Neha Kumar,neha.kumar59@hotmail.com,9139836319,2025-09-07 21:15:48,blr,560082,iOS
CUST_14647,Avani Joshi,avani.joshi64@outlook.com,7878311250,2024-12-22 13:19:38,Delhi,560059,
CUST_10168,Vivaan Verma,  vivaan.verma93@outlook.com  ,8393524326,2026-07-25 00:09:13,Gurugram,560032,Android
CUST_12633,Rohan Das,rohan.das65@gmail.com,8523762208,2024-12-06 18:33:37,mumbai,560048,iOS
CUST_13297,Ishaan Banerjee,ishaan.banerjee94@gmail.com,8739758316,2026-03-31 20:33:27,Hyderabad,560045,Android
CUST_13059,Priya Verma,priya.verma95@hotmail.com,08165554918,2025-02-07 07:35:59,BANGALORE,560037,Android
CUST_13563,Ishaan Joshi,ishaan.joshi86@outlook.com,8975977174,2024-03-17 09:02:42,Delhi,560066,iOS
CUST_14983,Suresh Banerjee,suresh.banerjee60@hotmail.com,+91-7353679498,2025-11-12 17:47:49,BANGALORE,560002,iOS
CUST_14778,Priya Mehta,priya.mehta74@outlook.com,9758579296,2024-11-13 00:04:19,BANGALORE,560091,iOS
CUST_11425,Kavita Gupta,kavita.gupta52@gmail.com,9183382165,2025-01-09 06:51:20,blr,560008,Web
CUST_14136,Ananya Verma,ananya.verma27@gmail.com,9492196168,2025-11-10 19:02:08,blr,560010,Android
CUST_14594,Ayaan Chowdhury,ayaan.chowdhury81ATyahoo.com,+91-7408965353,2025-02-14 21:58:09,blr,560059,Android
CUST_12278,Ananya Singh,ananya.singh30@hotmail.com,9355260047,2026-06-30 06:17:04,blr,560022,
CUST_10004,Priya Mehta,priya.mehta25@hotmail.com,7994838086,2024-02-21 01:08:50,Mumbai,560089,Android
CUST_13830,Ishaan Verma,ishaan.verma83@yahoo.com,+91-7194227693,2025-12-26 13:55:39,Hyderabad,,Android
CUST_13755,Reyansh Sharma,reyansh.sharma37@gmail.com,07069937700,2024-01-02 18:05:06,Gurgaon,560046,Android
CUST_12747,Avani Verma,avani.verma43@gmail.com,9012466284,2025-02-27 13:55:04,mumbai,560050,iOS
CUST_11236,Reyansh Singh,reyansh.singh20@yahoo.com,7361261171,2024-04-28 11:05:24,BANGALORE,560058,Android
CUST_12900,Sai Singh,sai.singh99@hotmail.com,07744374366,2026-01-17 04:58:42,Bangalore,560033,iOS
CUST_12685,Rahul Mehta,rahul.mehta32@yahoo.com,8670456836,2024-12-17 11:44:52,BANGALORE,560075,Android
CUST_12290,Ayaan Mehta,updated_ayaan.mehta93@outlook.com,07548537294,2026-06-26 22:47:24,Mumbai,560024,
CUST_14321,Navya Verma,navya.verma15@yahoo.com,9453367814,2024-07-02 08:14:35,blr,560066,Android
CUST_10014,Krishna Sharma,krishna.sharma65@outlook.com,9923778833,2026-02-12 16:55:58,New Delhi,560030,Android
CUST_11556,Myra Reddy,myra.reddy60@gmail.com,8777891001,2025-01-08 07:28:30,Gurugram,560030,iOS
CUST_10682,Sneha Agarwal,sneha.agarwal88@gmail.com,8041601006,2024-10-19 20:13:52,Delhi,560024,
CUST_12792,Rohan Gupta,rohan.gupta35@hotmail.com,INVALID_PHONE,2024-01-13 15:56:55,Mumbai,560080,Android
CUST_12619,Pari Shah,updated_PARI.SHAH91@OUTLOOK.COM,+91-8918655583,2025-03-16 03:23:22,blr,560055,iOS
CUST_12927,Anika Banerjee,anika.banerjee67@yahoo.com,8687156799,2025-06-13 13:44:07,Delhi,560060,Android
CUST_11545,Ananya Das,ananya.das94@gmail.com,7034175196,2025-11-22 20:57:22,Bangalore,560076,Web
CUST_14515,Angel Joshi,angel.joshi24@hotmail.com,8314522219,2024-11-20 00:24:46,Hyderabad,560027,Android
CUST_11826,Suresh Deshmukh,suresh.deshmukh58@outlook.com,7555344321,2025-06-12 00:19:35,Mumbai,560085,Android
CUST_13728,Vikram Deshmukh,vikram.deshmukh10@hotmail.com,9517700971,2024-10-31 03:26:49,BANGALORE,560057,Android
CUST_12922,Rohan Gupta,updated_rohan.gupta75@gmail.com,7989953171,2026-07-20 07:55:34,Bangalore,560031,Android
CUST_14091,Rahul Singh,rahul.singh44@hotmail.com,7896603489,2025-10-27 04:19:32,Bengaluru,560087,iOS
CUST_14804,Reyansh Nair,reyansh.nair62@yahoo.com,9822042450,2025-09-16 01:39:40,BANGALORE,560058,Android
CUST_11689,Sai Chowdhury,  sai.chowdhury74@gmail.com  ,+91-8603310794,2025-06-27 09:44:28,Mumbai,,iOS
CUST_14206,Sneha Gupta,sneha.gupta64@hotmail.com,07779688891,2024-09-07 08:50:01,Hyderabad,560098,iOS
CUST_12241,Aditya Verma,aditya.verma38@gmail.com,+91-9874530644,2026-03-26 00:16:25,BANGALORE,560001,Android
CUST_10525,Angel Reddy,angel.reddy11@hotmail.com,7690271346,2025-06-19 00:40:02,Delhi,560061,iOS
CUST_10098,Ayaan Shah,ayaan.shah26@hotmail.com,9625888978,2024-06-04 20:54:29,Hyderabad,560038,Android
CUST_12606,Vivaan Sharma,vivaan.sharma53AThotmail.com,7353311442,2025-08-22 12:28:05,Gurgaon,560078,iOS
CUST_12858,Myra Kulkarni,MYRA.KULKARNI48@HOTMAIL.COM,8396278388,2025-05-08 07:58:27,Bangalore,560030,iOS
CUST_11643,Suresh Gupta,suresh.gupta61@gmail.com,7276644388,2026-07-14 06:57:58,mumbai,560064,
CUST_14665,Vivaan Verma,vivaan.verma17@gmail.com,+91-8044921368,2025-03-14 09:18:15,blr,560100,Android
CUST_12942,Anika Mishra,anika.mishra83@hotmail.com,7326475594,2024-01-09 04:23:51,mumbai,560021,Android
CUST_10680,Krishna Sharma,krishna.sharma74@gmail.com,09175065312,2024-12-30 03:41:48,Hyderabad,560090,Android
CUST_10005,Aditya Shah,aditya.shah72@outlook.com,9316533133,2025-11-07 02:11:21,Delhi,560078,Android
CUST_12656,Reyansh Das,reyansh.das79@outlook.com,+91-9643850693,2024-04-29 01:07:07,Bangalore,560008,iOS
CUST_13838,Amit Rao,amit.rao72@gmail.com,+91-8860830477,2025-10-31 06:31:28,Delhi,560058,iOS
CUST_13163,Pooja Reddy,pooja.reddy32@outlook.com,9758971388,2024-11-18 11:00:13,Hyderabad,560092,Android
CUST_10916,Amit Gupta,amit.gupta32@gmail.com,8135305064,2025-01-13 04:22:42,BANGALORE,560009,
CUST_11659,Arjun Deshmukh,arjun.deshmukh24@gmail.com,+91-8723452967,2024-10-29 09:21:42,blr,560047,Android
CUST_13471,Sneha Joshi,sneha.joshi63@gmail.com,7103653209,2025-11-30 16:00:05,blr,560037,Android
CUST_11317,Diya Singh,diya.singh19@gmail.com,+91-9867740424,2024-07-11 16:41:51,Bangalore,560060,Android
CUST_14753,Neha Verma,neha.verma14@hotmail.com,9332755849,2026-04-17 00:40:36,Bangalore,560079,Android
CUST_13985,Myra Banerjee,MYRA.BANERJEE21@OUTLOOK.COM,,2025-05-22 13:19:56,BANGALORE,,Web
CUST_14416,Navya Joshi,navya.joshi25@gmail.com,8541412398,2025-01-18 01:16:54,Gurugram,560090,Android
CUST_14756,Arjun Reddy,updated_arjun.reddy36ATyahoo.com,8636492787,2026-01-05 07:44:03,Hyderabad,560038,
CUST_12311,Suresh Agarwal,updated_suresh.agarwal73@outlook.com,7619327352,2024-04-30 23:52:47,Bangalore,560073,iOS
CUST_13109,Vikram Shah,vikram.shah77@gmail.com,7013799327,2025-03-16 08:03:56,mumbai,560008,iOS
CUST_12125,Pooja Kumar,pooja.kumar41@hotmail.com,INVALID_PHONE,2025-02-20 08:54:03,Gurugram,560005,iOS
CUST_13744,Aadhya Agarwal,aadhya.agarwal67@outlook.com,INVALID_PHONE,2024-06-09 17:48:41,mumbai,560083,
CUST_13232,Suresh Singh,suresh.singh94@outlook.com,7023967570,2024-07-14 19:30:57,BANGALORE,560014,Android
CUST_10487,Sai Verma,SAI.VERMA32@HOTMAIL.COM,08231173967,2026-07-10 04:46:02,Gurgaon,560035,iOS
CUST_13362,Sai Gupta,sai.gupta21@outlook.com,INVALID_PHONE,2026-05-03 00:07:12,Gurgaon,560063,Android
CUST_14356,Pari Agarwal,PARI.AGARWAL86@GMAIL.COM,+91-7861450988,2025-02-14 03:15:52,New Delhi,560054,iOS
CUST_11938,Myra Sharma,myra.sharma27@gmail.com,8094830533,2024-09-11 06:21:23,Delhi,560062,Android
CUST_10119,Myra Reddy,myra.reddy25@yahoo.com,9166730459,2025-02-22 12:20:18,blr,560017,Android
CUST_14224,Vihaan Bhat,vihaan.bhat44@hotmail.com,8041542326,2024-09-24 12:20:01,Hyderabad,560035,iOS
CUST_13969,Vikram Agarwal,  vikram.agarwal88@outlook.com  ,09196364185,2024-06-13 10:39:29,Gurugram,560060,Web
CUST_14773,Aadhya Verma,aadhya.verma62@gmail.com,9804973864,2026-06-15 06:13:19,mumbai,560061,Android
CUST_11987,Aditya Rao,aditya.rao80@outlook.com,7417004410,2025-12-05 12:54:17,Bangalore,560036,Android
CUST_14812,Priya Reddy,priya.reddy14@hotmail.com,7484570031,2026-01-19 08:24:57,Hyderabad,560007,iOS
CUST_13877,Anika Reddy,anika.reddy21@outlook.com,8826910383,2025-07-13 18:32:11,Mumbai,560013,Android
CUST_14888,Aadhya Das,aadhya.das93@yahoo.com,7174770480,2024-05-28 01:51:45,New Delhi,560031,iOS
CUST_14078,Neha Rao,neha.rao41@hotmail.com,7803865816,2026-02-22 06:03:49,Bangalore,560025,Web
CUST_10885,Aditya Deshmukh,aditya.deshmukh73@hotmail.com,8559164828,2024-11-02 20:54:46,Gurgaon,560015,Android
CUST_11125,Saanvi Deshmukh,saanvi.deshmukh92@gmail.com,,2025-10-22 16:46:28,Gurgaon,,Android
CUST_14056,Ananya Joshi,ananya.joshi45@gmail.com,8445987132,2024-01-30 14:46:21,Mumbai,560013,iOS
CUST_13714,Priya Shah,priya.shah71@gmail.com,8838364693,2026-08-25 09:00:41,Mumbai,560077,Web
CUST_13608,Sai Sharma,sai.sharma72@outlook.com,+91-8895021517,2025-05-27 14:54:42,Gurgaon,560094,Web
CUST_10507,Neha Patel,neha.patel62@hotmail.com,7117808405,2025-07-26 05:48:32,Bangalore,560020,iOS
CUST_14061,Avani Nair,avani.nair39@gmail.com,+91-8231278036,2024-05-25 08:23:48,Gurugram,560020,iOS
CUST_13239,Angel Das,angel.das19@gmail.com,9495027067,2024-01-23 23:47:02,New Delhi,560039,iOS
CUST_14736,Rohan Rao,rohan.rao15@yahoo.com,7829220184,2026-08-29 20:33:45,Mumbai,560041,Android
CUST_11402,Myra Shah,myra.shah15@hotmail.com,9367502243,2025-09-04 13:46:08,Gurgaon,560099,Android
CUST_13027,Amit Deshmukh,amit.deshmukh75@yahoo.com,8793172255,2026-08-07 01:27:16,Bengaluru,,iOS
CUST_14859,Navya Kumar,navya.kumar42@yahoo.com,7034242732,2026-07-30 01:43:59,New Delhi,560049,iOS
CUST_11216,Pari Mishra,pari.mishra32@yahoo.com,9945435828,2024-03-03 08:21:47,Bangalore,560075,Android
CUST_10067,Aditya Verma,aditya.verma12@gmail.com,8634012980,2026-03-26 23:39:15,Bangalore,560083,iOS
CUST_10879,Anika Chowdhury,anika.chowdhury28@hotmail.com,9429889433,2025-04-27 14:47:13,blr,560033,Android
CUST_10065,Ayaan Kumar,ayaan.kumar69@yahoo.com,9820619867,2025-06-27 23:46:10,BANGALORE,560075,iOS
CUST_10286,Reyansh Chowdhury,reyansh.chowdhury13@outlook.com,9228851436,2024-04-21 06:04:23,mumbai,560044,iOS
CUST_10269,Navya Patel,navya.patel49@outlook.com,08688273491,2025-09-14 12:15:07,Bengaluru,560075,iOS
CUST_14204,Aditya Sharma,aditya.sharma82@yahoo.com,07433915170,2026-02-04 17:12:41,Gurugram,560019,Android
CUST_11369,Pooja Banerjee,pooja.banerjee99@gmail.com,+91-7113686722,2025-01-03 15:14:52,Gurugram,560045,Android
CUST_13149,Krishna Reddy,KRISHNA.REDDY95@GMAIL.COM,8560537383,2024-07-04 16:21:24,Bengaluru,560005,Android
CUST_13415,Myra Singh,myra.singh59@hotmail.com,+91-9131165517,2025-11-25 19:05:53,blr,560057,Android
CUST_14985,Avani Sharma,avani.sharma22@outlook.com,8842924748,2025-10-09 06:07:16,Bengaluru,560067,iOS
CUST_10609,Amit Mehta,amit.mehta36@gmail.com,+91-7535021212,2026-08-30 05:54:53,blr,560009,iOS
CUST_14267,Rohan Kulkarni,rohan.kulkarni49@hotmail.com,+91-7434943136,2025-12-30 11:27:01,Bengaluru,560042,Android
CUST_14339,Arjun Joshi,arjun.joshi52@gmail.com,+91-8078231801,2024-01-11 03:09:32,New Delhi,560048,Android
CUST_14898,Neha Mishra,neha.mishra79@yahoo.com,9983101985,2026-05-30 02:06:10,Mumbai,560075,Android
CUST_10568,Suresh Sharma,suresh.sharma57@gmail.com,INVALID_PHONE,2024-05-09 18:18:21,Mumbai,560022,Android
CUST_11629,Aarav Mishra,aarav.mishra67@yahoo.com,+91-7996392448,2025-12-10 09:48:30,Gurugram,560078,iOS
CUST_10296,Pari Das,pari.das41@outlook.com,9227473088,2026-08-04 17:20:27,New Delhi,560087,Android
CUST_14089,Pooja Singh,pooja.singh65@hotmail.com,INVALID_PHONE,2025-07-12 23:49:55,Bengaluru,560050,iOS
CUST_12361,Amit Bhat,amit.bhat70@outlook.com,9350024196,2026-03-15 16:26:18,blr,560033,iOS
CUST_11957,Kavita Rao,kavita.rao18@yahoo.com,8403024139,2025-09-02 00:58:45,Bangalore,560031,iOS
CUST_14023,Aarav Patel,aarav.patel90@outlook.com,,2025-04-21 23:10:44,Mumbai,,Android
CUST_12717,Neha Mehta,neha.mehta35@hotmail.com,9999115063,2024-08-08 22:44:14,Mumbai,560037,iOS
CUST_14965,Neha Bhat,neha.bhat69@gmail.com,7283323963,2024-05-20 02:08:28,Hyderabad,560080,Android
CUST_12643,Vihaan Patel,vihaan.patel44@gmail.com,8463407523,2024-06-23 04:27:53,Delhi,560086,Android
CUST_10587,Ayaan Patel,  ayaan.patel68@outlook.com  ,8697321768,2025-01-13 13:43:50,Mumbai,560042,Android
CUST_11157,Vihaan Mishra,vihaan.mishra80@hotmail.com,7350267603,2025-10-16 20:29:25,BANGALORE,560087,iOS
CUST_13085,Suresh Shah,SURESH.SHAH47@OUTLOOK.COM,7371697902,2025-06-20 09:24:01,Mumbai,560067,
CUST_14695,Priya Reddy,priya.reddy94@gmail.com,INVALID_PHONE,2025-07-19 10:08:39,BANGALORE,560035,Android
CUST_10792,Arjun Nair,ARJUN.NAIR17@YAHOO.COM,9518250326,2024-05-22 10:15:17,New Delhi,560004,iOS
CUST_13950,Rahul Shah,rahul.shah37@gmail.com,9868609030,2024-01-09 18:25:33,blr,,Android
CUST_10619,Ananya Kumar,ananya.kumar18@gmail.com,9553560749,2025-03-13 05:14:50,Bengaluru,560024,Android
CUST_11614,Rahul Singh,updated_rahul.singh69@hotmail.com,INVALID_PHONE,2025-11-29 02:35:33,Bangalore,560025,Android
CUST_14085,Rahul Patel,rahul.patel56@outlook.com,8032983927,2025-03-21 00:17:34,BANGALORE,560032,Web
CUST_11921,Arjun Shah,arjun.shah17@hotmail.com,9428822906,2025-09-13 08:11:42,Mumbai,560016,Web
CUST_12333,Krishna Deshmukh,krishna.deshmukh98@yahoo.com,+91-7650457442,2025-08-04 14:15:49,Bangalore,560027,iOS
CUST_12455,Myra Rao,myra.rao32@outlook.com,8446709944,2025-07-15 12:37:18,blr,560089,iOS
CUST_10652,Arjun Reddy,arjun.reddy81@yahoo.com,7265717272,2025-06-14 03:45:50,Mumbai,560086,iOS
CUST_10889,Kavita Joshi,kavita.joshi99@gmail.com,07095678742,2026-02-04 07:51:33,Hyderabad,560091,iOS
CUST_10827,Navya Mishra,navya.mishra94@yahoo.com,9711752542,2025-04-06 18:26:25,Bengaluru,560031,Web
CUST_12525,Ishaan Chowdhury,ishaan.chowdhury30@yahoo.com,07546114817,2026-05-27 03:57:38,New Delhi,560049,iOS
CUST_13217,Neha Gupta,  neha.gupta69@hotmail.com  ,8931194077,2026-03-12 04:16:04,Delhi,560018,iOS
CUST_11684,Sai Deshmukh,sai.deshmukh34@outlook.com,9497642360,2025-01-02 06:30:53,Hyderabad,560026,iOS
CUST_10755,Ayaan Kumar,ayaan.kumar93@outlook.com,07312570379,2025-08-04 04:54:40,Bangalore,560021,iOS
CUST_13534,Angel Bhat,angel.bhat11ATgmail.com,+91-8749963741,2024-11-22 08:31:35,Mumbai,560008,Android
CUST_14861,Priya Chowdhury,updated_priya.chowdhury89@outlook.com,7716904007,2024-01-27 11:57:15,Delhi,560033,iOS
CUST_14390,Amit Verma,amit.verma28@hotmail.com,07342270638,2026-08-18 08:40:13,mumbai,560054,iOS
CUST_10192,Vihaan Gupta,vihaan.gupta58@yahoo.com,8363123471,2024-08-10 16:49:21,Bengaluru,560057,iOS
CUST_12393,Amit Mishra,amit.mishra88@yahoo.com,7474336641,2025-01-14 17:47:15,Mumbai,560065,Android
CUST_13673,Diya Singh,diya.singh81@yahoo.com,+91-8275272159,2025-03-30 04:04:16,Mumbai,560040,iOS
CUST_10358,Kavita Chowdhury,kavita.chowdhury97@outlook.com,7073507917,2026-01-28 12:11:39,Hyderabad,560014,Android
CUST_14354,Priya Mehta,priya.mehta78@outlook.com,9586522663,2024-03-21 06:34:03,Gurugram,560064,Android
CUST_11145,Arjun Gupta,arjun.gupta40@hotmail.com,+91-7811942638,2025-12-10 05:07:56,Mumbai,560074,Android
CUST_10332,Neha Banerjee,updated_neha.banerjee86@hotmail.com,+91-7494633827,2026-04-06 07:29:22,Bengaluru,560089,Web
CUST_14542,Vikram Agarwal,vikram.agarwal90@outlook.com,INVALID_PHONE,2025-08-07 12:24:20,Mumbai,560089,iOS
CUST_12637,Kavita Das,kavita.das57@outlook.com,+91-9783199693,2026-04-12 08:26:58,Gurgaon,560077,Android
CUST_10461,Rahul Das,  rahul.das43@gmail.com  ,+91-9527649620,2025-02-03 00:43:29,Gurgaon,560020,iOS
CUST_12945,Aarav Reddy,updated_aarav.reddy36@hotmail.com,7550223254,2024-02-16 22:56:54,blr,560064,iOS
CUST_14001,Anika Das,anika.das79@hotmail.com,8386003465,2024-04-18 03:15:18,mumbai,560084,iOS
CUST_12613,Diya Nair,diya.nair86@gmail.com,7431558806,2025-07-22 12:57:45,BANGALORE,560061,Android
CUST_12892,Navya Bhat,navya.bhat85@hotmail.com,07333952260,2024-11-01 02:49:39,Gurgaon,560052,iOS
CUST_11046,Ayaan Chowdhury,ayaan.chowdhury31@hotmail.com,9811813562,2024-07-08 18:33:20,mumbai,560065,
CUST_12080,Myra Verma,  myra.verma45@hotmail.com  ,7782628171,2025-02-16 02:01:33,blr,,iOS
CUST_13326,Vihaan Reddy,vihaan.reddy37@gmail.com,,2024-01-22 19:43:37,Bangalore,560048,Android
CUST_11268,Amit Kumar,amit.kumar54@gmail.com,8132452825,2026-03-15 21:06:52,Bengaluru,560099,Android
CUST_13179,Suresh Nair,suresh.nair74@hotmail.com,9735037887,2026-06-05 12:24:55,Delhi,560076,
CUST_11991,Angel Joshi,angel.joshi80@yahoo.com,8263535198,2024-04-09 18:10:52,New Delhi,560004,iOS
CUST_11761,Saanvi Rao,saanvi.rao94@outlook.com,8105432905,2025-01-12 09:40:26,Bengaluru,560047,iOS
CUST_12839,Sai Shah,sai.shah32@gmail.com,+91-9346629194,2026-01-11 08:41:40,Bengaluru,560089,Android
CUST_13946,Suresh Kulkarni,suresh.kulkarni50@yahoo.com,8711946840,2024-08-31 17:50:42,blr,560015,iOS
CUST_11575,Rohan Verma,rohan.verma24@yahoo.com,9600339623,2024-03-17 18:23:50,New Delhi,560004,iOS
CUST_12487,Neha Kulkarni,neha.kulkarni54@outlook.com,+91-9765797523,2025-10-17 10:31:08,mumbai,560029,Android
CUST_13892,Vihaan Deshmukh,vihaan.deshmukh69@hotmail.com,9674521554,2026-06-29 06:54:13,Gurugram,560028,Android
CUST_12608,Navya Banerjee,navya.banerjee32@hotmail.com,07125875182,2026-03-05 17:57:20,Bengaluru,560086,iOS
CUST_11583,Aarav Mishra,aarav.mishra69@outlook.com,9452456191,2026-05-07 02:19:07,Hyderabad,560099,Android
CUST_14702,Sai Sharma,sai.sharma62@outlook.com,+91-7024969063,2024-04-11 02:54:51,Mumbai,560041,Android
CUST_11520,Ananya Reddy,ananya.reddy40@outlook.com,+91-8807600957,2024-05-15 19:15:58,Mumbai,560072,Android
CUST_14648,Arjun Rao,arjun.rao36@yahoo.com,,2026-03-02 10:27:40,Mumbai,,Android
CUST_11617,Rohan Joshi,rohan.joshi87@yahoo.com,7950421580,2024-01-17 04:07:09,Hyderabad,560050,iOS
CUST_11931,Aditya Patel,aditya.patel96AThotmail.com,8769551154,2025-07-11 10:25:22,Bangalore,560089,Android
CUST_10491,Aditya Shah,aditya.shah91@gmail.com,8876444170,2024-07-23 23:17:39,Bangalore,560072,Android
CUST_13929,Ishaan Deshmukh,ishaan.deshmukh13@yahoo.com,,2025-07-29 22:39:20,Gurgaon,560010,iOS
CUST_12572,Ananya Deshmukh,ananya.deshmukh59@outlook.com,+91-8345213848,2025-06-30 07:52:59,mumbai,560086,Android
CUST_10510,Krishna Gupta,krishna.gupta13@yahoo.com,9343968374,2025-11-20 12:50:33,BANGALORE,560009,Android
CUST_10350,Aadhya Verma,aadhya.verma31@yahoo.com,+91-8211374001,2025-06-23 21:34:14,Hyderabad,560014,iOS
CUST_13499,Amit Kumar,amit.kumar75@hotmail.com,7504591963,2026-07-09 10:03:46,mumbai,560021,Android
CUST_11330,Sneha Nair,sneha.nair11@outlook.com,9128939773,2025-06-13 04:22:59,BANGALORE,560060,Android
CUST_12385,Kavita Banerjee,kavita.banerjee45@yahoo.com,8288953796,2025-04-09 16:34:57,mumbai,560027,Android
CUST_11320,Saanvi Nair,saanvi.nair70@yahoo.com,07676084404,2025-12-11 09:11:20,Bengaluru,560092,Android
CUST_13661,Pari Das,pari.das86@gmail.com,09033227883,2026-03-30 02:28:20,New Delhi,,iOS
CUST_10316,Rohan Sharma,rohan.sharma67@hotmail.com,9851894234,2024-05-11 21:44:36,Bengaluru,560037,iOS
CUST_13749,Avani Shah,updated_avani.shah82@hotmail.com,9515664674,2025-08-17 06:12:44,Gurugram,560085,Android
CUST_14092,Krishna Rao,krishna.rao43@outlook.com,8818389159,2024-02-25 12:41:54,Bengaluru,560075,Android
CUST_13525,Sneha Kumar,sneha.kumar67@gmail.com,7590930101,2024-09-05 00:43:12,Delhi,560062,iOS
CUST_11309,Amit Agarwal,amit.agarwal99@outlook.com,,2024-12-14 08:55:47,Gurugram,,Android
CUST_14884,Arjun Gupta,arjun.gupta32@yahoo.com,8615759025,2024-05-08 00:13:15,Mumbai,560048,Android
CUST_13582,Myra Kumar,myra.kumar48@outlook.com,7518727325,2024-09-25 16:23:25,New Delhi,560080,
CUST_14417,Rohan Rao,rohan.rao91@hotmail.com,9596346503,2024-08-21 05:20:01,Delhi,560041,Android
CUST_11674,Angel Gupta,angel.gupta71@yahoo.com,09756316500,2026-05-24 01:08:33,Bangalore,560019,
CUST_11759,Aadhya Gupta,aadhya.gupta72@hotmail.com,8345277427,2025-02-03 19:25:46,Bengaluru,560062,
CUST_12318,Navya Das,navya.das92@hotmail.com,07335559868,2024-11-09 21:15:13,mumbai,560075,Web
CUST_11798,Avani Deshmukh,avani.deshmukh85@gmail.com,7964003404,2026-02-23 05:26:39,BANGALORE,560051,iOS
CUST_11637,Diya Deshmukh,diya.deshmukh14@gmail.com,8205080965,2026-03-24 20:13:00,BANGALORE,560052,
CUST_10405,Aditya Shah,aditya.shah53@gmail.com,8494786597,2025-05-13 14:13:48,New Delhi,560094,Android
CUST_10219,Rohan Nair,rohan.nair15@yahoo.com,+91-8309404303,2025-06-04 09:57:25,Hyderabad,560019,Android
CUST_14463,Kavita Bhat,kavita.bhat70@yahoo.com,+91-7396294231,2026-07-27 03:35:28,Gurgaon,560097,iOS
CUST_14199,Sneha Shah,sneha.shah45@outlook.com,+91-9848658029,2026-06-07 01:49:27,Gurugram,560082,iOS
CUST_14761,Rohan Mishra,rohan.mishra38@yahoo.com,+91-7888394637,2026-04-06 02:48:48,Hyderabad,560073,Android
CUST_11270,Navya Deshmukh,navya.deshmukh94@hotmail.com,,2026-07-09 19:24:54,New Delhi,560064,iOS
CUST_13682,Ananya Mehta,ananya.mehta25@gmail.com,+91-8900804663,2026-05-21 03:00:02,Mumbai,560023,iOS
CUST_10564,Aditya Joshi,aditya.joshi59@hotmail.com,8710076377,2024-06-02 08:07:06,Gurgaon,560011,Android
CUST_12497,Ishaan Singh,ishaan.singh69@hotmail.com,,2026-03-22 02:45:03,Bangalore,560030,Android
CUST_12037,Krishna Gupta,  krishna.gupta88@outlook.com  ,9827858163,2026-01-02 18:56:40,Delhi,560068,iOS
CUST_13851,Saanvi Mehta,saanvi.mehta79@gmail.com,9113738011,2025-05-09 16:42:26,Hyderabad,560014,Android
CUST_11022,Vikram Kulkarni,vikram.kulkarni49@outlook.com,7428336526,2025-04-25 01:59:49,blr,560045,Android
CUST_11356,Aadhya Banerjee,aadhya.banerjee49@yahoo.com,9773283977,2024-07-15 18:53:47,Gurugram,560043,Android
CUST_14639,Krishna Banerjee,krishna.banerjee78@yahoo.com,+91-9844045164,2026-08-09 14:14:40,Bengaluru,560027,Android
CUST_12693,Rahul Joshi,rahul.joshi38@outlook.com,8746214676,2024-04-07 05:23:29,Gurugram,560036,iOS
CUST_14624,Reyansh Joshi,reyansh.joshi86@yahoo.com,+91-7507964636,2025-12-25 05:11:40,Hyderabad,560096,Android
CUST_10266,Aadhya Kulkarni,aadhya.kulkarni46@yahoo.com,9100682336,2024-11-11 20:00:54,New Delhi,,iOS
CUST_12646,Saanvi Rao,  saanvi.rao94@yahoo.com  ,+91-7714973687,2025-11-01 01:13:44,blr,560074,Android
CUST_14472,Amit Kumar,amit.kumar34@hotmail.com,7707518484,2024-12-13 14:13:30,Hyderabad,560047,iOS
CUST_11457,Vivaan Rao,updated_vivaan.rao55@outlook.com,9033781197,2025-09-22 21:19:33,Bangalore,560058,Android
CUST_10669,Myra Rao,myra.rao23@yahoo.com,9391233218,2025-10-27 18:21:14,BANGALORE,560057,iOS
CUST_13827,Pari Deshmukh,pari.deshmukh74@yahoo.com,8150111350,2024-11-03 15:37:03,BANGALORE,560065,Android
CUST_13094,Anika Patel,anika.patel27@yahoo.com,08153921286,2024-01-02 22:45:40,Bangalore,560060,iOS
CUST_12821,Pooja Mehta,pooja.mehta84@outlook.com,7457877678,2026-04-16 20:00:02,Mumbai,560021,Android
CUST_12884,Reyansh Verma,REYANSH.VERMA17@GMAIL.COM,,2026-07-04 03:48:25,BANGALORE,,Android
CUST_14262,Sneha Agarwal,sneha.agarwal14@yahoo.com,8391490243,2024-06-12 01:55:30,New Delhi,560014,
CUST_10644,Amit Patel,updated_amit.patel13@gmail.com,+91-9573149844,2025-07-27 23:53:39,blr,560090,Android
CUST_11952,Rohan Gupta,rohan.gupta73@yahoo.com,9292242074,2024-08-19 01:53:46,New Delhi,560080,Android
CUST_13148,Sai Mehta,sai.mehta61@outlook.com,8245780742,2025-07-05 23:29:27,New Delhi,560075,iOS
CUST_13480,Diya Mehta,diya.mehta58@outlook.com,9294277893,2026-01-25 18:43:42,Bengaluru,560095,Android
CUST_14051,Anika Nair,anika.nair22@yahoo.com,9339766554,2024-07-05 01:42:32,Bengaluru,560075,Web
CUST_12073,Vikram Bhat,vikram.bhat14@hotmail.com,09192774543,2024-01-09 23:06:07,Delhi,560028,iOS
CUST_13408,Suresh Rao,suresh.rao97@outlook.com,,2025-05-16 17:02:53,New Delhi,560021,Android
CUST_12742,Kavita Nair,kavita.nair43@gmail.com,08646485998,2026-05-05 08:14:01,Delhi,560098,Android
CUST_13918,Priya Agarwal,priya.agarwal12@hotmail.com,7243155382,2024-07-06 05:45:57,Hyderabad,,Android
CUST_10569,Priya Mehta,priya.mehta31@hotmail.com,9348481420,2025-03-26 20:34:36,blr,560006,Android
CUST_11017,Krishna Das,krishna.das66@hotmail.com,8393942170,2024-11-12 19:23:45,blr,560092,Android
CUST_11263,Priya Agarwal,priya.agarwal77@hotmail.com,+91-9674796842,2024-11-26 20:04:39,Hyderabad,560062,
CUST_10347,Aditya Chowdhury,aditya.chowdhury91@outlook.com,+91-7768102016,2024-10-14 09:17:58,mumbai,560047,iOS
CUST_12549,Priya Banerjee,priya.banerjee22@outlook.com,7436183064,2026-01-25 14:03:08,Delhi,560021,Android
CUST_13584,Sneha Agarwal,  sneha.agarwal39@yahoo.com  ,9702610259,2024-12-23 12:42:29,mumbai,560027,iOS
CUST_11428,Aditya Shah,aditya.shah37@outlook.com,INVALID_PHONE,2026-05-11 09:11:37,Gurgaon,560004,Android
CUST_14995,Angel Agarwal,angel.agarwal11ATyahoo.com,8050149115,2025-05-07 03:55:03,Hyderabad,560098,Android
CUST_13376,Suresh Deshmukh,suresh.deshmukh15@gmail.com,7142472733,2024-12-22 03:58:30,blr,560040,Android
CUST_10627,Aarav Kumar,aarav.kumar31@gmail.com,7449194595,2024-01-12 16:34:05,Mumbai,560065,Android
CUST_12522,Angel Nair,angel.nair63@outlook.com,8968302927,2025-03-17 12:07:20,Delhi,560088,Android
CUST_14335,Saanvi Kulkarni,saanvi.kulkarni65@gmail.com,9969348569,2026-05-31 10:50:08,Gurgaon,560050,Android
CUST_11051,Aarav Bhat,aarav.bhat71@hotmail.com,+91-9114466913,2026-02-04 03:10:58,New Delhi,560012,Android
CUST_13360,Krishna Agarwal,updated_krishna.agarwal23@gmail.com,7125975547,2024-09-06 18:48:19,Bangalore,560064,Android
CUST_13899,Aadhya Reddy,updated_aadhya.reddy15@hotmail.com,7917561503,2025-11-27 08:30:26,Bengaluru,560051,Android
CUST_11668,Aditya Singh,aditya.singh91@outlook.com,7045982631,2024-09-29 13:54:47,blr,560003,Android
CUST_10441,Vikram Agarwal,vikram.agarwal98@yahoo.com,8844623653,2024-06-04 02:12:13,Gurugram,560002,iOS
CUST_11988,Aditya Bhat,aditya.bhat16@outlook.com,9428087857,2026-06-28 16:52:31,Bangalore,560001,Android
CUST_10850,Aadhya Das,aadhya.das45@yahoo.com,8198071243,2025-10-03 09:50:13,Gurgaon,560027,Android
CUST_11036,Amit Banerjee,updated_amit.banerjee10@outlook.com,7002791858,2025-11-06 16:50:13,Delhi,560014,Android
CUST_12333,Krishna Deshmukh,updated_krishna.deshmukh98@yahoo.com,+91-7650457442,2025-08-04 14:15:49,Bangalore,560027,iOS
CUST_14896,Avani Mishra,avani.mishra80@yahoo.com,8565641348,2024-10-27 15:16:35,Delhi,560079,Android
CUST_14806,Krishna Shah,KRISHNA.SHAH37@YAHOO.COM,9399832485,2025-03-18 02:09:02,New Delhi,560093,Android
CUST_14982,Aditya Das,aditya.das16@yahoo.com,09760363497,2026-02-03 08:28:42,mumbai,560009,Android
CUST_10395,Pari Nair,pari.nair18@gmail.com,08226023307,2024-01-03 03:26:14,Bengaluru,560060,Android
CUST_13833,Diya Das,diya.das24@gmail.com,9296407811,2025-05-12 14:50:57,Hyderabad,560074,Android
CUST_10979,Reyansh Reddy,updated_reyansh.reddy19@hotmail.com,9210492515,2026-06-26 04:05:08,Bengaluru,560026,iOS
CUST_10104,Arjun Banerjee,arjun.banerjee95@outlook.com,7835662372,2025-04-16 16:55:24,Delhi,560033,Android
CUST_10559,Diya Chowdhury,updated_DIYA.CHOWDHURY21@YAHOO.COM,9967523670,2026-02-01 00:21:53,Mumbai,560059,iOS
CUST_12502,Diya Chowdhury,updated_diya.chowdhury57@outlook.com,7686204475,2024-12-15 22:20:19,Gurugram,560096,iOS
CUST_11841,Vihaan Nair,updated_vihaan.nair26@outlook.com,9551474556,2024-08-13 19:38:26,BANGALORE,560050,Android
CUST_11068,Saanvi Gupta,SAANVI.GUPTA72@GMAIL.COM,+91-9626693153,2024-03-19 21:50:05,New Delhi,560013,Android
CUST_12886,Angel Mehta,angel.mehta45@hotmail.com,8772890675,2024-01-14 15:19:46,Mumbai,,Android
CUST_12163,Vihaan Reddy,updated_vihaan.reddy62@outlook.com,9650832925,2026-05-01 10:42:39,Mumbai,560065,iOS
CUST_14720,Aadhya Mishra,aadhya.mishra96ATgmail.com,7018770589,2024-11-10 11:16:56,BANGALORE,560074,Android
CUST_10758,Suresh Mehta,suresh.mehta14AThotmail.com,7288929092,2026-06-21 02:30:21,blr,560044,Android
CUST_14550,Reyansh Kumar,reyansh.kumar64@hotmail.com,+91-7137051280,2025-04-10 15:57:47,mumbai,,iOS
CUST_12243,Diya Nair,updated_diya.nair67@hotmail.com,+91-7919093859,2025-10-23 11:28:44,Delhi,560004,Android
CUST_12806,Priya Patel,priya.patel18@yahoo.com,,2025-08-30 21:32:30,New Delhi,560008,Android
CUST_14407,Saanvi Das,saanvi.das12@hotmail.com,08388025958,2024-10-02 07:22:44,Hyderabad,560069,iOS
CUST_13592,Sneha Kumar,sneha.kumar13@yahoo.com,7224768221,2024-01-21 20:20:47,Gurugram,560006,Android
CUST_13899,Aadhya Reddy,aadhya.reddy15@hotmail.com,7917561503,2025-11-27 08:30:26,Bengaluru,560051,Android
CUST_14856,Diya Shah,diya.shah47@hotmail.com,7032873963,2024-07-15 23:34:21,Gurugram,560050,iOS
CUST_14479,Ishaan Banerjee,ishaan.banerjee92@outlook.com,7175813897,2024-09-06 23:28:53,New Delhi,560053,iOS
CUST_13863,Vivaan Gupta,vivaan.gupta57@yahoo.com,7190245890,2024-01-07 10:18:44,Bengaluru,560035,Android
CUST_14849,Pari Sharma,pari.sharma88ATgmail.com,7262980895,2025-09-16 15:41:22,New Delhi,560001,Android
CUST_14640,Anika Reddy,anika.reddy26@yahoo.com,+91-9684129433,2025-06-30 03:12:25,Mumbai,560084,iOS
CUST_10895,Diya Singh,diya.singh96@outlook.com,8300196859,2025-02-14 12:37:00,mumbai,560012,iOS
CUST_13368,Amit Bhat,amit.bhat59@yahoo.com,9840412106,2025-06-22 17:30:50,BANGALORE,560057,Android
CUST_14423,Diya Patel,diya.patel99@hotmail.com,8463437610,2026-08-30 01:14:19,Gurgaon,,Android
CUST_11225,Ayaan Das,ayaan.das92@outlook.com,8683120631,2025-02-26 19:12:48,Mumbai,560057,Android
CUST_13992,Aditya Bhat,aditya.bhat54@hotmail.com,8203263838,2025-04-28 00:08:21,New Delhi,560041,iOS
CUST_13333,Myra Banerjee,myra.banerjee36@gmail.com,7047586662,2024-10-09 12:23:45,Mumbai,560081,Android
CUST_13619,Anika Kulkarni,anika.kulkarni49@yahoo.com,INVALID_PHONE,2025-04-07 08:28:08,Mumbai,560013,Android
CUST_14509,Ishaan Bhat,ishaan.bhat16@hotmail.com,INVALID_PHONE,2024-05-14 19:53:08,Bengaluru,560033,iOS
CUST_12972,Ananya Deshmukh,ananya.deshmukh21@hotmail.com,INVALID_PHONE,2024-05-18 08:03:21,Bengaluru,560081,Android
CUST_11977,Krishna Mishra,updated_krishna.mishra15@gmail.com,8016027792,2025-01-26 15:01:54,mumbai,560069,iOS
CUST_13729,Suresh Gupta,SURESH.GUPTA99@GMAIL.COM,09245059386,2025-02-24 06:25:25,Gurugram,560065,iOS
CUST_12475,Diya Verma,diya.verma16@outlook.com,08115721825,2024-02-08 04:31:21,Gurgaon,560043,iOS
CUST_12491,Priya Sharma,priya.sharma99AToutlook.com,7591729542,2025-10-13 12:59:46,Bengaluru,560090,iOS
CUST_14679,Navya Verma,navya.verma70@gmail.com,+91-7404790275,2026-01-10 13:59:23,Bangalore,560033,iOS
CUST_12222,Diya Singh,diya.singh33@outlook.com,9025235091,2026-03-27 23:02:06,Bangalore,560009,Android
CUST_10292,Ishaan Rao,ishaan.rao67@gmail.com,7744173232,2025-07-18 01:24:41,Bengaluru,560091,Android
CUST_13796,Diya Deshmukh,diya.deshmukh83@gmail.com,9939406119,2025-06-13 18:24:42,Mumbai,560016,iOS
CUST_12227,Ayaan Gupta,ayaan.gupta18@outlook.com,7020126161,2024-05-04 12:03:01,Delhi,560008,iOS
CUST_13904,Reyansh Shah,reyansh.shah71@outlook.com,9150287127,2024-08-02 03:04:21,BANGALORE,560063,iOS
CUST_10945,Rahul Gupta,rahul.gupta10@outlook.com,8602631087,2024-10-21 09:38:25,Hyderabad,560045,Android
CUST_11274,Pooja Banerjee,pooja.banerjee50@yahoo.com,+91-9283328119,2025-08-18 05:35:35,Gurugram,560021,Android
CUST_14918,Diya Reddy,diya.reddy10@gmail.com,9567846528,2026-03-02 15:08:14,Bangalore,560084,Android
CUST_11908,Reyansh Kumar,reyansh.kumar83@hotmail.com,9290252674,2026-01-14 06:50:11,Gurgaon,560059,Android
CUST_11652,Ananya Chowdhury,updated_ananya.chowdhury27@gmail.com,8453161195,2026-05-21 12:21:10,Hyderabad,560044,iOS
CUST_14747,Myra Banerjee,updated_myra.banerjee57@yahoo.com,7650896650,2024-09-10 21:00:15,Hyderabad,560094,Android
CUST_11708,Sai Deshmukh,sai.deshmukh60@outlook.com,9512269302,2026-01-10 23:20:32,Bangalore,560054,
CUST_14087,Arjun Deshmukh,arjun.deshmukh65@outlook.com,+91-7549781341,2024-05-26 21:48:21,blr,560026,Android
CUST_13428,Vikram Joshi,vikram.joshi53@hotmail.com,7815516826,2025-02-22 07:39:44,Hyderabad,560093,Android
CUST_11154,Rahul Singh,RAHUL.SINGH35@YAHOO.COM,7481313654,2025-12-08 01:41:41,Bengaluru,560094,Android
CUST_10105,Angel Singh,angel.singh26@yahoo.com,9459274520,2025-10-19 18:37:57,Gurugram,560009,Android
CUST_12208,Ananya Rao,ananya.rao51@yahoo.com,,2024-02-15 23:34:04,Hyderabad,560073,
CUST_11875,Rahul Joshi,  rahul.joshi91@gmail.com  ,7357778454,2025-02-08 11:39:24,Gurgaon,560063,iOS
CUST_12788,Kavita Chowdhury,KAVITA.CHOWDHURY93@YAHOO.COM,9539707701,2025-03-16 17:25:04,Bengaluru,560090,Web
CUST_11180,Sneha Verma,sneha.verma74@hotmail.com,+91-7981994732,2024-10-25 02:29:12,mumbai,560038,Android
CUST_11494,Diya Shah,diya.shah21@gmail.com,7796176498,2024-12-14 04:15:13,Delhi,,iOS
CUST_14813,Krishna Kumar,krishna.kumar26@outlook.com,+91-9453655767,2025-01-16 16:32:56,Delhi,560067,Android
CUST_14763,Krishna Rao,  krishna.rao22@outlook.com  ,8087462421,2025-09-17 01:02:30,Gurugram,560088,iOS
CUST_13493,Anika Shah,anika.shah91@hotmail.com,9178530990,2025-07-17 02:01:50,Bangalore,560034,Android
CUST_13297,Ishaan Banerjee,updated_ishaan.banerjee94@gmail.com,8739758316,2026-03-31 20:33:27,Hyderabad,560045,Android
CUST_11459,Amit Kumar,amit.kumar19@yahoo.com,+91-8189056763,2024-07-07 05:08:47,Hyderabad,560027,Android
CUST_14458,Neha Chowdhury,neha.chowdhury85@yahoo.com,9023111940,2025-07-06 13:31:10,mumbai,560023,
CUST_12186,Reyansh Kumar,reyansh.kumar45@outlook.com,+91-8353555157,2024-09-04 01:20:22,BANGALORE,560100,Android
CUST_14632,Amit Deshmukh,amit.deshmukh21@gmail.com,+91-7759329361,2024-05-29 15:16:18,Bangalore,560003,Android
CUST_12803,Pari Deshmukh,pari.deshmukh87@hotmail.com,9034482951,2024-05-28 11:12:54,Delhi,560020,
CUST_10452,Aditya Rao,aditya.rao90@hotmail.com,7275198090,2025-02-12 04:30:11,Mumbai,,Android
CUST_10111,Rahul Rao,rahul.rao81@gmail.com,9075769888,2024-02-28 06:09:51,New Delhi,560094,iOS
CUST_11586,Avani Agarwal,avani.agarwal32@yahoo.com,7186194261,2024-03-15 14:57:35,New Delhi,560070,Android
CUST_11395,Sai Kumar,sai.kumar45AThotmail.com,9968637961,2025-05-13 04:52:39,mumbai,,Android
CUST_11834,Ishaan Verma,ishaan.verma69@gmail.com,08086350332,2024-12-10 02:03:17,mumbai,560044,Android
CUST_14561,Sneha Nair,sneha.nair73@yahoo.com,+91-8192069958,2024-12-09 12:01:35,Hyderabad,560021,Android
CUST_13889,Ishaan Kulkarni,ishaan.kulkarni85@gmail.com,8844099618,2024-07-14 05:29:14,blr,560087,iOS
CUST_12674,Avani Joshi,avani.joshi89@yahoo.com,9873890058,2024-02-14 19:30:39,BANGALORE,560090,Android
CUST_13606,Arjun Mishra,arjun.mishra80@hotmail.com,+91-8608288415,2025-11-26 23:09:18,Gurgaon,560076,Android
CUST_10596,Reyansh Agarwal,reyansh.agarwal94@yahoo.com,7701132354,2024-06-02 22:08:48,Delhi,,iOS
CUST_14969,Aarav Bhat,updated_aarav.bhat10@outlook.com,9283610472,2026-05-19 08:54:55,Gurugram,560004,
CUST_11876,Suresh Reddy,suresh.reddy33@yahoo.com,9727303120,2025-09-01 06:16:29,Bangalore,560025,Android
CUST_12863,Rahul Chowdhury,rahul.chowdhury82@outlook.com,09597215154,2025-05-24 02:44:28,Bengaluru,560066,Android
CUST_12035,Ayaan Chowdhury,ayaan.chowdhury48@gmail.com,9559508648,2024-09-19 01:24:06,Bengaluru,560024,Android
CUST_13299,Rahul Verma,rahul.verma94@hotmail.com,08618010926,2026-01-15 06:13:02,Bengaluru,560001,Android
CUST_10064,Ananya Kulkarni,ananya.kulkarni21@hotmail.com,9316147448,2024-07-31 08:59:14,Gurgaon,560046,iOS
CUST_12808,Rohan Agarwal,updated_ROHAN.AGARWAL17@YAHOO.COM,7118632377,2025-05-01 16:59:08,Gurgaon,560046,
CUST_11548,Saanvi Bhat,saanvi.bhat91@gmail.com,08776078353,2026-06-17 04:59:00,New Delhi,560087,Android
CUST_13032,Vihaan Mishra,vihaan.mishra41@yahoo.com,7225981498,2025-11-21 07:32:49,mumbai,560014,Android
CUST_13903,Aditya Joshi,aditya.joshi19@yahoo.com,7387956218,2024-05-14 01:10:51,blr,560023,Android
CUST_12094,Vihaan Mehta,vihaan.mehta54@gmail.com,7972493117,2024-03-04 21:46:20,Bangalore,560024,iOS
CUST_12182,Avani Reddy,avani.reddy83@hotmail.com,7342825256,2024-06-28 10:43:13,Hyderabad,560066,Android
CUST_13856,Ishaan Agarwal,ishaan.agarwal97@gmail.com,9906965240,2026-06-17 19:00:42,New Delhi,,Android
CUST_12031,Ananya Kumar,ANANYA.KUMAR24@GMAIL.COM,+91-7351481499,2024-06-04 11:33:21,mumbai,,
CUST_13751,Neha Banerjee,neha.banerjee85@hotmail.com,7320532693,2024-05-21 15:33:01,Bangalore,560031,iOS
CUST_11829,Aadhya Banerjee,aadhya.banerjee98@hotmail.com,+91-8873115600,2026-06-24 10:00:01,Hyderabad,,iOS
CUST_11550,Pari Patel,pari.patel86@gmail.com,INVALID_PHONE,2026-05-02 05:24:55,Hyderabad,560056,Web
CUST_12245,Diya Singh,diya.singh24@yahoo.com,7895632199,2024-01-25 17:52:09,New Delhi,560038,Android
CUST_11484,Avani Verma,avani.verma76@hotmail.com,+91-7866661457,2025-08-19 19:00:07,Bengaluru,560028,iOS
CUST_12072,Sneha Reddy,sneha.reddy11@outlook.com,08431813429,2025-07-29 03:57:04,Mumbai,560099,iOS
CUST_11031,Suresh Joshi,suresh.joshi96@yahoo.com,07102190178,2024-01-20 02:15:40,mumbai,560070,Android
CUST_13647,Vikram Reddy,vikram.reddy69@hotmail.com,9099675984,2024-01-31 00:07:29,Bangalore,560025,Android
CUST_10078,Amit Nair,amit.nair63@outlook.com,07163981533,2025-02-08 21:00:32,Mumbai,560056,Android
CUST_11918,Rahul Patel,rahul.patel40@gmail.com,7404589321,2024-01-10 22:28:58,BANGALORE,560057,
CUST_13831,Priya Agarwal,priya.agarwal36@outlook.com,8429298727,2026-05-17 14:49:48,Gurgaon,560075,Android
CUST_10559,Diya Chowdhury,DIYA.CHOWDHURY21@YAHOO.COM,9967523670,2026-02-01 00:21:53,Mumbai,560059,iOS
CUST_14994,Neha Gupta,neha.gupta33@gmail.com,7910923679,2024-08-11 06:51:03,New Delhi,560100,Android
CUST_14822,Rohan Kulkarni,rohan.kulkarni15@yahoo.com,07814288502,2025-02-21 12:57:28,blr,560005,iOS
CUST_14060,Kavita Chowdhury,kavita.chowdhury67@yahoo.com,9370011918,2025-07-17 20:44:07,Bengaluru,560006,Android
CUST_13832,Kavita Gupta,kavita.gupta20@outlook.com,9321676117,2024-02-14 10:09:31,Gurugram,560082,Android
CUST_12248,Angel Gupta,angel.gupta54@outlook.com,9905254219,2025-09-20 08:32:09,BANGALORE,560072,Android
CUST_11424,Priya Agarwal,priya.agarwal35@outlook.com,+91-7693146811,2024-07-06 19:47:39,Delhi,560099,iOS
CUST_12322,Pooja Chowdhury,updated_pooja.chowdhury36@outlook.com,9980265837,2026-02-06 01:56:39,mumbai,560054,Android
CUST_13983,Myra Kulkarni,myra.kulkarni59@yahoo.com,7936390579,2025-12-12 17:55:19,New Delhi,560003,Android
CUST_10468,Reyansh Mishra,reyansh.mishra77@outlook.com,9710444644,2024-09-03 20:39:47,BANGALORE,560049,Android
CUST_10027,Sneha Deshmukh,sneha.deshmukh80@gmail.com,9832767805,2025-03-28 00:38:01,Gurugram,560088,iOS
CUST_14303,Angel Sharma,angel.sharma92@hotmail.com,+91-9512896609,2024-06-18 21:35:23,Gurugram,560057,Android
CUST_12775,Angel Rao,angel.rao54@yahoo.com,7617688635,2025-04-29 08:52:19,Gurgaon,,Android
CUST_14147,Vikram Patel,vikram.patel36@gmail.com,7406985003,2024-05-21 10:52:27,blr,560080,Android
CUST_10805,Suresh Das,suresh.das44@gmail.com,INVALID_PHONE,2025-05-05 09:49:56,Mumbai,560071,iOS
CUST_12100,Pooja Rao,pooja.rao19@outlook.com,INVALID_PHONE,2025-11-02 09:57:43,Hyderabad,560016,
CUST_11806,Priya Kumar,priya.kumar21@hotmail.com,9312094332,2025-11-30 01:58:23,Hyderabad,560002,iOS
CUST_14765,Krishna Agarwal,krishna.agarwal25@gmail.com,9574377477,2024-12-10 11:24:25,Gurgaon,,Android
CUST_14677,Anika Mehta,anika.mehta46ATgmail.com,8463841712,2025-01-05 23:21:41,mumbai,560058,iOS
CUST_14687,Vivaan Kumar,updated_vivaan.kumar76@hotmail.com,+91-7620622424,2026-06-16 10:16:43,Hyderabad,560067,Android
CUST_14421,Pooja Shah,pooja.shah23@gmail.com,+91-7455124350,2025-07-09 06:59:07,Gurgaon,560042,
CUST_11143,Ishaan Banerjee,ishaan.banerjee52@hotmail.com,7969158381,2025-12-06 16:57:42,BANGALORE,560061,Android
CUST_12586,Ananya Kulkarni,ananya.kulkarni64@gmail.com,7531393925,2024-08-20 05:57:11,BANGALORE,560020,Android
CUST_12737,Vihaan Deshmukh,vihaan.deshmukh60@gmail.com,7422892700,2024-02-29 00:52:08,BANGALORE,560010,Android
CUST_12908,Ayaan Verma,ayaan.verma27@gmail.com,,2025-07-24 21:04:34,Mumbai,560013,Android
CUST_10908,Rohan Patel,rohan.patel36@yahoo.com,9770172451,2024-09-15 17:54:27,New Delhi,560070,iOS
CUST_10985,Vivaan Joshi,vivaan.joshi87ATyahoo.com,+91-8510948059,2025-03-26 15:54:02,Mumbai,560090,Android
CUST_14945,Diya Banerjee,diya.banerjee17@outlook.com,7089297169,2024-05-16 13:58:14,mumbai,560041,Android
CUST_13927,Priya Kumar,priya.kumar74@yahoo.com,+91-8911990710,2025-10-08 20:46:08,BANGALORE,560066,Android
CUST_13742,Neha Agarwal,neha.agarwal93@hotmail.com,08790769132,2026-08-03 17:57:37,New Delhi,560018,iOS
CUST_10083,Neha Nair,neha.nair39@gmail.com,8583472482,2025-06-22 22:11:24,Bengaluru,560070,iOS
CUST_10925,Pari Rao,PARI.RAO98@GMAIL.COM,7000261438,2025-12-27 22:39:37,Hyderabad,560009,iOS
CUST_11003,Amit Rao,amit.rao87@gmail.com,,2024-09-24 21:41:09,mumbai,560022,Android
CUST_11507,Pooja Bhat,pooja.bhat54@outlook.com,,2024-11-12 14:43:11,Mumbai,560046,iOS
CUST_11448,Ananya Nair,ananya.nair95@hotmail.com,+91-9873343363,2025-10-10 10:10:40,Bengaluru,560082,iOS
CUST_11207,Rohan Sharma,rohan.sharma66@yahoo.com,,2025-05-23 08:02:12,Hyderabad,560096,
CUST_11855,Rahul Kulkarni,rahul.kulkarni27@yahoo.com,7016530659,2025-03-22 18:22:41,Bangalore,560080,Android
CUST_12536,Amit Nair,amit.nair48@hotmail.com,7619877884,2026-05-10 00:27:39,New Delhi,560046,iOS
CUST_12103,Suresh Joshi,suresh.joshi87@hotmail.com,9544724583,2026-04-13 21:51:31,Delhi,,Android
CUST_11485,Pari Agarwal,pari.agarwal24@yahoo.com,8846820765,2026-06-01 05:32:25,Gurugram,560070,iOS
CUST_14779,Sai Verma,sai.verma80@gmail.com,+91-7209541014,2026-03-31 11:12:19,Bangalore,560086,iOS
CUST_13255,Saanvi Rao,saanvi.rao21@yahoo.com,9797234823,2026-08-01 23:52:30,mumbai,560014,iOS
CUST_13453,Saanvi Kumar,saanvi.kumar41@yahoo.com,8478813746,2024-03-04 07:44:38,Mumbai,560025,Android
CUST_12798,Sai Nair,sai.nair82@yahoo.com,8930038196,2025-12-03 23:29:45,BANGALORE,560078,iOS
CUST_13454,Arjun Nair,arjun.nair72@hotmail.com,,2026-07-28 02:58:18,Delhi,560066,iOS
CUST_10362,Anika Reddy,anika.reddy62@hotmail.com,7283543321,2025-12-28 17:21:54,Delhi,560004,iOS
CUST_12871,Rohan Agarwal,  rohan.agarwal47@hotmail.com  ,7255549190,2026-07-13 02:54:33,Gurugram,560036,Android
CUST_14469,Aadhya Singh,aadhya.singh73@yahoo.com,,2026-02-11 12:52:34,Bangalore,560066,
CUST_12561,Saanvi Joshi,  saanvi.joshi74@gmail.com  ,8898366263,2024-03-30 00:59:37,Hyderabad,,iOS
CUST_11447,Neha Sharma,neha.sharma63@yahoo.com,+91-8014964177,2024-05-03 12:40:11,Bangalore,560051,iOS
CUST_12324,Arjun Kumar,arjun.kumar20@yahoo.com,07428117108,2026-06-28 21:33:05,blr,560016,iOS
CUST_12975,Navya Bhat,navya.bhat68@gmail.com,7658527657,2024-02-11 12:01:00,Hyderabad,560062,Android
CUST_10453,Ayaan Deshmukh,ayaan.deshmukh15@gmail.com,7593659064,2025-08-08 16:27:44,Delhi,,iOS
CUST_13312,Reyansh Das,reyansh.das49@outlook.com,9190522643,2024-01-18 22:12:15,Mumbai,560025,Android
CUST_11081,Vivaan Rao,updated_vivaan.rao34@hotmail.com,9091188540,2024-06-08 13:45:17,Hyderabad,560047,iOS
CUST_14465,Sneha Shah,sneha.shah97@yahoo.com,INVALID_PHONE,2024-08-06 09:56:51,Gurgaon,560044,Android
CUST_14318,Rahul Sharma,RAHUL.SHARMA42@OUTLOOK.COM,7141139004,2025-11-13 17:10:40,New Delhi,560040,iOS
CUST_13730,Amit Chowdhury,amit.chowdhury84@hotmail.com,9521466156,2025-08-11 14:36:16,Hyderabad,560021,Android
CUST_11616,Kavita Chowdhury,kavita.chowdhury59@hotmail.com,INVALID_PHONE,2026-01-01 10:12:41,Bangalore,560059,Android
CUST_10557,Priya Patel,priya.patel82@outlook.com,7760334996,2025-08-14 17:25:21,Mumbai,560041,Android
CUST_11128,Priya Das,priya.das45@hotmail.com,9429206251,2024-11-21 09:08:44,Bangalore,560082,Android
CUST_10022,Saanvi Kulkarni,saanvi.kulkarni71AThotmail.com,7616883914,2024-07-16 04:14:55,Bangalore,560080,Android
CUST_10947,Vivaan Reddy,vivaan.reddy15@yahoo.com,+91-8509390106,2025-09-10 19:24:19,Bengaluru,560084,Android
CUST_14717,Navya Joshi,navya.joshi77@gmail.com,7313314559,2024-11-08 21:52:23,Gurgaon,560071,Android
CUST_13413,Reyansh Mishra,REYANSH.MISHRA38@YAHOO.COM,8356129640,2024-07-21 10:30:16,Bengaluru,560019,Android
CUST_10693,Vivaan Shah,vivaan.shah45@hotmail.com,7802033838,2025-09-09 15:20:55,mumbai,560004,Android
CUST_11725,Arjun Rao,arjun.rao40@gmail.com,9081904919,2025-12-20 22:19:10,mumbai,560024,Android
CUST_13384,Navya Gupta,navya.gupta38@yahoo.com,09227327939,2024-03-11 17:26:13,Gurgaon,560025,
CUST_13980,Rahul Bhat,rahul.bhat48@hotmail.com,9090954950,2025-06-03 05:54:01,BANGALORE,560039,Android
CUST_12398,Navya Sharma,updated_navya.sharma75@outlook.com,8226366784,2025-05-05 19:11:04,Delhi,560068,iOS
CUST_12582,Sneha Shah,sneha.shah83@outlook.com,7739024459,2026-02-20 11:58:42,Bengaluru,560077,Android
CUST_12163,Vihaan Reddy,vihaan.reddy62@outlook.com,9650832925,2026-05-01 10:42:39,Mumbai,560065,iOS
CUST_14581,Rahul Mishra,rahul.mishra86@yahoo.com,7759493902,2025-01-18 19:59:11,Bangalore,560045,iOS
CUST_12896,Kavita Agarwal,kavita.agarwal51@hotmail.com,INVALID_PHONE,2024-01-19 02:52:50,Delhi,560010,Android
CUST_13568,Saanvi Rao,saanvi.rao93@hotmail.com,7178928449,2025-11-27 13:11:00,Hyderabad,560018,iOS
CUST_12832,Neha Kulkarni,NEHA.KULKARNI53@HOTMAIL.COM,7769534424,2025-03-15 18:02:13,New Delhi,560055,Web
CUST_14801,Sneha Chowdhury,updated_sneha.chowdhury60@outlook.com,7155012663,2026-08-16 05:13:58,New Delhi,560034,iOS
CUST_11120,Kavita Agarwal,kavita.agarwal77@hotmail.com,+91-7501000458,2026-06-20 17:09:13,Gurgaon,560094,iOS
CUST_12925,Navya Deshmukh,navya.deshmukh19@outlook.com,09490168510,2024-09-12 01:03:39,Gurgaon,560090,Android
CUST_11992,Ananya Shah,ananya.shah24@outlook.com,9445907524,2025-07-05 09:27:45,New Delhi,560006,iOS
CUST_10875,Reyansh Kumar,reyansh.kumar11@outlook.com,8971876745,2026-03-11 04:53:14,Bangalore,560075,iOS
CUST_13195,Ananya Agarwal,ananya.agarwal41@yahoo.com,7343993021,2025-10-20 08:39:39,Gurugram,560046,iOS
CUST_10287,Priya Deshmukh,priya.deshmukh91@yahoo.com,07640979105,2026-02-05 02:33:49,blr,560066,Web
CUST_14500,Sai Shah,sai.shah62@outlook.com,9137699197,2026-07-24 14:48:04,Gurgaon,560053,Android
CUST_14869,Reyansh Gupta,reyansh.gupta82@gmail.com,+91-8900889708,2026-04-14 11:53:13,BANGALORE,560068,Android
CUST_13021,Pooja Mehta,pooja.mehta26@hotmail.com,7728113180,2026-02-06 20:38:56,Mumbai,560053,Android
CUST_13789,Neha Joshi,neha.joshi18@yahoo.com,7217734617,2024-10-03 20:47:17,mumbai,560037,iOS
CUST_14713,Diya Shah,diya.shah80@outlook.com,7093565456,2025-12-14 02:39:17,blr,560037,iOS
CUST_11047,Rohan Agarwal,  rohan.agarwal24@hotmail.com  ,9526302120,2024-11-01 12:10:48,mumbai,560049,Android
CUST_14793,Amit Bhat,amit.bhat60@hotmail.com,8967444966,2025-04-29 22:54:02,Bengaluru,560083,Android
CUST_14755,Saanvi Das,saanvi.das47@yahoo.com,8938571532,2026-01-24 09:59:44,Delhi,560069,Android
CUST_12456,Pari Patel,pari.patel15@hotmail.com,,2026-04-29 16:37:32,Mumbai,560024,Android
CUST_13407,Vivaan Gupta,vivaan.gupta67@yahoo.com,7028894662,2026-05-11 04:31:03,Bengaluru,560061,Android
CUST_14014,Priya Rao,priya.rao42@gmail.com,8131314104,2026-08-01 14:31:22,BANGALORE,560017,Android
CUST_10794,Angel Joshi,angel.joshi62@outlook.com,9966104051,2024-06-04 16:13:55,New Delhi,560008,Android
CUST_13745,Kavita Joshi,kavita.joshi36@yahoo.com,+91-7955337009,2024-06-01 13:24:49,Hyderabad,560058,iOS
CUST_12486,Angel Mishra,angel.mishra84@hotmail.com,+91-9364536052,2025-04-12 10:02:54,Mumbai,560047,iOS
CUST_12802,Aadhya Deshmukh,aadhya.deshmukh32@gmail.com,8767352797,2026-03-28 22:24:56,mumbai,560041,Android
CUST_11877,Amit Deshmukh,amit.deshmukh94@yahoo.com,+91-9710579428,2025-03-07 13:38:22,Delhi,560078,Android
CUST_14227,Navya Reddy,navya.reddy16@hotmail.com,9670741499,2024-10-15 22:42:30,Hyderabad,560097,Android
CUST_12061,Angel Kulkarni,angel.kulkarni79@hotmail.com,8319655838,2024-12-13 09:32:56,Gurugram,560047,Web
CUST_13029,Kavita Patel,updated_kavita.patel94@gmail.com,7577152895,2026-03-14 07:42:19,New Delhi,560100,iOS
CUST_13500,Anika Mehta,anika.mehta76@gmail.com,9641978933,2024-04-13 15:42:14,Hyderabad,560073,iOS
CUST_12194,Kavita Kulkarni,kavita.kulkarni79@yahoo.com,8285642016,2024-02-29 05:32:42,Bengaluru,560019,Android
CUST_10814,Aditya Chowdhury,aditya.chowdhury50@yahoo.com,9433447929,2026-08-19 17:24:12,Gurugram,560058,iOS
CUST_13042,Aadhya Gupta,aadhya.gupta35@yahoo.com,+91-8279378947,2025-02-24 15:46:33,BANGALORE,560099,iOS
CUST_12625,Vihaan Deshmukh,vihaan.deshmukh51@hotmail.com,8033806651,2025-09-16 20:21:56,Gurgaon,560087,iOS
CUST_11043,Vihaan Rao,vihaan.rao75@hotmail.com,+91-7476714720,2024-05-29 05:55:10,Hyderabad,560081,iOS
CUST_14857,Aditya Patel,aditya.patel83@yahoo.com,9423662516,2024-01-29 15:23:30,New Delhi,560092,Android
CUST_11676,Pooja Joshi,pooja.joshi47@gmail.com,+91-7743207813,2024-02-29 14:53:50,mumbai,560034,Android
CUST_10071,Avani Gupta,avani.gupta12@outlook.com,9285770047,2025-12-16 20:07:14,BANGALORE,560087,
CUST_14726,Ananya Reddy,ananya.reddy41@outlook.com,INVALID_PHONE,2025-10-01 20:25:41,Gurugram,560084,iOS
CUST_14961,Vihaan Kulkarni,vihaan.kulkarni31@yahoo.com,7384009412,2025-10-02 19:48:31,Gurgaon,560003,Android
CUST_14278,Pooja Agarwal,pooja.agarwal69@hotmail.com,9983448354,2025-09-15 20:59:05,Gurugram,560033,Android
CUST_13835,Vihaan Bhat,vihaan.bhat83@gmail.com,8193902195,2026-06-23 01:16:02,Gurugram,560073,Android
CUST_11880,Rohan Chowdhury,rohan.chowdhury47@hotmail.com,+91-8864245328,2025-12-20 03:36:54,mumbai,560004,Android
CUST_11563,Ayaan Deshmukh,updated_ayaan.deshmukh30@yahoo.com,8698753745,2025-07-20 14:12:04,New Delhi,560018,Android
CUST_14653,Pooja Das,pooja.das91@gmail.com,9730563731,2025-07-02 20:40:22,New Delhi,560057,Android
CUST_13381,Ishaan Joshi,ISHAAN.JOSHI60@OUTLOOK.COM,7581677376,2025-08-15 16:48:12,mumbai,560034,Android
CUST_11775,Navya Singh,navya.singh58@gmail.com,+91-9809423279,2024-01-04 16:50:47,Bangalore,560081,Android
CUST_11401,Diya Rao,diya.rao25@outlook.com,7393582352,2026-03-04 13:53:55,Hyderabad,560097,Android
CUST_13361,Sneha Mehta,sneha.mehta60@yahoo.com,+91-7285608973,2026-07-10 00:05:28,blr,560067,Android
CUST_14741,Krishna Agarwal,krishna.agarwal12@gmail.com,8912407355,2025-01-24 02:14:31,mumbai,560032,iOS
CUST_11764,Navya Banerjee,navya.banerjee55@hotmail.com,7687015764,2026-06-10 09:19:07,Bengaluru,560022,Android
CUST_12692,Navya Mehta,navya.mehta74@outlook.com,+91-7235874052,2025-08-18 19:37:17,Mumbai,560080,Android
CUST_10730,Vihaan Patel,updated_vihaan.patel64@gmail.com,7750882381,2026-06-14 06:50:28,Gurgaon,560062,Android
CUST_13075,Reyansh Das,reyansh.das82@gmail.com,9047019156,2026-03-20 13:20:30,New Delhi,560040,iOS
CUST_13297,Ishaan Banerjee,updated_ishaan.banerjee94@gmail.com,8739758316,2026-03-31 20:33:27,Hyderabad,560045,Android
CUST_13490,Pooja Deshmukh,pooja.deshmukh96@outlook.com,9598031723,2026-07-15 01:40:14,Bengaluru,560094,iOS
CUST_14824,Angel Reddy,angel.reddy56AToutlook.com,9525709004,2024-02-01 13:32:02,Mumbai,560097,Android
CUST_10199,Sai Das,sai.das17@outlook.com,,2024-12-04 01:05:40,Bengaluru,,Android
CUST_14863,Pari Banerjee,pari.banerjee80@outlook.com,7498017051,2024-03-20 07:11:13,Hyderabad,560028,iOS
CUST_10554,Aditya Banerjee,aditya.banerjee78@outlook.com,8819016550,2024-02-05 20:24:31,Gurugram,560096,iOS
CUST_11273,Arjun Joshi,updated_arjun.joshi93@yahoo.com,9863499558,2025-03-20 05:35:17,Delhi,560046,iOS
CUST_10345,Ananya Kumar,ananya.kumar73@yahoo.com,08633305660,2024-01-01 09:21:08,New Delhi,560025,iOS
CUST_11344,Rahul Nair,rahul.nair58@yahoo.com,9760872884,2024-04-13 11:01:40,Bengaluru,560052,Android
CUST_12155,Sai Sharma,sai.sharma64@hotmail.com,8467671969,2024-07-30 00:15:16,Bengaluru,560085,
CUST_14176,Vikram Rao,VIKRAM.RAO18@HOTMAIL.COM,+91-9156943354,2025-07-21 22:56:03,Bengaluru,560050,Android
CUST_12236,Ananya Patel,ananya.patel47@outlook.com,7879341790,2025-08-14 08:04:13,Gurgaon,560048,Android
CUST_13142,Rahul Sharma,updated_rahul.sharma83@gmail.com,7716989654,2025-07-16 02:39:00,Gurugram,560082,Android
CUST_10580,Vihaan Sharma,vihaan.sharma74@outlook.com,INVALID_PHONE,2024-06-12 06:36:04,New Delhi,560008,Android
CUST_12154,Ananya Nair,ananya.nair75@outlook.com,7901599722,2024-02-24 08:38:30,Mumbai,560068,
CUST_12841,Kavita Mehta,kavita.mehta22@outlook.com,7083007983,2024-04-20 20:43:15,Mumbai,560090,iOS
CUST_11791,Pooja Mehta,pooja.mehta76@hotmail.com,INVALID_PHONE,2026-07-26 18:14:19,New Delhi,560006,Android
CUST_13692,Vihaan Kumar,vihaan.kumar51@gmail.com,9116401538,2024-10-04 01:27:51,blr,560043,iOS
CUST_11793,Diya Mishra,diya.mishra48AToutlook.com,7417024330,2025-05-15 22:20:37,BANGALORE,,iOS
CUST_10831,Saanvi Patel,saanvi.patel96@outlook.com,+91-9352529803,2024-02-18 07:40:53,New Delhi,560066,Android
CUST_12970,Avani Shah,avani.shah50@outlook.com,9539526951,2026-07-13 12:15:41,Delhi,560071,iOS
CUST_12800,Myra Reddy,myra.reddy33@yahoo.com,8349781978,2026-01-03 08:58:22,Gurugram,560035,iOS
CUST_12044,Aditya Das,ADITYA.DAS78@GMAIL.COM,9302410447,2026-05-25 05:11:57,blr,560093,Web
CUST_12040,Priya Verma,priya.verma66@gmail.com,9028519189,2025-10-03 23:51:56,Gurugram,560082,iOS
CUST_12015,Rahul Shah,rahul.shah38@outlook.com,,2025-09-25 19:28:04,Hyderabad,,
CUST_12453,Aadhya Joshi,aadhya.joshi74@yahoo.com,9653327378,2024-06-22 09:45:37,Delhi,560067,iOS
CUST_14094,Rohan Das,rohan.das38@yahoo.com,9650840820,2025-10-07 07:21:35,Gurgaon,560051,iOS
CUST_14314,Pari Kumar,pari.kumar27@hotmail.com,9887227046,2025-12-01 20:03:30,Gurugram,560078,Android
CUST_14790,Myra Bhat,myra.bhat86@gmail.com,09724320988,2024-12-15 03:38:03,Gurgaon,560002,Android
CUST_10360,Pooja Agarwal,pooja.agarwal92@gmail.com,08575081282,2025-04-13 14:06:18,Delhi,560070,iOS
CUST_14960,Kavita Kumar,kavita.kumar50@hotmail.com,7862311003,2024-10-01 07:59:54,blr,560038,iOS
CUST_10289,Avani Shah,avani.shah80@gmail.com,7423296554,2025-03-30 22:46:32,BANGALORE,560081,Android
CUST_11910,Sai Nair,sai.nair85@hotmail.com,8502995956,2025-05-16 07:41:45,Bengaluru,560023,Android
CUST_12375,Sneha Kulkarni,sneha.kulkarni18@hotmail.com,9505430692,2024-06-26 11:57:33,Delhi,,Android
CUST_13515,Amit Rao,amit.rao58@outlook.com,9887230583,2025-12-25 19:13:22,Bangalore,560030,iOS
CUST_12055,Anika Mishra,anika.mishra64@hotmail.com,9641180615,2025-12-18 14:12:21,Gurgaon,560043,
CUST_13814,Amit Mishra,amit.mishra51@hotmail.com,8116743502,2026-05-06 07:36:51,Bangalore,560085,Android
CUST_10393,Anika Patel,anika.patel66@gmail.com,9939684756,2024-07-28 20:11:51,Hyderabad,560099,
CUST_14750,Pooja Agarwal,pooja.agarwal27@outlook.com,9161999716,2026-03-21 12:43:21,Hyderabad,560100,Android
CUST_10244,Pooja Chowdhury,pooja.chowdhury95@outlook.com,9772059094,2024-09-22 13:34:20,Gurugram,560096,Android
CUST_14133,Vihaan Shah,vihaan.shah24@yahoo.com,INVALID_PHONE,2024-10-27 19:57:10,Bangalore,560081,iOS
CUST_14791,Sneha Patel,updated_sneha.patel63@gmail.com,8178712822,2025-08-17 15:33:52,Bangalore,560063,
CUST_13191,Saanvi Joshi,saanvi.joshi41@yahoo.com,9904110990,2026-01-13 21:29:03,Delhi,560075,Web
CUST_13373,Ayaan Joshi,ayaan.joshi66@gmail.com,9469227311,2024-10-12 01:11:09,Bangalore,560044,iOS
CUST_14507,Rohan Kulkarni,  rohan.kulkarni72@outlook.com  ,9665306779,2024-09-07 04:09:27,Delhi,560045,Android
CUST_11872,Krishna Kumar,krishna.kumar88@outlook.com,8655128053,2026-02-10 08:49:09,New Delhi,,Android
CUST_14944,Aadhya Singh,aadhya.singh60@yahoo.com,9900396934,2025-09-22 16:38:59,Hyderabad,560068,Android
CUST_12682,Avani Bhat,avani.bhat22AToutlook.com,8642510105,2025-10-12 18:17:29,Bengaluru,560042,iOS
CUST_14828,Sneha Nair,  sneha.nair19@hotmail.com  ,8028281446,2024-03-07 15:14:17,Gurugram,560027,iOS
CUST_13538,Rahul Sharma,updated_rahul.sharma95@gmail.com,7058452078,2024-01-14 05:58:37,blr,560063,Android
CUST_13108,Saanvi Mishra,saanvi.mishra76@hotmail.com,+91-7051917291,2025-04-16 07:34:16,blr,560028,Android
CUST_14413,Pari Joshi,pari.joshi85@yahoo.com,9003794171,2024-06-02 12:47:40,Gurgaon,560050,iOS
CUST_10863,Pari Chowdhury,pari.chowdhury24@gmail.com,9326385562,2026-08-21 02:08:11,Gurgaon,560037,Android
CUST_13254,Suresh Kumar,suresh.kumar42@outlook.com,8780775436,2026-03-10 10:10:58,Gurugram,560093,iOS
CUST_14718,Sai Agarwal,sai.agarwal61@hotmail.com,+91-7473507431,2024-10-01 17:21:02,blr,560014,iOS
CUST_11212,Ishaan Das,ishaan.das57@yahoo.com,07305104430,2024-04-17 17:54:10,blr,560081,iOS
CUST_11508,Diya Chowdhury,diya.chowdhury62@outlook.com,+91-9201145785,2025-03-22 13:42:06,blr,560074,iOS
CUST_12872,Aditya Nair,aditya.nair13AThotmail.com,+91-8848756157,2024-11-28 23:30:54,Hyderabad,560030,iOS
CUST_10919,Amit Shah,amit.shah29@outlook.com,+91-9377488223,2024-01-24 23:09:52,Bengaluru,560090,Android
CUST_14518,Krishna Kulkarni,krishna.kulkarni64@gmail.com,07002846246,2024-11-05 14:22:43,blr,560055,iOS
CUST_14124,Rahul Joshi,rahul.joshi74@gmail.com,,2026-03-17 01:10:17,blr,560038,Android
CUST_13438,Saanvi Das,saanvi.das23@outlook.com,7022068683,2025-12-19 22:56:20,BANGALORE,560045,Android
CUST_14137,Rohan Gupta,rohan.gupta46@outlook.com,7639163741,2026-05-03 23:30:02,Gurugram,560015,Android
CUST_10352,Ananya Shah,updated_ananya.shah18@yahoo.com,INVALID_PHONE,2025-05-07 17:56:45,Bangalore,560077,Android
CUST_12466,Kavita Kumar,KAVITA.KUMAR21@YAHOO.COM,7354257196,2024-05-02 03:56:12,blr,560008,Web
CUST_14216,Rahul Verma,rahul.verma70@hotmail.com,7744157384,2026-08-08 00:50:07,New Delhi,560029,iOS
CUST_14513,Amit Patel,amit.patel68@hotmail.com,8479532982,2025-01-31 21:17:14,Bengaluru,560092,Android
CUST_10685,Amit Reddy,amit.reddy89@gmail.com,7561808049,2026-01-17 14:19:51,mumbai,560054,iOS
CUST_13630,Aditya Singh,aditya.singh63@yahoo.com,8737811337,2025-05-29 18:20:57,blr,560044,iOS
CUST_12734,Sai Gupta,sai.gupta87@gmail.com,,2025-06-09 20:53:20,BANGALORE,560007,Android
CUST_11439,Anika Gupta,anika.gupta37@gmail.com,+91-8673367915,2025-11-02 05:17:09,Delhi,560066,Android
CUST_10674,Kavita Banerjee,kavita.banerjee52@yahoo.com,8334627083,2025-01-06 04:02:15,Mumbai,560021,iOS
CUST_11711,Myra Reddy,myra.reddy44@hotmail.com,INVALID_PHONE,2025-11-15 11:15:46,blr,560019,Android
CUST_14242,Sneha Mehta,sneha.mehta63@outlook.com,9997754853,2026-02-09 23:28:01,Gurugram,560041,Android
CUST_10912,Ayaan Patel,ayaan.patel58@outlook.com,7760321556,2025-12-11 04:30:46,mumbai,560021,Android
CUST_11446,Pari Rao,pari.rao48@outlook.com,8184464834,2026-07-06 16:35:48,Gurugram,560087,iOS
CUST_12899,Arjun Das,arjun.das27@gmail.com,,2025-08-22 07:47:31,Hyderabad,560079,
CUST_14035,Sneha Kumar,sneha.kumar36@gmail.com,,2026-03-30 11:49:29,mumbai,560012,iOS
CUST_10470,Krishna Shah,krishna.shah28@yahoo.com,+91-8070694629,2026-04-24 01:01:04,Delhi,,iOS
CUST_12846,Reyansh Shah,reyansh.shah50@outlook.com,+91-7141296399,2024-01-03 22:08:31,mumbai,560064,Android
CUST_14799,Neha Deshmukh,neha.deshmukh23@hotmail.com,8921476817,2026-08-05 12:02:44,Hyderabad,560052,Android
CUST_14257,Ananya Reddy,ananya.reddy79AToutlook.com,,2024-12-27 19:34:59,Hyderabad,560012,Android
CUST_14776,Aarav Nair,aarav.nair51@outlook.com,INVALID_PHONE,2026-03-19 13:57:40,Bengaluru,560058,iOS
CUST_13748,Saanvi Kumar,saanvi.kumar36@yahoo.com,+91-7674088564,2026-03-01 20:25:58,blr,560062,iOS
CUST_12379,Navya Deshmukh,updated_navya.deshmukh46@outlook.com,7894401704,2026-06-20 12:28:39,blr,560070,Android
CUST_11254,Saanvi Verma,saanvi.verma72@yahoo.com,8475418619,2026-03-27 09:00:23,Mumbai,560034,iOS
CUST_12062,Rohan Sharma,rohan.sharma53@outlook.com,INVALID_PHONE,2025-04-15 17:32:33,Mumbai,560004,iOS
CUST_12433,Ananya Deshmukh,ananya.deshmukh45@gmail.com,7006399881,2025-11-05 12:46:48,New Delhi,560053,iOS
CUST_10058,Arjun Nair,arjun.nair24@gmail.com,9179845811,2024-10-17 02:45:55,Bangalore,560001,Android
CUST_13785,Pari Chowdhury,pari.chowdhury21@yahoo.com,09913150697,2024-11-02 02:12:30,Bengaluru,560093,Android
CUST_12122,Krishna Gupta,krishna.gupta94@outlook.com,8247728263,2025-11-23 10:59:04,mumbai,,Android
CUST_12673,Priya Agarwal,priya.agarwal13@yahoo.com,+91-7728926555,2025-03-26 06:32:54,Bangalore,560025,Android
CUST_13908,Sai Gupta,sai.gupta48@yahoo.com,,2025-06-01 16:29:28,blr,560005,Android
CUST_13953,Ananya Deshmukh,ananya.deshmukh28@yahoo.com,9348586092,2024-06-29 14:46:38,Delhi,560070,iOS
CUST_11516,Sneha Verma,sneha.verma13@yahoo.com,INVALID_PHONE,2026-06-03 13:39:14,Gurgaon,560083,iOS
CUST_13700,Myra Banerjee,myra.banerjee53@gmail.com,+91-9398789457,2026-04-18 04:44:01,Hyderabad,560015,Android
CUST_13611,Avani Shah,avani.shah95@gmail.com,7403251958,2025-07-12 19:09:20,Gurugram,560064,iOS
CUST_10791,Arjun Gupta,arjun.gupta33@yahoo.com,9439105644,2025-06-08 16:49:55,mumbai,560005,iOS
CUST_14882,Avani Chowdhury,avani.chowdhury68@outlook.com,9911368151,2026-08-31 05:17:43,Delhi,560013,iOS
CUST_11865,Sai Joshi,sai.joshi23@outlook.com,+91-8709859032,2024-01-11 07:50:06,blr,560072,iOS
CUST_10337,Anika Reddy,anika.reddy66@gmail.com,+91-9652176482,2024-01-24 04:27:36,blr,560043,Android
CUST_11331,Ishaan Patel,ishaan.patel64@outlook.com,8530158814,2024-12-20 09:53:23,Bengaluru,560087,iOS
CUST_12344,Vivaan Banerjee,vivaan.banerjee31@yahoo.com,08432536308,2025-01-03 19:55:26,blr,560050,Web
CUST_14004,Aadhya Kulkarni,aadhya.kulkarni25AThotmail.com,+91-9696316936,2025-04-07 03:47:33,Gurgaon,560066,iOS
CUST_11942,Rohan Kumar,rohan.kumar97@outlook.com,+91-9186391513,2025-07-15 21:58:26,Mumbai,560053,iOS
CUST_12492,Rohan Reddy,rohan.reddy54@hotmail.com,9204773917,2025-08-26 19:20:35,New Delhi,560060,iOS
CUST_14297,Neha Bhat,neha.bhat29@gmail.com,7619118831,2024-02-10 03:17:01,Gurgaon,560033,Android
CUST_11913,Saanvi Singh,saanvi.singh13@yahoo.com,7647145446,2024-05-26 07:46:39,New Delhi,560021,iOS
CUST_10723,Ayaan Gupta,ayaan.gupta20@hotmail.com,09056094496,2026-08-15 19:52:50,BANGALORE,560070,iOS
CUST_10375,Arjun Das,arjun.das35@yahoo.com,7559778590,2026-07-21 02:37:51,blr,560028,iOS
CUST_11134,Rohan Nair,rohan.nair37@hotmail.com,7769576256,2025-11-03 04:39:59,Bengaluru,560073,iOS
CUST_10874,Reyansh Rao,updated_reyansh.rao23@outlook.com,7684212401,2025-09-15 11:37:57,mumbai,560062,Android
CUST_11841,Vihaan Nair,vihaan.nair26@outlook.com,9551474556,2024-08-13 19:38:26,BANGALORE,560050,Android
CUST_10033,Vivaan Reddy,vivaan.reddy84@gmail.com,7748246572,2024-07-09 17:56:10,Delhi,560015,iOS
CUST_11076,Suresh Das,suresh.das94@outlook.com,8046387078,2025-08-27 14:02:51,New Delhi,560081,Web
CUST_10311,Pari Chowdhury,pari.chowdhury27@hotmail.com,9450348080,2024-03-09 13:59:58,Hyderabad,560001,iOS
CUST_14430,Pari Kulkarni,pari.kulkarni62@gmail.com,8673818668,2024-03-16 04:59:17,mumbai,560065,Android
CUST_12316,Angel Joshi,angel.joshi67AThotmail.com,9466755438,2026-02-14 15:41:39,Bangalore,560079,Android
CUST_11884,Neha Nair,neha.nair60@outlook.com,7673671104,2024-06-27 20:41:31,Delhi,560001,iOS
CUST_12521,Ananya Patel,updated_ananya.patel39@gmail.com,+91-8040683249,2025-10-29 03:05:13,Bangalore,560009,iOS
CUST_10589,Rohan Kumar,rohan.kumar21@hotmail.com,9472828483,2024-01-12 02:32:22,mumbai,560046,Android
CUST_10239,Kavita Singh,kavita.singh29@hotmail.com,8642450393,2025-06-14 08:26:24,Bangalore,560067,
CUST_14489,Amit Nair,amit.nair97@outlook.com,9192746586,2026-03-23 16:09:36,Bengaluru,560052,
CUST_10472,Avani Rao,avani.rao78@outlook.com,,2026-05-22 16:24:34,Bengaluru,560067,iOS
CUST_11049,Vihaan Banerjee,updated_vihaan.banerjee79@gmail.com,8459362422,2024-10-03 06:45:35,New Delhi,560100,iOS
CUST_11745,Pooja Chowdhury,pooja.chowdhury64@hotmail.com,7006475624,2026-01-30 20:18:29,Hyderabad,,Android
CUST_13199,Rohan Joshi,rohan.joshi12@outlook.com,08386665237,2024-09-05 19:25:28,Bengaluru,560036,iOS
CUST_10870,Priya Rao,priya.rao59@outlook.com,9354650368,2026-08-05 16:43:18,blr,560092,Android
CUST_14256,Kavita Mishra,kavita.mishra11@yahoo.com,07443488683,2024-06-28 20:04:22,Mumbai,560011,Android
CUST_13491,Arjun Kumar,arjun.kumar29@gmail.com,8288408807,2024-12-07 08:35:20,BANGALORE,560065,Android
CUST_11024,Aadhya Verma,aadhya.verma91@gmail.com,9179740495,2025-04-04 00:58:28,Gurgaon,560052,Android
CUST_12401,Rohan Singh,rohan.singh74@gmail.com,8838073687,2026-07-04 17:50:08,Mumbai,560038,Android
CUST_10226,Suresh Kulkarni,suresh.kulkarni16@hotmail.com,,2024-01-24 18:29:18,Hyderabad,560005,iOS
CUST_12906,Ayaan Gupta,ayaan.gupta35@hotmail.com,+91-7971702362,2024-07-31 23:00:56,Delhi,560096,Android
CUST_13257,Aarav Banerjee,aarav.banerjee35@yahoo.com,9261632439,2024-10-18 11:29:53,mumbai,560085,iOS
CUST_10440,Diya Nair,DIYA.NAIR10@YAHOO.COM,8919076555,2026-08-30 19:56:35,mumbai,560035,Android
CUST_13324,Vikram Verma,vikram.verma75@hotmail.com,INVALID_PHONE,2025-09-17 15:04:12,Gurgaon,560099,Android
CUST_11703,Aadhya Agarwal,aadhya.agarwal70@outlook.com,8892818922,2024-08-20 19:58:53,Gurugram,560056,iOS
CUST_11334,Suresh Kulkarni,updated_  suresh.kulkarni39@outlook.com  ,9357863158,2026-02-16 05:06:12,New Delhi,560003,iOS
CUST_13743,Sneha Rao,sneha.rao67@gmail.com,8874833133,2025-10-05 03:55:20,New Delhi,560094,iOS
CUST_11223,Navya Mehta,updated_navya.mehta19@outlook.com,INVALID_PHONE,2026-08-09 00:12:57,Mumbai,560089,Android
CUST_14090,Vikram Patel,vikram.patel54@yahoo.com,7310829055,2025-04-23 21:56:25,Delhi,560037,Android
CUST_14766,Ayaan Deshmukh,ayaan.deshmukh87@yahoo.com,+91-9415022543,2026-02-28 07:01:25,mumbai,560049,Android
CUST_14203,Aarav Banerjee,aarav.banerjee34@outlook.com,7897974207,2024-07-16 22:57:12,BANGALORE,560079,Android
CUST_12581,Vihaan Chowdhury,vihaan.chowdhury50@yahoo.com,08102852723,2026-03-15 11:45:44,New Delhi,560082,iOS
CUST_14173,Rahul Kumar,  rahul.kumar19@hotmail.com  ,07842569234,2024-01-16 00:03:44,Bangalore,560035,iOS
CUST_14703,Angel Joshi,angel.joshi89@hotmail.com,9485044295,2024-02-15 14:12:56,blr,560060,Android
CUST_14786,Vikram Kulkarni,vikram.kulkarni41@outlook.com,+91-8742325988,2025-03-23 22:26:05,BANGALORE,560046,iOS
CUST_13527,Aarav Joshi,aarav.joshi75@gmail.com,+91-7272831041,2026-06-04 13:02:04,mumbai,560017,Android
CUST_12511,Sai Patel,sai.patel49@yahoo.com,7298256693,2026-01-19 17:46:06,Hyderabad,560058,iOS
CUST_13039,Pooja Gupta,pooja.gupta94@yahoo.com,8054888293,2025-05-23 22:03:54,Gurgaon,560093,Android
CUST_11679,Aadhya Deshmukh,aadhya.deshmukh98@gmail.com,7732838768,2024-06-15 18:46:18,blr,560083,Android
CUST_12357,Avani Gupta,avani.gupta28@hotmail.com,+91-8090431304,2026-03-13 03:38:55,Gurugram,560078,Android
CUST_10216,Suresh Nair,updated_suresh.nair25AToutlook.com,7542434706,2025-02-05 13:30:52,Bangalore,560029,Android
CUST_11986,Arjun Nair,ARJUN.NAIR97@GMAIL.COM,+91-8535177623,2025-01-20 00:02:35,Gurgaon,560027,iOS
CUST_10997,Ayaan Mehta,ayaan.mehta25@yahoo.com,+91-8843687405,2025-02-02 15:22:21,Bangalore,560046,Web
CUST_14127,Navya Banerjee,navya.banerjee70@yahoo.com,INVALID_PHONE,2025-11-03 18:41:41,Hyderabad,560074,Android
CUST_11620,Sneha Verma,updated_sneha.verma87@gmail.com,7879195131,2025-08-23 02:29:47,Bengaluru,,iOS
CUST_14217,Avani Singh,avani.singh83@hotmail.com,INVALID_PHONE,2024-04-12 16:19:23,Gurgaon,560022,iOS
CUST_12292,Suresh Bhat,suresh.bhat20@gmail.com,INVALID_PHONE,2026-07-05 12:32:24,Gurgaon,560056,Android
CUST_11198,Priya Agarwal,priya.agarwal51@gmail.com,7546285964,2026-04-25 19:06:10,Bangalore,560027,
CUST_12124,Reyansh Das,reyansh.das34@hotmail.com,8674446438,2026-04-21 16:54:15,mumbai,560069,iOS
CUST_11384,Rohan Nair,rohan.nair15@outlook.com,8057125665,2025-06-07 12:46:31,Gurgaon,560060,iOS
CUST_14811,Aadhya Banerjee,  aadhya.banerjee21@hotmail.com  ,9222040364,2025-04-05 00:21:18,Delhi,560078,Web
CUST_13976,Ayaan Singh,ayaan.singh28ATgmail.com,9227217125,2024-03-15 00:55:52,blr,560097,Android
CUST_10732,Arjun Deshmukh,arjun.deshmukh80@yahoo.com,9983783017,2026-04-03 04:40:16,Bangalore,560057,Android
CUST_11977,Krishna Mishra,krishna.mishra15@gmail.com,8016027792,2025-01-26 15:01:54,mumbai,560069,iOS
CUST_12831,Ishaan Mishra,ishaan.mishra43@yahoo.com,+91-9510469092,2025-05-15 12:59:29,mumbai,560091,Android
CUST_13763,Pooja Mishra,POOJA.MISHRA81@HOTMAIL.COM,09735786531,2026-02-07 20:01:46,Hyderabad,560097,Android
CUST_10079,Amit Joshi,amit.joshi84@hotmail.com,9285526773,2024-02-03 07:37:08,New Delhi,560021,Web
CUST_12331,Vikram Kulkarni,vikram.kulkarni51@outlook.com,8926940563,2026-04-16 05:58:20,New Delhi,560018,iOS
CUST_12833,Reyansh Chowdhury,REYANSH.CHOWDHURY96@HOTMAIL.COM,07773879407,2026-02-07 15:21:12,New Delhi,560061,Android
CUST_10333,Pari Nair,PARI.NAIR59@YAHOO.COM,9892392934,2024-11-10 20:38:04,BANGALORE,560018,Android
CUST_14491,Avani Kulkarni,avani.kulkarni45@gmail.com,8128017385,2024-12-06 23:14:11,Bangalore,560019,Android
CUST_10561,Ishaan Deshmukh,updated_ishaan.deshmukh14@outlook.com,,2025-09-03 05:02:10,Gurugram,,iOS
CUST_14158,Rohan Rao,rohan.rao93@hotmail.com,07446181393,2025-07-16 07:19:34,mumbai,560088,iOS
CUST_10883,Navya Mehta,navya.mehta45@outlook.com,+91-7131575788,2024-06-10 07:50:23,mumbai,,Android
CUST_12188,Sneha Joshi,sneha.joshi31@hotmail.com,7181516214,2024-05-11 12:23:28,mumbai,560058,Android
CUST_10591,Navya Nair,navya.nair54@hotmail.com,7272343789,2024-08-10 12:08:47,New Delhi,560086,iOS
CUST_12372,Suresh Verma,suresh.verma52@gmail.com,09524208774,2025-01-10 15:35:19,BANGALORE,560074,Android
CUST_10464,Vihaan Mishra,vihaan.mishra53@yahoo.com,+91-9813646793,2025-11-04 08:43:24,Gurgaon,560018,iOS
CUST_14253,Diya Reddy,diya.reddy85@outlook.com,7661837175,2024-11-26 15:24:05,Gurgaon,560040,Android
CUST_14289,Neha Reddy,neha.reddy49@hotmail.com,7601028968,2026-02-01 14:23:35,BANGALORE,560099,Android
CUST_14439,Priya Gupta,priya.gupta83@yahoo.com,8623811424,2025-05-09 02:40:44,Delhi,560098,iOS
CUST_10214,Krishna Verma,krishna.verma14@yahoo.com,7454670377,2025-11-22 02:15:05,Mumbai,560025,Android
CUST_14053,Kavita Chowdhury,  kavita.chowdhury40@outlook.com  ,9091890331,2025-03-08 13:01:12,BANGALORE,560052,Android
CUST_14383,Suresh Mehta,suresh.mehta71@hotmail.com,9994452858,2024-05-02 13:17:20,Bengaluru,,Android
CUST_13154,Reyansh Chowdhury,reyansh.chowdhury68@hotmail.com,8055046371,2024-02-23 23:17:22,Hyderabad,560057,iOS
CUST_12577,Rohan Singh,rohan.singh69@gmail.com,08444304808,2026-06-06 07:07:11,Mumbai,560084,Android
CUST_10106,Krishna Bhat,krishna.bhat35@yahoo.com,8461088053,2025-04-19 01:02:13,New Delhi,560092,Android
CUST_12343,Rahul Reddy,RAHUL.REDDY76@GMAIL.COM,+91-9125720295,2024-12-28 23:38:23,blr,560043,Android
CUST_14492,Myra Banerjee,myra.banerjee83@gmail.com,INVALID_PHONE,2025-12-22 07:03:09,blr,560055,iOS
CUST_13404,Pooja Verma,pooja.verma12@outlook.com,9798761273,2025-12-09 19:46:47,Hyderabad,560031,iOS
CUST_14554,Amit Banerjee,amit.banerjee95@hotmail.com,,2025-05-07 08:35:37,BANGALORE,560075,iOS
CUST_14889,Suresh Banerjee,suresh.banerjee76@yahoo.com,9925995592,2025-07-13 23:12:45,blr,560099,Android
CUST_13071,Sneha Shah,sneha.shah60@yahoo.com,,2024-11-20 05:05:20,Bangalore,560059,Android
CUST_12976,Priya Chowdhury,priya.chowdhury10@outlook.com,9154864021,2025-09-02 05:39:19,blr,560002,Android
CUST_11528,Ananya Agarwal,ananya.agarwal74@gmail.com,7864603931,2026-03-19 09:17:06,Gurgaon,560046,Android
CUST_10965,Sneha Kulkarni,sneha.kulkarni34@yahoo.com,INVALID_PHONE,2026-08-05 21:23:52,New Delhi,,
CUST_12924,Ananya Reddy,ananya.reddy88@yahoo.com,7388547958,2024-12-30 08:22:22,mumbai,560034,Android
CUST_11662,Diya Kulkarni,diya.kulkarni98@outlook.com,07942571752,2026-01-18 04:21:33,Delhi,,Android
CUST_10455,Ishaan Shah,ishaan.shah46@yahoo.com,+91-7247308015,2026-04-30 20:40:57,Gurgaon,560041,iOS
CUST_14748,Reyansh Das,reyansh.das81@yahoo.com,+91-7210497874,2025-01-23 21:33:57,Hyderabad,560041,iOS
CUST_12196,Rahul Deshmukh,rahul.deshmukh13@hotmail.com,07299268128,2024-06-03 16:51:04,blr,560032,Android
CUST_11445,Vivaan Mehta,vivaan.mehta61@gmail.com,INVALID_PHONE,2025-09-16 11:00:48,mumbai,560083,Android
CUST_14712,Myra Deshmukh,myra.deshmukh92@yahoo.com,7993920032,2024-12-28 14:17:15,Gurgaon,560040,iOS
CUST_11094,Pooja Kulkarni,pooja.kulkarni26@yahoo.com,8317510242,2026-06-06 02:26:37,New Delhi,560085,iOS
CUST_13828,Rahul Bhat,rahul.bhat86@hotmail.com,07911223535,2024-05-22 19:36:25,blr,560088,iOS
CUST_12713,Suresh Das,suresh.das80@yahoo.com,+91-8581840563,2025-05-05 23:51:38,BANGALORE,560053,Android
CUST_13057,Rahul Reddy,rahul.reddy72@outlook.com,+91-9458623565,2025-08-25 15:17:10,Bengaluru,560044,Android
CUST_11778,Aadhya Das,  aadhya.das43@hotmail.com  ,+91-8385471933,2024-06-22 19:06:45,Bengaluru,560061,iOS
CUST_14062,Diya Nair,updated_diya.nair20@outlook.com,7424694413,2026-03-02 05:47:06,blr,560072,iOS
CUST_14661,Aadhya Patel,aadhya.patel91@gmail.com,8445909567,2024-10-21 14:18:59,Mumbai,560062,iOS
CUST_13152,Saanvi Singh,saanvi.singh22AThotmail.com,08065060221,2025-07-27 05:11:23,Bengaluru,560021,iOS
CUST_14547,Kavita Kumar,kavita.kumar10@outlook.com,07604897198,2024-08-19 15:55:29,Bangalore,560011,Android
CUST_12363,Suresh Verma,SURESH.VERMA27@YAHOO.COM,7027009617,2024-07-30 23:38:06,Bengaluru,560033,Android
CUST_13646,Suresh Verma,suresh.verma20@outlook.com,09591883893,2025-08-31 02:13:04,BANGALORE,560037,Android
CUST_10500,Ayaan Bhat,ayaan.bhat27@gmail.com,9836062669,2026-05-16 15:26:58,Bangalore,560084,Android
CUST_11641,Vivaan Patel,vivaan.patel48@hotmail.com,+91-9846120932,2025-12-28 08:00:46,Bengaluru,,Android
CUST_14019,Aditya Nair,aditya.nair80@hotmail.com,8835123383,2025-08-11 00:34:34,Mumbai,560050,Android
CUST_10173,Kavita Singh,  kavita.singh76@hotmail.com  ,+91-8451228752,2025-08-01 11:26:43,New Delhi,560059,Android
CUST_12098,Kavita Patel,kavita.patel51@hotmail.com,9944453809,2026-02-06 11:17:47,Gurgaon,560020,Android
CUST_10335,Suresh Nair,SURESH.NAIR25@OUTLOOK.COM,7448847859,2024-06-13 15:20:03,Delhi,560063,iOS
CUST_10319,Ayaan Singh,ayaan.singh68@hotmail.com,9196364598,2025-04-02 20:55:04,BANGALORE,560078,iOS
CUST_12024,Vikram Shah,vikram.shah36@yahoo.com,8303840352,2026-05-03 04:47:46,Bangalore,560003,Android
CUST_11526,Neha Mishra,neha.mishra65@yahoo.com,8329333128,2024-07-30 18:57:32,blr,560018,Android
CUST_10399,Amit Singh,amit.singh61@gmail.com,9424201005,2025-08-19 00:17:51,Delhi,,Android
CUST_11856,Kavita Agarwal,kavita.agarwal96@yahoo.com,,2024-11-01 07:30:14,Bangalore,560074,Android
CUST_10749,Krishna Mishra,krishna.mishra82@yahoo.com,8043231233,2024-03-09 23:21:06,blr,560017,Android
CUST_10611,Sneha Joshi,sneha.joshi19@outlook.com,,2026-03-25 05:34:08,Gurgaon,560088,iOS
CUST_11301,Arjun Reddy,arjun.reddy56@yahoo.com,9459669901,2024-09-20 19:29:13,mumbai,560029,Android
CUST_12665,Navya Verma,navya.verma14@gmail.com,8800559068,2024-07-22 23:54:48,Mumbai,560032,Android
CUST_14881,Vivaan Deshmukh,vivaan.deshmukh91@gmail.com,8834780738,2026-04-18 18:45:43,Bangalore,560033,Android
CUST_14379,Aadhya Shah,aadhya.shah24@outlook.com,+91-7395204173,2025-10-18 00:32:50,Hyderabad,560004,Android
CUST_14622,Vihaan Singh,vihaan.singh44@hotmail.com,8236692252,2025-10-28 22:24:39,Bangalore,560075,iOS
CUST_11614,Rahul Singh,rahul.singh69@hotmail.com,INVALID_PHONE,2025-11-29 02:35:33,Bangalore,560025,Android
CUST_13823,Arjun Patel,arjun.patel27@hotmail.com,7272829087,2026-06-25 00:01:43,Bangalore,560056,Android
CUST_14641,Rohan Kumar,updated_rohan.kumar16@gmail.com,+91-7567130806,2025-04-11 20:01:12,Gurgaon,560098,Android
CUST_13087,Ananya Shah,  ananya.shah70@outlook.com  ,9425075705,2025-09-07 07:14:06,Bengaluru,560056,Android
CUST_11195,Rohan Singh,rohan.singh80@hotmail.com,9988775646,2024-05-21 06:11:52,Bengaluru,560053,iOS
CUST_11465,Arjun Kulkarni,arjun.kulkarni43@gmail.com,8149625869,2025-09-10 05:22:37,New Delhi,560034,Android
CUST_13506,Aditya Nair,aditya.nair65@hotmail.com,8625955742,2026-04-18 14:05:09,Hyderabad,560034,Android
CUST_13187,Saanvi Agarwal,saanvi.agarwal59@gmail.com,+91-8678276347,2025-02-11 19:09:03,New Delhi,,Web
CUST_13216,Priya Nair,updated_priya.nair54@yahoo.com,9622059428,2025-09-21 21:56:42,Gurugram,560003,Android
CUST_12030,Anika Kulkarni,anika.kulkarni93@outlook.com,8342348308,2025-07-23 12:20:35,New Delhi,560044,iOS
CUST_12838,Reyansh Patel,updated_reyansh.patel73@yahoo.com,INVALID_PHONE,2026-01-17 00:18:08,blr,560023,Android
CUST_10245,Pooja Reddy,pooja.reddy45ATgmail.com,7271965658,2025-06-09 06:51:38,Bangalore,560074,Android
CUST_12941,Anika Banerjee,anika.banerjee93@yahoo.com,7776579332,2025-12-22 02:22:35,BANGALORE,560016,Android
CUST_14052,Arjun Bhat,arjun.bhat62@yahoo.com,INVALID_PHONE,2024-11-11 05:59:12,BANGALORE,560017,Android
CUST_13913,Diya Mehta,diya.mehta22@yahoo.com,7511303464,2024-01-12 11:53:31,Bengaluru,560099,iOS
CUST_10348,Aadhya Joshi,aadhya.joshi24@hotmail.com,9856770854,2024-05-03 03:19:02,Delhi,560061,iOS
CUST_11102,Neha Chowdhury,neha.chowdhury64@yahoo.com,+91-7912751690,2025-07-25 11:06:16,Gurgaon,560097,iOS
CUST_11251,Vikram Nair,vikram.nair55@hotmail.com,+91-7504534748,2025-12-13 03:16:27,mumbai,560098,Android
CUST_14970,Amit Shah,updated_AMIT.SHAH24@YAHOO.COM,7745134621,2025-11-21 02:52:15,Mumbai,560081,iOS
CUST_10089,Arjun Kulkarni,arjun.kulkarni73@hotmail.com,,2024-02-05 11:03:23,New Delhi,560082,Android
CUST_13736,Aadhya Bhat,aadhya.bhat75@outlook.com,9173623263,2026-07-30 15:45:41,Gurugram,560028,iOS
CUST_13787,Suresh Bhat,suresh.bhat44@gmail.com,8910289889,2024-07-03 21:39:08,mumbai,560063,iOS
CUST_14310,Sai Das,sai.das42@outlook.com,+91-9757502697,2026-03-09 15:28:41,Mumbai,560041,iOS
CUST_14260,Vivaan Chowdhury,vivaan.chowdhury16@gmail.com,7844028583,2024-10-23 03:43:31,Mumbai,560018,Android
CUST_14705,Priya Chowdhury,priya.chowdhury26@gmail.com,8645305367,2025-01-20 14:04:17,mumbai,,Android
CUST_11562,Reyansh Joshi,reyansh.joshi91@outlook.com,8311479086,2026-08-20 07:25:54,Bangalore,560075,Android
CUST_10721,Avani Mehta,avani.mehta91@yahoo.com,7229657132,2025-08-11 19:16:50,Bengaluru,560096,iOS
CUST_11080,Aditya Das,aditya.das35@gmail.com,+91-7254798423,2024-09-15 22:35:01,New Delhi,560053,Android
CUST_12667,Suresh Shah,updated_suresh.shah81@hotmail.com,7029953578,2024-01-07 05:38:10,blr,560089,Android
CUST_12755,Aditya Bhat,aditya.bhat82@hotmail.com,9754007489,2026-05-08 01:41:58,BANGALORE,560002,Android
CUST_13212,Navya Das,navya.das78@yahoo.com,8299171299,2024-03-10 04:01:40,Bengaluru,560076,iOS
CUST_12694,Rahul Patel,rahul.patel73@outlook.com,7623593274,2025-07-24 07:02:52,BANGALORE,560020,iOS
CUST_13273,Rohan Reddy,  rohan.reddy97@yahoo.com  ,9277980977,2024-10-11 20:30:34,Hyderabad,560030,Android
CUST_13864,Aadhya Deshmukh,aadhya.deshmukh48@outlook.com,7386647010,2024-08-06 14:37:25,Hyderabad,560078,iOS
CUST_14656,Anika Bhat,anika.bhat53@gmail.com,9138808618,2026-07-17 05:06:29,Mumbai,560092,Android
CUST_14669,Anika Chowdhury,ANIKA.CHOWDHURY74@HOTMAIL.COM,9156953378,2024-08-14 23:41:51,mumbai,,iOS
CUST_10643,Aadhya Patel,aadhya.patel12@outlook.com,+91-9635809013,2024-02-17 03:37:29,mumbai,560085,Android
CUST_14247,Vikram Reddy,vikram.reddy60@yahoo.com,8451973261,2025-09-11 14:06:36,BANGALORE,560018,iOS
CUST_12269,Vihaan Sharma,vihaan.sharma26@gmail.com,7091366782,2025-05-29 13:40:23,Bangalore,,Android
CUST_13272,Aditya Chowdhury,aditya.chowdhury54@gmail.com,7066812450,2025-08-02 06:09:00,New Delhi,560021,iOS
CUST_13392,Navya Agarwal,navya.agarwal17@gmail.com,9441195123,2025-06-21 22:48:33,Mumbai,560089,Android
CUST_12530,Aadhya Patel,aadhya.patel49@yahoo.com,8607439886,2025-03-07 22:59:30,mumbai,560064,Android
CUST_10062,Neha Shah,neha.shah93@yahoo.com,09336328671,2026-07-30 06:24:33,mumbai,560030,Android
CUST_11284,Navya Bhat,navya.bhat98@outlook.com,8676773715,2024-08-01 13:02:39,Hyderabad,560092,iOS
CUST_11019,Arjun Chowdhury,arjun.chowdhury45@outlook.com,8329177727,2025-09-05 17:49:33,mumbai,560099,Android
CUST_14096,Amit Chowdhury,amit.chowdhury56@gmail.com,8942783329,2024-06-17 22:12:33,BANGALORE,560031,iOS
CUST_12213,Ananya Shah,ananya.shah14@outlook.com,8657144373,2026-03-20 18:01:04,Bangalore,560004,iOS
CUST_14935,Krishna Patel,krishna.patel32@yahoo.com,9823510158,2025-04-10 01:56:05,mumbai,560031,iOS
CUST_11565,Anika Mehta,anika.mehta32@gmail.com,9609024939,2026-07-16 15:04:47,New Delhi,560037,Android
CUST_13336,Amit Gupta,amit.gupta32@outlook.com,9444678006,2024-09-23 17:37:44,blr,560097,iOS
CUST_14791,Sneha Patel,sneha.patel63@gmail.com,8178712822,2025-08-17 15:33:52,Bangalore,560063,
CUST_13551,Aarav Rao,aarav.rao96@gmail.com,9753379182,2025-07-07 22:15:08,BANGALORE,560008,Android
CUST_12348,Suresh Rao,suresh.rao90@outlook.com,7384293243,2024-03-28 11:35:04,Gurgaon,560048,Android
CUST_11363,Ayaan Mehta,ayaan.mehta50@gmail.com,+91-7652762294,2025-12-15 16:03:50,Bengaluru,560074,Android
CUST_13064,Saanvi Deshmukh,saanvi.deshmukh22@yahoo.com,7851380142,2024-06-11 11:53:48,Gurugram,560065,Android
CUST_11792,Sai Kulkarni,sai.kulkarni89@yahoo.com,+91-9872573706,2026-01-19 13:05:31,Bangalore,560057,Android
CUST_14145,Priya Mishra,priya.mishra31@outlook.com,,2026-05-23 15:47:25,Delhi,560094,iOS
CUST_12395,Rohan Reddy,rohan.reddy70@gmail.com,7390493265,2026-01-23 05:56:19,Delhi,560063,iOS
CUST_12963,Avani Kumar,avani.kumar36@outlook.com,8523105932,2024-03-10 08:42:14,Bangalore,,iOS
CUST_10753,Aarav Verma,updated_aarav.verma91@hotmail.com,09384088445,2024-07-11 12:01:17,mumbai,560058,iOS
CUST_14644,Suresh Gupta,suresh.gupta43@hotmail.com,9919515429,2026-06-03 04:18:05,Delhi,560002,iOS
CUST_11956,Ishaan Sharma,ishaan.sharma59@hotmail.com,8694358071,2025-02-02 20:02:55,Gurugram,560081,Android
CUST_11232,Kavita Singh,kavita.singh20@hotmail.com,8793939296,2026-08-21 11:29:19,Delhi,560061,Android
CUST_11914,Vivaan Deshmukh,vivaan.deshmukh39@gmail.com,8618645994,2026-03-17 19:52:33,Hyderabad,560047,Android
CUST_11531,Reyansh Shah,reyansh.shah80@yahoo.com,INVALID_PHONE,2024-01-20 06:56:14,Gurgaon,560099,Android
CUST_11780,Rohan Singh,rohan.singh85@outlook.com,07651266338,2026-01-09 23:57:41,Hyderabad,560017,Android
CUST_12683,Ishaan Mehta,ishaan.mehta37@yahoo.com,8958045176,2025-11-16 01:17:29,mumbai,,
CUST_11126,Myra Verma,myra.verma48@gmail.com,,2024-03-06 01:49:44,Hyderabad,560014,iOS
CUST_11421,Amit Mehta,amit.mehta23ATgmail.com,7562744369,2024-12-28 18:57:49,Delhi,560064,Android
CUST_11931,Aditya Patel,updated_aditya.patel96AThotmail.com,8769551154,2025-07-11 10:25:22,Bangalore,560089,Android
CUST_14422,Neha Das,neha.das48@yahoo.com,9700108842,2026-01-02 23:37:14,Bengaluru,560075,iOS
CUST_12679,Diya Rao,diya.rao40@outlook.com,7522017504,2026-05-25 19:13:40,Gurugram,560053,Android
CUST_10628,Aadhya Kumar,aadhya.kumar95@gmail.com,8402083637,2025-03-19 06:12:27,mumbai,560080,
CUST_11934,Arjun Deshmukh,updated_arjun.deshmukh77@yahoo.com,8702341545,2024-02-25 03:20:46,Mumbai,560005,
CUST_13596,Diya Gupta,updated_diya.gupta11@outlook.com,+91-8803882273,2026-01-04 03:40:39,BANGALORE,560095,Android
CUST_12672,Vihaan Deshmukh,vihaan.deshmukh96@outlook.com,9149636709,2024-09-21 09:30:55,Bengaluru,560005,Web
CUST_11521,Krishna Mishra,krishna.mishra34@outlook.com,8994012487,2025-06-06 13:23:40,Mumbai,560047,iOS
CUST_11963,Anika Deshmukh,updated_anika.deshmukh84@outlook.com,7262880146,2024-01-28 11:20:06,Delhi,560057,Android
CUST_13549,Priya Kulkarni,updated_priya.kulkarni73@yahoo.com,7035921740,2026-08-23 19:36:08,mumbai,560068,Android
CUST_13764,Aarav Mishra,aarav.mishra95@yahoo.com,08708072733,2026-05-22 02:22:52,mumbai,560066,
CUST_12181,Vivaan Reddy,vivaan.reddy65@hotmail.com,+91-8035650263,2026-05-28 03:20:29,Bengaluru,560048,iOS
CUST_12527,Priya Bhat,priya.bhat82@yahoo.com,8506878485,2026-03-07 21:23:35,Gurgaon,560092,iOS
CUST_13766,Krishna Gupta,krishna.gupta10@gmail.com,7275796932,2024-07-02 22:16:17,Bengaluru,560064,Android
CUST_13591,Ishaan Bhat,ishaan.bhat59@outlook.com,+91-9118808094,2025-08-28 08:45:07,blr,560088,iOS
CUST_14555,Amit Chowdhury,updated_amit.chowdhury22@outlook.com,8407152240,2024-03-02 08:58:57,Gurugram,560086,Android
CUST_13905,Aadhya Chowdhury,aadhya.chowdhury41@gmail.com,+91-7629991860,2024-08-19 11:14:55,BANGALORE,,Android
CUST_12446,Arjun Nair,arjun.nair34@gmail.com,7396619966,2026-01-18 23:03:49,Bangalore,560046,iOS
CUST_13190,Sai Rao,sai.rao66ATgmail.com,9481977540,2026-04-08 20:16:45,Gurgaon,560086,Web
CUST_11675,Avani Agarwal,avani.agarwal21AThotmail.com,7240733092,2024-07-23 04:35:22,BANGALORE,560075,iOS
CUST_10392,Ayaan Kumar,ayaan.kumar26@gmail.com,7681175120,2024-08-06 19:17:59,mumbai,560052,
CUST_10886,Kavita Verma,kavita.verma58@gmail.com,7333007568,2025-09-11 00:04:53,Bangalore,560039,iOS
CUST_11224,Vihaan Joshi,vihaan.joshi41@outlook.com,7287250984,2025-04-19 10:23:21,mumbai,560093,iOS
CUST_12808,Rohan Agarwal,ROHAN.AGARWAL17@YAHOO.COM,7118632377,2025-05-01 16:59:08,Gurgaon,560046,
CUST_12056,Neha Mehta,  neha.mehta30@outlook.com  ,+91-7285873517,2025-08-17 20:14:27,New Delhi,560065,iOS
CUST_13343,Rahul Mehta,rahul.mehta36@hotmail.com,9354336159,2025-06-29 22:31:51,Hyderabad,560080,Android
CUST_13600,Suresh Kumar,SURESH.KUMAR12@OUTLOOK.COM,9750269340,2024-02-10 21:59:18,Bengaluru,560022,Android
CUST_12304,Amit Das,amit.das58@hotmail.com,+91-7923810879,2025-03-16 22:05:38,Gurugram,560061,iOS
CUST_14553,Aditya Sharma,aditya.sharma90@outlook.com,+91-8421608455,2026-03-12 08:56:39,BANGALORE,560087,Android
CUST_14050,Priya Deshmukh,priya.deshmukh72@gmail.com,,2025-03-31 22:09:23,Gurugram,560054,Android
CUST_14921,Rahul Verma,rahul.verma59@gmail.com,08241341669,2024-08-30 23:08:26,blr,560027,Android
CUST_11893,Ananya Mishra,ananya.mishra15@hotmail.com,7084975295,2025-03-18 20:51:19,Gurugram,560050,iOS
CUST_10195,Arjun Kulkarni,arjun.kulkarni56@outlook.com,+91-7876565313,2025-07-23 21:41:43,mumbai,560033,Web
CUST_13627,Aadhya Reddy,aadhya.reddy57@outlook.com,9253624483,2024-10-28 00:37:44,Mumbai,560093,iOS
CUST_10641,Rohan Rao,rohan.rao57@yahoo.com,INVALID_PHONE,2024-10-23 08:24:06,Mumbai,560078,Android
CUST_10899,Kavita Patel,kavita.patel46@yahoo.com,8979917700,2024-06-04 06:52:47,Delhi,560099,iOS
CUST_14427,Vihaan Rao,vihaan.rao77@hotmail.com,8272356989,2025-03-10 07:06:19,Bengaluru,560064,Android
CUST_11896,Diya Rao,diya.rao11@yahoo.com,8814589029,2024-07-19 21:05:43,Mumbai,560040,Android
CUST_14478,Suresh Shah,suresh.shah63@hotmail.com,9101849923,2024-06-05 06:15:37,New Delhi,560031,Android
CUST_14606,Neha Rao,neha.rao14@gmail.com,9907758562,2025-05-21 13:57:05,Gurgaon,560036,Android
CUST_14429,Avani Reddy,avani.reddy49@hotmail.com,7371179755,2025-01-14 08:26:07,Gurugram,560002,Android
CUST_14277,Avani Singh,avani.singh27@gmail.com,+91-9213063720,2025-08-31 11:34:13,BANGALORE,560029,Android
CUST_13774,Suresh Singh,suresh.singh92@yahoo.com,+91-9995861929,2026-08-27 03:05:47,Gurgaon,560030,iOS
CUST_11359,Diya Rao,diya.rao40@hotmail.com,9306439959,2024-12-19 19:51:41,Mumbai,560014,Android
CUST_13316,Priya Rao,priya.rao49ATyahoo.com,08586727057,2025-10-26 09:37:16,blr,560080,
CUST_10216,Suresh Nair,suresh.nair25AToutlook.com,7542434706,2025-02-05 13:30:52,Bangalore,560029,Android
CUST_13395,Saanvi Reddy,saanvi.reddy89@yahoo.com,8589230552,2024-03-24 14:03:43,blr,560047,Android
CUST_13655,Amit Rao,amit.rao89@outlook.com,09408063671,2024-07-25 08:01:37,Bengaluru,560073,Android
CUST_14221,Saanvi Chowdhury,saanvi.chowdhury86@yahoo.com,8063078361,2025-09-03 19:03:52,Hyderabad,560022,iOS
CUST_12302,Priya Agarwal,PRIYA.AGARWAL22@HOTMAIL.COM,9540752915,2024-10-01 12:40:28,Delhi,560042,iOS
CUST_14424,Neha Banerjee,neha.banerjee58@yahoo.com,8494082107,2025-03-11 20:30:52,Gurgaon,560048,iOS
CUST_13754,Ayaan Rao,ayaan.rao82@hotmail.com,8457858962,2024-10-29 00:00:34,BANGALORE,560037,Android
CUST_11615,Aditya Banerjee,aditya.banerjee39@gmail.com,7812404100,2024-09-17 21:20:42,Delhi,560081,Android
CUST_11760,Vihaan Kumar,updated_vihaan.kumar79@hotmail.com,09928613663,2024-09-23 12:57:10,Bangalore,560016,iOS
CUST_12322,Pooja Chowdhury,pooja.chowdhury36@outlook.com,9980265837,2026-02-06 01:56:39,mumbai,560054,Android
CUST_13973,Aadhya Mehta,AADHYA.MEHTA65@GMAIL.COM,08357994892,2025-02-09 11:02:14,blr,,iOS
CUST_14868,Pooja Rao,pooja.rao28@hotmail.com,09587885883,2025-12-14 16:41:00,Bengaluru,560089,Android
CUST_11598,Vihaan Patel,vihaan.patel57@gmail.com,+91-9623960525,2025-11-09 05:37:36,Hyderabad,,Android
CUST_12050,Reyansh Rao,reyansh.rao89@outlook.com,7731480931,2024-02-22 09:52:49,Gurgaon,560039,Android
CUST_11098,Diya Singh,diya.singh64@gmail.com,7675063788,2025-11-30 20:40:39,Delhi,560079,iOS
CUST_11803,Suresh Rao,suresh.rao16@hotmail.com,8598213995,2024-11-18 20:21:21,blr,,iOS
CUST_10773,Arjun Chowdhury,arjun.chowdhury85@hotmail.com,INVALID_PHONE,2026-08-05 07:22:10,Bengaluru,560002,Android
CUST_11561,Ishaan Kumar,ishaan.kumar58@hotmail.com,7313506539,2025-10-11 09:33:31,Hyderabad,560066,
CUST_11848,Neha Reddy,neha.reddy47@outlook.com,8813542786,2025-08-02 10:49:34,blr,560068,Android
CUST_10999,Pooja Banerjee,pooja.banerjee85@outlook.com,8079629894,2025-10-17 15:11:42,New Delhi,560099,Android
CUST_14841,Rahul Chowdhury,rahul.chowdhury48@gmail.com,7869274621,2025-07-04 00:43:47,Bangalore,560047,Android
CUST_11787,Aarav Mishra,aarav.mishra46@gmail.com,8274140584,2024-08-10 07:28:13,Delhi,560027,Android
CUST_14973,Ayaan Banerjee,ayaan.banerjee26@outlook.com,+91-9335410508,2024-12-11 20:08:24,Delhi,560029,
CUST_11732,Myra Deshmukh,myra.deshmukh73@yahoo.com,,2025-12-12 13:14:45,Hyderabad,560039,Android
CUST_11645,Amit Agarwal,amit.agarwal73@gmail.com,8297501345,2024-06-22 00:24:29,mumbai,560021,iOS
CUST_10772,Krishna Verma,krishna.verma74@outlook.com,9169630572,2025-12-11 18:32:28,New Delhi,560044,Android
CUST_12097,Pari Nair,pari.nair40@yahoo.com,7461193310,2025-07-25 20:27:24,BANGALORE,560092,Android
CUST_10329,Avani Bhat,avani.bhat95@outlook.com,+91-9949723173,2024-06-28 01:22:05,Bengaluru,560043,iOS
CUST_12332,Vikram Chowdhury,vikram.chowdhury10AThotmail.com,7729436734,2024-10-08 03:39:47,Mumbai,560007,
CUST_11721,Pari Rao,updated_pari.rao92@yahoo.com,,2024-06-23 23:10:09,BANGALORE,560043,Android
CUST_10394,Myra Mishra,myra.mishra48@outlook.com,7032545020,2026-02-22 10:44:23,Mumbai,560056,Android
CUST_13427,Pari Kulkarni,pari.kulkarni69@hotmail.com,7901802254,2026-06-29 11:34:47,Hyderabad,560029,Android
CUST_12595,Amit Shah,amit.shah96@gmail.com,9159038013,2025-02-05 08:50:18,Delhi,,Android
CUST_14402,Krishna Kulkarni,krishna.kulkarni92@hotmail.com,9849536612,2026-07-14 02:17:24,blr,560095,iOS
CUST_12745,Vivaan Kumar,vivaan.kumar28@yahoo.com,8588329244,2025-02-11 05:07:21,New Delhi,560082,iOS
CUST_12663,Navya Kumar,navya.kumar96@outlook.com,08455341080,2025-02-16 11:22:41,Gurgaon,560028,Android
CUST_10639,Vivaan Agarwal,vivaan.agarwal16@outlook.com,7387817805,2024-10-05 05:31:15,Bengaluru,560028,iOS
CUST_12696,Angel Banerjee,angel.banerjee30@yahoo.com,7041430068,2024-09-02 16:36:23,Bangalore,560068,iOS
CUST_12029,Ayaan Verma,ayaan.verma40@outlook.com,+91-7995402736,2024-08-17 03:08:06,Bengaluru,560068,Android
CUST_14668,Vikram Singh,vikram.singh96@gmail.com,9574567502,2025-01-16 07:11:47,Bangalore,560062,iOS
CUST_10663,Priya Sharma,priya.sharma38@gmail.com,9458438645,2025-10-28 17:44:05,Hyderabad,560004,Android
CUST_12057,Amit Reddy,amit.reddy69@yahoo.com,+91-7224306548,2025-11-02 14:38:17,Bangalore,560002,iOS
CUST_14873,Suresh Shah,suresh.shah32@yahoo.com,+91-8267888424,2025-02-21 22:18:36,mumbai,560036,
CUST_10045,Sai Das,sai.das20@hotmail.com,7145646779,2024-07-01 13:32:19,Gurugram,560068,iOS
CUST_14237,Aadhya Nair,aadhya.nair89@outlook.com,9661112435,2024-01-05 16:13:38,mumbai,,iOS
CUST_14077,Saanvi Reddy,updated_saanvi.reddy61@hotmail.com,9773731306,2025-12-21 17:01:27,Bengaluru,560080,Android
CUST_11075,Diya Singh,diya.singh23@outlook.com,9342661393,2025-09-02 10:19:53,Gurgaon,560042,Android
CUST_13444,Aarav Rao,aarav.rao76@outlook.com,8534505607,2024-03-08 00:35:25,Bengaluru,560093,Android
CUST_10494,Pooja Shah,pooja.shah40@outlook.com,8241700289,2025-12-26 23:16:47,Bengaluru,560090,iOS
CUST_10871,Vivaan Reddy,VIVAAN.REDDY50@HOTMAIL.COM,09379244771,2024-11-25 16:01:14,Gurugram,560071,Android
CUST_12816,Ananya Deshmukh,ananya.deshmukh20@outlook.com,+91-7443616223,2025-01-28 13:47:35,mumbai,560051,iOS
CUST_10746,Vihaan Kulkarni,vihaan.kulkarni92@gmail.com,9666272872,2024-04-19 07:18:42,Mumbai,560028,iOS
CUST_11842,Amit Mehta,amit.mehta95@gmail.com,8192648339,2026-01-22 01:52:55,Mumbai,560060,
CUST_13747,Myra Agarwal,myra.agarwal59@gmail.com,7435635421,2024-08-03 11:48:20,New Delhi,560071,Android
CUST_12738,Vivaan Chowdhury,  vivaan.chowdhury56@outlook.com  ,,2024-07-08 13:52:46,Mumbai,560074,Android
CUST_14098,Krishna Singh,krishna.singh30@gmail.com,+91-8307512965,2026-05-21 17:01:44,Bengaluru,560054,iOS
CUST_12772,Priya Joshi,PRIYA.JOSHI43@HOTMAIL.COM,8840869282,2025-12-06 02:56:00,Delhi,560078,Android
CUST_14327,Pooja Gupta,updated_pooja.gupta53@hotmail.com,07994816683,2026-01-24 05:19:10,Gurgaon,560058,
CUST_14805,Pari Chowdhury,pari.chowdhury31@yahoo.com,+91-9604078799,2025-05-01 21:39:42,New Delhi,560023,iOS
CUST_11420,Sneha Banerjee,sneha.banerjee69@outlook.com,08901022181,2024-02-01 04:10:53,Hyderabad,560039,iOS
CUST_11218,Arjun Joshi,ARJUN.JOSHI33@HOTMAIL.COM,8624013501,2026-07-15 06:20:48,New Delhi,560097,Android
CUST_10546,Amit Nair,amit.nair97@outlook.com,9167612913,2024-01-07 14:59:18,Gurugram,560025,Android
CUST_12288,Pooja Mehta,pooja.mehta14@hotmail.com,09735531622,2025-06-14 17:47:32,Hyderabad,560070,iOS
CUST_11943,Sneha Chowdhury,sneha.chowdhury34@yahoo.com,09612467877,2025-10-18 23:55:40,Hyderabad,560064,Android
CUST_11408,Sai Deshmukh,sai.deshmukh97@outlook.com,7423785679,2024-09-28 14:31:57,Delhi,560056,Android
CUST_13970,Sneha Chowdhury,sneha.chowdhury92@yahoo.com,8875435645,2025-12-01 01:21:13,Hyderabad,560095,Android
CUST_14270,Vivaan Shah,  vivaan.shah15@gmail.com  ,9744121107,2025-04-18 15:41:05,Delhi,560061,iOS
CUST_10973,Aditya Chowdhury,aditya.chowdhury93@yahoo.com,7916282068,2025-10-21 22:04:12,New Delhi,560004,Android
CUST_13025,Krishna Rao,krishna.rao83@yahoo.com,07049154495,2024-08-30 04:26:09,Hyderabad,560069,iOS
CUST_14057,Navya Verma,navya.verma10@yahoo.com,+91-7693903332,2026-08-29 06:32:02,Mumbai,560040,
CUST_10012,Aadhya Reddy,aadhya.reddy21@outlook.com,9528067531,2024-09-25 21:03:59,Mumbai,560074,iOS
CUST_10891,Myra Deshmukh,myra.deshmukh60@hotmail.com,8539774498,2024-01-31 14:09:11,Mumbai,560077,Android
CUST_10275,Priya Mishra,priya.mishra50@yahoo.com,08919106154,2024-08-04 20:32:18,BANGALORE,560006,Android
CUST_10909,Navya Bhat,navya.bhat35@gmail.com,8204011980,2026-05-26 18:36:30,Mumbai,560092,iOS
CUST_13576,Diya Deshmukh,diya.deshmukh50@hotmail.com,7188311747,2024-12-10 20:45:33,mumbai,560058,Web
CUST_11667,Vihaan Kumar,vihaan.kumar84@outlook.com,8568522493,2024-08-17 21:50:22,Bengaluru,560048,iOS
CUST_10336,Amit Bhat,amit.bhat57@yahoo.com,+91-7776130576,2026-01-21 02:30:04,Bengaluru,560055,Android
CUST_13678,Aditya Bhat,aditya.bhat87@outlook.com,8379037214,2025-11-04 04:02:49,mumbai,560088,Android
CUST_12461,Vikram Mishra,vikram.mishra81@hotmail.com,9531825043,2024-05-02 08:36:46,New Delhi,,iOS
CUST_13201,Myra Deshmukh,myra.deshmukh81@yahoo.com,8002361268,2024-12-06 04:31:55,Bangalore,560032,Web
CUST_11399,Ananya Reddy,ananya.reddy70@hotmail.com,9178733436,2026-06-01 00:51:51,Bangalore,560096,iOS
CUST_10020,Vihaan Gupta,vihaan.gupta47@outlook.com,7066408049,2026-04-10 19:02:26,New Delhi,560078,iOS
CUST_10506,Vivaan Agarwal,vivaan.agarwal69@outlook.com,9837925186,2025-05-11 15:28:07,Mumbai,560049,Android
CUST_10594,Pari Mehta,pari.mehta32@outlook.com,8066376612,2025-11-02 00:36:34,BANGALORE,560036,Android
CUST_14549,Ishaan Kumar,ishaan.kumar23@hotmail.com,09200242051,2026-08-16 19:15:41,mumbai,560020,iOS
CUST_13541,Vivaan Nair,vivaan.nair35@gmail.com,,2026-08-11 08:19:46,mumbai,560022,iOS
CUST_11851,Saanvi Gupta,saanvi.gupta84@gmail.com,+91-8493942204,2026-03-18 00:33:07,Gurgaon,560047,Android
CUST_14139,Kavita Joshi,kavita.joshi96@outlook.com,INVALID_PHONE,2024-01-21 15:40:13,New Delhi,560063,Android
CUST_12473,Anika Joshi,anika.joshi97@yahoo.com,8327342139,2026-02-12 07:34:50,Mumbai,560068,Android
CUST_14592,Ananya Chowdhury,ananya.chowdhury99@hotmail.com,,2024-07-07 23:51:04,BANGALORE,560048,Android
CUST_13799,Myra Agarwal,myra.agarwal71@yahoo.com,8711962009,2024-10-31 12:47:57,Gurugram,560020,iOS
CUST_11922,Ayaan Bhat,ayaan.bhat24@gmail.com,7697965051,2025-09-03 09:42:44,Mumbai,560043,iOS
CUST_11059,Navya Kulkarni,navya.kulkarni52@hotmail.com,7282449336,2024-10-03 02:05:01,BANGALORE,560001,Android
CUST_12889,Ayaan Shah,ayaan.shah27@gmail.com,+91-7443595995,2025-07-04 14:45:29,Gurugram,560039,Web
CUST_11857,Rohan Chowdhury,rohan.chowdhury48@hotmail.com,,2026-03-22 07:25:37,BANGALORE,560014,Android
CUST_11474,Aadhya Mehta,aadhya.mehta36@yahoo.com,8536536158,2025-03-31 17:28:49,blr,560088,Android
CUST_12342,Vikram Joshi,vikram.joshi11@yahoo.com,7128956696,2024-07-01 08:51:45,Delhi,560007,iOS
CUST_12811,Saanvi Bhat,saanvi.bhat69@gmail.com,8728471794,2025-01-04 09:57:08,Delhi,560070,Web
CUST_14784,Ishaan Gupta,ishaan.gupta24@yahoo.com,+91-8210517343,2025-11-15 20:36:55,New Delhi,560057,
CUST_13593,Aadhya Kumar,aadhya.kumar50@outlook.com,,2024-03-05 07:07:28,Hyderabad,560077,Android
CUST_14589,Sai Das,sai.das74@yahoo.com,7520163461,2025-09-18 00:25:20,Mumbai,560075,Android
CUST_12123,Aarav Gupta,aarav.gupta50@hotmail.com,7731008521,2024-06-20 06:19:22,Mumbai,560026,iOS
CUST_14696,Ayaan Reddy,updated_ayaan.reddy56AThotmail.com,9528363835,2024-06-24 08:31:18,Hyderabad,560100,Android
CUST_14899,Aadhya Singh,aadhya.singh65@hotmail.com,07379002911,2026-02-09 14:06:53,New Delhi,560070,Android
CUST_10774,Navya Patel,navya.patel62@gmail.com,8483225627,2025-09-13 03:31:08,Gurgaon,560036,iOS
CUST_12076,Myra Patel,myra.patel84@gmail.com,07357108862,2026-05-28 12:41:37,Mumbai,560038,iOS
CUST_14816,Suresh Rao,suresh.rao53@yahoo.com,9239036316,2026-07-05 07:51:50,Hyderabad,560041,iOS
CUST_14130,Angel Reddy,angel.reddy83@hotmail.com,07003408582,2025-09-12 18:10:00,BANGALORE,560098,iOS
CUST_10374,Aditya Chowdhury,aditya.chowdhury19@yahoo.com,8318319418,2026-04-29 21:18:06,New Delhi,560087,Android
CUST_13220,Vihaan Gupta,vihaan.gupta73@outlook.com,9313304712,2026-08-10 04:16:22,Gurgaon,560047,iOS
CUST_11217,Diya Agarwal,diya.agarwal82@outlook.com,7317945853,2025-02-22 17:00:52,blr,560005,Android
CUST_13845,Krishna Kumar,krishna.kumar29@yahoo.com,INVALID_PHONE,2024-01-31 23:30:19,BANGALORE,560008,Android
CUST_10961,Neha Agarwal,neha.agarwal87@yahoo.com,+91-7304428029,2025-07-12 00:27:04,Gurugram,560079,Android
CUST_11040,Reyansh Kumar,reyansh.kumar31@yahoo.com,7255640911,2024-10-09 03:02:37,Bangalore,560052,iOS
CUST_12391,Ananya Verma,ananya.verma10@yahoo.com,+91-7159151675,2024-12-17 02:23:44,mumbai,,Android
CUST_10279,Priya Patel,priya.patel35@yahoo.com,+91-7238102364,2025-05-01 12:18:34,blr,560099,Android
CUST_11954,Avani Agarwal,avani.agarwal12@yahoo.com,,2026-03-08 11:25:17,Hyderabad,560057,Android
CUST_13026,Myra Kulkarni,myra.kulkarni26@yahoo.com,9600536274,2025-02-20 22:55:45,BANGALORE,560088,iOS
CUST_11740,Priya Kulkarni,priya.kulkarni97ATgmail.com,8618705186,2024-10-15 04:00:14,Gurugram,560078,iOS
CUST_13330,Myra Patel,myra.patel73@yahoo.com,09252430546,2025-08-21 08:24:40,Gurgaon,560001,Android
CUST_10457,Angel Bhat,angel.bhat32@hotmail.com,7430214741,2024-04-06 06:00:38,Mumbai,560007,Android
CUST_13553,Ayaan Deshmukh,updated_AYAAN.DESHMUKH74@GMAIL.COM,7034421098,2026-04-10 09:41:18,Bangalore,560054,iOS
CUST_13628,Neha Mishra,neha.mishra18@gmail.com,9282848551,2025-06-16 02:31:31,BANGALORE,560089,
CUST_14161,Aarav Verma,  aarav.verma39@outlook.com  ,+91-8958967237,2026-07-29 21:03:25,Gurugram,560072,iOS
CUST_10974,Navya Kulkarni,navya.kulkarni61@outlook.com,8770063480,2025-11-19 04:06:34,Hyderabad,560096,Android
CUST_11345,Arjun Patel,  arjun.patel16@hotmail.com  ,9783588696,2024-02-05 01:42:15,Gurgaon,560099,Android
CUST_10063,Aadhya Shah,aadhya.shah65@yahoo.com,8677168351,2026-04-09 05:37:53,mumbai,560074,Android
CUST_14268,Krishna Mishra,krishna.mishra22@gmail.com,9312409986,2024-04-24 04:12:54,Bengaluru,560031,Android
CUST_12426,Pooja Agarwal,pooja.agarwal57@hotmail.com,8178199961,2025-12-03 18:49:11,mumbai,560079,iOS
CUST_13810,Reyansh Bhat,updated_reyansh.bhat68@outlook.com,8781222500,2025-08-20 23:03:32,Mumbai,560043,Android
CUST_13029,Kavita Patel,kavita.patel94@gmail.com,7577152895,2026-03-14 07:42:19,New Delhi,560100,iOS
CUST_14108,Sai Banerjee,updated_sai.banerjee39@gmail.com,8057991730,2025-06-29 08:30:09,BANGALORE,560008,Android
CUST_12210,Arjun Singh,arjun.singh45@outlook.com,+91-9718152129,2025-11-17 14:42:01,New Delhi,560063,Android
CUST_12072,Sneha Reddy,updated_sneha.reddy11@outlook.com,08431813429,2025-07-29 03:57:04,Mumbai,560099,iOS
CUST_13192,Priya Bhat,priya.bhat95@hotmail.com,7063694525,2026-06-02 09:35:49,Gurgaon,560081,iOS
CUST_13728,Vikram Deshmukh,updated_vikram.deshmukh10@hotmail.com,9517700971,2024-10-31 03:26:49,BANGALORE,560057,Android
CUST_11454,Angel Verma,angel.verma71@outlook.com,09839396241,2025-01-22 12:49:58,Bangalore,560014,iOS
CUST_12653,Avani Mishra,avani.mishra87@outlook.com,+91-8784566497,2024-10-20 05:35:00,New Delhi,560088,Android
CUST_11300,Amit Deshmukh,AMIT.DESHMUKH17@HOTMAIL.COM,+91-9996776299,2026-08-28 07:09:12,Gurgaon,560002,Android
CUST_13451,Arjun Patel,ARJUN.PATEL29@OUTLOOK.COM,+91-7315141314,2024-04-22 14:48:22,blr,560032,Android
CUST_12598,Navya Bhat,navya.bhat35@outlook.com,8802921793,2026-07-02 23:45:01,Bangalore,560093,iOS
CUST_10632,Rahul Deshmukh,  rahul.deshmukh37@gmail.com  ,9651741407,2026-08-31 14:38:51,BANGALORE,560034,Android
CUST_11817,Rahul Singh,rahul.singh96AThotmail.com,+91-8667594635,2024-01-23 14:25:54,Delhi,560069,Android
CUST_12469,Myra Das,myra.das31@gmail.com,+91-9594714548,2025-07-28 18:35:56,New Delhi,560091,Web
CUST_10061,Angel Nair,angel.nair71@yahoo.com,+91-7768980818,2026-08-19 22:04:46,Bangalore,560063,Web
CUST_13098,Pooja Joshi,pooja.joshi60@yahoo.com,INVALID_PHONE,2026-06-08 05:52:52,Delhi,560085,iOS
CUST_14891,Rahul Mishra,rahul.mishra46@gmail.com,08142522582,2025-07-16 12:00:08,Bengaluru,560045,Android
CUST_10504,Aadhya Rao,updated_aadhya.rao69@hotmail.com,7453940193,2026-01-05 12:24:37,BANGALORE,560071,Android
CUST_14103,Krishna Nair,krishna.nair47@yahoo.com,+91-8305865273,2026-02-08 00:42:20,New Delhi,560040,iOS
CUST_10633,Rohan Gupta,rohan.gupta96@yahoo.com,8069342819,2025-03-13 14:35:58,blr,560098,Android
CUST_11923,Priya Das,priya.das19@outlook.com,,2026-03-09 01:26:59,Mumbai,560080,Android
CUST_13766,Krishna Gupta,updated_krishna.gupta10@gmail.com,7275796932,2024-07-02 22:16:17,Bengaluru,560064,Android
CUST_13132,Ayaan Shah,ayaan.shah11@gmail.com,9007269420,2025-12-10 23:50:12,Gurugram,560026,iOS
CUST_14070,Priya Singh,priya.singh73@outlook.com,7538481246,2024-12-01 21:39:25,Hyderabad,560046,Android
CUST_13701,Pari Chowdhury,pari.chowdhury62@hotmail.com,8022374891,2026-03-11 14:14:22,Gurugram,560015,Android
CUST_12940,Neha Patel,NEHA.PATEL78@OUTLOOK.COM,,2024-12-17 21:06:00,Gurugram,560018,iOS
CUST_12854,Pari Joshi,pari.joshi51@outlook.com,8860713987,2024-01-25 03:50:26,New Delhi,560076,iOS
CUST_11032,Pooja Kumar,pooja.kumar71@outlook.com,9667099561,2025-10-05 08:35:54,Gurugram,560040,Android
CUST_13147,Kavita Nair,kavita.nair68@gmail.com,9414198718,2024-07-03 16:58:34,BANGALORE,560095,Android
CUST_14714,Vihaan Banerjee,vihaan.banerjee73@yahoo.com,9509578533,2026-01-16 00:55:18,blr,560052,Android
CUST_12423,Reyansh Kumar,reyansh.kumar56ATyahoo.com,7167815940,2025-07-23 07:40:01,blr,560058,Android
CUST_12877,Neha Gupta,NEHA.GUPTA19@YAHOO.COM,8528569047,2024-04-16 18:31:19,blr,560011,iOS
CUST_13357,Sai Mehta,sai.mehta97@outlook.com,7814323171,2025-02-10 10:25:05,blr,560029,iOS
CUST_13437,Sneha Nair,sneha.nair28@outlook.com,8353830559,2026-01-01 19:33:50,blr,560065,iOS
CUST_12774,Ananya Nair,ananya.nair71@yahoo.com,8620263306,2025-07-20 00:10:22,Gurgaon,560037,Web
CUST_10236,Vikram Chowdhury,vikram.chowdhury70@yahoo.com,8397729435,2025-03-12 15:13:08,Bengaluru,560088,iOS
CUST_11963,Anika Deshmukh,updated_anika.deshmukh84@outlook.com,7262880146,2024-01-28 11:20:06,Delhi,560057,Android
CUST_14169,Vivaan Kumar,vivaan.kumar47@hotmail.com,+91-8837446050,2024-12-03 01:42:50,blr,560050,iOS
CUST_10407,Vihaan Rao,vihaan.rao85@yahoo.com,8056980874,2025-10-08 02:03:51,Bangalore,560031,Web
CUST_12837,Avani Nair,avani.nair50@outlook.com,08707338276,2025-12-19 08:54:38,blr,560058,Android
CUST_12297,Aditya Deshmukh,updated_aditya.deshmukh34@hotmail.com,+91-9801920103,2025-02-04 04:46:54,blr,560099,Android
CUST_14122,Priya Deshmukh,priya.deshmukh51@yahoo.com,,2025-06-09 16:12:46,mumbai,560084,Android
CUST_11623,Anika Nair,anika.nair50@hotmail.com,09880842900,2026-02-02 13:46:26,New Delhi,560052,iOS
CUST_11595,Aarav Bhat,aarav.bhat87@outlook.com,+91-8194592163,2024-10-29 23:23:25,Mumbai,560076,iOS
CUST_13897,Angel Das,angel.das32@outlook.com,07010685184,2024-08-03 21:09:28,Bangalore,560020,iOS
CUST_11553,Sneha Mishra,sneha.mishra33@gmail.com,9403425520,2024-01-01 18:42:16,Gurugram,560016,Android
CUST_10170,Navya Bhat,navya.bhat20@gmail.com,8931788987,2024-05-15 09:54:50,Bengaluru,560071,Android
CUST_12882,Myra Deshmukh,  myra.deshmukh41@hotmail.com  ,9171816755,2026-01-25 00:01:26,New Delhi,560060,
CUST_13205,Diya Joshi,diya.joshi43@hotmail.com,7737083702,2025-08-20 13:42:24,Bengaluru,,Android
CUST_13535,Amit Nair,AMIT.NAIR53@GMAIL.COM,08403238217,2025-09-15 16:18:31,Mumbai,560080,iOS
CUST_11620,Sneha Verma,sneha.verma87@gmail.com,7879195131,2025-08-23 02:29:47,Bengaluru,,iOS
CUST_13645,Pari Das,pari.das89@hotmail.com,+91-7797182818,2025-04-17 06:57:06,Mumbai,560008,Web
CUST_12233,Sai Chowdhury,sai.chowdhury91@hotmail.com,9677705267,2024-05-22 00:54:09,Mumbai,560024,Android
CUST_12786,Rohan Gupta,rohan.gupta38@yahoo.com,8130634002,2025-08-02 01:28:26,Mumbai,560020,Android
CUST_11033,Arjun Verma,ARJUN.VERMA75@GMAIL.COM,8004197036,2024-01-29 20:04:04,Bengaluru,560090,iOS
CUST_14947,Angel Das,angel.das62@yahoo.com,+91-8306504181,2025-12-15 06:42:42,New Delhi,560069,Android
CUST_10942,Arjun Verma,arjun.verma18@gmail.com,07585188092,2025-08-09 01:48:53,Mumbai,560061,
CUST_11385,Rahul Singh,rahul.singh40@yahoo.com,,2024-10-11 15:50:00,Gurugram,560091,Android
CUST_11295,Myra Reddy,myra.reddy40@hotmail.com,8641999343,2024-04-17 03:52:27,Gurugram,560036,Android
CUST_10683,Neha Banerjee,neha.banerjee49@yahoo.com,8587117837,2024-12-26 15:31:34,New Delhi,560063,iOS
CUST_13126,Diya Banerjee,diya.banerjee63@gmail.com,INVALID_PHONE,2024-02-23 09:15:39,Bengaluru,560048,iOS
CUST_11546,Angel Kulkarni,angel.kulkarni45@gmail.com,08502227409,2024-11-29 08:52:02,Hyderabad,560048,iOS
CUST_10896,Pooja Agarwal,pooja.agarwal54@outlook.com,9376388305,2024-03-27 21:33:22,Mumbai,560031,iOS
CUST_13342,Rohan Kumar,rohan.kumar64@hotmail.com,9590734889,2024-08-16 17:46:57,Bengaluru,560010,iOS
CUST_13770,Vihaan Joshi,vihaan.joshi66@outlook.com,9787139769,2024-01-13 20:37:29,Gurgaon,560053,Android
CUST_10679,Aarav Deshmukh,aarav.deshmukh58@yahoo.com,7948039639,2024-01-22 10:22:29,Bangalore,560010,Android
CUST_11379,Kavita Bhat,kavita.bhat97@yahoo.com,9225211693,2025-06-24 16:16:30,Mumbai,560060,
CUST_11497,Vikram Kumar,vikram.kumar23@outlook.com,8456504563,2025-11-26 09:07:35,Hyderabad,560060,Android
CUST_10800,Kavita Mehta,KAVITA.MEHTA18@HOTMAIL.COM,8090033151,2026-05-12 17:55:36,Hyderabad,560065,Android
CUST_10747,Angel Kulkarni,angel.kulkarni62@gmail.com,7364500073,2026-03-07 16:43:00,Bangalore,560046,iOS
CUST_14029,Krishna Reddy,krishna.reddy56@gmail.com,+91-8886273393,2024-07-12 06:43:34,mumbai,560093,Android
CUST_12708,Ishaan Nair,ISHAAN.NAIR88@YAHOO.COM,+91-7460149570,2025-11-22 16:16:48,blr,560012,Android
CUST_10109,Sneha Mehta,updated_sneha.mehta73@hotmail.com,7801448600,2025-01-16 21:13:30,Delhi,560081,iOS
CUST_12206,Ayaan Shah,ayaan.shah55@gmail.com,7259216919,2025-06-06 22:44:49,Bangalore,560014,Android
CUST_13056,Navya Bhat,navya.bhat42@hotmail.com,8520369404,2026-02-23 19:28:21,Gurugram,560084,iOS
CUST_11543,Angel Joshi,angel.joshi78@yahoo.com,07884285029,2025-04-25 06:40:24,BANGALORE,560005,Android
CUST_10590,Anika Rao,anika.rao92@outlook.com,+91-7094724777,2026-02-04 12:32:07,blr,560053,Web
CUST_14409,Angel Rao,angel.rao63@gmail.com,8339548253,2024-07-29 19:34:41,Gurgaon,560011,
CUST_12366,Rahul Bhat,updated_rahul.bhat63@yahoo.com,7621480683,2025-09-01 10:57:03,Delhi,560012,iOS
CUST_13689,Aadhya Rao,AADHYA.RAO60@YAHOO.COM,07664540814,2025-11-11 09:03:51,Bengaluru,560021,Web
CUST_11491,Arjun Bhat,  arjun.bhat94@outlook.com  ,07708556607,2025-10-14 17:03:10,Mumbai,560022,
CUST_13164,Angel Chowdhury,angel.chowdhury21@hotmail.com,INVALID_PHONE,2025-10-31 01:50:54,mumbai,560035,Android
CUST_10516,Anika Rao,ANIKA.RAO22@GMAIL.COM,7629667488,2025-10-22 07:25:20,Mumbai,,Android
CUST_13137,Saanvi Deshmukh,saanvi.deshmukh23@outlook.com,7374211552,2024-01-14 20:00:20,Hyderabad,560049,Android
CUST_11405,Rahul Reddy,rahul.reddy66@hotmail.com,7518802701,2026-05-20 17:38:53,Gurgaon,560066,iOS
CUST_10962,Kavita Kumar,kavita.kumar98@gmail.com,9549700622,2024-08-06 05:16:17,Bengaluru,560099,Android
CUST_13136,Vivaan Bhat,vivaan.bhat95AThotmail.com,8275324533,2024-09-08 17:34:00,Gurgaon,560089,iOS
CUST_11070,Neha Patel,neha.patel38@outlook.com,+91-9331141053,2025-08-16 16:11:02,mumbai,560057,Android
CUST_10530,Sai Rao,sai.rao60@yahoo.com,8605455707,2026-02-19 21:56:59,Delhi,560043,Android
CUST_13879,Kavita Agarwal,kavita.agarwal20@yahoo.com,7682757684,2024-11-24 02:36:42,Gurgaon,,Android
CUST_12521,Ananya Patel,ananya.patel39@gmail.com,+91-8040683249,2025-10-29 03:05:13,Bangalore,560009,iOS
CUST_11109,Ishaan Das,ishaan.das35@outlook.com,7641889887,2025-05-25 20:49:35,Delhi,560092,Android
CUST_13446,Kavita Joshi,kavita.joshi13@yahoo.com,09823554228,2025-04-24 16:38:41,Bengaluru,560069,iOS
CUST_13286,Diya Sharma,diya.sharma34@yahoo.com,7348850089,2025-09-21 07:55:00,BANGALORE,560035,Android
CUST_11214,Sai Das,sai.das73@yahoo.com,09569313669,2025-09-19 09:09:19,Bengaluru,560092,Web
CUST_10187,Priya Rao,priya.rao83@gmail.com,08317873236,2024-07-10 03:17:19,Mumbai,560088,Android
CUST_14913,Rahul Chowdhury,rahul.chowdhury40@hotmail.com,7131984371,2024-10-26 20:34:19,New Delhi,560088,iOS
CUST_14958,Anika Das,anika.das68@yahoo.com,,2024-09-10 11:39:06,Gurugram,560008,Android
CUST_11503,Rohan Chowdhury,rohan.chowdhury38@outlook.com,9999105169,2024-04-08 18:48:02,Hyderabad,560073,Android
CUST_11187,Vikram Rao,vikram.rao91@yahoo.com,7283635311,2025-04-06 13:45:51,New Delhi,560021,Android
CUST_14316,Sai Kulkarni,sai.kulkarni82@yahoo.com,7962916168,2024-05-04 21:24:09,Hyderabad,560043,iOS
CUST_14674,Priya Mehta,priya.mehta46AToutlook.com,9378313269,2025-06-11 14:58:27,New Delhi,560025,Android
CUST_12022,Sai Nair,sai.nair62@outlook.com,8110763582,2024-03-05 11:48:02,mumbai,560067,Android
CUST_10776,Anika Das,anika.das28@hotmail.com,INVALID_PHONE,2025-01-29 08:29:51,BANGALORE,560056,iOS
CUST_11790,Myra Patel,myra.patel69@yahoo.com,+91-9848617015,2025-07-06 04:10:02,New Delhi,560042,iOS
CUST_14685,Diya Verma,diya.verma54@hotmail.com,7946305779,2025-05-12 10:10:23,Hyderabad,560031,Android
CUST_14970,Amit Shah,AMIT.SHAH24@YAHOO.COM,7745134621,2025-11-21 02:52:15,Mumbai,560081,iOS
CUST_14682,Ananya Agarwal,ananya.agarwal15@gmail.com,8516549608,2024-12-28 04:56:07,Bengaluru,560035,Android
CUST_10370,Avani Mehta,avani.mehta60@yahoo.com,7509599320,2025-04-04 19:40:44,Gurugram,560053,iOS
CUST_13360,Krishna Agarwal,krishna.agarwal23@gmail.com,7125975547,2024-09-06 18:48:19,Bangalore,560064,Android
CUST_12991,Rahul Bhat,rahul.bhat14@gmail.com,7712660304,2026-03-29 17:07:12,Delhi,560039,Android
CUST_10074,Navya Nair,navya.nair82@outlook.com,8874601060,2025-05-15 17:40:03,Gurugram,,iOS
CUST_14764,Rohan Singh,rohan.singh77@outlook.com,8228533659,2025-11-23 20:20:12,mumbai,560091,iOS
CUST_10492,Rohan Verma,rohan.verma36@yahoo.com,09958735039,2025-01-30 21:54:24,blr,560072,iOS
CUST_13325,Kavita Mishra,kavita.mishra97@gmail.com,+91-9497423956,2025-08-24 01:52:37,blr,560089,Android
CUST_11081,Vivaan Rao,vivaan.rao34@hotmail.com,9091188540,2024-06-08 13:45:17,Hyderabad,560047,iOS
CUST_13030,Neha Reddy,neha.reddy22@outlook.com,7001059661,2025-05-11 20:08:41,New Delhi,560087,iOS
CUST_12849,Priya Reddy,priya.reddy83@yahoo.com,7788297481,2026-04-02 09:58:00,Mumbai,560018,Android
CUST_10824,Ishaan Agarwal,ishaan.agarwal57@outlook.com,8981307630,2024-05-21 01:31:18,mumbai,560048,iOS
CUST_12049,Aarav Kulkarni,aarav.kulkarni13@hotmail.com,09510219134,2024-11-28 00:08:03,New Delhi,560083,Android
CUST_14251,Reyansh Joshi,REYANSH.JOSHI53@YAHOO.COM,9476421166,2026-08-07 10:48:25,Bengaluru,560002,Android
CUST_10555,Saanvi Chowdhury,saanvi.chowdhury34@outlook.com,+91-8834593810,2024-11-04 10:19:19,BANGALORE,560049,Android
CUST_13275,Pooja Nair,pooja.nair83@yahoo.com,07515597471,2024-10-24 07:46:56,Hyderabad,560045,Android
CUST_11612,Angel Banerjee,angel.banerjee98@gmail.com,9617713604,2024-11-27 10:06:21,Bangalore,560084,Android
CUST_11203,Rohan Shah,updated_rohan.shah78@gmail.com,,2025-02-25 10:28:49,Delhi,560086,Web
CUST_13124,Vivaan Banerjee,vivaan.banerjee40@outlook.com,INVALID_PHONE,2024-02-13 15:27:15,Delhi,560011,iOS
CUST_13007,Vihaan Bhat,vihaan.bhat70@gmail.com,9738677103,2024-06-12 20:37:47,blr,560048,iOS
CUST_13430,Kavita Kulkarni,kavita.kulkarni27@yahoo.com,8333625543,2025-01-01 16:29:11,blr,560100,iOS
CUST_12902,Priya Kumar,updated_priya.kumar37@yahoo.com,07288774964,2024-11-28 14:09:46,New Delhi,560096,iOS
CUST_11451,Myra Gupta,myra.gupta53@hotmail.com,8391392754,2025-11-13 21:51:14,Delhi,560068,iOS
CUST_14876,Rohan Agarwal,ROHAN.AGARWAL28@OUTLOOK.COM,8498079232,2024-03-10 13:22:48,mumbai,560066,Android
CUST_11513,Kavita Reddy,kavita.reddy96@yahoo.com,8511711841,2025-05-03 06:23:41,Gurgaon,560056,iOS
CUST_12675,Navya Deshmukh,navya.deshmukh89@hotmail.com,7833887880,2025-05-25 06:47:53,Bengaluru,560058,Android
CUST_14878,Sneha Gupta,updated_sneha.gupta62@gmail.com,9970998754,2024-03-30 10:20:45,New Delhi,560098,Android
CUST_11525,Aditya Mehta,aditya.mehta50@yahoo.com,9547284358,2024-08-09 17:26:30,Gurugram,560076,iOS
CUST_10606,Pari Mehta,updated_pari.mehta23@hotmail.com,8547546235,2024-03-23 10:00:18,Gurgaon,560062,
CUST_13667,Aadhya Joshi,AADHYA.JOSHI36@YAHOO.COM,07783234071,2024-08-14 00:19:00,Mumbai,560083,
CUST_14042,Neha Kulkarni,neha.kulkarni80@hotmail.com,8092165043,2026-05-04 22:52:52,Gurgaon,560085,Android
CUST_12256,Reyansh Mishra,reyansh.mishra43@hotmail.com,9831567275,2024-01-30 10:05:47,mumbai,560086,Android
CUST_11744,Amit Joshi,amit.joshi95@outlook.com,7826169762,2024-11-11 15:20:20,New Delhi,560084,
CUST_14177,Suresh Patel,suresh.patel52@yahoo.com,8439847526,2025-10-28 08:22:56,BANGALORE,560004,Android
CUST_14862,Pooja Joshi,pooja.joshi94@hotmail.com,9040606906,2025-01-06 18:03:57,New Delhi,560093,Android
CUST_11822,Avani Verma,avani.verma48@hotmail.com,8665230912,2026-01-04 13:01:47,mumbai,560026,Android
CUST_10811,Priya Banerjee,priya.banerjee53@outlook.com,9832663999,2024-11-26 10:43:31,mumbai,560026,Android
CUST_10868,Ishaan Shah,ishaan.shah49@gmail.com,8577473842,2024-12-24 07:24:45,BANGALORE,560003,Android
CUST_10613,Rahul Reddy,rahul.reddy61@yahoo.com,INVALID_PHONE,2025-01-30 07:52:42,New Delhi,560058,
CUST_11542,Ananya Reddy,ANANYA.REDDY48@YAHOO.COM,8632761581,2025-06-10 20:16:10,Gurugram,560095,Web
CUST_12212,Rahul Shah,rahul.shah98@hotmail.com,7369144783,2025-10-20 18:00:47,New Delhi,560029,Android
CUST_13280,Sai Kumar,sai.kumar78@gmail.com,INVALID_PHONE,2026-07-27 17:37:10,New Delhi,560038,Android
CUST_14107,Avani Deshmukh,avani.deshmukh31@gmail.com,7472633959,2025-11-02 23:59:25,Delhi,560032,iOS
CUST_13949,Ayaan Chowdhury,ayaan.chowdhury71@outlook.com,+91-7491843736,2026-07-18 13:50:28,Gurgaon,560002,Android
CUST_10593,Anika Reddy,anika.reddy63@yahoo.com,07485100224,2025-06-17 20:36:37,mumbai,560089,iOS
CUST_10404,Ananya Mishra,ananya.mishra89@gmail.com,9907986921,2024-06-01 18:05:24,Delhi,560015,Android
CUST_12666,Angel Chowdhury,angel.chowdhury90@outlook.com,7455448563,2025-07-01 21:17:32,BANGALORE,560090,Android
CUST_10806,Ananya Chowdhury,ananya.chowdhury95@gmail.com,9786134479,2026-01-10 09:18:49,Mumbai,560010,Android
CUST_11018,Vikram Bhat,updated_vikram.bhat69@hotmail.com,+91-9119070323,2025-12-23 01:45:25,mumbai,560051,Android
CUST_13524,Ayaan Agarwal,ayaan.agarwal44@gmail.com,9915836528,2024-02-06 05:45:40,New Delhi,560052,Android
CUST_10116,Aditya Joshi,updated_aditya.joshi18@hotmail.com,09275219907,2025-06-16 16:33:13,Hyderabad,,Android
CUST_11018,Vikram Bhat,vikram.bhat69@hotmail.com,+91-9119070323,2025-12-23 01:45:25,mumbai,560051,Android
CUST_13291,Arjun Das,arjun.das53@yahoo.com,09562681406,2026-02-26 17:36:53,BANGALORE,560059,Web
CUST_11262,Krishna Agarwal,krishna.agarwal32@outlook.com,9652998107,2025-05-24 12:05:37,New Delhi,560091,iOS
CUST_12558,Suresh Singh,suresh.singh38@yahoo.com,INVALID_PHONE,2025-06-07 03:25:23,Bangalore,560001,Android
CUST_11844,Angel Verma,angel.verma16@gmail.com,+91-7690989985,2024-08-20 10:37:45,BANGALORE,560091,Android
CUST_11734,Sneha Chowdhury,updated_sneha.chowdhury54@hotmail.com,09114111681,2024-04-15 05:06:46,New Delhi,560058,iOS
CUST_11773,Priya Singh,priya.singh56@yahoo.com,,2026-08-11 13:00:20,Gurgaon,560090,Android
CUST_13536,Angel Banerjee,angel.banerjee29@outlook.com,9474837536,2024-09-24 07:39:27,blr,560064,Android
CUST_13414,Navya Reddy,navya.reddy46@yahoo.com,7416324649,2026-02-12 02:54:16,blr,560034,iOS
CUST_14533,Rahul Mehta,rahul.mehta24@hotmail.com,9405777714,2024-07-30 09:36:24,mumbai,,iOS
CUST_11186,Saanvi Bhat,saanvi.bhat47@gmail.com,9254431036,2024-12-18 15:48:17,Bengaluru,560043,Android
CUST_14364,Rahul Kumar,updated_rahul.kumar92@yahoo.com,9541238912,2026-02-08 10:03:28,Gurgaon,560046,iOS
CUST_14044,Amit Patel,amit.patel12@hotmail.com,8671005087,2025-10-20 03:59:05,Bangalore,560016,iOS
CUST_10328,Diya Das,diya.das78@gmail.com,+91-7676047395,2025-12-29 07:23:36,New Delhi,560089,Android
CUST_11289,Saanvi Joshi,saanvi.joshi78@outlook.com,9730430269,2025-08-11 05:15:08,BANGALORE,560058,
CUST_10475,Saanvi Singh,saanvi.singh91@yahoo.com,8278306230,2024-06-10 03:09:49,New Delhi,560070,iOS
CUST_14473,Reyansh Singh,reyansh.singh54@yahoo.com,9278963803,2025-12-07 11:39:58,Delhi,560087,Android
CUST_13372,Amit Agarwal,AMIT.AGARWAL66@YAHOO.COM,+91-7876711244,2025-01-02 20:32:35,blr,560023,Android
CUST_11361,Sneha Gupta,sneha.gupta82@outlook.com,,2025-11-06 02:48:30,Gurugram,560031,Android
CUST_11088,Anika Nair,anika.nair72@outlook.com,7189360091,2024-06-25 17:15:16,Gurgaon,560072,iOS
CUST_13634,Kavita Das,kavita.das45@hotmail.com,9608218600,2024-08-15 04:22:25,Mumbai,560067,iOS
CUST_13791,Aarav Mishra,aarav.mishra60@outlook.com,7604340006,2024-05-13 20:30:17,Gurugram,560008,iOS
CUST_11743,Rohan Deshmukh,ROHAN.DESHMUKH28@GMAIL.COM,8642825588,2025-08-16 02:09:20,Gurugram,560017,Android
CUST_13574,Angel Nair,angel.nair20@outlook.com,,2024-09-16 21:57:51,Gurgaon,560091,Android
CUST_12016,Rohan Gupta,rohan.gupta48@hotmail.com,7791291033,2025-03-10 02:25:45,BANGALORE,560015,Android
CUST_13517,Avani Das,avani.das99@outlook.com,+91-7970191410,2025-09-26 14:10:20,Gurgaon,560095,Android
CUST_11607,Rahul Reddy,rahul.reddy41@gmail.com,09501175406,2026-04-06 16:50:30,Gurgaon,560036,Android
CUST_13605,Pari Nair,pari.nair30AThotmail.com,8568375742,2025-11-19 22:48:50,Bengaluru,560015,iOS
CUST_10910,Reyansh Kulkarni,updated_reyansh.kulkarni56@gmail.com,+91-9543568204,2024-06-22 23:47:19,BANGALORE,560049,Android
CUST_11558,Aarav Nair,aarav.nair62@gmail.com,INVALID_PHONE,2024-12-24 16:45:53,Gurugram,560029,
CUST_11260,Navya Das,navya.das20@gmail.com,9117385849,2026-08-24 00:16:42,Bengaluru,560096,iOS
CUST_14604,Ananya Rao,ananya.rao17@outlook.com,+91-7628031141,2025-08-20 18:22:58,blr,560001,Android
CUST_13396,Avani Gupta,avani.gupta51@hotmail.com,7565684069,2026-04-20 03:29:42,Hyderabad,560058,Android
CUST_10029,Ishaan Agarwal,ishaan.agarwal75AToutlook.com,8921062946,2024-08-30 09:06:44,Hyderabad,560096,Android
CUST_10520,Aditya Reddy,ADITYA.REDDY96@HOTMAIL.COM,9523926357,2026-03-02 19:48:48,Bengaluru,560021,Android
CUST_10857,Arjun Singh,arjun.singh92@hotmail.com,+91-7056014590,2025-08-29 03:27:24,Gurgaon,560039,Android
CUST_10131,Ayaan Banerjee,ayaan.banerjee30@hotmail.com,9200355549,2024-10-07 22:59:13,blr,560059,Android
CUST_14643,Neha Verma,neha.verma53@gmail.com,+91-9054971895,2025-07-12 14:28:46,BANGALORE,560025,Android
CUST_13817,Aarav Banerjee,aarav.banerjee57@outlook.com,7021209729,2024-06-08 04:24:08,mumbai,560007,Android
CUST_10497,Angel Chowdhury,angel.chowdhury83@yahoo.com,7287743902,2026-05-17 10:09:14,Gurgaon,560052,iOS
CUST_13614,Ayaan Sharma,AYAAN.SHARMA71@HOTMAIL.COM,8603825339,2025-07-13 04:30:29,Gurgaon,560080,iOS
CUST_12336,Anika Verma,anika.verma50@yahoo.com,8778565602,2026-02-07 01:19:30,BANGALORE,560050,Android
CUST_13664,Amit Shah,  amit.shah41@outlook.com  ,09297453111,2026-03-07 02:41:18,Bangalore,560090,iOS
CUST_14826,Ananya Sharma,ananya.sharma13@outlook.com,7644035380,2026-03-06 12:39:36,Bengaluru,,iOS
CUST_13092,Vikram Shah,vikram.shah36@gmail.com,,2024-09-18 02:01:16,blr,560015,Android
CUST_13131,Krishna Deshmukh,krishna.deshmukh55@gmail.com,8101260601,2025-05-12 05:29:49,mumbai,560098,Android
CUST_13386,Sai Verma,updated_sai.verma52@outlook.com,7133059118,2026-05-25 14:33:06,Mumbai,560074,iOS
CUST_11979,Pooja Deshmukh,pooja.deshmukh74@yahoo.com,7054655025,2024-01-07 00:57:36,mumbai,560024,Android
CUST_12063,Diya Sharma,diya.sharma14@hotmail.com,9742888862,2025-10-21 12:43:03,Bangalore,560035,Android
CUST_13285,Anika Mishra,anika.mishra22@outlook.com,9081139154,2024-01-26 17:14:59,Delhi,560054,Android
CUST_10987,Arjun Agarwal,updated_arjun.agarwal25@gmail.com,7952533720,2026-08-17 23:19:05,Mumbai,560080,iOS
CUST_13875,Vihaan Das,vihaan.das13@outlook.com,7488246659,2026-01-18 09:02:07,Gurgaon,560070,Android
CUST_12424,Navya Reddy,navya.reddy10@hotmail.com,7503663754,2025-09-27 22:54:19,Gurugram,560020,iOS
CUST_11203,Rohan Shah,rohan.shah78@gmail.com,,2025-02-25 10:28:49,Delhi,560086,Web
CUST_13597,Angel Mehta,angel.mehta94@yahoo.com,8329708649,2024-07-27 02:06:44,Bangalore,560034,Android
CUST_12201,Pooja Banerjee,pooja.banerjee24@gmail.com,7338726436,2024-03-08 23:58:16,mumbai,560077,Android
CUST_13653,Pari Deshmukh,updated_pari.deshmukh38@gmail.com,08738914185,2024-04-09 08:49:44,New Delhi,560024,iOS
CUST_11579,Amit Sharma,amit.sharma44@hotmail.com,9243626305,2024-04-24 13:34:03,New Delhi,560055,iOS
CUST_14398,Sai Reddy,sai.reddy85@gmail.com,INVALID_PHONE,2024-04-05 20:39:30,Delhi,560073,iOS
CUST_14621,Rahul Shah,updated_rahul.shah99@yahoo.com,,2024-08-04 11:11:10,Hyderabad,560072,Android
CUST_12429,Neha Sharma,neha.sharma14@hotmail.com,07715110804,2025-11-10 14:21:34,Gurgaon,560055,iOS
CUST_12326,Myra Patel,myra.patel76@yahoo.com,+91-7826432897,2026-01-16 05:35:52,Gurugram,560018,Android
CUST_14798,Diya Shah,diya.shah25@hotmail.com,8364773766,2025-08-30 02:50:14,Gurgaon,560009,iOS
CUST_10877,Ishaan Joshi,ishaan.joshi47@yahoo.com,08861649433,2025-11-08 20:16:28,New Delhi,,Android
CUST_10815,Vihaan Kulkarni,vihaan.kulkarni56@outlook.com,07740463004,2025-01-04 00:36:00,Gurgaon,560066,Android
CUST_11973,Amit Banerjee,amit.banerjee54@gmail.com,9657959266,2024-09-21 00:09:47,Mumbai,560005,Android
CUST_10763,Aarav Nair,aarav.nair42@yahoo.com,7985885701,2025-12-26 09:15:05,Bengaluru,560059,Web
CUST_12135,Krishna Nair,updated_krishna.nair67@outlook.com,9544062728,2024-03-27 07:31:40,Bengaluru,560046,Android
CUST_12389,Neha Gupta,neha.gupta88@outlook.com,8542281056,2024-12-12 14:50:40,Hyderabad,560027,Android
CUST_12415,Angel Agarwal,angel.agarwal32@gmail.com,,2025-11-01 15:15:26,Delhi,560016,Android
CUST_13046,Vivaan Deshmukh,VIVAAN.DESHMUKH60@HOTMAIL.COM,8803336594,2024-03-03 13:02:21,Delhi,,iOS
CUST_14539,Anika Kulkarni,anika.kulkarni40@hotmail.com,9645550435,2026-06-01 10:12:59,Gurugram,560017,iOS
CUST_12769,Vikram Agarwal,vikram.agarwal13@yahoo.com,8936464400,2024-03-07 10:33:43,Hyderabad,560015,Android
CUST_10388,Amit Sharma,amit.sharma84@gmail.com,+91-7980116906,2024-12-01 02:57:09,Bengaluru,,iOS
CUST_11953,Ayaan Mehta,ayaan.mehta16AThotmail.com,+91-8245608195,2024-02-26 16:45:19,Hyderabad,560075,Android
CUST_11849,Ishaan Verma,ishaan.verma98@hotmail.com,9955748788,2025-01-09 11:31:54,Gurugram,560089,Android
CUST_13055,Vivaan Agarwal,vivaan.agarwal53@yahoo.com,INVALID_PHONE,2025-11-03 09:20:33,Bengaluru,560045,Android
CUST_14820,Krishna Mehta,krishna.mehta24@yahoo.com,7120619349,2025-09-06 07:51:15,Gurugram,560059,Android
CUST_14666,Sai Mehta,sai.mehta29@hotmail.com,7314175063,2024-02-16 13:35:46,Mumbai,560029,Android
CUST_10315,Ayaan Kumar,ayaan.kumar91@hotmail.com,9520628318,2026-06-12 17:25:56,Bengaluru,560092,iOS
CUST_12004,Rahul Sharma,rahul.sharma66@yahoo.com,+91-9556819823,2025-09-30 21:02:50,Gurgaon,560018,Android
CUST_14685,Diya Verma,updated_diya.verma54@hotmail.com,7946305779,2025-05-12 10:10:23,Hyderabad,560031,Android
CUST_10413,Aadhya Kulkarni,aadhya.kulkarni55@outlook.com,9208399276,2024-04-17 22:34:44,Gurgaon,560079,Android
CUST_11567,Krishna Banerjee,krishna.banerjee54@outlook.com,INVALID_PHONE,2024-04-01 13:47:00,Mumbai,560072,Web
CUST_10894,Ananya Sharma,ananya.sharma53@outlook.com,7802179505,2024-08-24 22:10:49,Mumbai,560055,Android
CUST_13383,Vihaan Patel,vihaan.patel74@gmail.com,,2025-01-15 07:48:57,New Delhi,560050,iOS
CUST_14908,Anika Kumar,anika.kumar34@hotmail.com,7354833130,2025-05-20 23:55:23,Gurgaon,560070,iOS
CUST_11381,Reyansh Patel,reyansh.patel67@yahoo.com,7115057810,2024-01-08 00:20:27,Hyderabad,560029,Web
CUST_10605,Kavita Kumar,kavita.kumar57@gmail.com,7094192358,2025-06-27 05:03:54,Gurgaon,560067,Android
CUST_10015,Amit Singh,amit.singh21@gmail.com,7511079475,2024-04-03 03:11:33,New Delhi,560044,Android
CUST_14865,Krishna Singh,krishna.singh28@hotmail.com,INVALID_PHONE,2025-07-11 19:46:30,New Delhi,560072,Web
CUST_11500,Ishaan Nair,ishaan.nair74@gmail.com,8805417852,2024-04-30 14:31:39,Delhi,560050,Android
CUST_11564,Myra Reddy,myra.reddy48@gmail.com,9591929524,2026-01-14 11:30:45,mumbai,560020,Android
CUST_13049,Ishaan Agarwal,ishaan.agarwal34@outlook.com,8375982098,2024-11-29 18:13:10,BANGALORE,560002,Android
CUST_13952,Rahul Deshmukh,rahul.deshmukh80@gmail.com,7378883814,2026-03-02 01:06:32,Delhi,560034,
CUST_10309,Anika Agarwal,anika.agarwal48@gmail.com,,2025-04-24 07:17:33,mumbai,560025,
CUST_11483,Aditya Patel,aditya.patel79@outlook.com,+91-8320620839,2024-01-17 18:08:51,Gurugram,560078,Android
CUST_11253,Amit Deshmukh,amit.deshmukh97@gmail.com,INVALID_PHONE,2025-11-17 19:22:36,Bangalore,560097,iOS
CUST_11878,Anika Kumar,anika.kumar31@yahoo.com,8728683349,2024-02-03 12:17:42,Mumbai,,Android
CUST_13380,Arjun Agarwal,arjun.agarwal35@gmail.com,INVALID_PHONE,2024-02-07 23:50:46,New Delhi,560088,Android
CUST_11149,Priya Kulkarni,priya.kulkarni15@yahoo.com,+91-9252422265,2026-05-10 19:09:55,Hyderabad,560049,iOS
CUST_12397,Krishna Chowdhury,krishna.chowdhury16@yahoo.com,8737758413,2025-10-23 20:49:52,New Delhi,560017,Android
CUST_12517,Priya Patel,priya.patel41@hotmail.com,+91-9583916930,2025-05-14 08:56:04,Hyderabad,560064,iOS
CUST_13504,Avani Bhat,avani.bhat99@hotmail.com,+91-9923796667,2024-04-09 04:09:10,Bangalore,560001,iOS
CUST_14233,Anika Singh,anika.singh62@outlook.com,7284909650,2026-02-15 05:43:21,blr,560085,Android
CUST_10926,Pooja Nair,  pooja.nair69@outlook.com  ,7077574909,2024-02-25 08:01:20,New Delhi,560011,Android
CUST_12128,Pari Verma,pari.verma50@gmail.com,8966327007,2024-12-26 06:10:26,Gurgaon,560008,Android
CUST_10702,Suresh Singh,suresh.singh97@yahoo.com,INVALID_PHONE,2024-04-27 07:02:00,Mumbai,560076,Android
CUST_11947,Arjun Patel,arjun.patel18@outlook.com,9705458958,2024-04-20 11:22:07,blr,560098,iOS
CUST_14866,Priya Shah,priya.shah84@outlook.com,+91-9064725939,2026-02-23 00:46:05,Gurgaon,560036,iOS
CUST_13674,Rahul Patel,rahul.patel86@outlook.com,7303233767,2024-07-17 08:18:20,Hyderabad,560014,Android
CUST_13842,Krishna Mehta,krishna.mehta38@hotmail.com,7579517655,2025-10-25 00:53:17,Bangalore,560053,Android
CUST_10597,Navya Kumar,updated_navya.kumar99@gmail.com,7878626049,2024-12-31 12:25:46,Gurugram,560020,Android
CUST_10175,Aditya Reddy,aditya.reddy75@hotmail.com,INVALID_PHONE,2026-01-30 06:16:46,mumbai,560045,Android
CUST_11111,Sai Das,sai.das34@yahoo.com,,2025-12-27 03:57:21,New Delhi,560027,Android
CUST_13587,Reyansh Kumar,reyansh.kumar69@hotmail.com,8709985010,2024-07-26 21:26:10,Hyderabad,560096,iOS
CUST_11904,Aarav Patel,aarav.patel60@gmail.com,8759869561,2024-08-28 15:01:37,Gurgaon,560058,iOS
CUST_10567,Kavita Bhat,updated_kavita.bhat68ATgmail.com,9747293045,2025-03-16 12:44:30,Gurgaon,560044,iOS
CUST_10637,Rohan Banerjee,rohan.banerjee66@gmail.com,8637080125,2025-04-27 00:45:30,Bangalore,560018,iOS
CUST_10248,Ananya Verma,ananya.verma81@gmail.com,9814904766,2024-04-30 19:12:13,blr,560014,Android
CUST_12406,Aadhya Deshmukh,aadhya.deshmukh77@gmail.com,8156352443,2024-05-11 17:04:02,Bangalore,,Web
CUST_13957,Reyansh Mehta,updated_reyansh.mehta82@yahoo.com,7422158567,2024-04-18 12:36:26,Mumbai,560047,Android
CUST_10696,Diya Chowdhury,diya.chowdhury92@hotmail.com,9054561591,2025-11-19 18:08:16,Bengaluru,560010,iOS
CUST_11622,Vikram Shah,vikram.shah97@outlook.com,08749751144,2024-06-30 23:30:37,Bangalore,560068,Android
CUST_11886,Pari Banerjee,pari.banerjee69@outlook.com,7654357856,2025-06-21 18:07:59,BANGALORE,560053,iOS
CUST_10612,Kavita Mishra,kavita.mishra58@hotmail.com,9993654706,2025-02-16 06:42:07,BANGALORE,560094,Android
CUST_11789,Amit Gupta,amit.gupta97@yahoo.com,+91-8619130590,2026-01-20 12:28:22,Bangalore,560030,Android
CUST_12228,Saanvi Nair,saanvi.nair81@yahoo.com,,2024-11-13 09:25:27,BANGALORE,560047,iOS
CUST_11308,Aadhya Bhat,updated_aadhya.bhat58@gmail.com,8705423669,2026-03-11 18:54:56,Bangalore,560070,iOS
CUST_11777,Diya Mehta,diya.mehta77@yahoo.com,08227662866,2025-02-12 23:12:28,Delhi,560012,iOS
CUST_10066,Navya Banerjee,navya.banerjee70@outlook.com,09643908317,2024-07-19 02:23:27,mumbai,560045,
CUST_10070,Pooja Chowdhury,pooja.chowdhury72@outlook.com,8981723564,2025-10-14 12:22:36,Gurgaon,560010,Android
CUST_13033,Navya Deshmukh,navya.deshmukh42@yahoo.com,8551799629,2025-04-25 16:01:32,Delhi,560063,Android
CUST_11178,Sai Kumar,sai.kumar85@gmail.com,07918055443,2025-02-25 05:48:15,Bangalore,560064,iOS
CUST_11245,Vivaan Verma,updated_vivaan.verma23@hotmail.com,7965163903,2025-11-07 20:53:37,blr,560017,iOS
CUST_10048,Ayaan Joshi,ayaan.joshi10@outlook.com,8860368831,2026-02-17 13:50:10,Gurugram,560089,Android
CUST_10830,Saanvi Mehta,saanvi.mehta15@hotmail.com,8658861672,2025-12-18 23:33:29,Bengaluru,560057,Android
CUST_11891,Kavita Gupta,kavita.gupta11@hotmail.com,7271874382,2026-07-01 15:01:02,Hyderabad,,iOS
CUST_14844,Rahul Nair,rahul.nair48@yahoo.com,8984386172,2026-07-01 05:39:54,Bangalore,560041,Android
CUST_12010,Neha Patel,neha.patel71@gmail.com,07165868910,2025-11-01 10:34:52,Gurugram,560098,Android
CUST_12994,Pooja Deshmukh,POOJA.DESHMUKH57@OUTLOOK.COM,INVALID_PHONE,2025-03-01 03:19:37,Gurgaon,560017,Android
CUST_13114,Kavita Nair,  kavita.nair29@gmail.com  ,08678536921,2026-07-12 12:52:51,Delhi,560076,Android
CUST_11998,Vihaan Das,vihaan.das85@gmail.com,+91-9710224808,2026-04-02 14:38:34,Bengaluru,560051,Android
CUST_12567,Vikram Das,vikram.das65@gmail.com,7156763871,2024-10-10 16:27:10,Hyderabad,,Android
CUST_11902,Vivaan Patel,  vivaan.patel68@yahoo.com  ,9667904464,2026-07-24 00:46:22,Delhi,560074,iOS
CUST_12089,Arjun Shah,arjun.shah17@hotmail.com,09938922490,2024-01-23 05:04:45,Hyderabad,560035,Android
CUST_14263,Pari Singh,pari.singh47@hotmail.com,INVALID_PHONE,2024-10-04 20:10:07,mumbai,560017,iOS
CUST_13759,Pooja Agarwal,pooja.agarwal73@outlook.com,+91-7829394933,2025-05-18 11:08:00,Mumbai,560038,Android
CUST_14191,Amit Verma,amit.verma65@gmail.com,09230405664,2026-01-31 10:20:11,New Delhi,560018,iOS
CUST_12612,Diya Reddy,diya.reddy91@gmail.com,8029578687,2025-04-03 15:37:20,Gurugram,560078,Android
CUST_12957,Vikram Rao,vikram.rao66@gmail.com,9289415569,2024-03-07 19:54:51,New Delhi,560069,Android
CUST_11089,Vivaan Mishra,vivaan.mishra97@yahoo.com,8037818321,2025-02-13 08:33:36,Bengaluru,560096,Android
CUST_12926,Saanvi Kulkarni,saanvi.kulkarni45@outlook.com,+91-8431683379,2024-09-06 14:07:45,Hyderabad,560065,Android
CUST_10433,Myra Agarwal,myra.agarwal86@hotmail.com,9279313937,2025-09-25 10:06:56,Mumbai,560004,Android
CUST_13538,Rahul Sharma,rahul.sharma95@gmail.com,7058452078,2024-01-14 05:58:37,blr,560063,Android
CUST_11083,Pooja Mishra,pooja.mishra60@outlook.com,+91-7082556073,2026-06-30 01:36:29,BANGALORE,560025,Web
CUST_11559,Angel Shah,  angel.shah72@gmail.com  ,8254817145,2024-05-30 14:39:09,Mumbai,560024,Android
CUST_12853,Diya Banerjee,diya.banerjee88@yahoo.com,08196737034,2025-02-26 05:11:06,Gurugram,560086,Android
CUST_14120,Arjun Sharma,arjun.sharma78@yahoo.com,7113068487,2024-02-28 10:50:26,Mumbai,560035,Android
CUST_11746,Vihaan Sharma,vihaan.sharma12@yahoo.com,7839674756,2024-04-15 09:47:20,mumbai,560092,Android
CUST_10922,Diya Joshi,diya.joshi60@outlook.com,,2025-01-01 02:27:29,blr,560081,Android
CUST_11201,Vivaan Sharma,updated_vivaan.sharma45@yahoo.com,+91-7561106432,2026-02-03 22:30:24,Bengaluru,560059,iOS
CUST_10944,Pooja Joshi,pooja.joshi33@yahoo.com,9328924226,2026-04-19 22:49:08,BANGALORE,560092,iOS
CUST_12823,Ishaan Kulkarni,ishaan.kulkarni92ATyahoo.com,7676949632,2026-08-16 09:54:33,Bangalore,560006,Android
CUST_14971,Sai Chowdhury,sai.chowdhury64@yahoo.com,7990595415,2025-01-11 19:38:43,Gurgaon,560070,iOS
CUST_10698,Arjun Mehta,arjun.mehta52@hotmail.com,,2025-04-29 13:32:53,Bangalore,560070,iOS
CUST_13003,Aadhya Nair,aadhya.nair90@hotmail.com,INVALID_PHONE,2026-01-18 18:23:15,BANGALORE,560075,Android
CUST_12489,Amit Bhat,amit.bhat14@outlook.com,9315308911,2025-09-09 10:40:21,Gurgaon,560001,Android
CUST_11588,Priya Banerjee,priya.banerjee60@gmail.com,9227250288,2024-06-16 08:48:00,New Delhi,560014,Android
CUST_13227,Aditya Deshmukh,aditya.deshmukh18@hotmail.com,9995201670,2024-10-15 13:21:22,mumbai,560081,Android
CUST_13328,Diya Sharma,diya.sharma38@hotmail.com,7579341449,2025-09-20 03:51:35,Hyderabad,,Android
CUST_13638,Avani Deshmukh,avani.deshmukh90@yahoo.com,9013083040,2026-07-20 21:57:17,blr,560012,iOS
CUST_10615,Ayaan Chowdhury,ayaan.chowdhury11@hotmail.com,7271354298,2024-11-27 19:27:29,Delhi,560075,Android
CUST_14919,Anika Kulkarni,updated_anika.kulkarni95@outlook.com,9389314398,2025-05-29 23:01:31,Gurugram,560051,Android
CUST_10367,Neha Singh,neha.singh45@outlook.com,9505936789,2024-10-17 07:26:29,New Delhi,560042,iOS
CUST_10143,Reyansh Mehta,reyansh.mehta56@yahoo.com,07930272163,2024-10-29 04:41:08,blr,560001,Android
CUST_14341,Vihaan Banerjee,vihaan.banerjee70@outlook.com,+91-7044761795,2026-08-26 22:25:13,New Delhi,560039,Android
CUST_11204,Krishna Mishra,krishna.mishra98@outlook.com,8700261102,2024-06-15 23:26:52,blr,560014,iOS
CUST_10056,Reyansh Banerjee,reyansh.banerjee26@yahoo.com,+91-7360837950,2024-11-19 15:03:38,Bengaluru,560042,iOS
CUST_11152,Ishaan Rao,ishaan.rao79@hotmail.com,9948046040,2025-11-24 05:41:20,Bangalore,560011,iOS
CUST_14707,Vikram Chowdhury,VIKRAM.CHOWDHURY16@GMAIL.COM,7614156814,2025-07-05 04:47:11,Bangalore,560005,Android
CUST_12218,Vihaan Banerjee,vihaan.banerjee85@outlook.com,+91-8246302080,2024-06-06 19:40:10,mumbai,560020,Android
CUST_12735,Sai Singh,sai.singh66@outlook.com,+91-9543803175,2025-10-09 01:26:42,New Delhi,560032,
CUST_14313,Aarav Das,aarav.das51@outlook.com,9664691681,2025-12-12 22:35:53,Bengaluru,560026,Android
CUST_14599,Amit Kulkarni,amit.kulkarni30@yahoo.com,9092566358,2024-06-10 21:52:06,Gurugram,560070,iOS
CUST_11160,Aarav Kulkarni,aarav.kulkarni90@gmail.com,9020546666,2026-05-10 14:29:21,BANGALORE,560063,iOS
CUST_10600,Diya Bhat,diya.bhat45@hotmail.com,7001822862,2024-06-20 20:21:04,mumbai,560064,Android
CUST_12490,Reyansh Sharma,reyansh.sharma29@yahoo.com,9958022716,2026-07-03 18:27:17,mumbai,560091,iOS
CUST_12012,Diya Chowdhury,diya.chowdhury19@hotmail.com,+91-8478297632,2025-02-17 15:26:06,Gurugram,560012,iOS
CUST_12615,Ayaan Mehta,ayaan.mehta78@outlook.com,8653779563,2025-09-12 04:08:18,blr,560099,Android
CUST_12474,Rohan Singh,rohan.singh26@hotmail.com,07078044326,2024-09-22 08:53:46,New Delhi,560081,
CUST_12945,Aarav Reddy,aarav.reddy36@hotmail.com,7550223254,2024-02-16 22:56:54,blr,560064,iOS
CUST_11093,Krishna Patel,krishna.patel23@gmail.com,9449316765,2025-09-24 06:03:31,blr,560074,Android
CUST_13188,Reyansh Shah,reyansh.shah47@gmail.com,07262818689,2024-11-21 18:29:53,Mumbai,560041,iOS
CUST_10220,Sai Das,sai.das25@hotmail.com,7253336466,2025-10-30 02:28:03,Bengaluru,560033,iOS
CUST_14996,Ananya Gupta,ananya.gupta91@gmail.com,+91-9632269225,2024-07-18 03:00:36,Gurgaon,560059,Android
CUST_10184,Reyansh Joshi,reyansh.joshi25@gmail.com,7109073907,2024-04-23 00:09:30,Bangalore,560015,Android
CUST_13711,Rohan Kulkarni,rohan.kulkarni40@gmail.com,+91-9783154964,2025-08-03 10:12:24,Gurgaon,,iOS
CUST_11882,Aditya Gupta,aditya.gupta85@outlook.com,+91-7319483688,2026-07-04 13:09:33,mumbai,560029,iOS
CUST_13626,Sneha Nair,SNEHA.NAIR98@YAHOO.COM,7343390851,2025-02-15 21:20:59,Gurugram,560040,Android
CUST_14710,Myra Sharma,updated_myra.sharma81@gmail.com,8794826544,2024-08-14 09:40:08,Delhi,560057,Android
CUST_14207,Rahul Shah,rahul.shah36@gmail.com,7501410432,2024-07-23 13:56:31,Bengaluru,560078,iOS
CUST_12350,Suresh Banerjee,suresh.banerjee61@gmail.com,7737296320,2024-02-10 12:38:10,Bangalore,560072,Android
CUST_13694,Avani Nair,AVANI.NAIR26@OUTLOOK.COM,07323978991,2025-04-05 19:03:35,blr,560061,iOS
CUST_14302,Ayaan Gupta,ayaan.gupta62ATgmail.com,8975725720,2024-08-02 12:25:29,Gurugram,560044,iOS
CUST_14071,Diya Mehta,DIYA.MEHTA66@YAHOO.COM,8239594228,2026-08-16 14:35:07,mumbai,560083,iOS
CUST_13377,Reyansh Bhat,  reyansh.bhat29@hotmail.com  ,9319910239,2024-04-08 23:28:36,Bengaluru,560029,Android
CUST_14210,Rahul Kumar,rahul.kumar71@gmail.com,INVALID_PHONE,2024-05-10 17:41:12,blr,560021,iOS
CUST_11605,Ananya Das,ananya.das51@outlook.com,9271028427,2024-08-22 23:25:08,blr,560006,Android
CUST_10592,Aadhya Banerjee,aadhya.banerjee60@yahoo.com,+91-7317196446,2024-08-24 08:09:07,Bengaluru,560085,iOS
CUST_12685,Rahul Mehta,updated_rahul.mehta32@yahoo.com,8670456836,2024-12-17 11:44:52,BANGALORE,560075,Android
CUST_11242,Navya Das,  navya.das17@hotmail.com  ,8853214726,2026-02-18 08:32:27,Hyderabad,560024,Android
CUST_13665,Vikram Mehta,vikram.mehta64@gmail.com,9799054080,2024-06-16 04:07:26,blr,560017,Android
CUST_11028,Saanvi Reddy,saanvi.reddy20@hotmail.com,8912055932,2024-09-13 09:47:38,Delhi,560096,Android
CUST_10271,Reyansh Nair,reyansh.nair17@hotmail.com,8121149354,2024-07-19 07:04:01,BANGALORE,560039,
CUST_13925,Vikram Sharma,vikram.sharma95@hotmail.com,9495053735,2024-02-18 21:42:35,Gurgaon,560040,Android
CUST_13162,Neha Nair,neha.nair61@hotmail.com,9041719584,2025-11-18 00:03:10,Gurgaon,560098,Android
CUST_10819,Angel Joshi,angel.joshi68@outlook.com,07520234731,2026-01-09 09:55:59,Hyderabad,560048,
CUST_10538,Pari Gupta,  pari.gupta36@outlook.com  ,8286581803,2024-12-09 21:22:43,Gurugram,560095,Android
CUST_10459,Neha Mehta,updated_  neha.mehta32@yahoo.com  ,7107088054,2026-07-23 01:23:32,Bangalore,560079,Android
CUST_11360,Rohan Verma,ROHAN.VERMA20@GMAIL.COM,+91-8578347420,2024-01-06 06:15:20,Gurugram,560073,iOS
CUST_14749,Krishna Mehta,updated_krishna.mehta45@hotmail.com,9902921301,2025-04-08 21:52:40,Bangalore,560010,
CUST_14330,Navya Kulkarni,navya.kulkarni74@yahoo.com,9070308145,2026-06-22 15:54:54,blr,560025,Web
CUST_10692,Ishaan Das,ishaan.das52@yahoo.com,+91-9900252040,2024-02-12 16:04:25,Gurugram,560011,iOS
CUST_14905,Saanvi Shah,saanvi.shah81@outlook.com,07215044033,2025-04-09 07:13:48,blr,560100,Android
CUST_12341,Vivaan Deshmukh,vivaan.deshmukh58@yahoo.com,,2024-08-17 12:29:14,Bangalore,560064,iOS
CUST_13364,Pari Rao,pari.rao76@gmail.com,8713245966,2024-07-14 10:09:49,Mumbai,560001,iOS
CUST_11663,Vihaan Gupta,vihaan.gupta44@yahoo.com,08753598535,2024-05-14 15:12:33,Gurgaon,560094,Android
CUST_14675,Priya Mehta,PRIYA.MEHTA76@GMAIL.COM,09933511057,2026-02-23 10:07:13,Delhi,560063,Android
CUST_12310,Reyansh Kumar,reyansh.kumar58@gmail.com,,2026-01-16 19:37:34,blr,560079,Android
CUST_10528,Suresh Kumar,suresh.kumar84@gmail.com,8001319310,2025-02-08 06:58:50,Mumbai,560059,
CUST_13467,Avani Rao,avani.rao32@hotmail.com,7078919952,2024-02-11 07:20:26,blr,560036,Android
CUST_12369,Vikram Shah,vikram.shah49@yahoo.com,07619440350,2025-10-02 05:46:49,Mumbai,560013,
CUST_14377,Suresh Bhat,suresh.bhat40@gmail.com,9236623655,2025-10-24 20:12:43,mumbai,560084,Android
CUST_13455,Saanvi Shah,saanvi.shah88@gmail.com,7409895296,2024-01-18 08:10:33,Bangalore,560094,iOS
CUST_10095,Vihaan Kulkarni,vihaan.kulkarni74@yahoo.com,INVALID_PHONE,2024-08-29 14:24:27,blr,560022,Android
CUST_12631,Vikram Bhat,  vikram.bhat12@yahoo.com  ,8666248695,2025-12-30 06:46:26,mumbai,560066,Android
CUST_13034,Pooja Joshi,pooja.joshi94@hotmail.com,7795048055,2025-12-10 00:27:21,mumbai,560066,iOS
CUST_10148,Pari Mehta,pari.mehta76@hotmail.com,+91-8830730164,2024-03-03 03:41:13,Mumbai,560060,iOS
CUST_11440,Vikram Bhat,vikram.bhat97@outlook.com,09729158419,2026-06-13 16:48:46,Delhi,560028,iOS
CUST_10186,Ananya Kumar,updated_ananya.kumar67@hotmail.com,7184146454,2026-01-28 07:31:05,Bengaluru,560042,iOS
CUST_14579,Amit Sharma,amit.sharma88@gmail.com,+91-7373717412,2025-01-09 20:53:03,Bengaluru,560004,iOS
CUST_14834,Rohan Joshi,updated_rohan.joshi65@gmail.com,9070079016,2024-12-02 11:41:07,Delhi,560081,Android
CUST_10303,Diya Gupta,diya.gupta86@hotmail.com,7173678976,2025-02-13 22:35:18,mumbai,560089,Android
CUST_14162,Diya Verma,diya.verma42@outlook.com,+91-9642003870,2026-07-20 03:15:00,Mumbai,560042,iOS
CUST_11765,Saanvi Banerjee,saanvi.banerjee52@outlook.com,9567242232,2025-08-21 17:45:48,BANGALORE,560079,iOS
CUST_10325,Pooja Das,pooja.das62@outlook.com,7494651996,2024-07-07 00:28:13,blr,560088,Android
CUST_14536,Sneha Gupta,sneha.gupta44@hotmail.com,+91-7944686605,2024-06-19 20:58:14,blr,,iOS
CUST_14597,Vihaan Bhat,vihaan.bhat95@hotmail.com,7909014479,2025-11-08 01:34:11,Hyderabad,560020,Android
CUST_14942,Avani Nair,AVANI.NAIR73@OUTLOOK.COM,8245962508,2024-09-26 15:46:16,New Delhi,560049,Android
CUST_11487,Ayaan Verma,ayaan.verma57@yahoo.com,9284837988,2025-02-10 05:44:31,BANGALORE,560001,Android
CUST_13348,Pooja Das,POOJA.DAS42@GMAIL.COM,8936771743,2025-01-30 12:33:16,Mumbai,560004,iOS
CUST_14000,Angel Sharma,angel.sharma34@hotmail.com,7974191887,2026-07-06 11:55:14,mumbai,560030,iOS
CUST_10465,Diya Patel,diya.patel49AToutlook.com,INVALID_PHONE,2025-06-15 12:29:48,Bengaluru,560019,Android
CUST_11278,Arjun Joshi,arjun.joshi45ATyahoo.com,8034595927,2024-03-25 04:05:25,BANGALORE,560023,Android
CUST_11197,Arjun Singh,arjun.singh88@hotmail.com,+91-8885089875,2024-01-27 02:36:07,Delhi,560047,
CUST_14209,Aadhya Banerjee,aadhya.banerjee14@hotmail.com,09567122853,2025-12-21 21:42:01,Hyderabad,560065,Android
CUST_12787,Reyansh Mishra,reyansh.mishra45@gmail.com,9247623152,2026-02-10 13:29:43,New Delhi,560065,Android
CUST_13837,Aarav Shah,updated_aarav.shah39@hotmail.com,INVALID_PHONE,2024-09-16 03:15:35,blr,560100,iOS
CUST_12639,Amit Agarwal,updated_amit.agarwal45@yahoo.com,9250062479,2025-12-15 02:02:08,BANGALORE,560063,Android
CUST_14131,Aarav Deshmukh,aarav.deshmukh69@yahoo.com,,2026-04-21 21:34:49,BANGALORE,560081,iOS
CUST_12280,Saanvi Singh,saanvi.singh37@yahoo.com,9198891349,2025-11-13 12:30:06,Delhi,560079,Android
CUST_13081,Aditya Bhat,aditya.bhat91@yahoo.com,8840680724,2025-02-06 12:53:43,Mumbai,560036,Android
CUST_10356,Aarav Kulkarni,aarav.kulkarni34@gmail.com,7578249720,2024-12-21 09:16:14,Bengaluru,560042,iOS
CUST_12531,Navya Agarwal,navya.agarwal54@outlook.com,+91-8844186886,2025-05-08 22:00:10,BANGALORE,,Android
CUST_13420,Rahul Chowdhury,rahul.chowdhury62@yahoo.com,+91-9472177752,2026-04-16 10:38:54,Gurgaon,560009,Android
CUST_10111,Rahul Rao,updated_rahul.rao81@gmail.com,9075769888,2024-02-28 06:09:51,New Delhi,560094,iOS
CUST_14003,Myra Joshi,myra.joshi84@yahoo.com,8906834870,2025-03-05 14:52:41,Gurugram,560006,Android
CUST_11646,Avani Deshmukh,avani.deshmukh60@hotmail.com,08368105846,2026-05-05 22:15:43,Gurgaon,560047,Android
CUST_12320,Pooja Agarwal,pooja.agarwal90@gmail.com,7796811652,2026-01-21 11:51:12,BANGALORE,560049,Android
CUST_13319,Neha Mehta,neha.mehta16@hotmail.com,7991369003,2024-11-30 22:16:35,Gurgaon,560017,
CUST_12019,Vivaan Banerjee,vivaan.banerjee77@hotmail.com,,2026-01-02 00:14:24,BANGALORE,560067,Android
CUST_12179,Sai Banerjee,sai.banerjee32@yahoo.com,7085792768,2025-06-02 01:50:36,Delhi,560046,Android
CUST_13688,Sai Verma,sai.verma92@hotmail.com,8055938739,2025-03-22 09:01:32,mumbai,560073,Android
CUST_10567,Kavita Bhat,kavita.bhat68ATgmail.com,9747293045,2025-03-16 12:44:30,Gurgaon,560044,iOS
CUST_14964,Sai Singh,sai.singh79@gmail.com,+91-9556315782,2025-09-24 20:05:13,Bengaluru,560066,iOS
CUST_10845,Myra Deshmukh,myra.deshmukh41@yahoo.com,,2026-07-21 16:39:33,Delhi,560091,Android
CUST_13510,Priya Chowdhury,priya.chowdhury52@gmail.com,,2025-03-04 10:49:16,Bengaluru,560094,Android
CUST_14111,Reyansh Agarwal,reyansh.agarwal46AToutlook.com,8532032811,2025-08-15 21:28:46,blr,560089,iOS
CUST_12430,Rohan Banerjee,rohan.banerjee92@outlook.com,09111697884,2024-11-11 10:39:46,Bengaluru,560051,Android
CUST_14486,Aadhya Singh,aadhya.singh26@gmail.com,8414884090,2026-08-04 22:01:01,Gurgaon,560034,iOS
CUST_11945,Kavita Mishra,kavita.mishra74@hotmail.com,+91-8984461015,2025-09-04 04:25:00,Bengaluru,560063,Web
CUST_10814,Aditya Chowdhury,updated_aditya.chowdhury50@yahoo.com,9433447929,2026-08-19 17:24:12,Gurugram,560058,iOS
CUST_11529,Avani Verma,avani.verma90@outlook.com,8492753399,2026-08-11 17:40:54,Bengaluru,560018,iOS
CUST_10324,Pari Kumar,pari.kumar96@yahoo.com,7399127970,2026-03-09 06:07:33,mumbai,560018,iOS
CUST_12570,Saanvi Joshi,saanvi.joshi64@yahoo.com,9076069630,2024-08-01 22:23:47,New Delhi,560063,Android
CUST_10722,Diya Agarwal,diya.agarwal44@outlook.com,08079018276,2026-03-03 00:29:22,blr,560050,Android
CUST_12196,Rahul Deshmukh,updated_rahul.deshmukh13@hotmail.com,07299268128,2024-06-03 16:51:04,blr,560032,Android
CUST_10975,Aarav Kulkarni,aarav.kulkarni20@hotmail.com,,2026-03-01 01:43:42,Gurugram,560067,iOS
CUST_12306,Reyansh Mishra,REYANSH.MISHRA38@OUTLOOK.COM,8031642654,2025-10-14 03:01:28,blr,560073,Android
CUST_12514,Amit Mehta,updated_amit.mehta88@outlook.com,8232074467,2025-09-29 07:38:17,mumbai,560049,Android
CUST_13086,Krishna Das,krishna.das76@outlook.com,9123493064,2026-05-18 04:51:30,blr,560035,Android
CUST_11756,Arjun Kulkarni,arjun.kulkarni28@gmail.com,8621449614,2024-02-01 18:12:36,Gurgaon,560060,Android
CUST_12419,Diya Nair,diya.nair88@yahoo.com,+91-7847742755,2025-02-06 17:34:17,Bangalore,560071,Android
CUST_13557,Angel Gupta,angel.gupta99@gmail.com,+91-7708277937,2025-03-25 02:29:30,mumbai,560008,Android
CUST_14455,Pooja Das,pooja.das56@outlook.com,+91-7636012605,2024-11-09 11:54:05,Mumbai,560088,Android
CUST_13610,Avani Nair,avani.nair30@outlook.com,8817460287,2025-11-11 23:05:33,Hyderabad,560001,Web
CUST_13283,Avani Das,avani.das97@yahoo.com,08086977918,2025-07-26 15:09:41,New Delhi,560068,Android
CUST_11138,Ananya Mehta,ananya.mehta42@outlook.com,+91-8984033275,2024-10-27 10:36:01,blr,560032,iOS
CUST_10541,Neha Joshi,neha.joshi83@yahoo.com,+91-7677878898,2024-08-07 09:19:41,blr,560037,iOS
CUST_10110,Amit Mishra,amit.mishra40@yahoo.com,8451217641,2026-05-03 18:49:28,Delhi,560009,Android
CUST_12526,Priya Patel,priya.patel48@yahoo.com,9693574591,2024-05-13 11:09:09,Hyderabad,560071,iOS
CUST_14374,Ishaan Mishra,ishaan.mishra49@gmail.com,8303329770,2024-05-17 03:59:57,Gurgaon,560011,Android
CUST_13815,Sneha Gupta,sneha.gupta62@yahoo.com,+91-9200278068,2024-11-01 21:31:56,Gurgaon,560064,iOS
CUST_12596,Neha Shah,neha.shah29@gmail.com,7278197378,2024-05-06 10:48:42,Hyderabad,560014,Android
CUST_13506,Aditya Nair,updated_aditya.nair65@hotmail.com,8625955742,2026-04-18 14:05:09,Hyderabad,560034,Android
CUST_10158,Aarav Deshmukh,aarav.deshmukh90@hotmail.com,9249364559,2025-02-13 03:53:02,Gurugram,560076,Web
CUST_12452,Ayaan Rao,ayaan.rao18@yahoo.com,9478924840,2026-03-10 05:30:24,Bengaluru,560023,Android
CUST_11237,Anika Bhat,anika.bhat27@outlook.com,8690999016,2024-11-18 01:39:05,Bangalore,560035,iOS
CUST_12082,Ayaan Rao,ayaan.rao39@yahoo.com,9173371986,2025-04-18 20:21:39,Mumbai,560065,Android
CUST_12060,Aarav Reddy,aarav.reddy20@yahoo.com,8109503262,2024-03-27 12:12:14,Gurgaon,560052,iOS
CUST_10881,Ananya Mehta,ananya.mehta86AThotmail.com,9836447234,2025-06-01 02:27:46,Gurugram,560020,Android
CUST_13307,Suresh Deshmukh,  suresh.deshmukh58@gmail.com  ,7339986121,2024-03-05 02:26:54,mumbai,560064,Android
CUST_10276,Saanvi Chowdhury,SAANVI.CHOWDHURY62@HOTMAIL.COM,9500812543,2026-05-17 00:48:06,mumbai,560075,Android
CUST_10666,Priya Mehta,priya.mehta15@gmail.com,INVALID_PHONE,2024-02-22 05:12:15,Gurugram,560017,Android
CUST_14959,Anika Patel,anika.patel21@yahoo.com,7932310386,2026-08-02 23:15:21,mumbai,560050,Android
CUST_14883,Avani Nair,avani.nair13@outlook.com,9709681203,2024-07-01 04:11:11,Hyderabad,560047,Android
CUST_10133,Reyansh Patel,REYANSH.PATEL22@YAHOO.COM,7486176930,2025-04-21 09:09:02,Bengaluru,560056,Android
CUST_14802,Reyansh Kumar,reyansh.kumar53@gmail.com,+91-9612192326,2026-08-11 03:39:12,Hyderabad,560013,Android
CUST_12487,Neha Kulkarni,updated_neha.kulkarni54@outlook.com,+91-9765797523,2025-10-17 10:31:08,mumbai,560029,Android
CUST_14179,Sai Shah,sai.shah11@gmail.com,9986611145,2025-10-15 02:24:19,Delhi,560032,Android
CUST_10408,Kavita Agarwal,kavita.agarwal23@gmail.com,INVALID_PHONE,2024-01-28 06:39:32,Gurgaon,560030,Android
CUST_11832,Aditya Shah,aditya.shah64@outlook.com,+91-9964287698,2024-06-30 00:07:46,blr,560033,Android
CUST_10730,Vihaan Patel,vihaan.patel64@gmail.com,7750882381,2026-06-14 06:50:28,Gurgaon,560062,Android
CUST_13327,Rohan Chowdhury,  rohan.chowdhury68@yahoo.com  ,9862926938,2025-10-26 23:38:58,mumbai,560090,iOS
CUST_12058,Arjun Sharma,ARJUN.SHARMA26@GMAIL.COM,9734743433,2025-03-19 20:14:09,mumbai,560009,Android
CUST_12827,Vivaan Sharma,vivaan.sharma73@yahoo.com,9377088151,2024-05-05 20:47:00,Gurgaon,560026,Android
CUST_10658,Avani Reddy,avani.reddy51@yahoo.com,+91-9210481302,2026-02-01 09:43:01,Gurgaon,560031,Web
CUST_10818,Myra Mehta,updated_myra.mehta22@gmail.com,7910924450,2026-07-08 20:02:03,Gurgaon,560056,Android
CUST_13765,Rahul Rao,rahul.rao19@gmail.com,9164731039,2026-07-17 00:25:55,Gurugram,560094,iOS
CUST_14919,Anika Kulkarni,anika.kulkarni95@outlook.com,9389314398,2025-05-29 23:01:31,Gurugram,560051,Android
CUST_12764,Amit Agarwal,amit.agarwal96@hotmail.com,9885010904,2026-08-28 21:10:54,Hyderabad,560022,iOS
CUST_10544,Ayaan Shah,AYAAN.SHAH53@YAHOO.COM,INVALID_PHONE,2026-05-30 20:48:26,Gurugram,560088,Android
CUST_12537,Suresh Bhat,suresh.bhat20@yahoo.com,8799427715,2024-05-03 17:20:45,Mumbai,560095,Android
CUST_10427,Suresh Shah,suresh.shah64@hotmail.com,7839604919,2025-11-18 14:04:52,mumbai,560057,iOS
CUST_14716,Diya Banerjee,diya.banerjee58@yahoo.com,8156595547,2026-06-24 05:19:27,Mumbai,560082,iOS
CUST_12991,Rahul Bhat,updated_rahul.bhat14@gmail.com,7712660304,2026-03-29 17:07:12,Delhi,560039,Android
CUST_12215,Avani Joshi,avani.joshi34@gmail.com,9439970171,2025-10-09 10:47:50,mumbai,560058,iOS
CUST_14631,Myra Nair,myra.nair58AToutlook.com,8460208715,2024-05-05 02:04:43,Delhi,560044,Android
CUST_13045,Aditya Agarwal,aditya.agarwal40@yahoo.com,07024863653,2024-10-05 14:52:24,Hyderabad,560033,Android
CUST_11647,Amit Joshi,amit.joshi99@outlook.com,+91-7980888448,2025-11-04 13:23:58,New Delhi,560064,iOS
CUST_11482,Ayaan Mishra,ayaan.mishra55@hotmail.com,+91-9841689479,2026-06-05 03:03:46,Mumbai,560016,Android
CUST_12335,Myra Agarwal,myra.agarwal79@outlook.com,8015526552,2026-08-18 22:41:56,Gurugram,560035,Android
CUST_11872,Krishna Kumar,updated_krishna.kumar88@outlook.com,8655128053,2026-02-10 08:49:09,New Delhi,,Android
CUST_10354,Kavita Shah,kavita.shah43@yahoo.com,8448072365,2024-10-21 23:40:07,Bengaluru,560087,Android
CUST_12943,Myra Singh,myra.singh83@yahoo.com,7428957974,2024-08-24 17:30:15,Bangalore,560041,Android
CUST_11596,Suresh Chowdhury,updated_suresh.chowdhury64@yahoo.com,8307330788,2025-05-25 02:07:19,Gurgaon,560095,Android
CUST_10949,Pari Bhat,pari.bhat93ATyahoo.com,7253411069,2024-05-22 05:34:43,Bangalore,560049,Android
CUST_10786,Kavita Deshmukh,kavita.deshmukh32@hotmail.com,,2025-10-12 04:15:47,blr,560031,Android
CUST_13279,Kavita Gupta,updated_kavita.gupta89@gmail.com,08136287738,2025-08-12 04:37:58,Bengaluru,560062,iOS
CUST_13650,Angel Deshmukh,angel.deshmukh45@yahoo.com,9592890617,2025-12-19 04:14:04,mumbai,560002,Android
CUST_10369,Sneha Kumar,sneha.kumar50@gmail.com,7982960117,2026-03-22 16:46:45,Delhi,560007,Android
CUST_13693,Reyansh Sharma,reyansh.sharma75@gmail.com,9005157584,2025-11-18 18:45:26,Gurugram,560037,iOS
CUST_12548,Suresh Shah,suresh.shah69ATyahoo.com,7700860908,2025-02-06 08:13:09,New Delhi,560015,Android
CUST_13440,Aarav Verma,aarav.verma16@yahoo.com,7327346662,2026-04-26 04:27:19,blr,560019,Android
CUST_10642,Ayaan Gupta,ayaan.gupta35@gmail.com,7211744170,2024-05-27 16:30:37,mumbai,560090,Android
CUST_10717,Myra Deshmukh,myra.deshmukh64@yahoo.com,8754703227,2024-03-10 22:43:57,blr,560027,iOS
CUST_13695,Aarav Das,aarav.das18@gmail.com,9174250013,2024-01-18 03:29:59,mumbai,560091,Android
CUST_13469,Ananya Gupta,ananya.gupta81@yahoo.com,9344758807,2024-11-20 19:07:02,Gurugram,560085,Android
CUST_12851,Avani Gupta,avani.gupta34AToutlook.com,7961543353,2025-12-17 10:08:57,BANGALORE,560038,
CUST_13536,Angel Banerjee,updated_angel.banerjee29@outlook.com,9474837536,2024-09-24 07:39:27,blr,560064,Android
CUST_10142,Ayaan Mishra,ayaan.mishra57AToutlook.com,+91-8407744889,2025-11-10 23:42:42,Hyderabad,560032,iOS
CUST_12398,Navya Sharma,navya.sharma75@outlook.com,8226366784,2025-05-05 19:11:04,Delhi,560068,iOS
CUST_14681,Anika Shah,anika.shah69@gmail.com,7130282943,2024-04-13 06:21:06,Hyderabad,560096,iOS
CUST_14064,Krishna Shah,  krishna.shah29@outlook.com  ,9867519138,2025-10-15 11:45:27,Bengaluru,560045,Android
CUST_14781,Pooja Sharma,pooja.sharma36@gmail.com,9478527147,2025-10-30 11:49:11,Delhi,560005,iOS
CUST_11858,Sai Agarwal,sai.agarwal10@outlook.com,INVALID_PHONE,2025-08-27 23:23:59,mumbai,560053,iOS
CUST_13247,Anika Mehta,anika.mehta61@outlook.com,7182670484,2025-05-18 15:48:34,Gurgaon,560034,Android
CUST_13723,Sai Das,sai.das80@gmail.com,8733191103,2025-08-06 17:42:04,Gurugram,560033,Android
CUST_14343,Kavita Mishra,kavita.mishra50@yahoo.com,9535383041,2024-06-15 04:44:36,Gurgaon,560056,Android
CUST_13738,Avani Verma,avani.verma87@hotmail.com,8352889193,2025-04-27 10:06:38,New Delhi,560006,iOS
CUST_12804,Aadhya Joshi,updated_aadhya.joshi80@hotmail.com,8990173593,2024-09-23 22:18:18,Bengaluru,560072,Android
CUST_13355,Angel Banerjee,angel.banerjee33@hotmail.com,8060940014,2025-03-18 06:49:37,Hyderabad,560002,iOS
CUST_10521,Sneha Nair,sneha.nair42@hotmail.com,9841062213,2026-04-05 17:27:39,blr,560081,Android
CUST_14030,Anika Singh,anika.singh15@gmail.com,09186327152,2025-04-26 06:03:14,BANGALORE,560007,Android
CUST_14835,Vikram Chowdhury,vikram.chowdhury72@outlook.com,,2025-10-13 03:38:38,Bengaluru,560096,Android
CUST_10771,Aarav Singh,aarav.singh98@hotmail.com,+91-8702263149,2024-12-08 12:38:44,Gurgaon,560068,Android
CUST_14864,Kavita Kumar,KAVITA.KUMAR21@HOTMAIL.COM,+91-9152906837,2026-01-09 00:34:51,New Delhi,560004,Android
CUST_11868,Krishna Bhat,  krishna.bhat25@hotmail.com  ,8048253859,2026-07-14 11:38:32,Mumbai,560033,Web
CUST_14008,Neha Rao,neha.rao57@yahoo.com,8934170863,2024-08-31 22:31:16,mumbai,560059,iOS
CUST_14620,Ananya Deshmukh,ananya.deshmukh65@yahoo.com,8223480800,2026-01-26 08:45:25,New Delhi,560017,iOS
CUST_14722,Suresh Mehta,suresh.mehta89@hotmail.com,INVALID_PHONE,2024-03-22 10:37:28,Hyderabad,560019,Android
CUST_14744,Sai Sharma,sai.sharma45@hotmail.com,9234328013,2024-12-14 13:36:21,BANGALORE,560050,iOS
CUST_11057,Myra Chowdhury,myra.chowdhury17@hotmail.com,9765586586,2025-06-23 07:32:32,blr,560055,iOS
CUST_10951,Sai Kulkarni,sai.kulkarni14@gmail.com,7004405322,2025-04-28 09:29:29,Gurgaon,560004,Android
CUST_14582,Ishaan Singh,updated_ishaan.singh15@outlook.com,8542677522,2025-11-19 13:27:42,New Delhi,560026,Android
CUST_10665,Vikram Rao,vikram.rao93@hotmail.com,INVALID_PHONE,2024-07-18 17:02:18,Bengaluru,560005,Android
CUST_11141,Rahul Das,RAHUL.DAS22@GMAIL.COM,+91-8910906833,2024-03-03 22:23:30,Gurugram,560028,Android
CUST_10872,Ananya Agarwal,ananya.agarwal96@yahoo.com,+91-9294783128,2024-05-16 18:38:48,Bangalore,560047,Android
CUST_11438,Rahul Shah,rahul.shah37@gmail.com,09817883872,2024-08-18 07:11:30,Gurgaon,560078,iOS
CUST_14015,Pooja Agarwal,pooja.agarwal58@outlook.com,9031642851,2025-05-11 01:26:25,mumbai,,Android
CUST_14231,Pooja Kumar,pooja.kumar69@yahoo.com,8736387387,2026-08-01 09:50:48,blr,,Android
CUST_10306,Ayaan Mishra,ayaan.mishra84@hotmail.com,9772001298,2024-12-24 02:44:11,mumbai,560060,iOS
CUST_10910,Reyansh Kulkarni,reyansh.kulkarni56@gmail.com,+91-9543568204,2024-06-22 23:47:19,BANGALORE,560049,Android
CUST_11753,Saanvi Deshmukh,  saanvi.deshmukh15@gmail.com  ,+91-8995548904,2024-07-07 09:49:21,mumbai,560076,iOS
CUST_13492,Diya Gupta,diya.gupta95@yahoo.com,INVALID_PHONE,2025-01-26 10:21:20,blr,560054,Android
CUST_10002,Ayaan Reddy,ayaan.reddy59@outlook.com,9949694358,2024-08-16 08:25:49,Hyderabad,560020,iOS
CUST_14798,Diya Shah,updated_diya.shah25@hotmail.com,8364773766,2025-08-30 02:50:14,Gurgaon,560009,iOS
CUST_12276,Vikram Nair,vikram.nair30@outlook.com,9245054339,2026-02-25 22:54:36,Bengaluru,560031,Android
CUST_11296,Neha Verma,neha.verma10@yahoo.com,7273083209,2025-09-08 01:56:22,mumbai,560082,Android
CUST_12538,Reyansh Kulkarni,reyansh.kulkarni40@yahoo.com,9723065473,2026-05-12 22:36:10,blr,560026,iOS
CUST_11551,Pooja Banerjee,updated_pooja.banerjee23@yahoo.com,9637460052,2025-02-19 04:50:39,Gurugram,,iOS
CUST_13095,Krishna Gupta,krishna.gupta71@yahoo.com,,2024-04-12 06:58:15,New Delhi,560030,iOS
CUST_11924,Aarav Sharma,aarav.sharma57@gmail.com,9882620885,2026-04-05 08:06:31,Bengaluru,560060,Android
CUST_13718,Vivaan Patel,vivaan.patel51@outlook.com,7059242198,2026-01-27 12:48:49,Bangalore,560051,Android
CUST_14916,Vihaan Mehta,vihaan.mehta13ATyahoo.com,7897368588,2025-04-17 20:58:48,Hyderabad,560047,Android
CUST_10364,Anika Sharma,anika.sharma73@hotmail.com,+91-7921777997,2025-03-07 18:18:56,blr,560072,Android
CUST_11351,Aadhya Joshi,aadhya.joshi13@yahoo.com,7567179984,2024-06-07 14:22:26,Hyderabad,560069,iOS
CUST_13178,Vivaan Mishra,vivaan.mishra84@hotmail.com,,2026-04-09 00:57:19,Gurugram,560045,Android
CUST_11284,Navya Bhat,updated_navya.bhat98@outlook.com,8676773715,2024-08-01 13:02:39,Hyderabad,560092,iOS
CUST_10092,Sneha Sharma,sneha.sharma46@yahoo.com,INVALID_PHONE,2026-02-15 15:04:30,blr,560006,Android
CUST_10866,Vihaan Kulkarni,vihaan.kulkarni26@hotmail.com,INVALID_PHONE,2026-07-08 06:00:21,BANGALORE,560099,Web
CUST_13344,Pooja Patel,pooja.patel62@gmail.com,08377036370,2024-08-05 10:34:00,BANGALORE,560080,Android
CUST_14301,Pari Banerjee,pari.banerjee71@outlook.com,07821433631,2025-10-03 00:29:05,Hyderabad,560029,Android
CUST_14370,Sneha Kumar,SNEHA.KUMAR63@YAHOO.COM,07580815243,2024-01-21 01:38:30,Bangalore,560069,iOS
CUST_13533,Reyansh Mishra,reyansh.mishra21@gmail.com,8753094270,2026-08-09 18:55:14,Gurugram,560010,
CUST_12449,Priya Joshi,priya.joshi76@gmail.com,+91-9123741586,2025-01-31 16:36:40,mumbai,560055,iOS
CUST_11185,Sneha Reddy,sneha.reddy15@yahoo.com,07565557395,2025-08-01 02:05:35,BANGALORE,560044,iOS
CUST_14900,Aadhya Kumar,aadhya.kumar21@outlook.com,8109702414,2025-06-10 01:33:54,Bangalore,560047,Android
CUST_14632,Amit Deshmukh,updated_amit.deshmukh21@gmail.com,+91-7759329361,2024-05-29 15:16:18,Bangalore,560003,Android
CUST_12264,Arjun Verma,arjun.verma62@yahoo.com,+91-8018463361,2025-12-21 12:20:53,Bangalore,560077,Android
CUST_10260,Ananya Mehta,ananya.mehta53@outlook.com,07715386206,2024-08-06 00:35:43,Gurugram,560099,iOS
CUST_14654,Reyansh Rao,reyansh.rao51@outlook.com,8221848984,2024-10-19 06:12:10,BANGALORE,560086,Android
CUST_11660,Rahul Kumar,rahul.kumar48@gmail.com,7463028098,2024-01-10 17:48:24,Hyderabad,560008,Android
CUST_13914,Vihaan Das,vihaan.das27@yahoo.com,9158594334,2025-12-20 12:58:02,Bangalore,560082,Android
CUST_11196,Myra Shah,myra.shah27@outlook.com,+91-7563502062,2026-03-09 10:48:07,Delhi,560019,iOS
CUST_11091,Kavita Verma,  kavita.verma74@outlook.com  ,INVALID_PHONE,2025-05-03 01:43:07,Gurugram,,Android
CUST_13424,Navya Joshi,navya.joshi63@outlook.com,9507524932,2024-02-08 18:33:03,Bengaluru,560076,Android
CUST_14649,Avani Agarwal,avani.agarwal38@gmail.com,09937565862,2026-07-26 22:54:53,BANGALORE,560072,iOS
CUST_12209,Neha Rao,neha.rao74@hotmail.com,8847702690,2025-10-15 16:26:01,Mumbai,560054,Android
CUST_10833,Myra Reddy,myra.reddy61@gmail.com,08648047203,2025-06-27 00:23:19,blr,560072,Android
CUST_10769,Saanvi Reddy,saanvi.reddy64@yahoo.com,+91-9724594931,2024-07-05 15:44:15,Mumbai,560037,Android
CUST_11252,Neha Kulkarni,neha.kulkarni38@outlook.com,+91-7630750545,2026-02-02 04:25:18,Gurugram,,iOS
CUST_12920,Ananya Deshmukh,ananya.deshmukh81@gmail.com,+91-9423781647,2026-05-27 13:18:47,Mumbai,560094,Android
CUST_11469,Neha Reddy,neha.reddy14@yahoo.com,INVALID_PHONE,2024-05-09 22:58:55,Delhi,560055,Android
CUST_12654,Reyansh Patel,reyansh.patel85@outlook.com,+91-7118070264,2026-05-23 20:27:59,New Delhi,560057,iOS
CUST_10898,Aditya Chowdhury,ADITYA.CHOWDHURY77@HOTMAIL.COM,7597860324,2025-07-02 15:59:48,mumbai,560015,Android
CUST_11903,Rohan Das,updated_rohan.das45@hotmail.com,+91-9605751511,2024-04-02 08:29:17,Hyderabad,560086,iOS
CUST_11404,Rohan Kulkarni,updated_rohan.kulkarni62@yahoo.com,8671128657,2025-08-06 22:22:38,Gurgaon,560026,Android
CUST_10532,Sneha Rao,sneha.rao70@yahoo.com,7265061664,2025-07-08 12:16:51,Gurugram,560077,
CUST_12417,Ishaan Patel,ishaan.patel95@hotmail.com,7865865449,2024-12-29 23:01:14,Gurgaon,560077,Android
CUST_14041,Reyansh Shah,reyansh.shah38@hotmail.com,+91-8490179603,2025-09-08 11:17:30,Gurgaon,560032,iOS
CUST_14676,Myra Banerjee,myra.banerjee29ATyahoo.com,8471019923,2024-12-23 03:21:21,New Delhi,560041,Android
CUST_12921,Saanvi Shah,saanvi.shah78ATyahoo.com,9312263569,2025-11-27 17:51:34,Mumbai,,iOS
CUST_12809,Aditya Shah,aditya.shah39@yahoo.com,09263313516,2024-04-25 08:16:19,Hyderabad,560069,Android
CUST_12249,Diya Agarwal,diya.agarwal26@outlook.com,INVALID_PHONE,2024-01-16 09:24:52,New Delhi,560021,Android
CUST_13473,Aadhya Patel,aadhya.patel30@outlook.com,7688563310,2026-04-15 11:16:04,New Delhi,560085,Android
CUST_11050,Avani Mehta,avani.mehta47@hotmail.com,+91-8213412237,2024-02-10 07:57:35,BANGALORE,560030,Android
CUST_11308,Aadhya Bhat,aadhya.bhat58@gmail.com,8705423669,2026-03-11 18:54:56,Bangalore,560070,iOS
CUST_11265,Vihaan Deshmukh,VIHAAN.DESHMUKH96@OUTLOOK.COM,8336314238,2026-04-23 06:18:47,Bengaluru,560004,Android
CUST_11718,Priya Mehta,priya.mehta77@outlook.com,7512070966,2025-07-06 18:11:44,Delhi,560060,iOS
CUST_11937,Aditya Bhat,updated_aditya.bhat36@gmail.com,9946354672,2024-12-25 11:28:10,Bengaluru,560045,iOS
CUST_14192,Myra Singh,myra.singh95@gmail.com,+91-7582755947,2025-02-06 03:32:35,Gurgaon,560025,Android
CUST_12459,Myra Agarwal,myra.agarwal32@gmail.com,7174506513,2024-10-17 16:47:37,Mumbai,560030,iOS
CUST_10741,Krishna Verma,updated_krishna.verma11@hotmail.com,7329440259,2025-01-26 01:00:12,Hyderabad,560055,Android
CUST_12355,Amit Joshi,amit.joshi88@hotmail.com,9128647054,2024-06-16 22:49:42,Delhi,560062,Android
CUST_10429,Kavita Reddy,kavita.reddy91@yahoo.com,8058722336,2024-07-25 03:21:03,New Delhi,560008,Android
CUST_12966,Avani Bhat,avani.bhat74@gmail.com,+91-9748123067,2024-06-03 02:49:22,Bangalore,560070,iOS
CUST_10661,Pari Nair,updated_pari.nair11@outlook.com,7032978199,2026-03-18 23:55:58,Gurugram,,Android
CUST_14228,Pari Mishra,  pari.mishra42@gmail.com  ,7996661516,2025-07-03 20:03:12,Gurugram,560090,iOS
CUST_12115,Pooja Kumar,pooja.kumar94@yahoo.com,9060255290,2024-03-18 17:46:40,mumbai,560008,Android
CUST_13088,Anika Reddy,anika.reddy51@yahoo.com,08287544157,2026-07-14 20:59:40,Mumbai,560038,iOS
CUST_12768,Pari Reddy,pari.reddy91@yahoo.com,8730127259,2025-05-21 09:16:31,New Delhi,560011,Android
CUST_10759,Reyansh Shah,  reyansh.shah90@gmail.com  ,8662259148,2024-03-29 10:57:55,Bangalore,560053,iOS
CUST_14953,Rahul Das,rahul.das30@gmail.com,7491952422,2025-12-09 10:25:39,mumbai,,Android
CUST_13514,Avani Sharma,avani.sharma35@outlook.com,INVALID_PHONE,2026-08-02 13:54:12,mumbai,560071,Android
CUST_13463,Pooja Banerjee,updated_pooja.banerjee49@gmail.com,+91-7048567107,2024-09-14 18:31:36,Mumbai,560049,iOS
CUST_13338,Anika Gupta,anika.gupta61@gmail.com,08480701256,2025-02-04 18:48:36,mumbai,560077,Android
CUST_14300,Anika Patel,anika.patel84@yahoo.com,,2025-09-01 01:35:55,Bengaluru,560019,iOS
CUST_13008,Aarav Deshmukh,aarav.deshmukh28@outlook.com,8603019928,2026-04-25 00:23:54,Bangalore,560028,Android
CUST_14255,Neha Chowdhury,neha.chowdhury20@gmail.com,9544296636,2025-09-25 05:26:22,Gurgaon,,iOS
CUST_13750,Anika Bhat,anika.bhat98@yahoo.com,9292084254,2025-02-12 18:31:54,Bangalore,560060,Android
CUST_11392,Navya Joshi,navya.joshi68@hotmail.com,09242885467,2024-02-24 17:59:38,Bengaluru,,Android
CUST_14348,Krishna Verma,krishna.verma10@yahoo.com,7166011267,2025-01-20 04:43:09,Gurugram,560070,iOS
CUST_13841,Reyansh Rao,reyansh.rao76@outlook.com,9473284386,2025-05-22 18:00:30,mumbai,560092,Android
CUST_13691,Ishaan Singh,ishaan.singh92@hotmail.com,7646598043,2024-05-10 03:39:29,Gurgaon,560079,Android
CUST_14498,Neha Shah,neha.shah28@gmail.com,7958948752,2024-07-01 22:53:27,Delhi,560062,Android
CUST_14395,Rahul Mehta,rahul.mehta23@outlook.com,8229511931,2026-06-12 22:06:30,Gurgaon,560075,iOS
CUST_12903,Neha Banerjee,neha.banerjee51AToutlook.com,+91-8607346560,2026-04-26 13:48:27,mumbai,560048,Android
CUST_11839,Angel Bhat,angel.bhat26@hotmail.com,+91-9641393470,2026-04-05 12:47:05,Gurgaon,560020,Android
CUST_13994,Aditya Reddy,aditya.reddy76@outlook.com,9186571410,2026-04-10 05:00:43,Delhi,560063,Android
CUST_12368,Amit Bhat,amit.bhat18@gmail.com,INVALID_PHONE,2024-11-23 12:34:59,Bengaluru,560033,Android
CUST_14719,Ishaan Kulkarni,ishaan.kulkarni41@yahoo.com,,2025-03-23 08:24:23,Gurugram,560074,iOS
CUST_13010,Rahul Joshi,rahul.joshi86@yahoo.com,9385635909,2025-11-16 10:38:37,Bengaluru,560017,iOS
CUST_13339,Priya Agarwal,priya.agarwal29@yahoo.com,9534067387,2024-08-15 13:43:33,BANGALORE,560090,Web
CUST_10288,Priya Singh,updated_priya.singh12@hotmail.com,+91-9900050524,2026-05-05 12:54:35,Gurugram,560079,iOS
CUST_10246,Krishna Singh,krishna.singh31@gmail.com,7923712273,2024-12-15 08:18:37,Delhi,560082,Android
CUST_10620,Anika Verma,  anika.verma80@yahoo.com  ,9347720020,2026-05-27 22:39:55,Gurugram,560056,Android
CUST_11656,Ishaan Reddy,  ishaan.reddy57@gmail.com  ,7658495826,2025-01-06 22:44:31,Hyderabad,560080,iOS
CUST_12628,Aarav Gupta,aarav.gupta58@gmail.com,9004181081,2026-04-12 13:07:32,blr,560062,Web
CUST_10595,Arjun Deshmukh,updated_ARJUN.DESHMUKH68@OUTLOOK.COM,9575649212,2025-12-10 19:09:38,Bengaluru,560069,Android
CUST_13648,Navya Mehta,navya.mehta18@outlook.com,07814556537,2024-01-04 12:10:13,Gurugram,560045,iOS
CUST_10400,Ishaan Patel,ishaan.patel89@outlook.com,9748086209,2024-03-21 15:55:11,BANGALORE,560027,Android
CUST_11856,Kavita Agarwal,updated_kavita.agarwal96@yahoo.com,,2024-11-01 07:30:14,Bangalore,560074,Android
CUST_11999,Avani Agarwal,avani.agarwal39@outlook.com,8837072589,2025-11-10 09:41:00,Bengaluru,560083,iOS
CUST_13909,Neha Shah,neha.shah38@hotmail.com,7100517573,2024-03-20 16:32:21,Bengaluru,560024,Android
CUST_11686,Krishna Rao,krishna.rao36@hotmail.com,+91-7700269780,2025-06-02 06:31:10,mumbai,560062,Android
CUST_13881,Ananya Singh,ananya.singh68@outlook.com,7554636776,2024-09-02 11:55:49,Bangalore,560061,Android
CUST_12160,Navya Kulkarni,updated_  navya.kulkarni85@gmail.com  ,7342679856,2025-03-28 14:39:43,Mumbai,560055,Android
CUST_10581,Rohan Agarwal,rohan.agarwal45@yahoo.com,+91-9158362125,2025-05-07 13:16:11,Gurgaon,560067,Android
CUST_14215,Sai Agarwal,sai.agarwal53@hotmail.com,8839091215,2026-06-26 18:06:50,Bangalore,560002,iOS
CUST_10714,Angel Patel,updated_  angel.patel64@outlook.com  ,8539165622,2026-08-13 11:46:01,Mumbai,560094,Android
CUST_10002,Ayaan Reddy,updated_ayaan.reddy59@outlook.com,9949694358,2024-08-16 08:25:49,Hyderabad,560020,iOS
CUST_10918,Pari Shah,pari.shah85@outlook.com,INVALID_PHONE,2025-06-01 21:10:02,mumbai,560072,iOS
CUST_11919,Aarav Mishra,aarav.mishra32@outlook.com,+91-8925078968,2024-10-28 19:20:00,Gurugram,560021,iOS
CUST_13322,Rohan Rao,rohan.rao97@outlook.com,9684051369,2025-01-14 22:27:49,Hyderabad,560095,iOS
CUST_11723,Suresh Chowdhury,suresh.chowdhury24@gmail.com,+91-7317543740,2024-12-19 15:11:07,mumbai,560044,Android
CUST_10622,Myra Joshi,myra.joshi70@hotmail.com,7012247347,2025-03-05 00:50:59,Bengaluru,560069,Android
CUST_12407,Kavita Kulkarni,kavita.kulkarni87@yahoo.com,,2025-07-19 05:28:05,Mumbai,560079,Android
CUST_10703,Krishna Banerjee,updated_krishna.banerjee87@outlook.com,+91-9161916833,2026-01-15 01:32:27,Delhi,560078,Android
CUST_13465,Suresh Shah,suresh.shah84@outlook.com,8369807717,2024-11-03 10:56:28,Gurugram,560032,Android
CUST_14707,Vikram Chowdhury,updated_VIKRAM.CHOWDHURY16@GMAIL.COM,7614156814,2025-07-05 04:47:11,Bangalore,560005,Android
CUST_12705,Priya Verma,priya.verma27@gmail.com,+91-9327139154,2026-03-30 16:30:03,Mumbai,560042,Android
CUST_12171,Myra Joshi,myra.joshi66@yahoo.com,08604895370,2025-10-27 23:01:48,Bangalore,560066,iOS
CUST_14735,Pooja Gupta,pooja.gupta57@hotmail.com,7618553789,2024-02-07 19:10:12,Hyderabad,560009,Android
CUST_13604,Aadhya Rao,aadhya.rao73@outlook.com,7270101164,2025-11-22 11:36:14,Mumbai,560068,Android
CUST_10754,Pooja Joshi,pooja.joshi99@gmail.com,9942409085,2024-04-23 14:11:12,Bangalore,560003,iOS
CUST_10443,Angel Sharma,ANGEL.SHARMA40@OUTLOOK.COM,+91-7517527970,2024-10-21 00:17:17,Bengaluru,560003,iOS
CUST_13076,Sneha Deshmukh,sneha.deshmukh78@hotmail.com,7135918857,2025-12-01 06:01:48,Delhi,560009,iOS
CUST_14213,Navya Das,navya.das24@gmail.com,08716817878,2026-04-07 02:11:38,Gurugram,560036,Android
CUST_10972,Priya Bhat,priya.bhat43@outlook.com,9547336835,2025-06-25 10:58:47,Mumbai,560089,iOS
CUST_10376,Sai Verma,  sai.verma52@hotmail.com  ,07116145152,2024-08-28 05:40:29,Delhi,560018,iOS
CUST_13460,Sneha Mishra,sneha.mishra21@hotmail.com,+91-8710993322,2026-03-25 14:55:16,mumbai,560004,Android
CUST_11004,Amit Deshmukh,amit.deshmukh16ATyahoo.com,9708500767,2025-08-11 09:55:42,Bengaluru,560031,iOS
CUST_10825,Ishaan Kulkarni,ishaan.kulkarni89AToutlook.com,7492264809,2024-12-07 03:54:46,New Delhi,560004,Web
CUST_10704,Pooja Rao,pooja.rao76@hotmail.com,8078900276,2025-03-09 17:04:37,mumbai,560040,Android
CUST_14012,Myra Singh,myra.singh28@hotmail.com,9695362838,2025-04-13 09:25:44,blr,560016,Android
CUST_12655,Sneha Deshmukh,sneha.deshmukh91@hotmail.com,9198961916,2025-04-18 01:39:22,Bangalore,560098,Android
CUST_11161,Angel Shah,updated_angel.shah65@gmail.com,09966670959,2026-04-30 01:58:40,mumbai,560016,Android
CUST_14950,Ayaan Singh,ayaan.singh81@gmail.com,+91-7103456049,2024-01-18 17:31:41,blr,560074,Web
CUST_11400,Pari Nair,pari.nair66@yahoo.com,7149286275,2024-05-26 03:06:05,Gurugram,560040,Android
CUST_11603,Krishna Deshmukh,updated_krishna.deshmukh60@gmail.com,08982002586,2025-09-30 02:20:34,Gurgaon,560082,Android
CUST_12198,Diya Rao,diya.rao83@outlook.com,9280325415,2025-07-08 02:55:42,New Delhi,560003,iOS
CUST_11291,Aadhya Shah,aadhya.shah59@gmail.com,8030487926,2024-08-21 14:41:10,mumbai,560030,Android
CUST_13909,Neha Shah,updated_neha.shah38@hotmail.com,7100517573,2024-03-20 16:32:21,Bengaluru,560024,Android
CUST_12711,Reyansh Mehta,reyansh.mehta57@gmail.com,8358896807,2026-06-02 18:56:57,Mumbai,560059,Web
CUST_13442,Aarav Bhat,aarav.bhat80@yahoo.com,+91-9023861631,2025-12-08 11:02:49,New Delhi,560050,iOS
CUST_12460,Aditya Banerjee,aditya.banerjee49@hotmail.com,+91-9562915380,2025-02-04 00:06:20,New Delhi,560030,Web
CUST_10208,Neha Mehta,neha.mehta63@yahoo.com,7557214285,2024-10-12 05:51:43,Hyderabad,560077,iOS
CUST_12337,Sai Nair,sai.nair51@outlook.com,7300984611,2024-07-28 06:10:09,BANGALORE,560009,Android
CUST_10446,Neha Chowdhury,neha.chowdhury33@gmail.com,7860563746,2026-01-17 23:40:59,Gurgaon,560044,iOS
CUST_14872,Vikram Deshmukh,vikram.deshmukh82@yahoo.com,8196827278,2025-03-06 09:34:57,Gurgaon,560093,iOS
CUST_13066,Reyansh Bhat,reyansh.bhat25AThotmail.com,+91-9650931809,2025-11-08 15:35:53,Gurugram,560076,Web
